cntry,cntry.code,a1960,a1961,a1962,a1963,a1964,a1965,a1966,a1967,a1968,a1969,a1970,a1971,a1972,a1973,a1974,a1975,a1976,a1977,a1978,a1979,a1980,a1981,a1982,a1983,a1984,a1985,a1986,a1987,a1988,a1989,a1990,a1991,a1992,a1993,a1994,a1995,a1996,a1997,a1998,a1999,a2000,a2001,a2002,a2003,a2004,a2005,a2006,a2007,a2008,a2009,a2010,a2011,a2012,a2013,a2014,a2015,a2016,a2017,a2018,a2019,a2020,a2021,a2022,a2023,a2024
Aruba,ABW,,,,,,,,,,,,,,,,,,,,,,,,,,,,,,,,,,,,31.13367174,28.46153846,30.23340627,31.70077155,30.8690013,25.49411358,23.99917753,26.62997978,28.88170409,28.45139188,33.1604422,34.51912965,31.74665104,32.10305572,29.64217978,28.28317971,27.41663716,23.52250683,23.82585502,23.11146102,21.53891957,20.57501001,20.55118213,22.40172431,22.43850436,24.17878304,21.7881812,20.9175227,21.46100149,
Africa Eastern and Southern,AFE,,,,,,,,,,,,,,,,,,,,,,,,,,,,,,,,,,,19.3596925,19.46195801,18.83949992,17.63036809,19.04783287,18.63905078,18.75828317,18.02720103,17.57869499,18.24821025,19.52151619,19.20053663,20.1935744,21.23597417,23.46093653,23.25490752,21.40749444,22.36201837,22.63098188,23.31610853,23.64987318,23.50580365,21.47950542,21.52196072,20.90506476,21.51372935,20.36328479,20.13381572,21.35755126,20.75819576,19.73887631
Afghanistan,AFG,,,,,,,,,,,,,,,,,,,,,,,,,,,,,,,,,,,,,,,,,,,,,,,,,,,,,,,,,,,,,11.5,13,16.7,15.29248239,
Africa Western and Central,AFW,,,,,,,,,,,,,,,,,,,,,,,,,,,,,,,,,,,,,,,,,,,,,,,,,,,,,,,,,,,,,,,,,
Angola,AGO,,,,,,,,,,,,,,,,,,,,,,,,,,0,0,0,0,0,0,,,,,,,,,,,,30.49317313,30.45111141,30.8936755,27.55657979,23.30077092,25.73057936,30.80405331,42.82085316,28.19731769,26.42435317,26.66757737,26.14297048,27.5004592,34.20249083,27.21470927,24.13030586,17.86942057,17.71225524,26.4904005,26.43736188,26.25601822,23.77909111,25.00157006
Albania,ALB,,,,,,,,,,,,,,,,,,,,,35.80583472,36.38611565,39.28290013,37.37334629,32.92553508,33.93195914,32.03483542,29.45386952,29.95754207,32.8770716,30.36094681,7.603111096,5.656684102,13.67613745,18.8965849,16.42712398,21.14751527,19.75878077,22.7895726,24.27151096,34.04013922,38.22804532,38.57533582,36.72212843,36.33194723,38.38438925,37.33895647,35.66887586,33.30567077,32.4404588,32.49262263,33.83760915,29.71502789,29.05663789,28.30478228,27.81346484,26.81434601,27.65759319,27.12529941,25.28752561,26.21835273,28.79440673,26.90556283,22.91072176,
Andorra,AND,,,,,,,,,,,,,,,,,,,,,,,,,,,,,,,,,,,,,,,,,,,,,,,,,,,,,,,,,,,,,,,,,
Arab World,ARB,,,,,,,,,17.89294862,17.83304487,19.58485012,18.70936181,18.23644287,10.95768411,25.25885909,23.46147314,27.3500867,28.28126143,31.13697529,26.65286954,25.09793798,27.36699476,30.50944056,28.72317763,28.22986618,24.70776031,24.5177579,21.75049655,22.73389898,17.98948769,30.34920178,21.4240917,22.44532836,22.83725829,21.16306737,21.84262652,20.89759089,18.69243624,22.24769971,21.89569792,19.93041617,21.56286808,21.07338349,21.31323473,21.58420553,21.50359646,22.70209266,25.53317791,26.51721444,28.39518071,27.06053739,24.54507097,23.90266616,24.72897843,25.6826429,27.52100167,27.08532891,26.37948368,25.35069724,26.38516152,24.55896541,25.15345975,25.20473287,26.57380884,
United Arab Emirates,ARE,,,,,,,,,,,,,,,,,,,,,,,,,,,,,,,,,,,,,,,,,,22.50259715,22.54568155,22.12976184,19.97851906,20.16684881,19.27039968,25.19918282,25.09809154,31.63354876,29.64636936,25.32644583,23.91978076,21.63800238,22.70078956,22.32696752,21.63561856,21.28146323,21.83062078,24.06927804,23.32886303,25.8270197,26.50796042,27.07865632,
Argentina,ARG,23.47923426,27.76644706,21.73093502,18.27287883,21.47391262,22.42767575,20.54254663,21.21503579,21.69049729,23.9906052,24.44009525,24.11303242,23.89154462,20.89381153,22.26033179,29.44104696,30.72943959,30.9416888,27.80015957,25.85676946,25.25778629,22.69108872,21.75494795,20.88775231,19.96409245,17.58906692,17.46176421,19.554866,18.6400389,15.51469828,13.99698158,14.6369774,16.70240577,19.68811042,19.96562325,18.50041051,19.62387245,20.82605155,20.97076915,17.86292788,17.53348744,15.62596533,10.85390524,14.1469621,17.55127036,18.88826414,18.68048724,20.0991132,19.57277588,16.05311236,17.70553381,18.39845892,16.50198653,17.3057789,17.26288101,17.07070488,17.66322786,18.21256717,16.61388502,14.2100304,14.41515574,18.07628925,17.27979846,19.37153901,15.72344757
Armenia,ARM,,,,,,,,,,,,,,,,,,,,,,,,,,,,,,,47.14768436,39.77914418,1.631258261,9.872203034,27.94215793,20.80856934,21.09544717,23.26567929,22.68635187,20.76888047,21.9223314,22.90435529,25.41829676,28.34794998,29.1225577,35.76543899,42.22545768,44.35162298,47.94283582,41.1450508,38.81475499,31.92179898,24.68095275,22.15249007,21.28304069,20.73053013,18.01550867,18.42174021,22.39973933,17.40852941,19.66383294,22.96387623,22.37861934,21.29537325,22.17190103
American Samoa,ASM,,,,,,,,,,,,,,,,,,,,,,,,,,,,,,,,,,,,,,,,,,,,,,,,,,,,,,,,,,,,,,,,,
Antigua and Barbuda,ATG,,,,,,,,,,,,,,,,,,,,,,,,,,,,,,,,,,,,,,,,,,,,,,,,,,,,,,,,,,,,,,,,,
Australia,AUS,31.56976044,33.13798009,28.42205858,30.82202465,30.69032046,33.53453479,32.61288603,32.92005445,32.9864083,33.63253343,32.97295833,32.09570753,30.42560833,28.38705793,30.56839455,26.80616369,26.42623187,26.964295,25.81692192,27.85024378,27.08633575,28.67681806,29.83395883,25.30172004,26.62979134,28.00176643,28.47762338,27.35345677,27.96797111,29.60980775,28.94196485,24.21966042,22.3457286,23.60201608,24.27129745,25.9939578,24.7885982,24.8558828,25.64404996,26.14589414,26.25046403,23.39306363,24.40742631,25.93698481,27.06364738,27.45682604,27.5048145,27.50199032,28.60331511,27.36433967,26.784337,26.464109,27.71609701,27.8734849,26.72732946,26.27362368,25.44818368,24.17630309,24.646412,23.39128823,22.42772863,22.93724009,23.76818896,23.97401688,24.39128972
Austria,AUT,,,,,,,,,,,31.43334098,31.42652767,32.40577413,32.65474406,32.93820304,27.5044114,28.87481578,30.07941966,26.8655184,29.71819697,29.14729051,27.26932394,24.89310322,23.33581704,24.07771181,24.76056402,24.03595687,24.36388403,25.93020743,26.80757312,27.02913658,27.24002453,26.53636938,25.56764886,26.41421872,27.10400163,26.49224546,26.38342182,26.24998457,26.27331693,25.94007871,25.42612455,23.77796674,24.45620507,24.20367257,23.96532348,23.82927048,24.73352593,24.70476239,23.0148012,22.85928124,24.35216004,24.25588272,23.94130479,23.84866903,24.01212669,24.45717072,24.97806184,25.89827622,25.5090081,25.65307375,27.67324369,29.22677033,25.40801511,22.30126138
Azerbaijan,AZE,,,,,,,,,,,,,,,,,,,,,,,,,,,,,,,26.53478854,3.106287425,-0.692931682,21.79745223,15.31305044,23.77917331,29.00168338,34.23677295,33.36627332,26.49466239,20.67357623,20.67687561,34.57649485,53.17148254,57.99043399,41.53483729,29.85938484,21.52500837,18.69363085,18.9486398,18.05957848,20.26784686,22.3167232,25.65793544,27.51003574,27.91357117,25.68133825,24.3789257,20.1294761,20.30777985,23.66595433,17.07859816,12.00371419,17.74318516,21.08242241
Burundi,BDI,6.250000319,6.896551996,7.377048973,6.015037646,5.369127352,5.766593118,6.767566522,6.851483879,8.189644417,8.288770053,4.530794619,7.607678643,3.181696102,5.311823807,4.052299601,7.580076434,9.088417504,11.19641139,14.03688618,14.91621548,13.88576799,17.0061756,14.45739664,22.82679966,18.37083548,13.86112932,11.64423,22.61237161,15.0351399,16.46288679,14.53697686,14.40976319,10.63829807,11.54014928,6.974127152,6.363436388,8.209806157,6.096849475,6.771614193,5.88493632,2.78113771,4.468258563,3.948660199,7.868790037,10.34709713,18.2,18.51298572,15.1864583,13.40895869,18.97487302,17.16038243,16.34574756,16.33814469,14.63263852,14.20305716,12.16345825,9.23740997,8.806015605,11.10345859,14.1287,11.44598692,13.11262,13.38688081,13.05045743,
Belgium,BEL,,,,,,,,,,,29.65668882,28.55708894,26.55953581,27.59357504,30.2930162,26.63223657,26.97558008,26.63427689,26.42134146,25.95757386,26.55511066,22.57300126,21.59879229,18.75908881,19.818269,18.97726223,18.5655924,19.63468777,21.8609745,23.52586536,24.34637344,22.84027614,22.59252526,21.93188944,22.01276848,21.79077206,21.63074679,22.30034159,22.34865908,22.68901182,23.7829613,22.6338255,20.74740198,20.96470771,22.66706017,23.6810632,23.97054911,24.60327415,25.93677033,22.02640575,22.39427446,24.47955804,23.58823607,22.70894537,23.25829598,23.32236763,24.1815766,24.33183313,25.55157676,24.67568223,24.06856785,24.44200857,26.92536328,25.36219645,24.02509251
Benin,BEN,11.42497178,10.96284084,11.10921134,11.61682918,9.734165832,8.777499711,8.778295118,11.82516305,12.3746563,12.66318808,11.59238015,10.28564363,13.36363688,13.07596876,18.23111591,19.30209116,16.65218578,17.75093422,16.06401038,19.0221797,15.15656795,15.67675224,27.60441693,17.32151508,12.78031782,8.939973748,13.46444464,12.92694051,15.63323062,11.81714414,14.06035642,14.47804469,13.62110874,16.05813651,17.80221471,21.41976714,17.55116797,18.54485643,18.15515708,18.22709373,16.00840245,17.75272025,14.83372253,15.16379004,15.21860513,12.08604489,12.87346512,16.376868,13.74042066,14.86571873,15.60808921,16.46255728,15.27631274,18.86187235,19.25758563,20.73179209,20.2720396,23.96042223,26.38651302,25.62980058,25.63384351,28.85061832,31.14837164,34.53066218,35.0616848
Burkina Faso,BFA,8.519938835,8.654232441,8.707800699,8.801236956,9.63910844,8.711953097,7.972084048,8.022715569,8.270184987,9.610307098,10.27003377,14.87390023,17.27749445,20.63106893,25.52317181,23.104222,22.84450386,19.56245445,18.3189338,16.40009385,15.10695056,14.13092965,17.92663493,17.13226585,14.16662848,22.95327815,20.13659159,19.22265641,18.78891127,20.41001717,18.91339663,21.2456099,19.30243347,19.45939738,27.16616165,23.92534288,24.94470713,27.39177838,24.17456283,17.29650159,14.57069906,13.54589787,13.45168488,15.45928136,15.51810381,17.56359353,16.12500563,18.25108478,20.73196245,19.99003226,21.990434,22.1235118,24.6529929,23.70991501,19.26224919,19.40669972,20.79554795,22.06183659,21.73910482,19.75786801,17.16151743,15.50790145,17.49757781,22.54385642,27.09619732
Bangladesh,BGD,6.89426584,7.729411347,11.99040867,9.855628673,11.97516625,11.47627524,9.016898293,10.70870412,14.15480135,12.50836367,11.34465694,8.227827284,4.697696405,8.712006898,7.374857223,6.147905815,9.911362042,11.5232178,11.54679855,11.20387213,14.4393913,17.15576644,17.36327909,16.56273677,16.48425757,15.8309437,16.17645483,15.47344203,15.73598307,16.12091443,16.45867552,16.89594746,17.30502928,17.94683201,18.40255619,19.11979582,20.7299506,21.81621451,22.12141282,22.7213703,23.80856257,24.17430673,24.34141614,24.67918886,24.99183394,25.83043551,26.14414575,26.17849707,26.2022714,26.20605702,26.24665618,27.42097337,28.26233501,28.38962075,28.57787571,28.88668925,30.23976392,30.94687312,31.82257477,32.21373311,31.30794134,31.01873874,32.04727558,30.95120008,30.70049064
Bulgaria,BGR,,,,,,,,,,,,,,,,,,,,,33.99635532,35.48781365,34.12952814,32.88992641,33.20335071,32.19727998,35.87634137,32.90383863,34.41743534,33.10905728,25.58877829,22.59764186,19.88894422,15.28203413,9.391171994,17.72878244,1.157310989,9.727381637,18.70860503,19.84369964,19.04614349,21.35107179,20.52902088,22.07417339,23.43335211,27.73967166,32.05633531,33.60623366,36.92453897,28.53822071,22.51796856,21.35818296,21.88708499,21.0060109,21.50783394,20.9999296,18.96243249,19.81699847,21.11684344,20.69585659,20.13370429,20.69620065,22.68681249,19.74956555,20.35408092
Bahrain,BHR,,,,,,,,,,,,,,,,,,,,,40.56724384,36.59765539,31.9052361,38.56886974,37.4482974,31.35220776,23.41760993,22.38996989,17.76488835,21.66722839,14.44942756,25.15212628,25.87090424,16.09777661,17.2666143,12.84766263,12.66889933,15.34354077,18.84050373,6.952333137,16.57505906,15.7093969,23.34773062,23.73581036,20.51993544,26.73527374,30.38795365,34.71326042,34.94812409,26.14469719,28.59835606,22.49793273,28.31788186,26.20234797,26.94607772,25.62493005,27.8856985,33.54523405,35.56032706,35.62385735,37.2956675,28.09215278,24.5901869,29.26407934,
"Bahamas, The",BHS,,,,,,,,,,,,,,,,,,12.51051893,11.34070159,12.8268106,18.28802516,18.84332282,21.46613445,20.33125577,16.34902749,19.17094063,18.42264914,18.79513702,,31.49967342,29.41471889,29.35689582,27.86137022,23.33958603,25.86069346,27.65500146,30.49376559,29.07920586,32.11223991,28.75243855,30.18521706,26.87359564,24.20854933,24.27371086,23.19086412,27.3367764,33.51643758,30.51041877,29.45563367,28.05360871,27.98600601,30.18335824,31.3421141,29.19725449,31.39930515,24.61140772,25.78087519,27.55625899,25.63888542,25.38449951,23.07105913,24.4404752,23.81555466,22.86314852,26.80637664
Bosnia and Herzegovina,BIH,,,,,,,,,,,,,,,,,,,,,,,,,,,,,,,,,,,,19.98314608,41.2139014,41.99999937,38.00000028,27.99997931,29.7272486,30.97963278,30.8221183,29.68936053,29.89571011,28.7397822,25.2768166,29.84128125,31.695016,23.6484988,19.70876224,22.19988958,22.43641159,21.23358055,22.52586422,21.68958985,22.71496828,24.63459501,24.41012063,24.84379506,23.10653362,26.08217801,27.42354992,26.32421039,30.76815558
Belarus,BLR,,,,,,,,,,,,,,,,,,,,,,,,,,,,,,,26.55889145,33.33333333,31.52173913,41.01522843,32.93430001,24.74980025,23.519201,26.83695445,26.71196492,23.70676892,25.39867306,23.76085994,22.17685159,24.95432766,28.66730144,28.4604662,32.18413716,34.09190318,37.64165103,36.86404446,40.65636626,37.21759508,35.09427306,38.79802621,34.84103294,29.03469599,26.4775827,28.03035891,28.07887855,29.14999469,27.45483593,24.38073485,21.59790648,24.71167918,25.83585172
Belize,BLZ,,,,,,,,,,,,,,,,,,,,,17.92883061,18.8789582,14.13135848,14.33437173,17.16086602,16.03387783,14.97068764,15.89172123,18.27443457,22.22650102,22.20597642,24.36777759,23.12387792,25.10460251,18.38663732,19.59587327,18.21707704,17.91847951,16.72942442,21.44463884,26.34120643,22.08390177,20.76889085,17.80120712,16.77552914,17.86501237,17.37736857,17.42721575,21.10529645,16.31625703,15.20879876,11.52130484,12.49083482,13.94662403,17.09341751,16.68908598,17.98946523,15.04655165,16.52676333,16.85299167,18.57698803,21.85453719,22.48217234,18.2747689,
Bermuda,BMU,,,,,,,,,,,,,,,,,,,,,,,,,,,,,,,,,,,,,,,,,,,,,,,,,,,13.04302674,12.58254206,11.01442918,10.89311134,12.094597,11.89258583,12.80320862,13.76364473,13.4097576,14.74851703,12.23790408,12.90292491,12.53656637,11.19924115,11.28371306
Bolivia,BOL,,,,,,,,,,,16.38801523,16.83312846,20.13755981,20.41785375,14.58144958,23.02256952,19.18524887,19.1573373,24.69482195,20.83139342,16.63775515,16.05127992,15.62391016,13.23824689,19.67160283,19.46430573,13.55892428,13.50804268,13.98077853,11.58755743,12.53193671,15.57776925,16.70433587,16.56377524,14.37119505,15.24400306,16.23722127,19.63196904,23.60651171,18.77185208,18.14347869,14.26843447,16.29467339,13.23207231,11.02170315,14.25362163,13.86533111,15.18665485,17.55274006,16.97126097,17.00701846,19.81555243,17.67299199,19.01772689,21.03379703,20.28127688,21.05736185,22.22028632,20.59635256,19.87501089,15.77812951,16.79074407,16.61686597,17.61695896,
Brazil,BRA,17.52322694,18.83546651,20.31267384,19.03969658,18.82260417,19.42185024,19.03438503,16.64955365,18.88713354,22.52493339,20.54200071,21.26251488,21.20854719,22.04473464,24.31146402,25.69759213,23.04211984,22.04751885,23.03312674,23.13792772,23.11350626,23.58030275,21.89985654,17.88251277,17.46922541,20.29909322,19.96083966,23.17360166,24.34422669,26.90278704,20.1677066,19.76876887,18.93453994,20.84635521,22.14556295,17.29234635,17.26694638,17.76398561,18.16475192,17.38955974,18.90311927,18.7418603,17.44907948,16.8566884,17.91256834,17.20488345,17.81647388,19.81932598,21.61938285,18.79613503,21.80132156,21.82627112,21.41722537,21.69376696,20.54841076,17.41162587,14.96954697,14.6255876,15.09504163,15.5167908,16.1158206,19.52188502,18.08822044,15.76064721,16.90972756
Barbados,BRB,,,,,,,,,,,,,,,,,,,,,,,,,,,,,,,,,,,,,,,,,,,,,,,,,,,,,,,,,,,,,,,,,
Brunei Darussalam,BRN,,,,,,,,,,,,,,,,,,,,,,,,,,,,,,11.13243125,10.8883468,12.14908654,15.3763343,19.62427383,18.10879846,22.53987424,27.57809836,23.67095205,24.67193695,15.58875901,18.73747052,20.87032036,33.85960554,21.98788065,19.58796599,16.11526988,15.172172,19.75400373,20.64135893,26.22039107,23.69025754,26.02429288,32.88214652,39.59341162,27.44181702,35.24732591,34.62026282,34.80476018,41.0665959,38.67775355,40.58783024,31.27256765,25.85104298,29.62820751,28.36236802
Bhutan,BTN,,,,,,,,,,,,,,,,,,,,,31.52673295,33.76512374,37.06304036,40.70230386,39.50635389,45.92836355,43.86979134,38.43142155,40.06760836,33.8043371,27.8570302,32.42718724,39.98537612,41.08680798,48.91497173,44.71691596,37.45970456,27.21326604,31.3105534,35.24741052,54.04204741,61.38918064,68.56944876,66.860298,67.73319343,61.21514995,47.80769295,42.91836145,44.16347853,50.18927115,62.93345252,68.2199911,69.44872689,64.01432421,56.51195441,56.43111049,56.39938777,54.16776906,54.01551733,46.08535793,39.07057234,44.38859603,55.7788293,45.18371795,
Botswana,BWA,6.015737723,7.399437813,8.799062314,9.807095197,12.28287051,13.26219512,21.81571816,25.44620031,30.73684211,38.25382538,45.32269761,50.44052863,50.94413847,50.89997049,47.87208464,41.89986674,33.77125193,33.46482577,36.36363636,37.21939539,40.05214966,43.40567613,37.65848524,29.38912004,29.44353062,22.99441288,21.48534526,15.50083346,23.58451549,36.10818292,37.36697697,33.2101747,30.41930063,28.77953098,25.98254421,27.13013375,23.44352121,24.0519866,37.93667259,25.62595125,29.55108039,29.88813662,30.19380521,30.14300742,31.351443,25.37413389,21.69278159,23.07475686,35.4683348,32.62990767,34.70210913,39.11811505,35.99986178,24.87932872,25.25306257,28.44328922,22.06769821,25.00589632,25.90287964,30.82044056,32.72725983,27.36372391,26.79151787,30.29587849,36.19244007
Central African Republic,CAF,19.63635583,21.19205263,23.27869317,21.76655686,22.12643584,21.40921409,21.13401804,21.83623325,16.21911628,16.365681,17.98367251,18.74860653,18.43350918,20.84581973,15.5018227,13.80130839,11.96626004,11.55393597,10.88687069,9.794197902,7.007125589,8.739405813,6.669374574,11.83265505,12.30714187,15.38406105,12.77946311,12.63111525,10.50941213,11.75584426,12.70805981,12.6480118,12.40250132,10.57848181,11.70605363,14.11903115,7.275021434,10.08018914,11.01276891,12.9619644,11.07229594,10.24082921,9.624946666,6.404792507,6.812138026,9.864817356,10.23421102,10.68724058,12.72849237,13.20417248,16.8437813,13.70846447,10.83397513,7.515324022,21.99079072,21.80538045,22.46346795,25.6012512,26,26,26,25.36414,24.32666,23.74775622,15.40896336
Canada,CAN,,22.62688369,23.19241914,23.02388914,23.9909881,26.41775543,27.10027167,24.40442522,23.47650286,24.18325032,22.12429474,23.0964406,23.12633011,24.32736631,25.85124066,24.83545,25.11672345,24.28790942,23.49473027,25.14157951,23.76265895,25.29604352,19.923953,20.22140151,20.96037542,21.53363718,21.68030686,22.17778443,23.50604727,23.6100295,21.30421092,19.34129697,18.37741984,18.47498852,19.516094,19.38034273,18.92772326,21.21800208,21.04527298,20.68424285,20.61446771,19.67139493,19.73934541,20.46667761,21.38286053,22.63204211,23.59589302,23.90787622,24.07250278,21.95949429,23.4820047,24.15145347,24.8675436,24.90767507,24.87070761,23.82159339,22.76112016,23.55046923,23.37731116,23.04242417,22.67471761,24.3050555,25.31866683,23.89490117,23.26832584
Central Europe and the Baltics,CEB,,,,,,,,,,,,,,,,,,,,,,,,,,,,,,,,,,,,23.08640867,24.88372598,25.86450598,26.15705415,25.42450354,25.55189886,24.34415078,23.55551322,23.8237918,25.16381626,24.9032692,26.76381928,29.04752468,28.67045638,23.03348519,22.99172688,23.83314221,22.47113189,21.59260693,22.60683964,23.08665877,21.86234259,22.07201897,23.24972539,23.23216574,21.89608771,24.55438034,26.03004172,22.28278862,21.30304339
Switzerland,CHE,,,,,,,,,,,40.50728972,40.78506888,39.91430129,39.33675204,39.23602968,28.85150678,26.03869831,26.04374641,27.26044886,29.97228155,34.15062272,31.43935454,31.08469662,31.50470129,29.06394541,29.85846845,31.90620014,31.50387524,32.54988164,33.31682432,34.91963409,31.7129837,28.96460351,27.58205085,28.31869532,28.06369642,27.60826077,26.09019169,27.41310524,27.08027195,27.23419109,27.695137,26.21494022,25.98441819,24.54846447,27.18921919,27.91893406,26.7888146,27.41202622,28.34198949,25.89555924,28.49241873,26.660229,25.15493396,25.553196,25.07486328,25.5619284,26.0443143,25.73445323,26.43779304,29.57874984,26.15556572,24.81734309,25.98714672,26.98773098
Channel Islands,CHI,,,,,,,,,,,,,,,,,,,,,,,,,,,,,,,,,,,,,,,,,,,,,,,,,,,,,,,,,,,,,,,,,
Chile,CHL,13.7388729,15.13951296,12.43584543,15.00584733,14.38785912,15.27142055,16.61854637,16.43947227,16.7315648,15.52382798,16.91209168,15.06057293,12.57059412,8.349807406,21.65251918,13.65296458,13.33411356,14.97208036,18.47517691,18.36829301,21.69175821,22.98815887,11.61039098,11.99925991,19.01545941,16.84000472,18.57287383,22.00385354,23.03060462,25.65929464,25.72326538,23.34167628,24.86355747,27.78129126,25.53433688,27.52926225,29.88121126,29.85926565,28.61868628,22.55047469,23.75075555,24.09121391,24.10838781,23.39913543,21.24322728,23.26770087,22.18632039,22.34802267,28.89694247,22.92000792,24.77546766,26.64629672,28.79134947,27.4969588,25.15809342,25.59943795,23.70879029,22.63666996,24.20307842,24.93900989,21.0582071,24.10611765,25.79841901,23.36205501,23.23966569
China,CHN,39.49866813,22.7572483,15.70354082,21.71663093,24.30115245,27.05150969,30.40133187,23.82011116,24.88829063,24.96420383,32.81621532,33.58451715,31.19820061,32.9034962,33.15343409,34.98047714,33.16427597,33.82276214,37.54158823,36.23728323,34.54405835,32.88966369,31.91921534,31.86459963,34.31288855,38.99146309,37.65788023,37.25507205,39.01145829,37.14326724,34.09149854,35.53774427,39.30816688,43.47635519,40.27837469,39.09218906,37.77686378,35.74135245,34.98594869,34.23361411,33.63268271,35.52385801,36.06878168,39.42801303,41.63437416,40.1780867,39.68970035,40.22208792,41.96072494,44.92826389,46.10234433,46.27030128,45.81692117,45.92240935,45.31153527,42.73498726,42.13861662,42.54973755,43.31382749,42.66953741,42.57237351,42.68226129,42.35543335,41.12971025,
Cote d'Ivoire,CIV,16.72493469,19.84098339,13.88956778,17.78283022,21.84455323,21.87222786,21.82034643,19.78228194,17.81210511,19.52529038,22.49565293,21.8019049,20.87534817,23.18011006,22.01623856,22.44457888,22.98922739,27.33238036,29.76217101,27.96544933,26.53611796,25.94047338,23.18829037,18.41277178,11.6507777,12.95138474,12.06341005,12.31724466,12.65035275,8.90395595,6.688803339,7.358001161,6.923884602,9.793071084,13.71571807,15.59844581,13.01925311,16.52857669,20.27214033,14.62669184,15.89240727,14.22034092,12.02347548,13.9684419,14.71829264,13.84214145,14.18082712,13.72627351,18.18002069,14.74354959,21.68105453,16.59371891,20.4508171,22.90980133,22.62045583,23.38814947,23.19540919,20.81881638,22.2527905,21.9899385,21.74289341,23.57531707,27.48531154,26.09651092,24.47633599
Cameroon,CMR,,,,,,12.53132773,13.34289846,13.76465562,13.35907349,10.69556094,16.02765631,16.64710262,18.24678108,19.89145697,17.08068633,19.97386587,17.58845253,28.48920857,31.24881269,28.52036987,20.98283879,27.18770913,24.79631653,25.97784573,25.94366095,24.88494696,25.51283406,24.69976327,20.89731229,17.09601256,17.81197837,16.67265481,14.30538628,13.76162443,16.61161628,17.53960631,17.36664751,17.68394047,18.45340497,17.6692974,17.19233057,18.7740622,19.44139442,18.09473617,18.86781432,18.67092549,17.77585984,18.37844965,19.75405433,18.55968537,18.22844404,18.73240082,18.00073817,18.65154597,19.72783434,18.24985549,19.81805484,19.4451374,19.53802964,18.9346455,17.66054398,18.12669217,19.1070783,19.51665027,21.37941142
"Congo, Dem. Rep.",COD,,,,,,,,,,,,,,,,,,,,,,,,,,,,,,,,0,,,7.544642408,9.373601553,27.85181701,2.500000031,2.100000021,3.069010671,14.43349633,6.704140752,7.435791083,9.524554843,12.25692055,11.77990023,14.64634115,13.70828422,10.85710324,14.5634354,28.78134894,24.89210592,14.32823128,21.84242344,23.22347434,18.5271202,17.3999359,24.98767838,20.60095962,20.59453968,24.60228095,27.52132363,31.46583804,31.99116587,33.42927695
"Congo, Rep.",COG,53.18682682,64.65345362,36.29847941,22.74108549,20.31055597,22.42798057,30.25829317,31.50684426,29.58198376,26.70537675,24.21051829,26.60653565,29.08213034,31.95364876,35.06032775,39.11192105,31.0038858,26.59574128,27.3323232,25.96074349,35.76581576,48.16318996,59.73239437,38.43843856,30.39123631,30.28430264,29.45062753,19.72836302,18.61911988,14.1282962,15.90551181,20.52816443,21.59969088,29.49611893,54.48613543,36.57264249,32.79041317,22.23338497,26.68437527,27.77202788,22.6259542,26.35663721,23.40759656,26.09032417,22.52034084,25.93799848,28.28345678,61.05369606,42.07141217,54.29511083,47.19017067,36.84190123,43.81682827,47.06448238,52.84461725,76.78232468,71.26685576,45.89448623,29.52700886,25.90009654,23.73156703,21.97690146,20.97920683,25.21095599,26.84462946
Colombia,COL,20.25478807,20.49257191,18.12659185,17.65442074,17.5140548,14.72523476,19.05847036,16.99801193,19.09023501,17.87734498,20.23228489,19.41547028,18.12682608,18.26986346,21.45577944,16.9925057,17.56270314,18.75203379,18.28426355,18.15098539,19.06853774,20.62399478,20.4871425,19.8932137,18.96497004,19.0409037,18.00116265,19.99748878,21.98974065,19.97575416,20.60673055,19.10546385,20.55450146,24.94213311,25.53844675,25.79874333,22.15093866,20.92375062,19.72807918,12.88013417,14.89562703,16.03225135,17.25154184,18.68181902,19.44099661,21.65624131,22.9389629,23.45428069,23.72092145,21.98758309,21.88876227,22.99559144,22.10464406,22.18254485,24.00331366,23.77369229,23.16741956,21.59937684,21.19547556,21.38060955,19.12814694,18.91695189,19.7872446,16.43968491,17.08750605
Comoros,COM,,,,,,,,,,,,,,,,,,,,,18.04216914,18.04235589,18.04233181,18.04225694,18.04228943,18.04234217,18.04236517,18.04236765,18.04239148,18.04238232,18.04228002,18.04237649,18.04233559,18.04234494,18.04234211,18.04228945,18.04236157,18.04229837,18.0422766,18.04227634,18.04229519,18.04234013,18.04231172,18.0423216,18.04233401,18.04231317,18.04232581,16.8874091,19.24887687,17.99068055,18.17495088,16.02145265,16.15157336,16.3561844,15.20296585,13.63804028,12.56067301,13.43344337,14.86809293,12.73480626,11.80176253,13.50216437,13.33479429,13.01448794,11.73394169
Cabo Verde,CPV,,,,,,,,,,,,,,,,,,,,,,,,,,,,,,,,,,,,,,,,,,,,,,,,47.27148425,45.93580455,41.36029331,44.95680604,44.91177438,35.20387138,29.98728655,34.9962523,29.10717444,28.55537824,29.28348624,27.48615918,23.43197387,28.96192366,27.74976421,21.8794313,19.34504644,15.95877116
Costa Rica,CRI,17.50043576,18.87822578,19.4533334,18.7944282,15.99412272,19.50362635,19.05839096,19.35734437,18.02719133,20.02899899,20.5364402,24.336557,22.02706979,23.99334779,26.73865196,21.6410984,23.66219118,24.26976921,23.46136179,25.31401397,26.5747299,29.02664822,24.68609352,24.18175913,22.69946366,25.88917329,25.20973983,27.12149083,24.46626492,26.58599561,27.3228218,18.40186842,20.4335201,21.02880085,20.77075591,19.54183962,17.75047996,20.05441807,22.66177946,21.07979806,20.6866903,20.11548912,19.88631938,18.96505104,18.92997061,18.96414573,21.08564151,23.28676827,24.61074009,18.4529136,19.83391852,20.0481796,19.85419551,19.59046016,19.22315329,18.85372644,18.88894098,18.06487424,18.36986057,16.0640852,16.16305467,18.58178489,17.69733365,15.25659372,15.66902451
Caribbean small states,CSS,,,,,,,,,,,,,,,,,,,,,,,,,,,,,,,,,,,,,,,,,,,,,,,,,,,,,,,,,,,,,,,,,
Cuba,CUB,,,,,,,,,,,25.92694101,25.93697326,25.93454637,25.9162428,25.89200872,25.95493528,25.98713369,25.922409,25.82472879,25.77083897,26.26956589,26.14812672,25.59878371,25.33632734,25.50139111,28.76320219,25.540928,22.85207025,24.02404456,26.32671003,24.80249224,13.99548243,6.544959175,6.394381927,5.242130851,7.014274978,15.89695562,14.95392944,13.20312508,11.85702671,12.50335347,11.46472489,9.196350159,8.503615478,8.800617753,10.77459352,11.72861509,10.18396387,14.84467892,10.9375,10.07337396,8.470792869,8.57521773,9.393633017,7.6113276,9.389231151,9.560206859,10.29824865,12.03357887,11.49499747,9.875288537,23.81095705,18.29462654,22.25879337,
Curacao,CUW,,,,,,,,,,,,,,,,,,,,,,,,,,,,,,,,,,,,,,,,,,,,,,,,,,,,37.77599542,32.20113923,30.48385332,25.789129,26.36974169,28.63952786,30.89590671,41.06735512,,,,,,
Cayman Islands,CYM,,,,,,,,,,,,,,,,,,,,,,,,,,,,,,,,,,,,,,,,,,,,,,,,,,,,,,,,,,,,,,,,,
Cyprus,CYP,,,,,,,,,,,,,,,,22.52917602,26.56483238,34.8853722,37.2161941,38.72658021,37.81401897,33.81278141,31.7201665,30.11348713,33.59503199,30.34003462,25.92291888,25.53084143,27.45628501,30.89192911,27.04542752,25.84215003,28.69895942,24.08770256,25.51565377,26.53386843,24.20254362,24.02881255,19.03971388,19.81345231,20.4291578,17.73455353,20.2817487,19.4983267,21.86490745,22.20943744,24.31375439,24.07100753,28.64492776,22.53177179,23.68672688,18.54812211,15.81778999,12.56505834,13.18773956,13.32267954,17.05414631,20.3824582,18.94646561,19.49416889,20.65146044,19.64568224,20.27079817,20.64124847,18.94205015
Czechia,CZE,,,,,,,,,,,,,,,,,,,,,,,,,,,,,,,24.3277286,22.27240667,25.3890239,26.46472308,29.78170507,33.85618606,35.83205292,32.69534302,30.74318405,29.74513458,31.83502104,32.00603186,30.48161818,29.54958656,29.82427164,29.28560286,30.07969403,32.10721073,30.99940954,26.39788823,26.73128765,26.60533702,25.66884211,24.3768606,25.34943539,26.96862492,25.0750047,25.08974109,25.6426079,26.17185066,24.73020518,28.12853384,31.03330103,28.01668511,26.04067905
Germany,DEU,,,,,,,,,,,33.27857888,32.36816406,31.12808521,29.79226675,26.91952384,24.85136258,26.01029853,25.63886057,25.94548805,27.91053527,27.68332812,25.03825101,23.55758715,24.35961475,24.11813429,23.52124534,23.54178016,22.93939474,23.68392893,24.67494199,25.2643366,26.22495461,25.63743867,24.15337954,24.55131065,24.47705968,23.46040569,23.40502648,24.06080176,23.75835243,23.96396608,22.76457165,20.1517523,19.57662631,19.02138646,18.73552593,19.89794657,20.78734335,20.89895277,18.03600989,19.55566768,21.29277497,19.50410301,19.81076142,20.15821545,19.46179897,19.7348652,20.51328236,21.47053595,21.30007242,21.66673431,22.46138949,23.02105543,21.67254005,21.04790419
Djibouti,DJI,,,,,,,,,,,,,,,,,,,,,,,,,,,,,,,,,,,,,,,,,,,,,,,,,,,,,,56.90792979,3.115185099,-3.945924357,21.93594011,21.63280793,2.786900756,2.2814597,-0.248727785,-15.67844377,-10.59574153,-3.239949713,-3.779394718
Dominica,DMA,,,,,,,,,,,,,,,,,,,,,,,,,,,,,,,,,,,,,,,,,,,,,,,,,,,,,,,,,,,,,,,,,
Denmark,DNK,,,,,,,25.64422577,25.15386022,25.04534473,27.0378189,26.74617613,25.91190887,26.70810321,27.54212867,26.94721964,22.48209764,25.42938509,24.41861756,23.14020041,23.11531128,20.14629693,17.08110781,18.3395996,18.43127994,20.67273053,22.16991721,23.85906352,22.02713925,21.05749864,21.324493,20.79264714,19.60011186,18.9233801,17.35489586,18.71583658,20.64464005,20.01927384,22.01503541,22.59969616,20.8350374,22.29440618,21.74938845,21.2568155,20.8859989,21.64608196,22.17130943,24.26275155,25.23136773,24.0357328,19.03262556,17.82215511,18.98749458,19.22697175,19.35251464,20.14820304,20.54353117,21.68071242,21.95682422,22.53231468,21.88599988,22.76265326,23.60200217,24.69391802,22.82651686,21.63480742
Dominican Republic,DOM,12.61154638,8.867142985,11.90389516,16.01828402,18.32098463,9.773674136,15.85526984,15.52957093,15.37392271,18.13084112,19.14345338,17.85778578,19.70816142,22.09706585,23.3471306,24.51005779,22.3138555,21.78888622,23.87174721,25.35507747,24.62987887,22.70376787,19.23821274,19.76254007,17.87777246,17.37191114,19.57190292,22.84297546,23.21926677,25.76373335,23.34965915,16.64806902,18.79126779,19.75813793,21.00439561,20.04953703,20.05426754,22.10140526,28.06937834,27.11277108,27.8926622,26.77064407,26.95675568,19.40916274,20.62734865,24.77307115,26.9268715,27.63341946,29.89821158,23.37221064,26.07142183,24.60332369,23.75255972,22.10576128,22.39460761,22.65069072,22.17286527,21.18092063,25.20229082,25.23486238,24.87951592,30.27496355,30.67055707,27.81456285,26.99804689
Algeria,DZA,42.1845774,47.189529,35.42061341,28.94066239,21.8466084,22.60394356,17.32413168,23.43441677,27.86792192,32.35273648,36.64906885,35.28134219,34.30248942,40.28419497,40.0165344,45.40682642,43.3502751,46.91473512,52.21935402,42.54592508,39.07692215,36.99059454,37.28323708,37.56953342,35.16442399,34.56917207,33.55592459,27.55637947,27.63948454,30.07323386,28.58942067,31.8413271,30.75748942,29.09090811,30.08014286,30.90855624,25.67841426,22.44697253,27.14848166,26.24768467,23.5639069,29.40251857,32.42214978,32.08082139,32.85144764,31.17507551,30.36211976,33.57154599,35.53693342,46.0669131,43.28682748,39.75382221,40.2823787,44.58201084,46.89847934,51.77961256,51.64151429,48.26759226,46.4568595,44.62956179,42.94935768,39.14580511,35.08911976,37.72494621,
East Asia & Pacific (excluding high income),EAP,35.36557361,20.12615184,15.27388209,20.64038672,22.99717657,25.55756494,28.67534889,22.6003545,23.10206989,23.37449547,31.07400997,31.93860091,30.01955022,31.3852893,30.44714676,32.23162516,29.77026291,30.41908607,31.78185131,31.38005625,29.99413952,29.18386608,28.85811489,30.85525089,30.44794315,32.8014713,31.43200763,30.08974143,33.04945868,34.12395727,33.80652441,34.7472789,35.98718838,37.95598495,37.05021369,37.07662206,36.46610302,34.40597071,31.87275375,30.21627586,30.33233752,32.20794169,32.54132508,35.33373494,37.18163425,36.47604591,35.85751844,36.46605875,38.42440703,40.90571504,42.23212204,42.59758157,42.65663722,42.85644134,42.44259799,40.46010445,39.93567747,40.38809933,41.25356527,40.46782393,40.22791787,40.82111345,40.42060149,39.14110221,
Early-demographic dividend,EAR,19.29270311,20.1636235,19.14053045,19.07844217,20.48001657,21.13112687,19.87779042,20.11049516,19.97407882,20.31234236,21.54714447,21.56935015,21.83223661,20.62210594,24.08042853,24.9019145,26.93971256,27.92210893,27.18679112,24.28827879,25.32826425,25.61761324,24.17230705,24.62142855,23.64855718,21.85543605,21.76063392,21.58108554,22.55111676,22.88325335,23.00541055,23.2758765,23.71367597,22.55955785,22.86695539,23.11851877,22.56913841,23.23618627,23.46862395,22.9033169,21.98668159,21.99069546,22.47468339,23.11019427,24.87213196,25.25774414,26.55701719,28.20001522,28.10849656,27.83261505,28.52627036,28.5485685,28.2607746,27.27611547,27.5647057,27.30940775,26.73767619,27.23997615,27.42599941,26.59305002,25.53383897,27.16633307,27.93317907,27.87200953,27.0689173
East Asia & Pacific,EAS,57.53856088,36.00288667,27.42571959,33.33870315,34.92216117,39.18247579,40.77178746,32.93714374,31.80214217,31.81132208,36.77995894,35.1023181,34.58666823,36.77111879,36.45168624,33.14472645,32.05094367,31.72636192,32.49325384,33.87988889,33.09688205,32.30589942,31.41024814,30.63268822,30.5377716,30.93145775,30.739537,31.20135883,33.32379594,34.02452137,34.46881195,34.30677211,33.24676286,32.41679525,31.74047576,32.21723505,32.82113526,31.83070935,29.61799369,28.5981873,29.02210149,28.57307634,27.71234527,28.5109025,29.40822096,29.68005197,30.01328609,30.5748982,31.9061944,31.47998685,32.80931579,33.72236241,34.26880883,35.28619873,35.55027012,34.67719536,34.15579018,34.79207512,35.62998425,35.17618863,35.02249535,36.0056994,36.1750263,35.03117408,
Europe & Central Asia (excluding high income),ECA,,,,,,,,,,,,,,,,,,,,,,,,,,,,,,,25.39095225,23.88080661,26.62977046,26.80223589,24.30009687,24.11688159,22.71815663,22.74303481,22.4135778,20.02879222,22.64036476,19.82343902,21.67669964,22.79182271,25.03028179,26.50161939,28.53577337,28.75287751,28.41460433,23.72569179,25.71726254,27.82628309,26.57515222,27.07690626,26.88458832,27.00426509,26.97226245,28.24893531,27.37410693,24.94291778,27.42583657,27.46022787,28.88700081,27.85164148,25.49761889
Europe & Central Asia,ECS,,,,,,,,,,,29.58559467,28.62474243,28.07854226,29.17194099,29.39255315,25.91649395,27.01343241,26.18112195,25.25091678,26.03591293,26.30566951,23.89849241,23.57803927,23.08955324,23.22020702,23.1208215,23.26381119,23.54843786,24.76383191,25.83559175,25.37803651,24.74365722,23.70674732,21.81854625,22.04840699,22.21162257,21.64425029,21.45880558,21.97123292,21.95817971,22.51393233,22.08487544,21.29106896,21.226666,21.48896326,21.83259505,22.86022009,23.750053,23.52879932,20.14257306,21.01892531,21.84553656,20.85198315,20.56199668,20.80035931,20.98977662,21.19692952,21.79671029,21.97128601,22.40433919,22.4061002,22.84055159,23.60720312,22.67306822,21.81307616
Ecuador,ECU,25.41439306,25.42510389,23.73171196,23.92028893,24.6371613,22.15835172,20.26382279,20.30805071,15.43555979,20.00951562,16.35939901,18.68037342,19.1502798,16.17976344,21.41063441,16.96424585,17.34290568,20.76349092,22.39250395,19.12336993,22.06957187,22.46242623,18.08418548,17.69333773,15.63778513,15.71691152,19.58027421,20.74405971,21.16904281,22.38366427,20.15203808,17.89935607,18.56715807,17.03100408,17.42567041,16.08845426,14.93866053,16.6179432,19.98491056,15.76015829,17.16695041,18.49130812,19.65626258,15.77307667,16.25031855,17.46450103,18.11812856,18.31755978,21.56594079,21.17323514,23.49001587,23.53209115,23.01330365,24.88335289,24.70589078,22.68643583,20.24605086,22.48038782,22.54043933,21.04923118,17.58491297,20.74761068,22.4059052,20.65059327,18.48240735
"Egypt, Arab Rep.",EGY,15.43555434,16.06823409,17.86436317,18.467454,19.4041514,16.88369013,16.39471639,14.06817106,13.01299724,10.74742077,14.60207396,12.86547975,11.25350977,13.19739805,18.88831356,25.94504956,21.62843421,23.99176604,28.60038077,32.18702435,27.5,32.09875036,28.94994656,30.82706767,30.37974684,29.75871314,29.47845805,26.01941748,33.11688312,31.68831039,28.91440585,23.73333333,19.48238677,19.84536082,20.62857143,20.14705882,18.1342633,17.56299361,21.50313152,21.6189857,19.55307263,18.26038472,17.99947216,16.88622754,16.93797651,17.97585887,18.73077546,20.85123523,22.38972641,19.19017463,19.50107741,17.10305594,16.02675106,14.21199742,13.64319249,14.28863701,15.04023031,18.73410104,20.62491963,20.6540386,18.81806066,18.21224355,19.85591329,16.49073399,12.99674019
Euro area,EMU,,,,,,,,,,,30.04896148,28.92420229,28.33700668,28.99964298,28.96566812,25.50045974,26.64490492,25.87495369,25.23743172,26.09387213,26.77853758,24.40392141,23.77662324,22.97307138,22.89989448,22.63829351,22.55535529,22.66019449,23.75815551,24.54177108,24.79838114,24.5495043,23.58190751,21.6494144,22.00118414,22.36429035,21.71871424,21.82045121,22.56377173,22.83319205,23.40599355,22.88458723,21.81937381,21.72091111,21.93594466,22.20939184,23.18265882,23.89521543,23.41897603,20.20995707,20.77021337,21.32921645,19.81958004,19.44798688,19.76334762,20.15738726,20.39560003,20.94974183,21.5461896,22.33617816,22.01758095,22.72800353,23.82445779,22.30060079,21.17076833
Eritrea,ERI,,,,,,,,,,,,,,,,,,,,,,,,,,,,,,,,,7.810856542,16.99501349,25.13739619,22.53669613,27.58925736,31.28072738,32.28685892,45.51417965,21.99675676,35.26062176,29.54893233,26.54396041,20.26292175,20.33943972,13.68111654,12.67357541,12.71354048,9.263795978,12.38540149,12.62631766,,,,,,,,,,,,,
Spain,ESP,,,,,,,,,,,28.35927951,26.07202526,27.31266922,28.69858024,31.84591004,30.1087021,28.41839634,26.3656257,24.17184139,23.56402934,24.37260483,22.70731331,22.58351711,21.72886452,20.59646372,20.81982404,21.72885822,23.1609017,25.34906673,26.67629877,26.83668218,26.01750219,24.06638373,21.46390906,21.65187144,22.51927719,22.23599334,22.6184122,23.93427161,25.54742441,26.67237005,26.48247113,26.70564886,27.52855112,28.30282574,29.40410851,30.58431246,30.45898022,28.47904411,23.35194177,22.39884138,20.71358392,18.59446853,17.41233869,18.14814779,19.37344082,19.06111221,19.56566703,20.70617582,20.90882261,20.62664827,21.87403377,22.65502548,21.00460248,20.47470921
Estonia,EST,,,,,,,,,,,,,,,,,,,,,,,,,,,,,,,,,,25.97980214,26.81272678,26.41113237,27.48302296,30.72325357,31.62450389,25.90380943,28.47610321,29.60263209,32.93076575,35.18803006,34.64885493,33.35083816,39.82568775,40.00589434,31.63340558,21.00877535,21.58767817,25.4681664,29.08050669,26.86971211,26.72761591,24.6409611,24.70235309,25.93819762,27.85039922,26.35608807,29.65772027,30.47018334,28.97365612,27.69451597,26.18247889
Ethiopia,ETH,,,,,,,,,,,,,,,,,,,,,,0,0,0,0,0,0,0,0,0,0,0,0,0,0,0,0,0,0,0,0,0,0,0,0,0,0,0,0,0,0,32.10766647,37.09796197,34.08111832,37.9937253,40.67127298,37.34876297,38.44398716,34.16295511,35.26397563,30.57896866,28.02529541,25.34222683,22.16940396,20.49858545
European Union,EUU,,,,,,,,,,,30.18766239,28.96965078,28.39520669,28.99140603,29.08475297,25.79634303,26.86870225,25.93861916,25.16472746,26.09631459,26.73085256,24.2855394,23.69427983,22.93731994,22.97087517,22.85952539,22.78517498,22.89314437,23.94683085,24.80151037,25.03252398,24.50019055,23.50388756,21.52945622,21.91445951,22.30509097,21.73920864,21.89764069,22.65140092,22.83723023,23.44525328,22.88768359,21.83965403,21.73881442,22.02290712,22.26243904,23.32714617,24.20650431,23.79102608,20.41235031,20.93411137,21.53376671,20.09988183,19.69495848,20.11430541,20.52291587,20.67747145,21.20641192,21.83124907,22.48780361,22.12302279,23.02849879,24.16722821,22.38870993,21.29565296
Fragile and conflict affected situations,FCS,,,,,,,,,,,,,,,,,,,,,,,,,,,,,,,,,,,,,,,,,,,,,,,,,,,,,,,,,,,,,,,,,
Finland,FIN,,,,,,,,,,,31.82167999,31.94189241,29.41336875,30.89456754,37.02623726,36.16560518,29.22523835,27.98541562,24.39458186,27.77367745,31.24480095,28.4017761,28.6805945,28.40413943,27.23887579,26.95577501,26.0642032,26.81330694,29.11001317,32.00544972,30.13719713,24.08845627,21.07187507,18.60530312,19.7835536,20.36687184,20.2614315,21.76338883,23.02314188,22.41031461,23.87415131,23.17979711,22.05941795,22.23196277,22.87247781,24.60738707,24.00136526,25.55343501,25.24851611,21.47412441,22.607323,24.33887329,23.62834243,22.65782788,22.16900245,21.90568623,23.58831246,24.30954225,25.72346435,24.56753788,24.98360739,24.78815263,27.28540027,22.98832034,21.6605599
Fiji,FJI,,,,,,,,,,,,,,,,,,,,,30.85446601,34.73116761,25.86267334,20.78058135,19.07214499,18.7331735,18.8316019,15.57796956,12.32446485,12.54572773,14.31280308,15.31884427,13.33911949,17.56626759,15.20226703,15.40800823,17.75389997,19.14510538,27.46647892,26.48211636,20.42770204,20.40418926,23.28254515,27.59414152,28.32882956,20.10968056,19.50080177,16.98646716,23.42327151,18.73407731,18.80269298,20.99854852,17.27217223,27.63344989,20.88677902,22.4179309,21.11617319,21.42369154,21.0488571,19.6476634,16.72234471,21.73089686,18.47520927,19.77959543,
France,FRA,26.01405008,25.50793845,26.35630256,26.31191322,27.84237723,27.43785199,28.29483013,28.29301185,27.82891776,28.92663861,28.75625839,27.87641527,28.1910938,28.94306662,29.98132244,25.22748448,27.0583537,26.11405095,24.69961157,25.21674788,26.11638349,23.85221125,24.1767124,22.0241492,21.41053513,21.27237893,21.80897011,22.31209025,23.36523401,24.27520532,24.41667174,23.58090306,21.80570099,19.29503455,20.02770938,20.18709965,19.2219852,18.89410866,20.1267071,20.73099771,21.85787707,21.51465007,20.70019053,20.65061682,21.36436855,21.91135348,22.6851886,23.569105,23.46710404,20.71775862,21.3378695,22.49964527,21.82956488,21.52044196,21.83647082,21.71654186,21.59786062,22.1813992,22.61157389,23.02507336,22.80441821,23.44748458,24.18912532,23.15336445,21.93248483
Faroe Islands,FRO,,,,,,,,,,,,,,,,,,,,,,,,,,,,,,,,,,,,,,,22.1189566,23.66213296,30.81756631,26.12072447,23.29310088,31.40798237,20.23477722,22.0164882,28.67310625,32.14664373,26.16652355,17.53852903,19.52082475,16.25782377,26.25769053,21.59579045,21.75813828,23.96777733,22.1636692,23.45987701,29.7112462,27.61357429,28.25734535,28.35770368,31.21540504,31.00485507,
"Micronesia, Fed. Sts.",FSM,,,,,,,,,,,,,,,,,,,,,,,,47.79435416,,,,,,,,,,,,,,,,,,,,,,,,,,,,,,,,,,,,,,,,,
Gabon,GAB,,,,,,,,,,,31.95530012,31.96954329,48.11059908,37.55431409,51.7621738,62.67301038,73.49464609,58.0701246,35.0148368,32.91964009,27.53815528,36.35064316,35.0155606,35.18532848,32.96491454,41.99266911,46.36463901,26.36114776,37.47482714,26.30475477,21.67715661,26.46803177,22.42511447,22.44852419,21.86759487,23.30316662,24.8489416,30.76131384,39.55765673,26.16858187,21.90205643,22.74546907,25.10709764,22.63910148,21.49605177,21.3645323,24.04519626,24.87869405,25.08989743,27.98111336,29.70111381,26.64238956,26.96614996,29.18059503,35.1390486,29.23095629,26.98226104,21.29860844,19.25823243,21.89879657,19.86346911,17.45655062,16.02694049,17.5342877,18.11632658
United Kingdom,GBR,,,,,,,,,,,24.40802189,23.82520375,23.20180739,27.21105428,27.75999229,23.95594835,26.07828042,25.44858172,24.82750923,24.97929597,21.47293837,19.36979393,20.16830374,21.09273346,22.20690828,22.01962067,21.77384228,22.71855208,25.43783486,26.07887088,23.18075293,19.77453971,19.00751209,18.54800914,19.55785002,18.68638074,18.87695839,17.73653379,18.25826915,18.07000828,18.41868105,18.297321,18.35259715,17.93871897,17.77426459,17.99507989,18.38403628,18.64496319,17.59425201,14.96588977,16.17621552,15.92954366,16.06019671,16.56020313,17.71771917,17.86938461,17.9347223,18.48318497,18.18144649,18.3786714,17.58114863,18.02690995,17.93813241,17.21867006,17.89624583
Georgia,GEO,,,,,,,,,,,,,,,,,,,,,29.27088877,25.20735079,26.18607517,31.15264798,32.73322422,34.09333049,29.88991762,28.83871422,30.67066521,27.86679671,30.73633569,28.27225131,23.39142091,5.999914618,2.646569877,4.032902674,19.5957322,17.83745856,27.1704526,26.45299628,26.58131588,30.32774648,28.50118294,29.09587697,30.98744949,33.32960442,29.73480591,33.45455401,27.6897913,13.98587791,20.9291494,23.12074907,26.02762232,21.70008649,25.65035717,26.87715931,28.903107,25.12481761,27.9262959,27.16822849,24.6056866,20.67885021,24.06666278,24.99879452,22.81552626
Ghana,GHA,24.39585731,20.10752688,17.12259372,18.72727273,19.49838188,17.87175989,12.8458498,10.30585106,11.11764706,11.79410295,14.16555998,14.12,7.104795737,9.025992574,13.0472103,12.72004543,,,,,,,,,6.876822602,9.570089317,9.362075742,10.43404826,11.29599047,13.20901431,14.44399729,15.87898641,12.8,22.21017019,23.95773295,20.02141466,21.19999647,24.80621254,23.10938945,21.0005345,23.9986005,26.5994216,19.7,22.93692798,28.37750668,29.00214064,22.46580574,15.38454499,16.49196394,16.43179311,13.10019371,12.80999297,16.96772212,24.77153805,27.16506634,27.70964117,25.45565545,19.56551996,21.709335,18.64727562,18.22366699,17.03667792,15.79984305,9.899861078,9.956555466
Gibraltar,GIB,,,,,,,,,,,,,,,,,,,,,,,,,,,,,,,,,,,,,,,,,,,,,,,,,,,,,,,,,,,,,,,,,
Guinea,GIN,,,,,,,,,,,,,,,,,,,,,,,,,,,10.23954484,11.15376891,11.71875732,11.78468787,13.79042955,12.48401206,12.03551059,12.17943076,12.7907272,14.94495391,14.2533946,14.40853185,13.17369855,13.6120569,14.04097891,11.301127,9.97077079,14.82503639,14.21574367,13.39769357,24.5633977,23.41967335,26.21769765,21.30661225,20.32540116,24.05333274,26.02152852,23.49396139,22.81657742,24.16336683,52.66984451,22.27041715,19.54731482,19.7285577,31.516401,16.07627055,14.01422157,23.4269897,31.18288853
"Gambia, The",GMB,,,,,,,8.178087397,9.187747958,10.5903207,10.04112646,6.889857733,5.593100437,7.22660473,8.12,5.957107993,8.545018007,11.75145705,13.27856836,23.13292411,29.08966881,26.69547522,25.33389988,22.46033002,18.88316426,18.31340466,15.08618238,16.59925327,17.12583291,16.355963,20.36526023,22.34319427,20.33774598,24.78932969,5.277756134,4.685493621,6.903703396,6.779200574,5.175169509,4.884402019,4.755047184,4.562497397,11.17274014,7.278327629,10.03888601,14.31837652,13.83185067,15.69068531,12.56652088,10.52243473,12.8914138,13.87671053,12.89616829,20.87716865,14.71153313,16.6526122,20.34981404,24.91993419,22.95972668,20.87842426,24.65384316,32.34205469,30.37079025,28.62364922,27.28734512,38.98518684
Guinea-Bissau,GNB,,,,,,,,,,,29.57289726,28.00017949,22.75212538,20.88987835,16.815307,15.39744488,16.25874028,19.78049766,21.69508553,21.83705955,28.1809614,25.74569314,28.25955476,22.66192623,37.7245564,25.43163612,23.77964044,35.21446273,44.7013023,38.98193313,29.92581868,30.9893744,48.10992427,30.85746903,21.77070417,22.30105475,23.0520755,53.92783621,30.60897557,21.9445482,20.06075191,18.88217139,23.59612324,27.64774494,20.9616309,18.25276136,20.07909879,24.27263817,17.33902598,18.36487404,19.49361491,15.84568245,19.35419091,19.23023419,20.13993642,14.68621,17.67135875,18.12072595,18.55176565,22.65226466,24.9484511,19.61198875,21.00091386,18.96214762,20.93076107
Equatorial Guinea,GNQ,,,,,,,,,,,,,,,,,,,,,,,,,,,,,,,,,,,,,,,,,,,,,,39.47674882,26.50112454,29.58590734,27.54175181,39.39282565,38.05629949,32.04927127,41.1481429,30.30804516,28.70930017,24.7014529,16.69864599,14.03171665,12.50149663,10.89170309,6.988464059,8.246795542,7.338154704,9.359992604,8.955805916
Greece,GRC,15.21524261,20.55129408,21.62097667,25.05138646,29.30792107,32.1589823,29.00563893,27.27114679,29.61207162,33.92811811,33.64938179,35.08930158,38.53109828,44.56414747,35.30617709,33.61240915,35.26690061,31.14460643,30.25701702,29.62047408,28.2555865,23.0928133,27.49239407,26.43653794,27.50927759,28.92954571,27.99691522,21.30288144,24.54369949,24.78965013,25.43398408,26.21691482,23.45237613,22.31915865,21.03363547,20.74053681,21.76003884,21.13264339,23.7367131,23.23724822,26.11321035,25.14335718,23.67709086,26.13817701,25.17954297,22.1679676,26.29024254,26.67071442,24.84601833,18.91866704,18.21575876,14.07145131,12.26065546,12.11290829,12.13691845,12.00840978,12.46808615,11.88830163,12.95305375,12.09966032,13.54100231,17.48296657,19.98406816,16.73123276,18.17824153
Grenada,GRD,,,,,,,,,,,,,,,,,,,,,,,,,,,,,,,,,,,,,,,,,,,,,,,,,,,,,,,,,,,,,,,,,
Greenland,GRL,,,,,,,,,,,,,,,,,,,,,,,,,,,,,,,,,,,,,,,,,,,,19.35609528,16.31696081,24.15826054,23.13912208,30.49815061,40.29841374,32.21237503,52.35331723,64.0087149,37.67208018,30.09516231,22.59795624,24.02966611,24.49667192,23.61529351,21.74118086,31.26950936,33.01521808,37.10901092,37.84070939,35.99561934,
Guatemala,GTM,10.30088255,8.916133456,8.779293459,10.55590751,12.8165663,13.30929948,10.75717265,12.94117647,15.1443651,11.40841853,12.82563025,14.38432084,12.12582687,13.6851933,18.598767,16.09479141,21.40517163,20.03831694,21.61894964,18.74510999,15.86556158,17.03165901,14.14477392,11.07182272,11.57233356,11.49741958,10.33274397,13.91056437,13.69919728,13.5151112,13.60261471,14.29528044,18.32531872,17.24628543,15.68129958,15.0551087,12.68678211,13.68454175,17.39551621,17.35399322,17.83538743,19.9770448,20.88790857,20.62150678,21.18960606,20.05113862,21.16500831,21.16956642,16.67156432,13.26660146,14.16419369,15.48217542,15.19414459,15.84262667,15.07116236,14.82815509,13.86196876,13.59610647,13.79042358,14.32983672,13.50068307,16.76824319,16.56853287,16.47544293,16.68361256
Guam,GUM,,,,,,,,,,,,,,,,,,,,,,,,,,,,,,,,,,,,,,,,,,,,,,,,,,,,,,,,,,,,,,,,,
Guyana,GUY,28.27278958,23.97991212,16.63674446,16.89346167,16.05271039,22.23448276,23.86831276,25.8170703,22.26332971,20.81829122,22.75952203,18.63144832,19.83981312,27.21774194,26.4062009,33.06105263,37.45268902,29.07441985,20.50958429,30.99313777,32.75862069,31.37132319,24.96542185,21.38964578,27.42032307,35.79487179,40.1382507,31.1079099,21.14548142,22.23620555,31.13309854,39.76315044,51.75132623,40.42814136,27.22287779,33.22868326,31.85720693,31.88794199,28.92075512,24.99795472,23.77598249,21.5703447,20.86049903,20.95211587,23.54568087,32.33397827,,,,,,,,,,,,,,,,,,,
High income,HIC,,,,,,,,,,,26.84263007,26.48083533,26.74553694,28.02142763,28.15556947,24.91644058,26.00115815,26.13363417,26.57456673,27.14854854,26.3083175,25.5812488,24.32115531,24.10630985,25.36668052,24.79843315,24.87852075,25.14025818,26.03135888,26.4883806,25.91006384,25.31974871,24.54149198,23.77943475,24.08919707,24.32352385,24.17095041,24.07365046,23.82977522,23.88440618,24.31030353,23.20723715,22.36333619,22.30230305,22.75613085,23.19196104,23.696911,23.8370245,23.370082,20.26603799,21.12359126,21.67060907,21.64348206,21.55367764,21.88001194,22.16117973,21.97723309,22.31350867,22.56316597,22.82461981,22.51091721,22.86797514,23.43451413,22.75695832,22.66867331
"Hong Kong SAR, China",HKG,27.68868592,23.98390342,28.44480258,33.48997794,36.24663526,34.89572135,27.64318723,20.1098546,16.61525434,16.35540464,20.40595516,24.34316555,23.41911651,22.88334503,24.18289585,22.94662123,25.38159478,26.52147809,28.72980346,32.63525925,34.85332721,34.93933563,30.98339328,26.66961216,24.41792116,21.50017258,23.43249357,26.06783697,28.35202842,26.52350724,27.17052478,26.92142457,28.17687361,27.24986842,31.37927421,34.29070085,31.80034664,34.20019037,29.0038637,24.97950925,27.58240928,25.49120382,23.18095242,22.37964014,22.35743374,21.05982119,22.28514831,21.3960755,21.04121437,21.84686409,23.89046642,24.1431843,25.22013354,24.03038856,23.82246942,21.54147973,21.50740505,22.06901686,21.99466113,18.18994721,18.98188686,16.7764829,15.22992956,16.13917591,15.74510866
Honduras,HND,13.89840608,12.1841662,14.89361702,15.9556314,14.61706783,14.61712376,16.03782162,19.65390403,18.49876314,19.37125604,20.88520055,17.0998632,15.94022515,19.0684942,26.19623006,18.95017794,19.21365056,23.06079734,24.34740457,24.54985583,22.70191474,19.31158551,12.92812853,12.69070322,15.96335498,15.87987036,12.69615131,15.95997628,19.24261674,17.54532493,21.06460006,22.5987902,23.79877188,30.76104643,34.49427149,28.92652158,28.53412384,29.48686527,28.34876847,31.78360771,28.28843121,26.00094413,24.25836091,25.28088236,29.66555733,27.62297589,28.34192973,33.66530061,36.06596984,20.59944375,21.87984069,25.99999164,24.56420879,21.7603523,22.18383223,25.11800475,23.37712854,24.82071317,26.57208628,22.96771051,19.66637273,24.23093305,26.32623174,22.18643096,22.49233553
Heavily indebted poor countries (HIPC),HPC,,,,,,,,,,,,,,,,,,,,,,,,,,,,,,,15.11158186,15.21597212,16.45073712,16.50835258,18.88848874,17.37359194,18.62361728,17.73067675,19.97541457,20.09840027,20.05370748,19.77417557,19.33910803,20.73966432,21.49636628,21.5154512,21.44909505,22.18853866,23.38830432,22.21659413,23.63420766,24.19379257,25.13396488,26.58549807,27.09417173,26.60915782,26.10951453,25.58774303,25.8662678,25.85751968,24.59462917,24.37688786,24.76657593,23.59868099,23.21551295
Croatia,HRV,,,,,,,,,,,,,,,,,,,,,,,,,,,,,,,,,,,,16.18979932,19.48369566,24.64985586,20.92690693,20.40435669,19.32107219,20.49855934,23.76174441,27.23093238,26.02468264,26.07936301,28.08846821,28.14919621,29.54509929,24.37068041,20.3661502,18.99676834,18.02161662,18.72374993,18.05891825,19.48047358,19.89508994,20.82408179,22.47662937,21.96172724,23.54768233,21.79754538,26.06935909,23.28180009,23.50432646
Haiti,HTI,,,,,,,,,,,,,,,,,,,,,,,,,,,,,17.66070113,18.8298645,19.92006691,24.36798141,22.12021647,13.83731975,10.20056948,26.08958322,28.13042639,24.52875606,26.00441291,27.6980391,8.322396005,8.048111819,9.495958322,16.67925856,11.40765729,9.815927731,14.35277123,9.224667533,12.61716207,12.60692422,24.98821766,20.99674948,17.50923442,17.88085932,16.55686633,13.97372865,13.59222789,16.87697985,16.051092,18.53625002,17.70308378,18.10598195,15.86213942,13.85368367,9.939361937
Hungary,HUN,,,,,,,,,,,,,,,,,,,,,,,,,,,,,,,,21.19587059,16.65999376,20.6790398,22.99641454,23.42055037,25.1079029,26.44187523,28.82248904,27.28730391,28.1973909,26.35755928,25.74687533,24.7088343,27.50222655,26.16417134,26.34188568,24.89783818,25.14200595,20.99664876,21.18927912,21.03379088,20.28653082,21.8946534,24.44051608,23.85676561,22.03218219,23.27307689,27.09109458,28.69834722,27.65956549,30.93049472,34.53471121,25.8974406,23.62135885
IBRD only,IBD,25.07611358,20.73121,18.30718673,19.59809561,20.87441837,22.09260258,22.59955826,20.70569143,21.02363186,21.72582612,24.37170714,24.59601371,24.15570929,24.4642645,25.83381115,28.00075631,27.37099098,28.03178632,27.46662265,26.04720376,26.93751297,27.91800374,25.92675112,24.52020752,24.46980959,25.13102717,24.44821501,24.40833682,25.91151738,27.17526921,27.28710246,27.24805401,27.58324028,26.62825754,26.76353964,26.05674751,25.48371135,25.15487729,24.33788353,24.21961676,24.17730588,25.07014729,25.37548742,26.69771415,28.28291094,27.88414524,28.5205464,30.03843305,31.12135089,31.1747856,32.34425358,32.9081642,33.0062487,32.97926848,33.0366332,32.74564576,32.19888445,32.48711297,33.41761504,32.82097783,33.10495056,34.20925562,33.80620717,32.74250426,
IDA & IBRD total,IBT,23.47692938,19.59843462,17.39656437,18.45584301,20.00092429,21.06568201,21.35515571,19.83308816,20.12634508,20.67004414,23.02132931,23.3906712,22.92399105,23.43620531,24.60403408,26.38912148,25.89851415,26.73474479,26.2297999,24.93494438,25.89239365,25.71955971,24.10484245,23.2054132,23.42012181,24.02616076,23.86559246,23.91211645,25.32565817,26.54793167,26.65235254,26.45832508,27.04790579,26.06539145,26.25239509,25.41242243,24.79103355,24.44503744,23.62583568,24.08192063,24.02463302,24.86060169,25.02172202,26.31121818,27.8418155,27.48329498,28.06595675,29.58655081,30.64242256,30.68914318,31.85039127,32.4473282,32.58978523,32.5679128,32.58407821,32.30711756,31.90564821,32.28436078,33.20049303,32.58918342,32.81293758,33.98904129,33.59341774,32.627252,
IDA total,IDA,,,,,,,,,,,,,,,,,,,,,,,,,16.5705189,16.47194604,19.84067221,21.20449747,21.2411953,21.04523517,21.17558892,21.04886797,22.03973612,20.15958934,19.91858844,18.14719617,17.8157909,16.84199301,17.28769549,23.03003041,23.49582767,22.89838329,21.42465143,22.34661908,22.69667505,22.46465426,22.22932588,22.5273769,22.91917071,22.9924729,22.4643726,22.3922445,23.27288364,24.15989598,24.40033795,25.42412104,27.35726116,28.543053,29.08059381,28.52856428,27.96902351,28.76139125,28.99266657,28.88982068,30.05642624
IDA blend,IDB,,,,,,,,,,,,,,,,,,,,,,,,,,,,,,,,,,,,,,,,,,,,,,,,,,,,,,,,,,,,,,,,,
Indonesia,IDN,7.867760123,10.23399277,5.602576586,8.196210421,12.08382982,6.692113032,4.526748971,8.008964378,8.804311537,11.66298749,13.62275449,15.79520697,18.77738826,17.8872864,16.78184535,20.34170457,20.72129155,20.12761234,20.53415985,20.93432088,20.87150159,21.38449294,22.58345268,29.40177156,24.88467494,25.34694597,27.64651732,27.24671899,29.09802202,30.6830326,32.70769009,31.86942548,30.17582734,28.28067311,29.57068775,30.42981109,31.60236064,30.30767579,27.42950667,22.13875931,22.24569693,22.53926632,21.40407021,25.59849839,24.05636637,25.08140994,25.40021729,24.92028385,27.81624458,30.98519241,32.88012145,32.98433326,35.07159361,33.83135679,34.60034391,34.06279218,33.8587393,33.7105948,34.57058583,33.78014238,32.34341205,31.44887249,29.74531382,30.34258647,31.39635418
IDA only,IDX,,,,,,,,,,,,,,,,,,,,,,,,,,,,,,,16.52401668,16.36915672,17.23011704,16.81759346,17.68874833,18.3468264,20.58928117,19.87671441,20.92125212,21.93559994,22.09892981,21.73754391,21.74361583,22.59225925,23.5866179,23.73449423,23.62951229,23.45367198,23.84237706,23.03116835,23.01145648,23.82370188,25.326941,27.15474818,27.47000698,27.59957191,28.77832537,29.71497179,30.44866447,30.25559969,28.96903988,29.44742459,29.59369732,27.95397881,27.4961153
Isle of Man,IMN,,,,,,,,,,,,,,,,,,,,,,,,,,,,,,,,,,,,,,,,,,,,,,,,,,,,,,,,,,,,,,,,,
India,IND,17.93133529,19.26214583,18.10757077,18.99545711,19.52982849,20.05722299,18.35801382,18.19754447,17.74224975,17.64009523,18.21143873,19.20361574,19.54843194,18.70075865,22.51151757,19.54510626,19.41927196,21.09561255,22.65072075,23.59537674,19.55500345,25.56013763,25.13419431,21.03957212,23.2914173,26.4460769,26.06568394,25.82713131,26.28263499,26.86103691,27.3361977,25.14050528,27.44020416,22.71641051,26.31016656,29.15233715,22.75925318,25.69273291,24.97536994,30.95808797,25.67731668,29.90788898,30.25130012,30.83969994,35.0964917,37.42826402,38.99850637,41.95079823,38.42241965,39.25679176,39.78562418,39.59042186,38.34741567,34.0231979,34.26780563,32.11673014,30.17269058,30.98217283,32.34321822,30.09619757,28.92238401,32.11582218,33.61925854,33.36231036,32.61091
Not classified,INX,,,,,,,,,,,,,,,,,,,,,,,,,,,,,,,,,,,,,,,,,,,,,,,,,,,,,,,,,,,,,,,,,
Ireland,IRL,,,,,,,,,,,24.0135413,23.5371863,24.58508478,26.32423226,28.47034766,22.89594625,24.91727575,27.38993904,28.48874881,32.39904041,27.2990698,27.836916,27.24970154,23.37544377,22.32891809,19.57931243,18.38097853,16.73771555,16.31587256,18.40996373,21.52711669,19.6727219,16.6369289,15.4691943,16.51398189,18.873,20.53061764,22.22901002,24.09796325,24.63550617,24.50795076,24.25624159,24.08259719,25.74422305,27.21826337,30.30974959,31.89320529,29.24810558,24.66709375,20.30366863,17.271665,17.07882456,19.85766214,18.33708949,21.91165698,26.05891982,35.59418971,34.01757527,28.19712147,53.71355352,42.46284781,23.11089739,22.91858333,26.33225207,17.41298854
"Iran, Islamic Rep.",IRN,25.1499235,25.1817751,24.42900863,19.24204226,26.61177038,31.85649699,34.21859322,34.146644,41.40166247,40.15457792,40.63640361,34.80559586,40.10562767,35.07305995,31.02928588,41.39515121,48.09033586,48.42888431,39.12511912,25.00817107,47.86489312,40.07582143,26.77318771,36.26825043,33.04526809,24.27498805,22.21311825,20.09297779,17.13393999,23.04793843,33.02184263,42.17457939,42.19989329,30.39529102,23.2945877,30.18017186,37.78608559,35.54283951,33.85893481,32.54166538,35.10053349,35.25181669,39.054111,42.10526704,45.99878784,38.71766358,38.64911736,39.72894514,41.75745309,40.89817092,40.26244925,36.01680358,36.35095818,34.94521152,36.93965714,31.98240852,29.10919934,31.79653682,33.2091238,37.29933032,42.24894007,39.45259003,38.00159083,38.83213124,40.01021045
Iraq,IRQ,,,,,,,,,,,17.30523082,15.32494145,19.95618839,23.0774177,27.90143785,35.71949777,24.77398436,25.49247209,20.74390765,29.35919478,30.81981142,61.88209996,57.9651899,15.69526979,18.55692775,24.41146298,19.57616708,20.07784091,22.01654985,-3.745608318,44.32031327,-12.8800799,31.79099006,59.34094188,58.17204918,51.44440889,58.01193264,4.203600655,7.39214687,38.39229881,29.1473475,43.42228723,18.22687573,10.65095422,16.91689869,22.15526495,18.91759881,9.341719092,15.18410215,11.29663775,15.86786539,16.75950181,13.44617151,20.26773982,18.21597494,20.35965171,17.87720479,17.85247686,17.58547052,22.74072459,22.346859,21.42818062,24.31486012,24.0865197,29.38821058
Iceland,ISL,,,,,,,,,,,27.80776699,37.18772305,31.69684122,36.03720145,40.46002695,39.49408218,32.03642381,33.42721483,27.60549043,27.90435188,30.11464123,29.82494845,31.21559211,23.3998275,25.79398085,23.12029478,20.51743673,23.04668831,23.19357247,20.93311317,21.12461017,22.29810445,20.15303901,18.82545979,17.81697676,18.19150812,20.75851526,21.77446697,25.86342068,23.5701209,24.93181396,22.90057085,19.81039121,21.29196154,24.84483598,28.87078264,36.07221198,29.57486683,26.02135446,15.32308693,13.90913168,15.58316255,16.01585597,15.46964192,17.22365759,19.40362868,21.08389021,21.74143891,22.10941229,20.67364086,21.32639228,22.99734174,24.522855,25.50658367,26.5671414
Israel,ISR,,,,,,,,,,,32.58305504,35.62544239,35.70050917,36.67273907,34.70643655,34.75455859,29.17333934,26.73478418,29.27670157,30.20114199,26.33423712,24.81996439,27.04586734,27.53230269,25.7288131,21.83281387,21.43198799,21.83515984,20.73958056,20.0284462,22.40761596,29.01907684,28.75805163,29.47268196,28.77784789,28.90594855,29.22885101,27.99809083,26.30989512,26.63081909,25.70541357,25.51120651,24.18877208,22.81892219,22.74698106,23.67011254,23.59730796,24.43143949,23.22877065,21.16178698,21.53835088,23.44712736,23.9143641,22.33518264,22.87734139,22.09500322,23.06464867,23.17659811,24.13099419,23.86486005,24.68981613,25.88364073,27.28215217,26.1101982,23.42671772
Italy,ITA,,,,,,,,,,,26.70166649,24.47175234,23.54881395,27.06399601,30.56729253,24.41335017,27.30917198,25.09569156,24.52667572,25.07450616,27.48362911,25.35379266,24.36909873,22.84331211,23.93523774,23.79061406,22.32976724,22.72028965,23.18295696,22.9260235,23.16199035,22.79279978,22.14463661,19.58260086,19.51603074,20.57840476,19.83119181,20.01306557,20.23319379,20.70489254,21.3236101,21.30544692,22.05195001,21.5802502,21.64200489,21.52602165,22.36036958,22.62007277,22.03877573,19.70237739,20.79697161,20.6773631,17.96980645,17.00622238,17.0766736,17.28131749,17.71186399,18.16942229,18.66087161,18.36413153,17.89868683,22.00113823,24.59772983,22.92707107,22.35347656
Jamaica,JAM,29.72405729,28.312032,26.71761593,24.1679918,26.92312849,26.51209677,28.01889201,29.27592013,34.87599646,35.1566435,31.53938421,32.08827199,27.33652978,31.5018315,24.32382364,25.76911344,18.2131738,12.2262469,15.0452182,19.21863682,15.90580545,20.29810247,20.86891238,22.25876677,23.12229467,24.30381182,16.94417282,20.64906533,23.62214134,26.61116545,25.8843923,24.36427588,29.82855891,25.26193248,24.23185867,25.25957395,25.55400098,25.69477369,22.60066257,21.26335084,23.46333789,25.8803612,27.33771823,26.24763549,26.46721089,26.94237701,28.4225128,26.57119436,24.35053998,21.05626776,20.20652665,21.43633201,19.93317231,21.25988761,22.47378726,21.35192571,21.28815003,22.53183995,23.3115189,24.26909549,,,,,
Jordan,JOR,,,,,,,,,,,,,,,,,34.09732017,40.25202781,33.0818559,31.54198473,37.17057258,46.03065028,39.44003394,33.01242584,29.91045714,21.05450117,19.83485829,22.55214939,22.66343207,23.23644609,30.79569737,24.96619337,33.48105473,36.62856554,33.30502834,32.96286084,30.52569427,25.72946879,21.81895968,21.56862745,22.36151166,21.05693229,20.09567265,20.84053841,27.38385099,34.1478444,28.33992169,30.26798447,36.05067442,32.53951982,35.03763119,31.74770385,31.03220302,26.59973198,25.80859519,24.83503291,23.40441876,24.71736035,24.3624337,21.41333417,21.45854138,25.17779682,,,
Japan,JPN,,,,,,,,,,,42.58367439,39.02038661,38.77245779,41.54680656,40.72503923,35.77012394,34.75154416,33.66964305,33.73236053,35.46241659,35.18831721,34.01066726,32.85402944,31.46051223,31.3228031,31.22631247,31.15903919,32.05849338,34.04142978,34.86038619,35.45157969,35.21166972,33.53724959,31.76834468,30.65250831,30.93363189,32.02694888,31.11037275,29.59082374,28.20043331,28.41743932,27.75495487,25.89885919,25.66096518,25.63820726,26.05232598,26.07755439,25.76874016,25.86957996,22.60317648,22.59030413,23.54056869,24.00492972,24.41762404,25.03636199,25.16534788,24.83559732,25.21482698,25.64171431,25.78969613,25.22401723,25.82473087,26.77557421,26.18216375,
Kazakhstan,KAZ,,,,,,,,,,,,,,,,,,,,,,,,,,,,,,,,,31.50912106,20.02508233,28.70407454,23.3192597,16.14663948,15.5982639,15.80456174,17.77616505,18.13904803,26.87642284,27.28772328,25.70391259,26.31108968,30.96976804,33.90079132,35.52669949,27.5064843,29.41456452,25.37354902,22.99814602,25.22966023,24.56960536,25.79024724,27.9079156,27.82758289,26.35248253,25.25821271,27.62757495,28.80691536,26.53343559,24.97590958,29.83452376,
Kenya,KEN,,,,,13.06420449,14.39394484,18.61024061,20.1726488,20.04882893,19.37218009,24.39667517,23.91598703,22.31730003,25.81122566,25.75563307,18.13989346,20.2442178,23.72332115,29.78928932,18.1327783,24.50714062,22.91344169,21.86021484,20.92506552,19.81103195,25.32482373,21.76803717,24.28943287,25.44904102,24.86207761,24.1640929,20.97051486,16.92083908,17.61043506,19.29324297,21.8197611,15.00382269,15.14098814,16.69271641,15.52141487,17.41409062,18.79034052,15.13821589,16.48214939,16.96249556,17.64968479,18.6335854,20.45697839,19.61271142,19.01917242,21.2639988,21.88581228,22.19336293,22.4049681,24.950719,22.1033982,19.34843583,20.6634949,19.37598625,19.34183242,19.65158417,20.39124478,19.05406385,16.35689147,16.78507025
Kyrgyz Republic,KGZ,,,,,,,,,,,,,,,,,,,,,,,,,,,,31.27035831,31.08504399,35.46666667,24.06542056,15.35135135,19.92445703,11.66638654,9.013079073,18.34054914,25.19733496,21.68013114,15.44407192,18.02621861,20.01003707,17.99928265,17.60669154,11.83001595,14.48839277,16.41820748,24.19576081,26.64299703,28.94896003,27.27035541,27.4015936,25.47296383,34.9610737,33.89883556,36.75672708,34.67146926,33.93917929,32.90209146,36.01662915,34.44626363,25.0304914,26.49366555,35.64068818,34.45900595,
Cambodia,KHM,,,,,,,,,,,,,,,,,,,,,,,,,,,,,,,,,,11.8804071,11.93855081,14.55231684,14.72005581,15.02049984,11.83376966,16.98372802,20.34425094,20.20552086,23.86841432,24.00582247,23.97299635,24.30015366,25.24766358,25.69146028,23.08002,26.33232793,22.31749004,22.36771492,24.67123327,26.8520095,30.01267161,29.87149382,30.38503258,30.63345269,30.73941924,31.39455419,31.35122754,30.37881127,34.59452643,33.29447962,32.1861316
Kiribati,KIR,,,,,,,,,,,,,,,,,,,,,,,,,,,,,,,,,,,,,,,,,,,,,,,15.75441591,15.3649167,14.12465803,17.57208852,15.91630816,19.46150712,27.72652175,31.37707185,28.65935795,37.76905736,29.96661667,27.02083811,18.96944668,15.9071876,14.69779286,17.72095285,20.3613284,,
St. Kitts and Nevis,KNA,,,,,,,,,,,,,,,,,,,,,,,,,,,,,,,,,,,,,,,,,,,,,,,,,,,,,,,,,,,,,,,,,
"Korea, Rep.",KOR,10.52420968,12.69472986,14.07488385,18.78495661,15.41165337,14.75823911,21.69590095,22.19853837,27.09551657,29.93175758,26.324823,24.97673066,21.47995407,26.01089139,32.59962049,28.5263098,27.63597922,30.10570665,34.48448588,37.47388303,34.03062547,32.15998454,31.96698704,32.47674431,32.297977,32.27005198,32.61401086,32.58555208,34.81571591,36.71606701,39.55305296,41.23401783,38.73834045,37.65429611,38.51260183,38.94948795,39.42351944,37.18862188,27.77904874,31.01282773,32.8936287,31.60293756,31.09283276,32.27961522,32.54955312,32.50818478,32.99330799,33.09748305,33.6668294,29.39998973,32.55211358,33.31942582,31.31664675,29.88532729,29.79047863,29.52928082,30.1426786,32.28806347,31.48718418,31.49493367,31.88458527,32.32719378,33.18135629,32.12927398,
Kuwait,KWT,,,,,,15.75433912,17.68149883,21.33027523,17.98107256,19.11021234,12.12121212,9.379071456,9.303278689,9.513122623,6.776816333,12.72440457,16.54295909,23.31597208,20.2354431,13.65098435,13.92068172,16.63087788,25.19356841,24.78597595,21.02413113,18.85428392,22.10997561,17.54423342,15.69580156,12.29892586,17.62511305,41.85571097,22.36334124,17.19154206,16.15176217,14.75862409,15.10430476,13.63898031,18.45190666,14.55554707,10.66523772,14.3046729,17.12769629,16.63255579,18.18550298,16.42676703,16.15772239,20.45665212,17.62982145,17.96584492,17.65847417,13.54813497,12.83494397,14.3514402,16.29025799,25.42812268,29.95911252,27.73083878,25.54695629,23.00199785,18.65064789,14.540922,16.92876586,,
Latin America & Caribbean (excluding high income),LAC,21.05168137,22.68263926,20.70459693,19.65996347,20.7192248,21.31391073,20.88702046,20.2804351,20.20320821,22.00395175,21.76184973,21.44018337,21.09961816,21.51614303,23.55911702,25.12155399,23.57801336,23.30278163,23.82154808,23.82036323,24.09248155,24.38152164,21.87197925,19.45620525,18.83550333,19.69592204,18.96386139,20.93384696,22.50085927,23.97804175,20.07420855,19.58234072,19.75815446,21.18867234,22.30124461,18.57606451,18.66889812,19.51909577,20.25994642,19.22080245,19.80047804,18.80584418,18.59846947,18.52177836,19.55306014,19.36593185,20.10516094,21.20620561,22.44826617,19.86436735,21.69228262,22.04687126,21.57546873,21.46926081,20.9356932,19.87198647,18.80077291,18.43414024,18.67107478,18.26631231,17.51393478,20.17108988,19.93160755,19.17814936,19.2978473
Lao PDR,LAO,,,,,,,,,,,,,,,,,,,,,,,,,6.178861969,7.042253955,6.931279694,10.18907515,13.50085184,,,,,,,,,,,,13.41565796,13.54360717,29.04042318,27.77152163,31.75424351,34.0580868,30.06954104,32.31224303,31.68198579,33.93847055,27.46248774,28.06780252,32.50425528,30.64732204,29.8013514,31.5566516,29.0076541,,,,,,,,
Lebanon,LBN,,,,,,,,,,,,,,,,,,,,,,,,,,,,,,,31.31269096,29.27333838,29.27333838,31.036396,36.65279338,36.45508364,34.79249868,29.21649485,28.40261578,22.83110247,20.41122214,22.81354531,18.74826822,19.16102395,23.06761396,22.96601096,20.54809108,24.28208962,27.9963212,26.92101617,24.93725851,26.84636575,24.78729788,27.61242944,24.96719514,22.22277926,23.14257137,21.78793523,22.4871034,12.32247426,8.098177366,5.359484343,1.225171447,1.897544099,
Liberia,LBR,,,,,,,,,,,,,,,,,,,,,,,,,,,,,,,,,,,,,,,,,,,,,,,,,,,,,,,,,,,,,,,,,
Libya,LBY,,,,,,,,,,,,,,,,,,,,,,,,,,,,,,,18.61576054,13.1121256,12.15071795,16.28054008,16.33089194,12.16104869,15.50164204,12.36129762,11.96044577,9.481002038,11.84062851,10.74612403,13.51683838,19.35899613,11.63894656,9.516585449,21.0482644,19.10967795,21.664813,26.01803069,19.80079923,8.442420696,15.21876542,21.68551732,26.22372114,17.38201284,13.80046746,13.70775618,15.13376305,13.75534429,9.449830477,12.16090755,10.52019702,16.48035514,14.83731089
St. Lucia,LCA,,,,,,,,,,,,,,,,,,,,,,,,,,,,,,,,,,,,,,,,,,,,,,,,,,,,,,,,,,,,,,,,,
Latin America & Caribbean,LCN,21.04508997,22.38874562,20.49235223,19.63506116,20.85147667,21.42819106,21.11282649,20.64779805,20.99353877,22.4590306,22.4766186,22.34198115,21.98616575,21.91570315,23.82414242,25.71117897,24.61936288,24.87919171,25.41500799,24.54172865,24.1842558,24.31642054,22.05667542,18.37074299,18.38312026,19.10924301,18.73307887,20.81684385,22.38323489,23.05330541,19.63210995,19.46064337,19.96269061,21.12963723,21.95139081,18.90560451,18.9696237,20.20947012,20.92680508,19.73971132,20.13779871,19.41651531,18.81075849,18.51048349,19.5764058,19.56424514,20.46146905,21.71905225,22.92182242,20.34233982,21.68299253,22.18155181,22.16517851,22.04885128,21.38360402,20.17391191,19.0679725,18.70275273,19.17035789,18.75772809,17.61930427,20.31510167,20.26236882,19.45385841,19.51309999
Least developed countries: UN classification,LDC,,,,,,,,,,,,,,,,,,,,,,,,,,,,,,,,,,,16.37583154,17.42542261,20.46850273,19.23023139,20.89970078,21.83249278,22.35148012,22.71181776,22.3754278,23.28775129,23.89336691,23.85626095,23.35400726,23.81367607,25.25222062,26.68491649,25.07797176,25.5937005,26.32377102,26.87741099,27.21801878,27.44007062,27.74848549,28.83841788,29.3018724,30.0968591,29.34676725,29.60176938,30.65075578,29.32287905,28.73194032
Low income,LIC,,,,,,,,,,,,,,,,,,,,,,,,,,9.303987943,10.52298786,12.26147372,10.86408136,11.88270746,12.93278692,12.48502284,12.17094776,10.25530606,10.20068043,10.7161742,14.77825501,11.72088302,12.08385692,13.46078379,15.7377247,14.73359332,15.50406871,16.44451488,16.65976838,16.24289189,16.68174425,16.72880008,17.06931469,17.89176343,18.57391795,19.26794415,19.23953507,21.84951605,21.32076893,18.6920604,19.15506097,19.89559565,21.26911552,22.21912477,21.64938626,21.89866957,22.49834289,22.11233649,23.03184739
Liechtenstein,LIE,,,,,,,,,,,,,,,,,,,,,,,,,,,,,,,,,,,,,,,,,,,,,,,,,,,,,,,,,,,,,,,,,
Sri Lanka,LKA,14.20656764,17.29101882,15.33395506,17.00455318,14.44382623,12.53092528,14.33369318,15.23735753,15.85183803,19.27319367,18.94759953,17.06761566,17.30176428,13.73614432,15.7124227,15.57737894,16.21031023,14.44502431,20.04922067,25.82129154,33.76824447,27.77483677,30.76140188,28.89120978,25.82701339,23.82263279,23.65969444,23.33229973,22.7775225,21.72447606,22.20588967,22.87018759,24.27536487,25.55723479,27.02716704,25.73108786,24.24908349,24.38614266,25.1367897,27.29051514,28.03927368,22.0040128,23.28905072,22.02046895,25.25376152,26.82745552,27.97990935,27.95214336,27.55238306,24.43386575,,,,,,34.27579881,36.45304446,39.72663052,38.05677478,34.10871606,32.87112315,36.73309837,27.27174942,24.58503428,26.95896662
Lower middle income,LMC,17.07117128,18.04132034,18.34723986,19.29532663,20.40721247,20.68246448,17.95507318,18.38770805,17.9905101,17.47741767,18.59052334,19.36051314,18.69306691,18.46233443,20.62578039,19.26499117,18.94043239,21.47293293,22.59062925,22.50921986,20.82145214,20.58526115,21.22767828,20.71642694,21.92952033,22.87494185,24.01083552,23.81959271,25.139329,26.63378301,27.05061398,24.11203682,25.90194755,23.25627499,24.9827962,24.60291865,21.16820341,22.16359483,21.89804812,27.30193071,24.25042181,26.52215044,26.09457466,26.82510657,29.36117285,30.39952317,30.58655079,33.34642972,31.27899262,32.21541914,32.53123372,31.69738465,30.47886007,28.13070278,28.36495921,28.10841142,28.08442489,29.49379643,30.35907146,28.75159244,27.2069808,29.73903789,30.92347188,30.88841302,30.84149844
Low & middle income,LMY,23.18808032,19.11358998,16.87317568,18.00398195,19.51074962,20.62427557,20.89200696,19.30647863,19.46117501,20.02520761,22.40074944,22.7452173,22.29636775,22.90975154,23.9775055,25.60249675,24.9588269,25.56105323,24.96714409,24.02669914,25.2550131,25.09256856,23.44988217,23.18804457,23.22036208,23.86987525,23.51014359,23.39527677,24.80529114,25.41682171,26.36648633,25.0243356,26.04356445,26.02662161,26.56302677,25.6795489,25.11980432,24.55449754,23.8666921,24.461974,24.31445679,25.14098959,25.63517679,27.09949625,28.83619167,28.5370386,28.97082401,30.23705939,31.37989106,32.16604782,33.2661676,33.72766117,33.79535968,33.92332311,33.93290675,33.20904837,32.74908528,33.20849049,34.30870032,33.583705,33.8467981,35.05660126,34.66977192,33.52670817,
Lesotho,LSO,2.024291498,3.921568627,7.023411371,8.630952381,9.703504043,11.47959184,10.12345679,11.57571462,12.30348599,11.67232598,10.18329939,9.140767824,11.25401929,14.26872771,12.68292683,18.08318264,34.26791277,23.7953599,25.02157032,32.746623,37.04275513,37.59910761,,,,,,,,,,,,,,,,,,,,,,,,,,24.92460193,27.98144286,30.53821979,31.30119004,25.33164251,35.72059605,32.66674551,34.09681828,30.43663474,28.77600637,22.20561298,21.44727922,26.79450413,26.26467004,28.47013524,27.37700822,27.22066865,
Late-demographic dividend,LTE,31.85491407,21.01698783,17.01043869,20.24259951,21.55837476,23.5467975,25.70054287,21.39415559,22.39899481,23.31349444,27.13317197,27.4899861,25.91580582,26.59982872,26.66976338,27.89094635,25.54912613,25.57249627,26.46479476,25.82956394,24.9832272,25.01049089,24.23106348,23.70397529,24.88599036,27.31855388,25.95586558,25.67117877,27.75791712,30.64720513,27.76601478,29.79654984,29.68483244,29.17784241,28.75967232,27.46793212,27.18419769,26.31944419,25.09286189,24.88093488,25.39458528,26.80205023,26.94261104,28.42455175,29.56748387,28.78535481,29.07186584,30.69050927,31.98456642,32.30150684,33.59918653,34.03036847,34.44831704,34.72088328,34.83357678,34.72055192,34.4909575,34.46665427,35.32845321,35.50647913,35.87811217,36.28932754,35.45150815,34.31336926,
Lithuania,LTU,,,,,,,,,,,,,,,,,,,,,,,,,,,,,,,,,,,,22.49974854,20.88270032,24.4102794,24.19153153,21.2148736,19.14462233,19.37461402,21.06443378,22.23176982,23.44093169,24.40854311,26.88026306,32.439675,28.24615208,12.97984533,17.85780102,22.36720291,20.27040805,20.41829009,20.30047738,22.55522691,20.28763987,20.4801158,22.40663863,19.58038623,16.51982279,21.83500671,28.0753061,21.93417152,20.41243171
Luxembourg,LUX,,,,,,,,,,,21.98722234,25.28122374,24.28771503,23.06106052,18.04285454,19.50994243,19.39300543,17.38353671,21.25141567,18.7951946,21.49294748,20.91162348,21.17042143,20.74526467,21.07315401,17.28378771,20.68862725,23.54530811,24.31447489,24.00795529,24.71269471,26.41455862,22.9760003,23.14809045,21.89742561,20.44833534,19.65702892,21.33919642,22.32558039,23.68847133,22.5591443,22.21180341,20.42786293,21.30955825,21.30531962,21.51025729,19.00387549,19.51332535,20.57963948,16.1829008,18.08319349,19.26879771,18.75230488,18.14537269,19.09358676,18.95848577,17.93191326,18.88971755,16.99491354,18.65311608,17.92949005,18.68787599,17.03317666,17.38185757,15.15332765
Latvia,LVA,,,,,,,,,,,,,,,,,,,,,,,,,,,,,,,,,,,,16.08134417,19.54016109,21.33798331,26.09847348,22.56873139,24.96316416,28.30019924,28.62017293,31.0011374,34.36891545,36.38382941,41.81986322,43.66587574,36.97565649,23.21123234,20.93134511,26.77456393,28.63967321,25.29823818,24.66594751,24.14973672,21.75594801,22.71203801,23.87428777,23.33847454,22.15542592,25.72282817,24.21231216,24.57299667,21.15055446
"Macao SAR, China",MAC,,,,,,,,,,,,,,,,,,,,,,,22.00196823,24.39399314,22.24978533,22.72602111,25.16901523,24.81984567,25.13177199,24.57100796,22.81105991,27.61629836,32.02991398,31.9842272,31.98511117,26.32432047,19.61730857,18.68325253,16.00538368,15.83473475,10.37907631,9.241181594,9.888551165,13.63478313,16.06896067,25.53713494,33.52042617,36.54787051,30.40459206,18.50513161,13.24663602,13.77310976,14.64703837,14.06910689,19.79631302,25.33693996,21.84717936,19.58301701,17.247664,14.1400099,26.08818053,22.81608222,23.12732178,15.44941082,14.45697397
St. Martin (French part),MAF,,,,,,,,,,,,,,,,,,,,,,,,,,,,,,,,,,,,,,,,,,,,,,,,,,,,,,,,,,,,,,,,,
Morocco,MAR,10.24347441,9.695464011,11.4344909,12.01055022,10.45456442,10.61662198,10.09892896,13.25246497,12.58834129,14.19449104,18.48559013,17.94463888,15.27950311,16.86300515,20.45915325,25.38793222,29.19775238,32.50939491,25.43423868,24.49269055,30.35348265,31.71888457,33.42852203,26.3485595,31.1128523,30.67794612,27.48215829,25.11699806,24.44381647,30.27081388,31.06029454,27.32216106,27.71036859,26.47419556,25.66747298,25.39394203,24.47144061,24.92166377,24.99962005,23.2448569,23.8068463,24.86037185,24.41379929,26.05060604,27.89840503,27.41681426,27.9527831,30.80388486,35.5127958,32.18527486,31.49071664,32.94624369,32.17935443,32.00462009,30.77425423,30.17718823,31.95799128,31.65807145,32.1395673,30.59493352,28.77697342,30.67635518,30.29976897,28.81899029,29.91497153
Monaco,MCO,,,,,,,,,,,,,,,,,,,,,,,,,,,,,,,,,,,,,,,,,,,,,,,,,,,,,,,,,,,,,,,,,
Moldova,MDA,,,,,,,,,,,,,,,,,,,,,,,,,,,,,,,,,,,,24.87669597,24.24536028,23.81354663,25.8731283,22.88355024,23.94695909,23.28235983,21.66018247,23.17759875,26.35915022,30.82556305,32.74808062,38.10555493,39.22791869,23.14189738,23.85178659,24.04867143,24.19851924,24.9382002,23.78257066,24.06209079,21.98688532,21.93895421,26.59181067,25.10366188,23.86444435,26.85612587,27.31042952,20.084591,21.1312286
Madagascar,MDG,6.961362538,5.8355142,5.044498679,6.758229906,7.070196366,6.500634036,8.53281324,9.264742035,10.31932152,10.78345469,9.912717366,11.21947335,8.819759241,9.097383528,8.660183993,8.137158292,8.134726114,8.078257039,9.586574396,16.09393071,46.58965819,35.68788596,26.3480536,25.99914214,26.82163614,18.76390559,20.50558138,25.00070536,17.6010365,40.7488309,35.96231421,30.67470925,36.09386686,37.87512495,32.87287107,8.870919191,9.526116187,10.1519133,12.24653094,12.2933453,11.93054641,14.50921734,10.97024314,13.72456569,21.15102512,19.3271127,20.311268,26.51793134,38.74609622,37.2218957,27.02738973,23.35116673,20.16891879,16.51291325,16.49068965,15.99188793,16.36599339,15.8063769,20.70297524,22.68404813,17.71532511,16.38923131,22.16197677,19.90835555,22.60605573
Maldives,MDV,,,,,,,,,,,,,,,,,,,,,,,,,,,,,,,,,,,,,,,,,,,,,,,,,,,,,,,27.86117982,31.90492323,39.76628534,42.81971585,48.97017777,43.16116288,35.5119966,25.18566229,32.88700331,32.97122979,
"Middle East, North Africa, Afghanistan & Pakistan",MEA,,,,,,,,,24.63068616,24.13165394,25.38749721,24.00664037,25.08455698,20.80350731,26.99581424,28.54859431,32.5190788,33.35268093,32.34648125,25.84330856,28.48807087,28.75878706,28.67614754,30.44496161,29.21380285,24.3730735,23.7574432,21.31199346,21.22622973,19.61570384,29.78990031,27.51305182,27.04776501,24.30630073,22.3989754,24.10927224,24.80563846,22.54976898,24.34385849,23.60999802,21.96724768,23.32090978,23.13524685,23.65961289,24.46363639,23.63708354,24.6593336,27.14851984,28.03894121,29.18159716,28.17739094,25.84746476,25.42961375,25.26791468,26.15408071,26.79504695,26.24478765,26.05614135,25.40247041,26.26737827,25.1942242,25.86212172,25.95885848,26.81623735,
Mexico,MEX,18.36883436,17.56372881,16.45494737,18.37339623,18.86466135,20.26084249,19.45644737,20.1564759,19.3893188,19.66480296,22.73918919,20.2417551,20.31323894,21.38209841,23.17228889,23.69229091,22.2885558,22.8457112,23.60549422,25.94664928,25.72981767,25.94430226,21.55988646,19.78151126,18.93074176,20.00977669,17.83419879,18.31057874,22.75126853,23.10624119,23.27060354,23.42627673,23.32059903,22.62403067,24.33725794,19.31154336,19.73762696,21.14601713,22.80395162,22.24343775,22.26492461,20.27382156,20.40842563,20.88084586,22.04617823,21.52214597,22.56410295,23.07191469,24.12131588,23.25925081,23.33148941,24.25175813,24.37773906,22.6807316,22.29327598,23.73612974,24.34339234,23.89235071,23.47749307,22.14854264,20.23665935,21.70749393,22.77719855,23.93877685,24.16078922
Marshall Islands,MHL,,,,,,,,,,,,,,,,,,,,,,,,,,,,,,,,,,,,,,,,,,,,,17.69781791,18.0334058,29.19490223,26.69016611,19.88062756,37.83174603,42.52520174,23.0809054,12.91062535,24.32440987,20.46069892,17.39352205,20.83062438,22.66041179,22.64440909,53.15139545,20.6942928,19.86713017,26.9933307,19.72398766,
Middle income,MIC,23.96283659,19.65971895,17.35299788,18.69225544,19.98887852,21.21212797,21.49546382,19.78307327,19.94943692,20.55126098,22.96505151,23.33319305,22.87942007,23.47155676,24.5669245,26.28161386,25.5951904,26.25547125,25.66035632,24.60119638,25.74904728,25.57245563,23.91442292,23.65856808,23.68151254,24.30679861,23.92303801,23.77299712,25.25873934,25.86809415,26.8595831,25.56446454,26.40978516,26.43963502,26.91659927,25.93247545,25.2746562,24.74161155,24.04547545,24.64209192,24.48921723,25.32937933,25.84201291,27.31692236,29.08264087,28.79085604,29.22044682,30.50269288,31.66080449,32.43812352,33.51719296,33.9503411,33.97547131,34.06517496,34.08220693,33.37577852,32.87447239,33.32025042,34.4145389,33.67808462,33.94585995,35.14925252,34.77087266,33.61445696,
North Macedonia,MKD,,,,,,,,,,,,,,,,,,,,,,,,,,,,,,,17.76315789,16.80785124,14.72110269,15.2046342,14.70324675,19.73462097,19.09791856,19.93958899,21.16539054,18.72711477,21.88010264,17.35547341,20.83022341,17.92931736,21.04592109,19.84554883,21.40813523,23.71268662,27.93270505,25.74248352,24.46809484,26.91313396,28.92717638,28.80804796,30.29522526,30.40357525,32.50968821,32.27294348,32.32881107,34.2601161,29.91737389,32.220798,36.01663554,29.6347415,28.42328789
Mali,MLI,,,,,,,,17.39216374,17.08132587,17.34084562,15.27731721,16.0058257,17.08612917,16.88687405,13.53295457,15.5218721,13.36337963,15.58858407,15.91783593,15.47452634,,,,,,12.84284932,16.63634227,20.15162433,18.50080202,21.33886863,19.09127106,17.11453195,20.81833292,15.46444522,20.67475278,21.1720845,19.3917498,20.66446268,19.80431638,17.89321376,17.17565756,20.48951646,15.74576558,20.81183597,21.50250391,22.51975759,23.28511822,23.47154007,25.20864901,24.96428217,25.84821028,24.41134205,21.20909941,24.24569137,26.02639026,24.89495503,27.31616771,25.54498341,24.49439785,26.50744332,20.41828461,23.63367053,23.15137657,22.30614874,20.85344107
Malta,MLT,,,,,,,,,,,30.02684193,26.64201153,22.88991544,20.27515715,24.88435567,21.56203669,25.22799608,23.82014913,21.51482521,23.37164517,22.57686505,24.83642783,28.93152305,27.48765096,26.51172779,25.78056083,23.39094667,25.23852987,26.40661631,27.15323175,30.62667752,28.9600176,25.27804404,27.37688378,28.09763205,27.02091392,27.20673002,25.09398496,26.03483437,23.59777004,27.32019804,21.05891597,17.51347422,23.00066977,23.58028609,26.79477272,20.90855263,22.52263712,22.2303375,21.23529388,21.86394448,17.50508278,19.27277142,17.09846755,15.90777367,23.45468237,21.94057759,19.15963899,19.65341129,20.96963121,22.20446623,23.97232024,25.14299356,19.83598094,18.80373415
Myanmar,MMR,,,,,,,,,,,,,,,,,,,,,,,,,,,,,,,,,,,,,,,,,,,,,,,,,,,,,,,,,,,,,,,,,
"Middle East, North Africa, Afghanistan & Pakistan (excluding high income)",MNA,19.99653249,20.27305234,18.97477905,17.80196245,18.79293045,19.90734771,18.87548963,19.37667075,20.41977962,20.34181393,22.35966426,20.64082444,22.40313929,23.86989151,24.38068047,31.27099722,32.99293524,34.47941451,30.41826102,25.06562958,31.79174689,33.93704405,29.35041639,28.34099542,27.44462632,24.29661238,23.30076951,21.1646032,20.93877591,19.29362276,33.54495107,29.40734462,28.27667624,23.41780438,22.07905157,24.97875369,26.8547339,23.0406109,23.85942626,24.29009337,23.02777549,24.73724506,24.28550476,25.60718721,27.39182407,25.65274573,26.41001761,27.0639052,29.02274434,29.10269478,28.60348516,26.80226929,26.3290487,26.56124976,26.66069892,25.0970704,24.5280657,25.89521725,25.93166546,25.9778735,25.0272027,25.28766162,25.27250024,25.23319807,25.61254833
Montenegro,MNE,,,,,,,,,,,,,,,,,,,,,,,,,,,,,,,,,,,,,,,,,22.38840423,23.43569272,18.76108628,15.41392518,16.63114309,17.72650488,23.92800797,34.7571406,41.17661275,26.94314346,21.76993303,19.32886157,20.5856588,19.60638588,20.22139308,20.09515908,26.1045756,30.22280757,31.91485118,31.97779231,31.18636892,26.65491585,30.30512399,27.59727527,28.53443156
Mongolia,MNG,,,,,,,,,,,,,,,,,,,,,,69.95587188,70.22934006,58.00629748,57.8003324,62.79199118,63.8526573,50.83144089,46.80279049,47.80109598,29.06732538,30.96435916,25.65486979,21.06595754,19.06659767,26.78499582,26.20102876,25.03468614,30.46552432,31.68812282,29.01074048,25.17394979,24.6417076,32.26278842,31.18315703,37.52855916,35.88518795,38.7051386,43.56614148,34.37094592,42.08695429,58.1507248,55.89861922,53.2757084,35.17529764,24.51384852,22.62940994,27.4062543,39.37792751,35.59184516,22.38359766,36.71902957,42.33210004,33.90037316,34.64401444
Northern Mariana Islands,MNP,,,,,,,,,,,,,,,,,,,,,,,,,,,,,,,,,,,,,,,,,,,,,,,,,,,,,,,,,,,,,,,,,
Mozambique,MOZ,,,,,,,,,,,,,,,,,,,,,,,,,,,,,,,,31.60113657,34.85777915,34.0763949,30.1617062,39.08484252,25.52178575,25.17812645,27.69545482,44.30287109,41.13066992,33.50036556,40.59308746,33.42661916,28.59782867,25.36985736,23.93494867,22.35049151,22.03024593,19.7560524,23.19552126,29.40608395,50.59042959,56.39581089,53.64317476,42.2457875,46.28039587,32.20430684,45.98076582,40.84611993,44.82667647,40.36931378,43.2043468,19.88240889,24.12994884
Mauritania,MRT,,24.73101678,30.19061578,18.40759183,8.167179256,7.062882718,6.966356832,10.87662182,13.95173036,11.39034348,11.16953352,11.58646789,15.41668929,4.380306706,8.159542749,17.48889824,21.50250821,19.83054595,15.7171864,12.94302927,18.37399338,21.24637849,23.90598528,18.4431862,17.08181127,19.68572457,20.80849919,19.78892506,19.55921648,12.98624487,13.95127958,14.63385128,14.44435021,10.01059017,34.30771715,14.23857208,12.31539317,10.57883538,9.762306469,11.14074592,11.29580112,12.50854692,9.543800129,21.47532956,35.25382323,48.90534012,26.00065679,28.14386093,33.01992763,26.43301718,32.25108313,38.65356581,49.16682252,47.55744245,41.79671959,38.46147699,31.27764187,37.89880238,46.44971302,40.52229209,38.65932317,40.61598567,49.06812153,42.3996326,
Mauritius,MUS,,,,,,,,,,,,,,,,,30.39433824,29.55430063,30.32042923,30.80254811,20.4558663,24.91674622,17.92496729,17.23252507,21.74757785,23.15674281,21.63760261,25.25243467,30.60628637,30.70398662,29.80909287,27.8468259,28.68072048,30.13382862,31.35708907,25.24064846,24.35083085,28.99834603,25.43613416,26.34981497,25.63662289,20.45539757,21.75895126,23.3646605,24.06880564,22.36689173,25.57320411,25.98516522,25.34599337,23.76574946,27.10508285,23.94638391,24.38056833,21.52745945,19.06876716,17.49244541,17.27291006,17.66798277,18.87282595,19.43593929,18.21491109,19.79315256,20.45639057,19.88228512,21.18936396
Malawi,MWI,,,,,,,,,,,,,,,,,,,,,,,,,,,,,,,,,,,,,,,,,,,,,,,,,,,,,,,,,,,,,,,,,
Malaysia,MYS,11.84793727,13.55204397,16.45177085,19.02654867,18.76145108,18.38674033,18.10246285,16.3798402,16.37076999,13.59422357,17.50781976,20.74874566,21.52601969,23.63937403,28.48893167,23.3790077,21.84440093,23.84662956,26.66948213,28.91392383,30.42132513,34.98689532,37.31369511,37.57026858,33.56002514,27.5809991,25.98541777,23.08195104,26.36137274,29.870858,32.36032616,37.79047394,35.3625516,39.1837114,41.20208123,43.63990237,41.47919852,42.97308327,26.6749752,22.38200051,26.86748915,24.39821997,24.77734315,22.76338506,23.0495646,22.39641781,22.70352422,23.40953497,21.45830438,17.83569496,23.3865411,23.18825797,25.74862137,25.9371067,24.97760843,25.42426328,25.995512,25.54734345,23.89741996,21.04824039,19.65800823,22.1257084,23.6101151,22.47024481,21.85258326
North America,NAC,22.55620229,22.49312884,23.09110955,23.13590872,23.18529449,24.05223093,24.49184482,23.36160299,22.99655315,22.98458358,21.47107881,22.01488088,22.62747032,23.41835151,22.99464909,20.70682582,22.34696512,23.59856346,24.71983044,25.11603997,23.35175261,24.36742614,21.88671321,22.07935245,24.76125529,23.98294167,23.58396339,23.50270349,22.88850741,22.6146127,21.50939454,20.0416195,19.93623163,20.24477631,21.1498388,21.13412776,21.49998804,22.3241364,22.83207854,23.23797757,23.46976952,22.01200062,21.59220067,21.65142953,22.55222993,23.3126809,23.53944837,22.67849942,21.32291942,18.1294496,19.13654273,19.55868796,20.44455574,20.82235326,21.26738064,21.60061541,21.02593202,21.33898355,21.70578459,21.77036607,21.50641331,21.56464725,22.20877301,21.70914608,21.84953534
Namibia,NAM,,,,,,,,,,,,,,,,,,,,,23.91904859,23.04692369,18.24150768,17.08270798,13.19597803,9.91591093,8.135859453,12.82510786,15.0198559,14.82508571,27.05753653,15.42148665,18.45096002,15.2887662,19.06764533,19.34800504,20.4759779,17.71963207,22.34970266,20.51071826,17.04146597,22.25254245,18.58844868,19.38828244,19.06046146,19.66981339,22.21202147,24.06133371,27.47392346,26.11592517,23.77999896,22.05400887,26.72266896,29.39541976,34.77655097,30.55643969,22.02994283,17.76649562,14.9163471,15.32911271,13.92920342,17.51265684,19.97420564,28.01249833,25.6134844
New Caledonia,NCL,,,,,,,,,,,,,,,,,,,,,,17.06555676,18.13253347,16.7307576,14.54671925,14.03508628,20.88828249,,,,31.3999986,,,,,,,,21.26648557,22.3639044,22.93979677,22.91938446,24.4979752,29.42880374,26.60267717,29.84674144,33.87309807,37.5729019,41.30290521,34.04040472,42.44388211,41.66504212,40.91708596,39.34408795,35.60319695,34.72253256,29.23584472,27.79173714,,,,,,,
Niger,NER,6.695547037,6.908799258,9.876606466,12.31646223,10.79939294,7.970064434,7.842110811,8.668275471,9.71582791,6.22264169,9.849693719,7.778458623,11.06927833,14.93725677,15.05518345,14.31416965,14.20970922,19.68237006,22.9935619,25.83281469,28.11320797,20.29157548,20.58823621,12.54548037,3.148002948,12.74721907,11.60145542,11.65251141,19.0518244,13.67754897,11.28478681,12.09037478,8.501262155,6.531343933,12.98262195,12.03334627,14.6672771,13.63018468,14.62662941,11.19952693,13.14220964,13.79242825,14.62602192,13.93030023,12.49715251,19.33543003,19.8084879,18.91377332,26.44355253,28.47227196,32.64046052,31.61312883,29.31424369,29.71248147,31.11008199,32.35682287,27.52106963,26.01525214,28.91877222,30.67232094,28.48973231,27.56041612,29.62081076,21.684407,18.68038145
Nigeria,NGA,,,,,,,,,,,,,,,,,,,,,,,,,,,,,,,,,,,,,,,,,,,,,,,,,,,,,,,,,,,,,,,,,
Nicaragua,NIC,14.88343555,14.84132906,17.22341104,17.3864797,19.62446358,20.9188562,22.98961526,20.99256529,17.73653946,18.96940279,18.59421363,17.71517473,12.84808284,23.98171053,31.49732766,21.41920522,17.32108814,25.62536029,12.33952848,-5.739737945,16.77885309,23.59401806,18.77746918,22.48170603,22.22851493,23.13860585,16.89278248,15.79869303,26.75106121,27.46168175,19.27580248,20.77637902,20.92481035,19.46602168,17.53131976,18.92908425,22.17680296,26.28560012,25.82443338,33.00268271,26.65475319,24.30690783,22.43231223,22.25050899,24.11100278,25.88521373,28.25261539,31.30405493,33.6019905,23.20045583,24.83986814,30.98264543,31.01167706,30.90475212,28.87934549,33.4766376,31.2003869,29.91543053,24.07461372,17.83107663,20.33663661,23.7920651,21.75268444,22.15112274,24.69405284
Netherlands,NLD,,,,,,,,,,27.96940974,29.30033133,27.94281756,25.36812733,25.38343976,24.25551911,22.6144833,22.52327259,23.44768976,23.29180438,22.42447473,23.28065522,20.40666444,19.40729696,20.25505486,20.83661682,21.16565283,22.39703177,22.30738983,23.65891248,24.41111024,23.90127116,23.00459235,22.99581185,20.96939253,21.21246767,21.42216512,22.23399942,22.55396851,22.74268753,22.97122646,22.45887247,22.60441752,20.96575668,20.431112,20.23541452,20.39134224,20.93527213,23.22861387,22.20593,20.57673052,20.03710604,19.91164809,18.58265779,18.36073603,17.70663413,22.16998605,19.77644323,20.21519296,20.48044325,21.75803569,21.35197798,22.19381975,22.86329516,19.95974144,19.28799108
Norway,NOR,,,,,,,,,,,32.90724353,34.14579628,31.15195607,33.20069577,36.49844726,37.44682832,38.88761415,38.10642265,30.1533087,28.82664912,28.54131124,27.98722237,28.94775243,26.57558984,27.73186228,27.70473789,33.12459616,31.69857326,30.64130441,27.64621047,24.7645897,22.31260608,21.63553247,22.15580763,23.01887339,24.20566938,22.90086397,25.19897664,28.25185209,24.57908364,21.81803845,20.55022378,20.33021235,19.42848171,21.50948229,22.42231867,23.92929747,27.0747411,25.78314999,24.29569556,24.98868675,25.44598102,25.87203436,27.32761982,27.20999211,26.91884149,27.72642156,27.5528324,27.72684304,29.6114444,31.35211573,25.08805067,21.17776241,24.2545661,24.01529495
Nepal,NPL,,,,,,6.444127212,4.834273995,4.988308574,5.687996496,4.846587412,5.964872263,7.75341205,7.329539692,9.178452837,8.760150248,14.49520203,15.13165468,16.02430498,18.27995111,15.81814037,18.28615598,17.60720707,17.14857376,19.63270053,18.66209766,22.55613274,20.26415907,21.18877615,22.29214886,21.50690609,18.12582192,20.2534713,20.70466177,22.57089514,22.40354892,25.19949812,27.20508772,25.34071505,24.83936911,20.48351636,24.31486635,22.34304622,20.24621117,21.40937893,24.53114957,26.4511581,26.85190281,28.68525075,30.315647,31.67437709,38.27120645,27.81024448,28.60270524,29.67660902,30.98608823,31.27743482,28.2409992,37.32505401,39.54780034,41.37874091,30.44028151,35.16359746,37.64384825,31.14930015,30.39939102
Nauru,NRU,,,,,,,,,,,,,,,,,,,,,,,,,,,,,,,,,,,,,,,,,,,,,,,,,,,,,,,,,,,,,,,,,
New Zealand,NZL,,,,,,,,,,,24.31662059,24.44930708,23.90752033,27.21443321,35.0049456,27.67825782,27.32741335,25.25091095,22.1714608,23.65674526,21.52702815,25.26595745,26.47838929,26.85122604,29.01759004,27.03061203,25.1082774,22.63138529,21.09015213,23.37088342,20.47105495,17.54446009,18.66598583,21.22494827,22.5816777,23.65331061,23.14517166,22.92897009,20.81141295,23.2325641,22.03456304,22.95201691,22.74653982,24.12838577,25.28160767,25.42086819,23.75933118,24.7759451,22.90390379,19.92647776,20.37565733,20.64894265,21.27602948,22.17738127,23.05972822,23.19530146,23.16572611,23.70401683,23.9860432,23.76769548,23.11174293,25.11209389,26.26301385,23.82113156,
OECD members,OED,,,,,,,,,,,26.5700054,26.16578551,26.45530523,27.86521583,27.90833582,24.83670765,25.76288813,25.949205,26.25287784,26.95910601,26.28073791,25.60720802,24.15306971,23.80367572,25.08370195,24.71842306,24.77972491,25.08270535,25.95442838,26.26270063,25.81073227,24.97127287,24.19940931,23.59335919,23.97641684,24.15026867,24.06167138,23.94533522,23.8038537,23.83701397,24.27189511,23.1269359,22.34362437,22.3210351,22.79899698,23.3117491,23.82065692,23.76848431,23.19269819,20.09444495,20.92384287,21.62042494,21.51432009,21.48816811,21.8066632,22.07114351,21.8966589,22.30382303,22.60608038,22.71491091,22.47346257,22.79854662,23.46818565,22.57625552,22.40339915
Oman,OMN,,,,,,,,31.18556701,12.5794155,9.3,13.76404494,28.45723421,29.82954545,26.21015348,30.62445031,35.62552273,35.85887142,30.61890255,28.89591876,26.01007367,22.29321427,22.95696873,26.59615519,26.48271931,29.97144311,27.5789238,32.11209093,18.78870676,15.85052566,12.32655955,10.84059557,13.18676894,14.35748863,15.39403465,13.82113821,13.15092966,12.02343411,15.49096781,38.14394553,27.64303528,22.58377343,24.05570326,25.9564536,29.37929149,33.68402724,28.41185433,33.60006353,39.7555394,42.00462744,34.06090394,29.38655462,27.66177369,30.2100349,32.35647939,28.62176933,36.3715665,36.08647488,33.84336784,31.67519327,26.86491787,27.62066933,27.85590898,27.3208739,26.73435355,
Other small states,OSS,,,,,,,,,,,,,,,,,,,,,,,,,,,,,,,,,,24.24093511,24.62809717,25.23550538,26.30200191,26.17966834,25.89871824,23.45302059,24.85540621,23.42332059,25.58469909,24.67754045,25.87419196,26.5053169,29.59310599,29.9583213,28.85263885,23.31673013,23.71591149,23.58764524,25.09539258,23.93580153,21.22405138,22.21600981,23.68961706,24.46701463,25.32352106,24.35398701,24.71263107,24.00735082,24.42212143,23.96092244,23.22008927
Pakistan,PAK,13.53198163,14.12838423,15.53227771,18.40649374,21.01186153,22.72357004,18.87722443,18.97259889,16.06172968,15.15393359,15.79233943,15.5381859,14.01605912,12.81188882,13.18244762,16.38559852,17.46647848,18.31142987,16.99048397,17.11258754,17.66853561,18.76626551,19.26431165,18.78826632,18.27075621,18.32547225,18.76365318,19.13432632,18.01421107,18.91145769,18.93537303,18.89643347,20.13348357,20.68500308,19.39740525,18.54552334,18.99665735,17.91919654,17.71119965,15.56494244,16.31067792,15.99690874,14.96241043,15.31486559,15.65077071,16.26644379,18.28221416,17.53593622,17.99642261,17.57773743,15.96155243,14.63162752,15.16898694,14.98238045,14.90755421,15.81093055,15.93574685,16.33289108,17.06829084,15.49964497,14.81553999,14.53469215,15.56054259,14.02398254,12.93599066
Panama,PAN,21.31397526,24.91922308,25.60920835,25.65201661,22.23515807,22.93768585,28.57873267,27.49106611,29.11986805,30.7357036,34.43437426,37.57122106,39.35825834,41.52845861,41.58313941,38.12491836,39.12379941,29.33532034,32.86736445,34.70514488,35.31144974,35.6288534,33.81247623,22.47101539,18.62681539,19.12100941,21.65171078,23.09451666,9.440432797,7.731792431,21.14068661,24.10735871,29.75866457,31.06119526,33.68337304,38.04409522,26.73539242,27.03859795,29.82370245,29.07713434,28.40604314,22.37761583,21.20125714,25.48349552,27.1054925,27.03433905,28.60537817,35.38651422,41.39047642,30.85654962,37.34120258,37.61851784,42.50402238,43.07053091,43.57467748,42.26636862,40.26233412,41.48457484,41.19909096,38.06746593,23.95460773,31.29893429,35.95041002,37.73017494,
Peru,PER,46.23941678,45.24515661,45.2358935,40.83064529,38.26155531,38.04407916,39.7750006,38.84116007,28.74355909,27.779647,17.13131428,19.7833041,16.79258849,22.49450516,28.5784771,27.27403165,24.23564005,21.23940845,21.41548737,23.96636851,30.34008913,34.77178755,35.09903169,26.5259065,23.44461433,20.92489521,22.41772758,22.50343953,26.43178042,23.17376721,16.16440551,17.39809243,17.78473112,19.07140457,22.24713174,24.73911344,22.5867587,23.78941932,23.20495,20.66125433,19.62798476,18.15950517,17.96814589,17.51028937,16.85568254,17.28381768,19.65060237,22.03238732,26.17834594,19.97867798,23.76050904,24.2008756,24.60605631,25.57418187,24.66612051,24.30511436,22.02131339,20.71181371,21.31117514,20.83363955,18.19125889,22.31484001,22.36639377,19.18440898,19.41970235
Philippines,PHL,,,,,,,,,,,,,,,,,,,,,,26.4011131,26.68617899,28.23263453,19.83106317,14.16584384,15.05236859,17.16002966,18.30049435,21.00958921,23.33171058,19.71709251,20.74833124,23.1855368,23.31145265,21.79429508,23.2823367,24.06448803,19.98891564,16.20065404,15.68436416,18.94517588,20.45913714,19.52873561,20.73100745,18.56653007,16.01533777,16.12864711,18.96714692,17.4317212,20.44177114,20.73993657,19.56072797,20.64222411,20.92397044,21.34094787,24.6185031,25.55877386,27.15058204,26.40180846,17.43337903,21.14073715,24.68586168,23.40615162,23.6846446
Palau,PLW,,,,,,,,,,,,,,,,,,,,,,,,,,,,,,,,,,,,,,,,,,,,,,57.56907674,48.73623823,44.07208233,37.70404037,29.31115064,29.31925348,33.23925362,30.61650223,26.1488016,32.77358409,29.69506299,29.99948043,33.66456583,28.57659239,34.24741152,41.82627337,37.01719046,38.41820001,,
Papua New Guinea,PNG,13.41107872,13.12900274,13.20754717,16.07142857,19.11225238,21.60754963,22.40045832,21.93204312,21.72206331,29.0532422,41.60304622,42.75567953,27.83434437,15.48048541,17.42150054,20.04245875,18.6467561,21.60184829,22.62292708,23.47789272,25.20929688,27.248394,32.15755774,29.43756826,26.99568265,19.83004332,19.73720017,20.50590409,27.20734362,23.22290442,24.44249724,27.40459286,23.30333886,17.63473115,21.3665642,21.93918511,22.74551636,21.05757952,17.90668538,16.36833669,21.89201709,22.95188673,21.19198318,19.92146918,20.0013065,,,,,,,,,,,,,,,,,,,,
Poland,POL,,,,,,,,,,,,,,,,,,,,,,,,,,,,,,,,,,,,19.86252133,21.85816296,23.77831899,25.21816355,25.50018237,24.69996767,20.64089749,18.54447936,18.91115422,20.48906532,20.10736006,21.9561663,25.41864591,24.7561451,20.75791411,20.85866889,22.34504631,20.80195187,19.128045,20.82727892,20.80169588,20.08730091,19.90814468,21.44388097,20.70767945,18.83940516,21.81067346,22.05946757,17.66845061,17.65463549
Pre-demographic dividend,PRE,,,,,,,,,,,,,,,,,,,,,,,,,,,,,,,,,,,,,,,,,,,,,,,,,,,,,,,,,,,,,,,,,
Puerto Rico (US),PRI,23.46474378,,,24.25437093,25.71484147,29.32500434,26.90427377,26.86330569,27.17101758,27.7310736,28.64122986,30.23836509,29.97677321,25.60265052,23.41245055,27.05316956,22.00677921,15.09751889,16.61173309,16.40078431,17.13620715,14.33907632,9.036518295,10.10731278,13.75335289,12.32478363,10.2620256,13.63034738,15.35409197,16.99785521,16.95436457,15.59759397,15.45346102,16.04904072,16.3290429,16.86928544,17.4552189,18.56583883,16.91756153,20.70019536,19.714561,17.56905376,16.19384001,15.52781869,15.31736767,14.59642599,13.99146271,13.39057278,12.14615872,10.43091499,9.160379056,10.06968492,10.33448596,9.529526598,8.941215745,8.598555751,8.075298529,7.794053848,15.33131071,15.34866599,10.88102596,11.36792869,14.81531257,14.38682154,14.77986197
"Korea, Dem. People's Rep.",PRK,,,,,,,,,,,,,,,,,,,,,,,,,,,,,,,,,,,,,,,,,,,,,,,,,,,,,,,,,,,,,,,,,
Portugal,PRT,,,,,,,,,,,28.06520223,26.10982722,28.73818477,31.26460249,29.65130114,19.45083143,24.77800633,30.12073627,31.61934045,30.59665626,34.02254932,35.84753384,35.37789882,29.32033609,23.05838425,21.40328846,23.17210649,27.37850175,30.47077802,28.29347602,27.72113145,25.73868047,24.94600222,22.14545343,22.95076839,24.19337764,24.40835152,26.52434415,28.31676211,29.02782076,28.7766388,28.15749178,25.9043295,23.11470536,23.82432384,23.35861393,22.92567333,23.09988624,23.57949316,20.84250748,21.19945268,18.6613799,15.75366081,14.68352993,15.34440395,15.93798887,16.02836246,17.4462865,18.5247215,18.76826598,19.41857918,20.93476742,21.37351789,20.47809288,20.08458137
Paraguay,PRY,,,12.53520507,11.16555032,11.85571018,15.08265941,15.80866069,16.53591507,15.86225929,16.0358381,14.72751298,14.56362855,15.05691493,19.02309526,20.99251861,24.09853024,24.6257048,24.68476397,27.19552802,28.5639956,28.7628533,28.82547916,25.63171605,21.22673136,22.30123562,20.77350704,22.90255789,22.44108099,20.31823667,18.84090932,17.80891327,19.10888215,18.49306454,19.66861796,24.41356539,22.02083114,22.12943637,22.91823647,20.11206814,18.97058345,17.33924481,17.96778381,18.0997007,20.6270244,20.06819025,20.90318441,21.95038425,21.32456811,22.24829434,18.91596997,23.83495844,24.66157001,21.26421133,22.01698325,22.65880641,21.87868241,19.80617396,20.6000429,22.7820848,21.68531162,20.04146035,23.99812737,27.68643514,20.15838497,22.83571996
West Bank and Gaza,PSE,,,,,,,,,,,,,,,,,,,,,,,,,,,,,,,,,,,40.2630746,38.05897405,36.46175504,35.04175754,34.46826294,42.87553849,31.50268917,29.57764068,26.16851341,28.80544355,25.01575026,24.21718009,21.59751697,20.7180563,18.76641497,18.61063359,19.84713113,16.66174985,19.48248747,22.69394399,22.52871756,25.08803069,25.25283342,27.57254464,28.32655469,26.80129571,24.30384311,25.45143299,26.52317967,25.59740922,23.47003523
Pacific island small states,PSS,,,,,,,,,,,,,,,,,,,,,,,,22.92920604,20.95108149,21.3559931,22.18832969,19.6318073,15.76188038,16.54865421,17.52232592,17.92393119,15.58574191,19.35081177,17.23561887,17.46164065,19.19390104,19.42378467,24.73330988,25.23877733,20.27982891,20.13152838,22.69650869,26.88006624,28.78742794,22.68255709,22.46041469,21.07051314,25.80191123,22.99900146,21.78782136,23.97268926,21.68681339,23.72952424,22.30703064,24.68266242,23.24657077,23.81660553,22.89416569,23.56136146,21.33676127,25.69809207,24.17960136,25.47770746,
Post-demographic dividend,PST,,,,,,,,,,,26.71194059,26.33617953,26.62416888,28.08645279,28.04295356,24.89478803,25.8902625,26.0572483,26.40388037,27.13471307,26.40057832,25.70565547,24.31616586,23.96992258,25.29801505,24.89868854,24.91899761,25.16524361,26.00971024,26.32300374,25.85375778,25.04024437,24.30165604,23.66768847,24.06311063,24.28932441,24.18137877,24.07887978,23.82813713,23.91662323,24.38995665,23.27603771,22.41553492,22.33183988,22.77103489,23.25628925,23.71786206,23.63823447,23.06398788,19.99990456,20.79099577,21.36401032,21.31186915,21.32404878,21.64361472,21.84827598,21.62220663,22.05374134,22.41390618,22.39494844,22.19665642,22.60461034,23.18028603,22.3454652,22.36656505
French Polynesia,PYF,,,,,,,,,,,,,,,,,,,,,,,,,,,,,,,,,,,,,,,,,,,,,,24.85554309,21.96805473,22.31990232,23.96722903,20.88322118,21.1616841,18.19441546,18.23944927,19.30286497,18.95606036,19.97060117,18.36579382,19.67412913,27.45985863,25.49851381,21.09592749,21.45120375,21.76367618,21.71368231,
Qatar,QAT,,,,,,,,,,,,,,,,,,,,,,,,,,,,,,,,,,,24.52408413,35.08540963,35.76540592,35.43186486,31.97428179,18.88231252,20.15128546,29.11967419,32.64712559,34.86569464,31.51101184,34.30788878,41.88871491,46.01657063,41.11796712,42.96404915,31.27686965,29.03183655,27.14440104,27.82790493,31.79007275,37.06717623,48.86907022,42.61136155,40.65910026,43.73540583,43.84920403,36.80156209,30.64323448,,
Romania,ROU,,,,,,,,,,,,,,,,,,,,,,,,,,,,,,,30.24828069,28.0457371,31.40549327,28.92771938,24.80913473,23.3161643,23.09509383,21.29874,18.38293112,15.64930777,19.66958111,22.75601109,22.17269811,23.19531924,24.2165645,22.93068546,27.46696985,31.33701879,33.09368444,27.20266873,27.18907942,27.8097014,26.72222663,25.25149058,25.22571965,25.49601529,23.66468735,23.98673776,22.88482706,24.25253748,24.19595983,26.28417304,26.96666307,25.77361684,24.29991641
Russian Federation,RUS,,,,,,,,,,,,,,,,,,,,,,,,,,,,,27.26932435,33.83944154,30.13039429,36.26742939,34.61336139,27.00717159,25.53745395,25.4388784,23.66740011,21.97638947,14.96412223,14.83030005,18.69376019,21.94981733,20.02954619,20.85895848,20.90127508,20.07749692,21.1715918,24.16451403,25.50121971,18.92637574,22.61505055,24.26073793,24.55369335,23.27168199,22.39086423,22.14872532,23.09542247,23.60675586,21.91808915,22.66151377,23.45582915,23.00933922,23.20287103,27.00761363,26.29885647
Rwanda,RWA,6.050418948,6.557376189,7.999999488,7.8125,8.307692691,9.81183062,9.664097803,7.307595064,8.188152454,6.624270031,7.048658289,9.131804033,9.559471262,9.426229895,10.4602505,13.73886825,13.81930251,15.06351976,16.60703036,12.03077868,16.14038306,13.29908654,17.77822041,13.53058234,15.8065743,17.30935063,15.87481472,15.66461158,14.49243684,13.42601509,14.64998322,14.02174997,15.63409604,16.74702088,9.982509017,13.40913299,14.37042637,13.80977944,14.80766112,11.97341392,12.29117235,12.78442892,12.61610215,13.16898985,14.35720062,15.14713958,15.02508989,16.7899323,21.34469992,21.01519402,20.53250116,20.90139699,23.30414455,24.43115374,23.22903203,24.24097809,25.89584536,23.8350248,22.32219332,27.0287152,23.73465633,26.73491561,25.74182638,23.58552154,25.91414983
South Asia,SAS,16.92961006,18.22510284,17.62419066,18.36243324,19.11065021,19.38885884,17.27336616,17.387972,17.48897627,17.28636846,17.64038907,18.18986545,18.57064071,18.01419284,20.98606582,17.62453987,18.85782462,20.61265239,22.08596059,22.94115322,19.80212583,25.29313935,25.07241295,21.33336987,23.26769047,26.00781744,25.73418007,25.4713871,25.88138825,26.33208419,26.74684553,24.71880812,26.87763343,22.79983171,26.13369973,28.68704644,23.12576684,25.78983584,25.20737334,30.58120244,26.10537939,29.6730585,30.04504925,30.62416299,34.64885563,36.94714938,38.4950808,41.40575623,37.94143305,38.66438316,39.18956935,38.88516636,37.73078209,33.62635431,33.8859733,31.94495945,30.40679002,31.3448895,32.58270156,30.57988644,29.34010169,32.13258957,33.37286154,32.92357901,32.2839527
Saudi Arabia,SAU,,,,,,,,,27.62963164,24.45070963,22.39854533,23.96314794,20.15927701,-13.4051693,30.9305528,17.39804291,30.7665752,30.59830759,36.28784297,26.28199331,22.90945429,21.15896414,25.85345704,34.35046427,32.82893457,21.45313272,19.45935035,17.71813879,19.68842941,19.44491899,15.68401339,19.98562127,22.96364975,25.05497374,20.35714991,20.28612943,18.57130115,18.77757291,22.9493394,21.51362297,19.316965,19.62315138,19.69334282,19.49241238,19.86461682,20.1748335,22.21516113,26.47291842,27.29579456,31.71528236,30.92623202,26.76579387,26.45783867,26.29495625,28.53283258,32.43393849,28.11705209,25.47572658,22.37270568,25.55228423,23.3158218,26.34264673,26.51599085,29.20163985,30.13109771
Sudan,SDN,10.68332483,14.58431188,15.02702703,13.39001063,13.32230037,,,,,,,,,,,,19.74878212,15.56755515,13.77028877,14.24063771,10.72410018,14.80889865,17.1957672,16.0759683,13.25293221,10.64195726,11.37512138,12.10033076,9.199632015,8.044718253,10.43693088,10.51298826,12.36986103,15.19929237,10.65530072,5.53916709,12.006718,8.9745862,10.22639508,10.34376592,24.88803086,20.53100776,21.56635179,22.07481444,23.61173192,21.2067763,22.88917699,21.30612613,20.66890797,22.3259083,20.39853923,23.26243402,19.72413162,17.1950467,15.04153415,12.80813353,9.305915263,10.76863444,9.989350238,14.30500784,5.786535233,3.465809203,2.178264293,2.172798462,2.873010643
Senegal,SEN,,,,,,5.701572345,8.523976696,9.925955047,7.348594956,8.169258401,9.543292316,10.1853891,10.33561433,10.74447547,12.18611227,11.17995944,10.33195022,9.948248024,10.47557685,11.27638386,11.9962959,12.73374508,16.8371747,16.98009996,16.47087703,15.26861668,11.07970028,12.41890437,13.87614722,13.6351201,14.59725848,14.69274051,15.33941511,14.6596389,17.1399921,15.29954197,16.39047513,15.8480599,18.74498021,22.01059636,22.37322729,25.57021351,23.11500213,23.92627125,23.63366968,24.57287925,22.41682526,24.61841488,26.22670833,20.39748837,20.08694666,21.00034001,24.62409725,24.06634851,25.88078677,25.83330875,25.36167303,29.81557434,32.64794094,31.96566034,35.63296509,38.3530133,45.30646436,41.92687911,32.88797236
Singapore,SGP,11.33308612,11.52646644,15.46672993,17.34069064,19.8085635,21.70867408,21.73161721,21.9319771,24.63568875,28.28803653,38.17631351,40.08860157,40.86457969,38.91261688,44.49865174,38.8077531,39.59635816,35.24142064,37.86032916,42.11681456,45.02814114,44.78321033,46.27029063,46.45068054,46.92765945,41.09923941,36.55811428,36.51939099,33.4082568,34.06069305,35.65311389,33.97994469,35.51569591,37.20204936,32.91205931,33.8813128,35.04012456,38.16979721,31.49003763,32.69147536,35.174036,27.6094318,25.07361279,17.22452487,22.89246167,21.50693625,22.37926344,23.06595291,30.15967637,27.37011521,27.65822752,26.69199435,29.26294267,29.97950219,29.43000828,25.35319302,26.39717776,27.27651047,24.77485368,24.5014074,22.80539556,24.01922349,22.21392569,21.24379777,22.20025782
Solomon Islands,SLB,,,,,,,,,,,,,,,,,,,,,3.295205282,3.558821594,3.736762745,3.843527331,3.459174708,3.671912587,6.612719505,11.26242925,8.978307365,11.350417,7.545378213,9.551322575,7.870415388,9.074797296,6.863362076,5.253688746,5.711354722,6.591147108,7.2156493,6.903468629,7.629120287,7.911612026,5.945709852,9.035250399,9.919224071,12.60389142,11.64573132,13.10051876,13.37822111,12.79127111,17.94422201,15.01937389,14.61772297,14.64658836,12.63717856,15.94520707,17.21662836,19.56127941,19.13817126,22.69533021,16.72346834,16.95016437,23.36294963,,
Sierra Leone,SLE,,,,,,,,,,,,,,,,,,,,,16.20943315,19.09147191,13.38111561,14.27962262,12.70562374,10.92325315,10.63640974,10.18600926,5.894184693,8.325568209,13.00591548,10.90886991,8.369774228,7.748114261,8.663770457,5.572866056,11.03600435,-2.4243579,5.313475256,0.292869776,1.096810372,10.9930816,11.80615203,11.32988283,10.42983543,11.40960856,10.54685984,10.1591673,10.37940579,11.20886159,34.43355579,46.54541573,29.40980518,17.65178992,15.98229099,18.06132495,17.66189665,19.13998463,15.61725705,16.01953954,15.32841962,14.08687799,14.86989363,19.71759418,29.49561203
El Salvador,SLV,,,,,,15.18023971,16.57629744,14.7715632,11.53937455,13.11225462,13.24718427,15.59370047,14.16453012,18.27888402,22.62587942,22.12173205,19.61963253,23.41550892,26.07450223,18.08502091,13.27379191,14.24415139,13.22141213,12.05513897,11.96044967,10.84582427,13.25116993,12.36145373,12.79174821,15.32755718,13.81290212,15.45548516,18.83297265,18.95762973,20.35812247,20.94422192,15.35496418,15.08320348,18.65105575,17.30148455,17.66906046,17.71407,17.06467014,18.42922732,18.14074101,18.60470812,20.07545052,20.80003527,20.17258125,14.05461543,16.6715814,17.7899287,17.70954566,17.01940252,16.39721566,16.01698762,15.96751412,16.67700194,18.37153667,18.3447949,17.2116179,23.35491273,24.471574,20.68468249,20.34423339
San Marino,SMR,,,,,,,,,,,,,,,,,,,,,,,,,,,,,,,,,,,,,,,,,,,,,,,,,,,,,,,,12.08620405,15.76919793,19.11935375,20.6091867,24.02447315,18.05086818,22.23494798,23.02595754,,
Somalia,SOM,9.666397038,9.634757499,9.678076889,9.605534078,9.978641098,11.18961477,11.45017406,12.02287147,12.17285156,12.35251954,10.87894592,11.39905181,12.63480402,15.04101024,21.94836969,21.15240769,27.69314569,21.4244186,28.70948091,23.01613801,42.47160611,27.55713254,29.27415006,22.37467401,24.2269455,29.82426453,25.57699425,33.00098524,23.59743161,28.01804631,13.78302859,,,,,,,,,,,,,,,,,,,,,,15.73603308,14.36956002,13.41040635,13.14808121,12.8456369,13.82510705,16.11025468,16.07953816,16.00201422,17.98137146,23.64612665,22.37842034,22.71492759
Serbia,SRB,,,,,,,,,,,,,,,,,,,,,,,,,,,,,,,,,,,,13.170774,13.26530122,13.74605937,8.670463439,7.70935559,9.063631079,14.7411021,17.37765276,18.38795526,24.85956612,21.79438571,21.72889941,24.89893906,25.91339626,18.55457652,17.32418419,18.1499404,18.81037838,17.12355752,16.47785323,18.51430984,18.16692412,19.71839691,22.49926049,24.92662502,24.09749362,24.94509296,26.38971087,24.61550511,25.56432578
Sub-Saharan Africa (excluding high income),SSA,,,,,,,,,,,,,,,,,,,,,,,,,21.00498234,17.87132483,21.70654995,21.2727703,23.57909396,24.39606888,23.02781057,22.35972445,22.04587581,20.62329833,22.13745463,19.68989548,17.59608447,16.75282583,17.19516414,22.89456323,22.58909064,21.81751464,20.28049419,21.9301142,22.79786805,22.0166092,21.63375046,22.82545979,24.33449705,25.0494039,23.36616047,23.84526093,23.64764037,23.9760167,23.68959451,23.44625521,22.56647327,22.8254598,22.50001896,21.84893661,21.20706294,21.95538323,23.4578723,24.40232211,26.37106053
South Sudan,SSD,,,,,,,,,,,,,,,,,,,,,,,,,,,,,,,,,,,,,,,,,,,,,,,,,13.76998753,13.65213098,10.28965508,9.488777068,7.074252837,11.36777383,7.99450883,5.750756372,,,,,,,,,
Sub-Saharan Africa,SSF,,,,,,,,,,,,,,,,,,,,,,,,,,,,,,,22.76877354,22.07880944,21.8759952,20.59085067,22.22579682,19.82504383,17.73505924,16.89008078,17.36915913,23.01886793,22.66595776,21.92141903,20.40225317,22.06365862,22.96964137,22.18577001,21.79593945,22.94626742,24.36255989,24.93970862,23.41311421,23.91474379,24.04825357,24.27925008,24.24290975,24.44319471,23.74659984,24.07942218,23.4149424,23.02655323,22.31027698,22.67138836,23.8919469,24.6603372,26.3414355
Small states,SST,,,,,,,,,,,,,,,,,,,,,,,,,,,,,,,,,,22.79926715,22.80771791,23.96617389,24.85994607,25.13140867,25.29620361,23.1186664,23.8138709,23.76088903,24.3722572,24.46147085,24.1957188,24.07062935,27.32155929,28.78809259,27.63365912,24.80110952,23.49201943,23.57451204,24.14045419,23.430516,21.29730829,22.62513602,23.0235485,24.04896897,24.92789455,23.9016129,24.07901501,23.72644473,23.03755971,22.93831694,21.98249183
Sao Tome and Principe,STP,,,,,,,,,,,,,,,,,,,,,,,,,,,,,,,,,,,,,,,,,,,,,,,,,,,,,,,,,,,,,,,,,
Suriname,SUR,,,,,,,,,,,,,,,,,,,,,,,,,,,,,,,,,,,,,,,,,,,,,,,40.16097696,46.18533681,44.30810476,50.18800526,36.2044526,,,,,,,,,,,,,,
Slovak Republic,SVK,,,,,,,,,,,,,,,,,,,,,,,,,,,,,,,29.87541844,28.10670387,25.98166641,23.87414577,20.30900502,24.05441419,34.50702234,35.40880968,35.03709471,29.98604606,27.81532255,31.45310746,30.87501993,26.50468044,27.5953334,30.57614925,29.26621491,29.00135898,29.29292996,21.40287538,25.37833683,26.53339231,21.47490424,22.11314893,22.77981591,25.77772826,24.53926978,23.55595909,24.20142126,24.06191052,20.22680988,22.78043406,23.19574276,19.80891809,20.07440876
Slovenia,SVN,,,,,,,,,,,,,,,,,,,,,,,,,,,,,,,17.45293521,17.18141621,17.86608124,19.65370324,21.27220981,25.25802807,25.01557932,26.16038554,27.21392637,29.1616388,29.05749117,26.8861602,25.70100156,26.83825823,29.04711559,28.69864998,30.57455574,33.29812606,33.14527874,23.74561855,22.56013449,21.869005,18.86093559,19.78422679,19.74526531,19.46862166,18.84790889,20.25033479,21.56084468,20.83452407,20.18967195,21.85535315,24.41903594,22.22617454,21.15419598
Sweden,SWE,32.82867803,32.31410723,32.05726233,31.95467404,34.34800845,35.05858304,33.57452298,32.51081741,31.49563256,31.77471864,32.90906218,29.84900245,28.78815543,27.79773701,30.5452117,31.06074588,30.17017213,26.50143176,23.10847324,25.83216559,27.16463058,23.57907107,23.14552571,22.97868693,23.95865473,26.28143743,24.5186621,25.70679459,26.93965124,29.67944116,29.10990896,24.6550093,22.67054145,18.72308725,20.02088785,20.45861138,20.1955938,19.98118235,21.1026006,21.22552166,22.23082959,22.30358604,21.60436899,21.24558057,21.16249864,21.27697299,22.45459042,24.07779718,23.96071923,20.45996105,22.42154158,23.23695927,21.99343162,21.89903585,22.86413924,23.78843716,24.32673622,25.07524154,25.30848483,24.45955979,24.41018463,25.25647425,26.92581733,24.8620967,24.62902305
Eswatini,SWZ,,,,,,,,,,,,,,,,,,,,,,,,,,,,,,,,,,,,,,,,,,,,,,,,,,,,,,16.14756843,19.63557863,17.23138864,17.37750538,17.70617494,19.87496109,16.23139947,14.98442173,19.67051868,22.48010366,19.19362313,
Sint Maarten (Dutch part),SXM,,,,,,,,,,,,,,,,,,,,,,,,,,,,,,,,,,,,,,,,,,,,,,,,,,,,,,,,,,,,,,,,,
Seychelles,SYC,,,,,,,,,,,,,,,,,38.92285179,40.00405515,43.29186281,32.94453406,37.57734421,32.35249557,31.79346496,21.14368589,21.82719597,22.29283716,22.89632283,19.59367172,25.46827016,27.25481476,24.26330082,22.03665109,21.29170791,28.09412423,26.94246297,30.01611664,39.07610977,31.39888227,34.43368467,42.90622205,24.91839395,40.39510028,27.58813456,10.96298318,17.41606427,23.86914095,30.32222386,29.22442943,27.643034,28.02722542,37.03142382,34.81624936,37.72992035,38.56690571,29.05489887,26.87951537,25.13473942,24.53517669,21.98698662,22.08559453,21.3213199,16.46771613,18.07297426,20.57434155,17.16929091
Syrian Arab Republic,SYR,13.70636991,14.42436222,16.30502539,12.41836077,11.74402561,10.33459048,12.52938676,12.26430199,13.90588682,15.9720176,,,,,,,,,,,,,,,,,,,,,,,,,,,,,,,,,,,,,,,,,,,,,,,,,,,,,,,
Turks and Caicos Islands,TCA,,,,,,,,,,,,,,,,,,,,,,,,,,,,,,,,,,,,,,,,,,,,,,,,,,,,,,,,,,,,,,,,,
Chad,TCD,13.57363116,14.78004415,11.67230961,15.12399385,14.98532108,11.03193983,13.15273158,15.65616529,15.04346063,16.85434008,16.09262267,15.89077097,14.75063851,15.23033659,18.47476488,20.52805596,17.05431382,18.51475565,16.23124527,,,,3.161763905,2.732897275,4.830397245,7.302372473,8.132939986,9.129483068,7.035497303,8.03107437,6.753507456,6.543070259,7.468113915,9.759301852,16.63991107,13.1924876,20.25016049,19.48477886,16.93422051,13.6915006,23.27390222,40.25037691,60.15617303,52.12177432,24.28387192,19.10984386,17.70392924,18.36922763,18.54688471,19.71818144,21.85444822,24.96962381,24.92686836,23.90262226,29.47959716,22.8922388,18.35858902,18.53665189,21.92625493,24.29099309,22.78744555,19.94855284,17.97152249,18.41995589,17.80576028
East Asia & Pacific (IDA & IBRD countries),TEA,35.36120065,20.12366324,15.27199347,20.63783454,22.99433297,25.55440474,28.67180318,22.59755997,23.09921331,23.37160521,31.07016767,31.93454681,30.01582488,31.38190143,30.44308602,32.22741792,29.76624965,30.41576066,31.77774841,31.37653406,29.99124613,29.18086068,28.85512597,30.85241387,30.44535817,32.79922189,31.42950946,30.08680509,33.046044,34.11996947,33.80238349,34.74337465,35.9841452,37.95410114,37.04915747,37.07609721,36.46582654,34.4057082,31.8722201,30.2162534,30.33253112,32.20825001,32.54192107,35.33481686,37.18292488,36.47739009,35.85829992,36.46660297,38.42456462,40.90554722,42.23202217,42.59756357,42.65646235,42.85625203,42.44255044,40.46006537,39.9356118,40.38811531,41.25347113,40.46786918,40.22809194,40.82117064,40.42072552,39.14117885,
Europe & Central Asia (IDA & IBRD countries),TEC,,,,,,,,,,,,,,,,,,,,,,,,,,,,,,,29.79324287,33.19643892,32.54559469,27.8131425,24.67355337,23.67133803,22.62220949,22.44807151,20.56226423,19.77371918,21.66419325,20.88360105,20.58163572,21.60695343,22.80339767,22.99737931,24.67065536,26.63639048,27.08507127,21.72741283,23.74704733,25.34222216,24.85139584,24.2178601,23.92478204,24.05842855,24.17641948,24.77811963,23.85084453,23.25736233,24.17576242,24.57516694,25.25732414,25.68533791,24.40168801
Togo,TGO,,,,11.72839506,21.35416667,23.67816092,16.38418079,12.63157895,10.85141903,13.2183908,14.38263229,18.07081807,20.0913242,21.68141593,16.9089518,28.5268901,26.99926632,38.86255924,49.20550847,50.70488722,34.77348993,30.65891473,25.36151279,21.81208054,15.04142766,27.44525547,28.3614589,24.10761854,22.4217423,16.96014829,36.14051413,37.42543885,36.62923295,7.83623039,33.26383226,37.72416905,27.36253919,26.19038646,20.96603893,20.40002713,29.49747031,29.32056692,30.66906716,32.09516004,35.56416488,25.11140807,19.02382229,18.78424979,17.08626067,14.49154473,15.84041598,19.9043687,17.69624599,22.11469016,22.37682751,25.18503056,20.15726233,16.83625873,19.13584674,18.60144981,21.33090738,19.86411675,21.41925001,22.95447968,22.29197658
Thailand,THA,14.46365768,13.9594716,16.98796229,19.82464169,18.52797242,18.63513863,21.77254825,21.90058018,23.27153489,24.32591561,25.59769344,24.20860488,21.67666095,26.99594817,26.63502807,26.75041342,23.98528098,26.88475787,28.16386659,27.20522521,29.14192413,29.67530952,26.51654201,29.97527632,29.47311368,28.24458054,25.87231091,27.87471199,32.59088992,35.06611671,41.35376259,42.84137755,39.96394765,39.65614664,40.90778485,42.8626944,42.53268871,34.27472926,20.07149552,20.17340505,22.28260569,23.11243721,22.74419377,23.82929867,25.6814147,30.42075086,27.01164339,25.49601429,28.22643495,20.63639838,25.35665463,26.79145825,28.02416571,27.45710118,23.91901955,22.35564064,21.1054892,22.93429569,25.21959016,23.81475257,23.75538517,28.66903644,27.85842925,22.46050999,21.5722758
Tajikistan,TJK,,,,,,,,,,,,,,,,,,,,,,,,,,,,,,,,,,39.15792153,32.31930693,28.66833811,22.32033074,19.6888653,15.42406125,17.33498141,9.41400347,16.38279507,9.295718899,9.136720292,11.7772899,11.64765632,15.96644957,24.63293868,26.50872536,24.84475362,23.84618187,29.20944029,23.26736369,24.90571475,26.51569872,44.68945306,40.52231873,29.92955615,37.26343668,35.38866234,33.47495126,34.87385272,35.4675047,31.65130567,
Turkmenistan,TKM,,,,,,,,,,,,,,,,,,,,,,,,,,,,36,33.33333333,35.71428571,40,45.76271186,,36.9261477,,,49.42077419,38.67686769,45.49481958,39.67090501,34.73865594,31.71266121,27.5596817,25.4187358,23.05361962,22.91959465,19.50195649,18.6,31.7,46.6,51.8808272,51.93184421,47.2,,,,,,,,,,,,
Latin America & the Caribbean (IDA & IBRD countries),TLA,20.79259405,22.11854396,20.27978573,19.44473796,20.65211841,21.14388438,20.88754425,20.40404966,20.7462962,22.23679229,22.21383211,22.00211975,21.61649015,21.70441964,23.7859341,25.68860647,24.64512532,25.07795979,25.60185453,24.69195697,24.27391439,24.46841283,22.24122788,18.3441846,18.26852084,18.98503787,18.75932179,20.97950588,22.55236496,23.1432554,19.56268138,19.6898403,20.33934769,21.5085286,22.38354209,19.15808792,19.04974092,20.31071418,21.10971797,19.81502378,20.25043509,19.59550362,19.08039979,18.80926814,19.92311246,19.84594236,20.74529823,22.06956993,23.2422893,20.69024756,22.03931701,22.52547531,22.51200016,22.40051699,21.74581311,20.60195459,19.47675986,19.04592483,19.36228592,18.95668999,17.96175895,20.71808425,20.58222886,19.74788618,19.79483383
Timor-Leste,TLS,,,,,,,,,,,,,,,,,,,,,,,,,,,,,,,,,,,,,,,,,33.53119431,30.20472579,27.90946107,22.30307494,17.0930776,15.79079668,12.13720195,18.66373591,31.32738731,48.86407063,42.7178169,70.33493181,60.029124,41.78877623,43.14740671,36.9492802,39.84875992,35.63445625,35.92325129,26.77678265,16.46570017,14.40035276,10.59546337,20.48489043,
"Middle East, North Africa, Afghanistan & Pakistan (IDA & IBRD)",TMN,19.86213892,20.13680032,18.84725253,17.68231824,18.6666261,19.77355354,18.74863041,19.24644317,20.28254148,20.20509978,22.20938845,20.50210068,22.2525713,23.7094657,24.21682172,31.06082973,32.77119488,34.24768376,30.21382464,24.8971674,31.57807953,33.70895848,29.15315683,28.15052002,27.26017527,24.13331864,23.14416868,21.02235921,20.79804967,19.16395334,33.31950069,29.20970245,28.08663312,23.26041697,21.93066171,24.86825915,26.77941604,22.94012395,23.76503044,24.12967665,22.96285066,24.70418834,24.27544532,25.58837017,27.40992143,25.66443193,26.44034905,27.09972924,29.08017922,29.16844543,28.66093214,26.86729467,26.37434866,26.59134751,26.69371047,25.09820518,24.52225159,25.88036638,25.91016345,25.96947077,25.03401531,25.28576769,25.26093859,25.23053758,25.65092807
Tonga,TON,,,,,,,,,,,,,,,,27.59273354,19.66898303,20.19755156,29.50918978,31.16686812,30.05580142,29.56077027,31.22252545,29.3462011,23.93765964,26.38433452,24.1313063,22.17392423,23.16757597,20.44532447,18.49329963,16.73803468,17.72781924,18.09359837,20.36852172,25.9729521,25.90304222,17.35153329,20.45531145,19.3034504,20.25851106,23.48829461,24.27905137,20.44103909,20.02266588,21.9887117,20.83038933,20.54283865,20.3560838,24.66403644,29.15474137,35.25383233,36.42353229,23.48271483,22.10746345,24.57161106,24.21234753,27.05801221,23.9263171,27.42400316,24.49525013,35.81384817,26.80416522,26.99026122,
South Asia (IDA & IBRD),TSA,16.92961006,18.22510284,17.62419066,18.36243324,19.11065021,19.38885884,17.27336616,17.387972,17.48897627,17.28636846,17.64038907,18.18986545,18.57064071,18.01419284,20.98606582,17.62453987,18.85782462,20.61265239,22.08596059,22.94115322,19.80212583,25.29313935,25.07241295,21.33336987,23.26769047,26.00781744,25.73418007,25.4713871,25.88138825,26.33208419,26.74684553,24.71880812,26.87763343,22.79983171,26.13369973,28.68704644,23.12576684,25.78983584,25.20737334,30.58120244,26.10537939,29.6730585,30.04504925,30.62416299,34.64885563,36.94714938,38.4950808,41.40575623,37.94143305,38.66438316,39.18956935,38.88516636,37.73078209,33.62635431,33.8859733,31.94495945,30.40679002,31.3448895,32.58270156,30.57988644,29.34010169,32.13258957,33.37286154,32.92357901,32.2839527
Sub-Saharan Africa (IDA & IBRD countries),TSS,,,,,,,,,,,,,,,,,,,,,,,,,,,,,,,22.76877354,22.07880944,21.8759952,20.59085067,22.22579682,19.82504383,17.73505924,16.89008078,17.36915913,23.01886793,22.66595776,21.92141903,20.40225317,22.06365862,22.96964137,22.18577001,21.79593945,22.94626742,24.36255989,24.93970862,23.41311421,23.91474379,24.04825357,24.27925008,24.24290975,24.44319471,23.74659984,24.07942218,23.4149424,23.02655323,22.31027698,22.67138836,23.8919469,24.6603372,26.3414355
Trinidad and Tobago,TTO,,,,,,,,,,,,,,,,,,,,,,,,,,,,,,,,,,,,,,,,,16.78524918,26.71323027,22.62515545,25.18835448,16.62401938,11.36389973,17.92138055,26.50724645,23.04452641,31.42540229,23.14211577,21.89283139,19.57377562,20.37141813,18.17645112,25.30917489,19.15214633,20.65853363,22.83435241,20.77847767,20.96813331,20.07445482,,,
Tunisia,TUN,,,,,,27.90697674,25.28819762,25.19298246,22.92614082,22.44536326,21.14875596,21.51611439,22.71662763,21.28029184,25.80436749,28.01768692,30.65700983,30.54427665,30.75808205,29.42847365,29.36025985,32.32820759,31.72716676,33.49623331,35.89919531,30.16257498,26.60046925,23.48387739,20.70988153,23.91161535,27.06805847,25.98846103,29.19420975,29.23958262,24.64429802,24.70061812,25.01376775,24.45888578,24.91712818,24.62025735,25.89880884,26.17934632,23.81128956,23.32330691,23.30187829,21.67944401,23.44949974,23.6821787,25.52358105,24.28865045,25.8362687,25.03724257,26.09702647,23.86784867,23.86461102,21.73899971,20.47511253,21.29465796,22.96400866,19.80250355,12.70186884,15.86306089,17.14300051,7.771915164,13.35402793
Turkiye,TUR,9.985315712,10.01390821,10.70983811,11.69527897,10.93439364,11.3277623,12.84475965,12.64204545,13.3968254,13.35616438,14.70737913,13.73195876,16.81079211,15.46703297,17.89027834,18.70927707,20.32312925,20.66647733,15.14634301,14.50271768,18.16426414,17.86988989,16.95259336,16.28529103,16.18031468,16.51322819,18.84755664,25.66650473,25.14260067,23.47258691,24.54926752,22.71203962,23.36227144,26.61560909,21.32053293,25.47355727,24.55131495,25.11078627,23.88085168,21.33890836,23.71820419,18.02543386,21.10758954,22.30862358,24.98171478,26.8036143,29.34869616,28.60149788,28.73901372,22.81634414,26.75251408,31.00333055,28.07285973,29.61946078,28.96746336,28.19920217,28.01960361,30.6942181,29.45823642,24.87807362,31.34061,31.40446781,35.03994046,29.96416793,25.54372554
Tuvalu,TUV,,,,,,,,,,,,,,,,,,,,,,,,,,,,,,,,,,,,,,,,,,,,,,,,,,,,,,,,,,,,,,,,,
Tanzania,TZA,,,,,,,,,,,,,,,,,,,,,,,,,,,,,,,17.98141985,18.13522062,18.75257011,17.30203232,16.97437018,13.62782127,11.45712086,10.26038241,21.03386762,18.21833142,17.46279682,18.31679309,18.08809509,20.68438651,24.49358057,27.39589792,30.32396445,32.65121735,37.4895217,34.35567687,32.01724431,34.7360333,34.84510151,37.47060735,37.65396656,32.75869228,32.17478605,32.3541414,38.37657448,39.72640573,38.74648749,39.68667886,41.06776241,41.00238874,39.76456808
Uganda,UGA,10.96419279,10.18033589,11.14815178,12.80551578,12.08769307,11.23773346,11.49773071,13.46070343,13.09041835,14.0170121,14.00466822,16.10194606,11.64319249,8.719973676,11.61526966,8.05236391,6.251787684,6.049679487,8.281536306,6.580100747,6.154538369,5.608315262,9.092996556,7.409611665,8.139835364,8.732018454,8.446924527,9.718215889,10.79234972,11.13622802,12.70408004,15.17126512,15.93892774,15.24578648,14.68182634,12.41202536,20.17268942,18.17855649,16.44714507,19.54912064,19.48382172,19.30205942,20.2174228,20.98414158,20.14568992,22.35514586,21.13037002,22.08305527,22.97777384,26.61603876,27.10395535,26.75498053,26.17717565,31.97397981,26.85345466,23.85979445,25.41528826,24.61404269,24.32859898,25.52946078,24.21595056,24.08636835,24.20134262,22.81601325,22.30840623
Ukraine,UKR,,,,,,,,,,,,,,,,,,,,,,,,,,,,,,,,26.38795987,34.45062587,36.29251448,35.33144648,26.68320847,22.67078816,21.4459382,20.81721043,17.51295465,19.80377907,21.81318811,20.19065679,21.94263669,21.09586512,22.50653255,24.54275793,27.78116537,27.39259138,17.06840879,18.372368,20.44400368,19.61467923,16.42576102,13.39649572,15.93331603,21.72416236,19.96473264,18.58833885,14.89035748,8.932299327,14.46745268,12.11328862,18.07050464,18.64302876
Upper middle income,UMC,27.74188073,21.47237354,17.97942405,19.57184212,20.97800443,22.54227302,23.40114212,21.04052442,21.41460058,22.38765174,25.28807449,25.38675594,24.74911812,25.22936078,25.95554673,28.43405262,27.56284218,27.78306236,26.82787041,25.49759975,27.49492906,27.80953344,25.37368638,25.12242822,24.57330915,25.17297168,24.28170572,24.25648379,25.75867486,25.96215437,27.03836553,26.13068893,26.72028818,27.24683655,27.44089936,26.37310103,26.4391213,25.49990155,24.74052576,24.10991345,24.623417,25.13826786,25.90917852,27.59469555,29.15409764,28.51677107,29.00198725,29.93665741,31.77217488,32.5620113,33.79574736,34.41115471,34.67659137,35.25410137,35.30825953,34.57887448,34.04003959,34.24016553,35.3435829,34.86580725,35.55332308,36.34041552,35.65665497,34.23054086,
Uruguay,URY,22.06896552,23.86363636,19.58762887,17.16738197,14.32835821,13.66120219,16.51282051,18.78354204,13.85656292,14.94669081,3.396226415,17.73915542,17.15711581,34.108299,15.85344137,18.89773733,20.95897876,21.48539449,22.71022887,24.04150048,17.34631903,21.39046357,19.79651878,14.25354201,12.1267005,11.37877294,11.18166228,14.29512041,14.66974755,12.06646355,12.20085101,15.12534471,15.3848956,15.64129551,15.87163413,15.40771142,15.24021227,16.84529339,17.33757808,15.07533096,14.4570209,14.32793979,13.07290595,15.20630885,17.4684628,17.69885816,19.46057343,19.52605528,23.20809459,19.62477452,19.40760548,20.88231101,22.91537973,22.48441201,21.20281224,19.7053904,17.38915773,15.92403567,14.85349865,14.12085039,16.23367649,18.19676314,18.65518456,17.53534249,15.59667265
United States,USA,22.58170186,22.47988501,23.08039657,23.14010396,23.12349696,23.87452553,24.2919005,23.27865122,22.95677822,22.88813029,21.4148288,21.91990385,22.58070064,23.33180859,22.69487712,20.27747575,22.03839839,23.52626973,24.83178467,25.11116786,23.31030582,24.27683338,22.07005287,22.2529869,25.09579298,24.18834016,23.74062452,23.62023103,22.82780776,22.51379933,21.52923022,20.11062126,20.07756666,20.39361329,21.27908304,21.27266223,21.7018026,22.4097155,22.95833624,23.41913321,23.6783569,22.17672222,21.72266941,21.74561928,22.65214539,23.37572628,23.53753005,22.55756922,21.03749514,17.76875325,18.67221354,19.03353211,19.95072588,20.37925835,20.90119353,21.41518957,20.88795625,21.15576902,21.56907293,21.66980919,21.41881854,21.33328204,21.94977309,21.54103273,21.74383045
Uzbekistan,UZB,,,,,,,,,,,,,,,,,,,,,,,,,,,,,,,,,43.93014881,14.65023751,18.20042665,24.19982608,23.00009516,18.89939908,20.90063397,17.10033542,19.60001229,21.09999391,21.19999463,20.8,24.5,28,29.61008099,28.20574672,32.03634609,29.94778798,27.17819793,26.70795768,30.07193296,27.47421998,27.95917023,26.3433389,25.75925421,27.22918636,34.9925116,39.15653627,37.59335803,37.69317484,34.86674191,34.61562678,33.29669572
St. Vincent and the Grenadines,VCT,,,,,,,,,,,,,,,,,,,,,,,,,,,,,,,,,,,,,,,,,,,,,,,,,,,,,,,,,,,,,,,,,
"Venezuela, RB",VEN,24.56818979,23.79921551,24.04436918,22.34201205,29.01226254,27.96545814,27.25579512,26.87447447,32.46705791,33.97554178,36.54992792,36.24105283,37.7621866,35.40332819,29.05634656,37.36439228,41.61438595,50.27808819,51.85880752,38.24412599,29.9213221,27.75409526,31.2963319,14.19092436,16.93692986,17.90326225,20.26029699,23.77739902,27.05346377,12.29028689,9.889709866,18.07448382,22.95480824,18.14511186,13.69892263,17.52859447,16.01983166,27.67252513,30.66040253,26.51677827,24.17039199,27.52416769,21.15888805,15.21744227,21.79846444,23.00403357,26.92191284,30.34003827,26.82612588,25.79694602,21.97165797,23.07239708,26.59674445,27.26895331,24.81020282,,,,,,,,,,
British Virgin Islands,VGB,,,,,,,,,,,,,,,,,,,,,,,,,,,,,,,,,,,,,,,,,,,,,,,,,,,,,,,,,,,,,,,,,
Virgin Islands (U.S.),VIR,,,,,,,,,,,,,,,,,,,,,,,,,,,,,,,,,,,,,,,,,,,,,,,,,,,,,,,,,,,,,,,,,
Viet Nam,VNM,,,,,,,,,,,,,,,,,,,,,,,,,,,,,,,,,,,,27.1442427,28.10289815,28.29958262,29.04987854,27.62975631,29.60991382,31.17277345,33.22053449,35.44485796,35.46533167,33.75740289,34.53665108,39.5662709,36.4931218,37.16255543,37.09907617,32.37114344,30.55928977,30.21290346,30.28902679,32.10891582,31.7245391,32.30530092,32.0195029,31.97996066,31.91568839,32.89560234,32.34049944,31.64659598,
Vanuatu,VUT,,,,,,,,,,,,,,,,,,,,,,,,22.33176254,18.63709284,24.22573493,26.82170543,31.06396867,25.06047412,30.97582811,31.16495523,24.4563042,19.77308195,19.9253364,21.77253345,21.23564555,18.49315068,17.67069544,17.14653033,18.99228168,19.91399802,18.35378869,19.5414877,16.84580351,23.23848737,24.11931028,28.54703668,32.89349314,41.74030703,41.64124129,37.00689273,28.72505624,24.08845521,27.39217765,24.22309802,33.67955748,25.57049364,27.86156165,26.80036915,24.43741275,33.24247825,45.09495731,39.222811,,
World,WLD,28.71503218,26.92980703,26.57919113,26.83420084,27.32732353,28.33873183,28.70007461,27.32604098,27.22009223,27.29462225,26.28062775,26.05492821,26.23849516,27.36397011,27.53107783,25.18682881,26.00133183,26.26371833,26.5572974,26.82557226,26.25910974,25.58913847,24.28413814,23.97098552,25.04414157,24.69411841,24.77031156,25.0308704,26.02408412,26.4583913,26.06789492,25.41104992,24.87350394,24.20650916,24.55220337,24.63742735,24.42612743,24.28065648,23.97209157,24.10698946,24.43155939,23.6579162,23.00422516,23.17756311,23.89069572,24.27705931,24.8556566,25.33829859,25.33998253,23.31030312,24.52357456,25.23551992,25.39462432,25.48550388,25.77233404,25.82652951,25.52912244,25.9946433,26.5312037,26.4922103,26.35545249,27.12543349,27.38234942,26.48871222,
Samoa,WSM,,,,,,,,,,,,,,,,,,,,,,,,,,,,,,,,,,,,,,,,,,,,,,,,,,31.74137506,14.64470838,37.14933031,40.29913291,9.01812018,37.33318439,35.8616376,35.46488272,32.18258808,33.14016429,33.6506493,33.18999092,34.89513073,34.81267871,37.07925021,32.78595057
Kosovo,XKX,,,,,,,,,,,,,,,,,,,,,,,,,,,,,,,,,,,,,,,,,,,,,,,,,37.28367743,32.61961627,33.12848705,36.05734449,31.90172169,29.99785855,27.84600087,30.43246864,33.52200025,34.69264949,36.29454213,34.55819955,33.40612753,35.95118043,35.23264597,33.94562931,33.79694238
"Yemen, Rep.",YEM,,,,,,,,,,,,,,,,,,,,,,,,,,,,,,,,,,,,,,,,,,,,,,,,,,,,,,,,,,,,,,,,,
South Africa,ZAF,19.33109297,18.46737481,17.51783167,21.23049142,22.37704918,24.14568827,22.01753522,24.35182727,22.53924133,23.31515812,25.28371602,27.41280459,23.65488698,24.00034658,27.23038083,29.35392373,27.66956376,27.30363304,24.7259114,25.6066315,29.68393239,31.90398708,24.81774519,25.26473909,23.80138491,20.7205953,19.80157262,16.72398881,19.86479855,21.3094797,18.2312412,17.83548508,15.71455499,14.16120782,16.47049579,17.70001323,16.5683989,16.29410044,16.42789137,15.65504649,15.06028109,14.57378031,15.03611966,15.65711453,16.96035132,16.83181534,18.49020269,19.32596508,21.28724912,18.7669442,17.5956446,18.85323766,18.58453544,19.16876259,18.48796382,18.63320666,16.96045229,16.61073406,16.17058298,15.82079338,12.34554415,12.7964276,15.41507532,15.53809338,13.9422031
Zambia,ZMB,,,,,,,,,,,,,,,,,,,,,,,,,,,,,,,,,,,,,,,,,,,,,,,,,,,29.87400569,32.88921125,31.51795105,33.80298868,34.06926419,42.80511645,38.20623291,41.00182086,38.5885583,39.26190865,32.24485098,31.36691783,26.98050815,31.44506862,
Zimbabwe,ZWE,20.43377603,20.04997781,15.59870709,11.51320853,11.74232503,13.65244109,14.94890382,17.42557992,21.12327799,16.89153906,18.33777968,20.17108882,23.70471415,22.87553678,24.74394935,23.63248312,16.11086771,17.18569967,10.69517526,11.40963075,16.93697893,20.81589802,19.05373569,14.30515734,17.0355046,17.81997681,18.056359,14.93616485,18.70172331,15.0379806,17.37694276,19.10339983,20.2372647,22.77488758,23.72905557,19.66018675,18.54193988,18.13390253,20.75046077,14.39628046,13.56942382,10.26647344,4.999999685,7.999999232,4.509114857,1.525176678,1.571161391,7.109753359,5.127906253,12.74720161,18.76283953,17.39846906,9.856337781,9.209062471,9.639588834,10.03592305,9.861741065,14.70224318,14.14844434,13.79940198,13.14607456,15.50705829,14.610339,16.27403988,4.467750755