cntry,cntry.code,a1960,a1961,a1962,a1963,a1964,a1965,a1966,a1967,a1968,a1969,a1970,a1971,a1972,a1973,a1974,a1975,a1976,a1977,a1978,a1979,a1980,a1981,a1982,a1983,a1984,a1985,a1986,a1987,a1988,a1989,a1990,a1991,a1992,a1993,a1994,a1995,a1996,a1997,a1998,a1999,a2000,a2001,a2002,a2003,a2004,a2005,a2006,a2007,a2008,a2009,a2010,a2011,a2012,a2013,a2014,a2015,a2016,a2017,a2018,a2019,a2020,a2021,a2022,a2023,a2024
Aruba,ABW,,,,,,,,,,,,,,,,,,,,,,,,,,,,,,,,,,,,2.517766497,2.510121457,2.47702407,2.794028849,3.59922179,4.100963775,4.277072978,4.425833642,4.777505083,5.622020209,6.18729481,6.565660336,6.666022669,6.670840363,4.205989994,2.86046778,4.206093989,1.991637655,3.262643075,3.439352185,3.585278991,3.689024693,3.733753799,3.225018203,2.562433372,,,,,
Africa Eastern and Southern,AFE,,,,,,11.69085884,11.54760457,12.0931746,12.13245151,12.26026509,13.53384116,13.31832622,12.81062277,13.49722773,13.52285134,14.22391386,13.86134435,12.56856593,12.49846433,13.70657509,15.17342665,16.51144658,15.5825727,16.20785418,15.67367747,13.42585919,14.39942749,15.94874018,16.22387497,16.46254994,16.61718167,15.94331039,17.63115125,16.70435488,16.75727708,16.82660501,16.042106,15.73884066,15.47505679,14.79754614,14.62167141,14.73011474,14.11927849,14.48877695,14.41822762,13.58404801,12.24420391,11.89872754,11.2040301,11.75010634,11.35685389,10.77588755,10.57839776,10.18896023,10.02722779,10.32852366,10.68073456,10.91195281,10.83945109,10.78412014,10.44749778,10.41140698,10.53878349,10.62825427,10.37315158
Afghanistan,AFG,,,,,,,,,,,,,,,,,,,,,,,,,,,,,,,,,,,,,,,,,,,18.82275218,16.92386623,17.55400626,16.59821222,16.3855372,17.74730953,17.8391163,13.14987661,12.52257684,13.77918924,12.48608514,11.49986726,11.47758756,11.420006,4.114196613,3.530422461,6.160177217,7.043181081,7.528114629,8.493156816,10.19026196,7.540916863,
Africa Western and Central,AFW,,,,,,,,,,,,,,,,,,,,,,21.57516743,20.9636347,19.63825764,15.25299928,17.32578012,18.06974086,15.87492854,16.71888141,14.84870525,14.93004017,15.75407866,14.40195032,15.60225744,18.52237802,19.01262176,18.2747132,18.74048322,17.37494975,13.63630473,12.61375691,12.56182498,11.57816676,11.62946297,10.77405212,10.4626605,9.731452298,9.607951384,9.474673998,9.281586665,8.145770936,8.72298694,8.675762367,9.959178572,10.41061914,10.1627997,9.873932886,9.959297517,10.43108168,11.34854243,11.97400423,13.21544705,12.81575623,13.27808137,11.50409329
Angola,AGO,,,,,,,,,,,,,,,,,,,,,,,,,,,,,,,,,,,,3.646280794,3.445749994,4.378391184,6.259370843,3.222875779,2.890163321,3.873100814,3.661825665,3.999814529,4.681938309,3.912883549,3.612815774,3.39949164,3.461736807,5.109421549,4.541774035,4.167804733,4.403289533,4.827342652,4.763071572,5.685144803,6.752680742,6.580549657,6.059469233,6.137446984,7.063042725,6.540512976,7.449768699,7.990984694,8.257191284
Albania,ALB,,,,,,,,,,,,,,,,,,,,,,,,,,,,,,,,,,,,5.779267964,5.554143543,5.183018603,5.131688159,5.065613558,4.711459153,4.339241272,4.307757976,4.343207119,4.474331529,4.794124735,5.309709539,5.731781571,5.422752704,5.656708948,5.960640217,6.192222426,5.37937813,5.747654228,5.907101717,6.27591543,6.303405541,6.516401133,6.708115065,6.967485863,7.069413941,6.91828942,7.504617489,6.877725681,6.169568203
Andorra,AND,,,,,,,,,,,,,,,,,,,,,,,,,,,,,,,,,,,,,,,,,3.830854431,3.451746698,3.43814817,3.615787889,3.655047886,3.476748213,3.435046622,3.398816388,3.576934384,3.612316813,3.699789802,3.660604015,3.723835042,3.838156155,3.676873663,3.706089854,3.74112486,3.748832726,3.610284486,3.673689514,3.733569332,4.063721776,3.575667147,3.397436996,
Arab World,ARB,,,,,,,,,,,,,,,,7.361187604,6.892167244,6.898338002,7.08475514,6.876633342,6.318900738,7.390507313,7.976371978,8.92311775,9.857960278,10.18631432,10.98486176,11.73175699,12.71928134,12.62270567,9.702239108,11.06399757,11.22834076,11.11741881,11.36402541,12.19864385,12.56990604,12.70539534,13.31693649,12.93198821,13.02072996,11.36743866,11.66514744,11.52430283,10.79326337,9.890893995,9.401635094,9.211320903,8.788627131,9.87095008,9.802044067,9.370533865,9.319929798,9.4100398,9.944270289,10.78763639,11.01388885,10.69398422,10.36381882,10.40316731,11.40099346,11.92499896,12.15458594,12.36125157,11.99146954
United Arab Emirates,ARE,,,,,,,,,,,,,,,,0.910603125,1.12309252,2.744072022,3.4321661,3.057567543,3.728083743,6.412373069,7.92687202,8.769752627,9.14469269,8.927517175,8.275618545,8.774491087,8.840712483,8.166576883,7.493888516,7.423063916,7.583671501,7.843780607,6.587692746,6.772462657,6.637292654,7.895500625,8.631087315,8.557489537,9.072000292,13.31375919,13.06347632,12.26246108,11.51238292,10.60803974,9.656954628,9.025577573,8.600265388,9.195377117,8.475421755,8.14829316,8.085036374,7.925744268,8.115294535,9.175893354,9.327460912,9.381380823,8.925789792,8.867353109,10.29178004,10.0017515,9.820747879,10.84579034,
Argentina,ARG,,,,,,41.18416018,41.00858489,37.82402724,36.19621884,36.64543034,31.54474366,35.76285897,36.35807353,34.33397467,34.03688521,38.21510828,39.11676033,36.59498673,34.12760921,32.68515767,29.47609699,28.76523629,31.36025626,30.66946753,29.7084408,29.64184731,27.41959716,27.49664628,27.99967586,30.94937189,26.78970455,24.38644909,21.85913156,18.23991153,17.81909171,17.24675211,17.53572329,18.22790575,17.83795848,16.96152506,16.49427194,16.09322588,20.34777391,22.48675059,18.93701362,18.34041594,17.87779386,17.04741545,16.5383661,15.58377727,15.84486081,15.85069839,15.21680091,15.01105426,14.77277855,14.18158545,13.48802597,12.83516834,14.0601434,13.54083907,14.59052951,15.55841698,16.30184228,16.31749874,15.08686199
Armenia,ARM,,,,,,,,,,,,,,,,,,,,,,,,,,,,,,,,,,,,,,,,,,,,,,,,,,,,,9.424758532,9.68257532,9.666405536,9.206171059,10.28464998,10.63112611,11.27191844,11.71149186,12.3449098,11.03159056,11.43219296,10.55772055,10.45649899
American Samoa,ASM,,,,,,,,,,,,,,,,,,,,,,,,,,,,,,,,,,,,,,,,,,,,,,,,,,,,,,,,,,,,,,,,,
Antigua and Barbuda,ATG,,,,,,,,,,,,,,,,,,3.359296602,3.748264692,3.71734649,3.95671383,3.746126193,3.871829105,3.67431983,3.516702154,3.191521347,2.810485176,2.595724689,2.297505334,2.315760352,2.496634534,2.247174509,2.03687247,1.803848647,1.674448368,1.683961187,1.596788971,1.605696592,1.624437848,1.644082146,1.599450818,1.703804657,1.776192342,1.865719744,1.811561516,1.74970536,1.767937908,1.631004524,1.536749548,2.013836948,2.094399151,2.181899783,2.055216472,2.733567301,2.769636616,2.801703592,2.875733789,2.959863517,3.008383618,3.011749664,2.911250925,2.775016529,2.690421908,2.612997219,
Australia,AUS,,,,,,,,,,,,,,,,,,,,,,,,,,,,,,,13.78863018,12.56657325,12.57819883,12.87264001,13.20483394,13.11455573,12.7342056,12.29446795,12.46215464,11.93537545,11.55273936,10.97636139,10.54404412,10.85408189,10.8735327,10.32522838,9.880800532,9.27923469,9.193907576,8.447244065,7.987828159,7.364797657,7.046333204,6.603975486,6.362902535,6.292279417,6.078240488,5.793059503,5.764680016,5.586295825,5.608521731,5.512694755,5.374992115,5.362504494,5.491834162
Austria,AUT,,,,,,,,,,,,,,,,,22.99350703,22.34655495,22.72033726,22.06273528,21.90906768,21.44452509,20.80751581,20.72814508,20.35030895,20.68366095,20.67460922,20.05758739,20.1542723,20.04993538,20.23295653,19.80995265,19.09480953,18.04144534,17.9343068,18.50195397,18.21161676,18.30891917,18.24244595,18.41124208,18.72669104,18.86650637,18.28892364,17.96134327,17.80207847,17.85034335,18.27817233,18.54872112,17.89164925,16.82054319,17.01462367,17.14464731,17.25648309,17.10638988,17.18677907,17.24292873,17.66822515,17.44270516,17.3211161,17.10228587,16.59732647,16.97809654,16.15076151,15.87201148,15.36310093
Azerbaijan,AZE,,,,,,,,,,,,,,,,,,,,,,,,,,,,,,,17.63301501,16.65419162,21.87713948,17.90286624,12.66474513,11.53341457,10.42962746,8.393756135,8.324129512,6.042224047,5.292384646,6.187448265,7.430927835,8.636395438,8.283510351,6.48752246,5.772903308,4.98404471,4.705609759,5.525890763,4.808194984,3.988326101,4.23610388,4.215736826,4.707010697,4.990805443,4.930062292,4.699464584,4.620186785,5.003528857,6.101565073,6.419092907,5.283389825,5.133746561,5.23837039
Burundi,BDI,,,,,,,,,,,6.728157031,7.334216248,8.174426035,9.326999273,9.493738392,8.577883551,8.180092875,7.882187255,8.252686165,9.304405983,6.880909062,7.312341339,8.245750631,8.351348129,7.832632372,7.327420366,7.866342082,10.58996881,9.78876576,11.68193366,11.81980421,12.70795383,8.599290936,8.424747763,9.351748292,8.25845974,6.271379704,9.744337923,10.30614795,11.30813911,10.90123278,10.92481796,11.0867341,11.04303804,11.45083317,11.8850166,10.3672036,11.10936178,9.622533997,9.490401363,9.245838979,9.318993014,8.830567739,9.54581996,10.12420983,8.676553788,9.36171645,,,,,,,,
Belgium,BEL,,,,,,,,,,,,,,,,,,,,,,,,,,,,,,,,,,,,18.3362939,18.16805585,18.39943062,18.15923392,17.30709231,17.53597445,17.04054213,16.79458705,16.20023741,16.08993608,15.87094598,15.01853751,15.06031828,13.99274072,12.84208171,13.12864357,12.94993946,12.62157646,12.66437803,12.58378949,12.56773147,12.24840834,12.44582857,12.34391996,12.41325124,12.01200903,10.74480799,12.15817339,11.25667495,10.67347206
Benin,BEN,,,,,,,,,,,,11.42150873,11.08388915,11.18279971,12.73991686,12.23497502,9.194901563,9.029592809,10.76107435,8.865208223,7.970468813,6.639706,9.097455938,8.672738383,7.925103429,7.888249519,7.180894529,7.17178972,8.130548032,7.835668413,7.376006869,7.160406202,7.941468232,7.426247821,8.05454443,8.077371806,8.275149107,8.468579033,7.987113987,13.16999002,13.98385772,15.63826572,15.64299615,15.74663839,14.80842935,15.67081858,15.43835004,13.7419113,12.24997876,12.21912052,11.73988533,11.73357014,10.71215569,10.9217699,10.38662818,10.03567008,9.93126564,9.62006825,9.162461995,9.86572844,9.687913103,9.479767827,9.823575476,10.06208682,10.17434496
Burkina Faso,BFA,11.26579138,10.62596029,11.12549825,11.13631641,10.89629248,11.15829623,12.75073543,15.00329862,15.48418239,15.99084866,16.65287802,17.41550716,18.36960153,19.02551026,18.52002477,18.13321326,17.73875965,16.42956292,15.35845174,15.8773815,14.74103471,14.42502288,14.39695332,16.00697046,15.11124735,13.3255874,13.69004648,14.9899884,15.06706422,14.49003365,14.74901604,13.37681884,14.4729992,14.22732497,13.44792003,14.12076303,13.36918434,14.35668427,13.80052706,16.18659107,15.35693878,14.94120267,14.85118409,15.5877483,15.14056675,13.34076102,14.04397353,14.33772427,13.01313874,13.54798244,12.13998855,11.61215726,10.34232902,10.16977155,10.99604254,11.66029645,11.12043816,10.25883685,10.52520365,10.41059839,10.03131853,9.811554226,10.93134594,10.69070484,9.991952124
Bangladesh,BGD,5.309910797,5.470588542,5.448665141,5.359331468,5.514048718,5.445473719,5.998064082,5.582903418,6.153438202,5.851063658,5.804682835,5.485218348,3.983848151,8.521769535,9.251323716,7.04227568,9.283922984,11.22620919,9.910996048,9.861451587,14.4874848,13.98206522,13.9391494,15.04367939,15.6039256,14.45807009,14.22323064,13.47380665,13.42203116,12.90563053,13.23921855,13.98712269,14.39746369,15.41253836,15.86945466,15.90000685,14.00264514,14.11978066,14.85983116,14.38909508,14.03531575,14.17835702,14.31743755,14.14546156,14.44207319,14.74399876,15.30756218,15.93407299,16.12436697,16.48018606,16.12122836,15.99673425,15.91422067,16.44201947,16.61270766,16.78867356,20.3479481,20.07506151,20.80229593,21.20794388,20.59833159,21.23567299,21.76481936,22.34201887,21.8929608
Bulgaria,BGR,,,,,,,,,,,,,,,,,,,,,,,,,,,,,,,,,,,,,,,,,,,,,,,,,,,,,,,,,,,,,,,,,
Bahrain,BHR,,,,,,,,,,,,,,,,,,,,,,,,,,,,,,,,,,,,,,,,,,,,,,,13.24673495,14.4669591,15.09656264,13.98170618,14.58947024,15.04749323,14.76455787,14.69942764,14.83853648,17.17328658,17.84164689,18.18448911,17.17069197,17.04070226,18.04689442,20.52895561,20.9350892,20.12978825,
"Bahamas, The",BHS,,,,,,,,,,,,,,,,,,,,,,,,,,,,,,4.292586545,3.804106128,4.800781702,4.359440335,4.262807245,4.110647438,3.532691747,4.27179274,2.346676437,1.996130668,2.734299253,2.887400065,2.21211542,2.525570984,2.412602352,2.686827258,2.391167321,2.521822518,2.295085673,2.098612958,2.092775367,2.127625855,2.191560457,2.945785605,2.605175985,2.650124337,2.482766777,3.072157833,2.607878267,2.180323265,2.094599684,1.942450208,1.906621251,1.078665592,0.855198968,0.629705422
Bosnia and Herzegovina,BIH,,,,,,,,,,,,,,,,,,,,,,,,,,,,,,,,,,,11.50560362,11.43649852,11.43649964,11.22184186,12.06927902,10.7000739,9.296022749,9.406456129,9.313522924,9.299795234,9.117742539,9.942766707,10.01778722,10.81107321,11.0122791,10.47754043,10.88480804,10.91601273,10.54511041,10.93711679,10.9401954,11.11779147,11.81382652,12.56398233,12.7319524,12.48001425,12.66183933,13.98630115,14.37138391,13.27653386,11.57358535
Belarus,BLR,,,,,,,,,,,,,,,,,,,,,,,,,,,,,,,38.10623557,44.44444444,39.13043478,28.12182741,27.01624234,27.97624441,29.55811905,30.39936755,29.47700029,28.19639637,27.04350873,26.5995854,25.96840651,26.65350282,28.55028225,25.3421468,24.99981077,24.90693694,26.18436746,22.45711032,22.51049771,26.42142264,24.78109232,21.99565074,21.08754522,20.64429899,20.15218696,21.6291152,21.2579004,21.63990615,21.48679409,22.75838285,23.99409521,22.159252,20.31175229
Belize,BLZ,,,,,,,,,,,,,,,,,,,16.54438738,13.80105402,18.72571873,15.70469799,12.35163951,13.75166889,14.8785948,12.60006961,11.6211878,14.17407707,13.80946732,12.75707595,11.47765695,10.442137,10.26211849,9.829315269,9.821312961,9.834564434,10.113416,9.829402336,10.30661646,9.892526868,10.37843533,8.906036835,8.444140923,7.94942318,7.930899097,7.901962778,7.802532759,7.612324996,7.415607568,7.770210246,7.315117145,6.986672505,7.478789148,7.376706432,7.057172922,6.962905543,6.814123739,6.645192605,6.19426578,6.182221664,6.713659838,6.523310818,6.540907015,6.296362717,
Bermuda,BMU,,,,,,,,,,,,,,,,,,,,,,,,,,,,,,,,,,,,,,,,,,2.108038537,2.135436403,1.709412938,1.742233544,1.647653229,,,,,0.855449206,0.703756924,0.597959797,0.51712437,0.480075734,0.514175208,0.431063531,0.463659127,0.487269749,0.516039343,0.336369618,0.346994124,0.355418413,0.3310782,
Bolivia,BOL,,,,,,,,,,,13.26767092,13.537185,12.8708134,12.84821146,12.27811355,12.2906189,12.81577551,12.57490593,12.3853089,13.0517681,12.8762617,14.72290291,7.503661854,11.99601927,11.33298141,16.03432235,18.86379714,17.08493592,17.82811441,16.98543704,16.96302627,17.73056686,17.14141034,16.87257566,16.6578935,16.72941711,16.42552525,14.52022558,13.99206426,13.5941304,13.24110584,13.34477192,13.03542179,12.78444761,12.50745462,11.62694489,11.33160286,11.41491615,11.16847386,11.61672571,11.27002247,10.33846377,10.21420878,9.927811227,9.738327963,10.19119085,10.98422154,10.49350844,10.3431515,10.48950354,10.95783365,10.72684987,10.28506192,10.18579642,
Brazil,BRA,0,0,0,0,0,0,0,0,0,0,0,0,0,0,0,0,0,0,0,46.13137265,21.98627001,34.35240184,33.89432342,32.68232757,33.99101858,32.3846426,30.69835393,29.89247327,29.97722917,29.26089573,22.82813145,21.83906711,23.30859643,26.04973648,23.7212337,14.54227915,13.06719124,13.01862538,12.1551372,12.30853333,13.13465959,13.08953794,12.35696267,14.45076456,15.09953016,14.73828114,14.10894587,14.15426481,13.9551769,13.05946215,12.72185961,11.78379767,10.67594231,10.47961229,10.3370974,10.52093746,10.78645111,10.72149801,10.52845738,10.33250053,10.69293157,11.90437301,13.07408163,13.25316362,12.38066662
Barbados,BRB,,,,,,,,,,,,,,,,8.849873406,9.707502985,10.3285955,10.10777732,10.10902618,9.012770138,8.464970995,8.782571551,9.601769912,9.748984865,8.17989418,7.365884998,6.522753792,6.58804169,5.781908302,10.41265135,9.790846457,8.811957077,8.371084337,7.878437717,7.988338192,7.894404712,7.966169154,7.896223085,7.63011622,7.743095277,7.793419545,7.535812007,8.090045178,7.770358543,7.015316141,7.711694579,6.886124449,7.164707642,7.019127254,5.813641712,6.124642323,5.659562258,5.848340592,5.579620761,6.079187581,6.016998697,5.950047908,5.70282023,5.643895915,5.385611441,5.474526046,5.730088847,5.595754047,
Brunei Darussalam,BRN,,,,,,,,,,,,,,,0.343593771,0.38402662,0.37020855,0.327400063,0.296188976,0.262728713,0.199277475,0.234270443,0.296942569,0.302659579,0.272615259,0.281566417,0.485349057,0.366194439,0.405654884,0.422143365,0.413724624,0.50386142,0.564319599,0.471507495,0.667196939,0.697869632,0.901592444,0.992530099,1.494137834,1.850917846,2.459671565,2.296414467,2.857530165,2.496517805,2.114137439,1.672249997,1.226915052,1.104460839,0.902506028,1.222361333,1.249452719,1.220715855,1.458303967,1.145192419,1.586758563,1.617832473,1.809332509,1.762866167,2.134321499,2.327822565,6.832098945,9.678450683,11.62580722,10.37913387,11.03052984
Bhutan,BTN,,,,,,,,,,,,,,,,,,,,,2.990870438,5.904354493,5.821207213,6.65246107,6.668060967,6.153172292,5.340542705,5.913717286,5.53088157,7.759389444,8.029016207,8.855504462,9.165066141,9.215876142,9.508231658,10.75580427,11.70705453,10.22047903,9.553335402,9.055413569,7.609592117,7.818625749,6.931635704,6.679683258,6.706622659,6.594809019,7.058428398,7.560223922,7.799965193,7.577621438,7.877360417,7.428699324,7.959029223,7.501879556,7.408986194,7.311660633,6.810829598,6.909396759,8.747056654,6.131166691,4.929171062,7.224182782,8.727092291,8.045838218,
Botswana,BWA,,,,,,11.58536585,7.859078591,8.204615988,6.736842105,5.670567057,5.87382161,5.892070485,5.90086546,5.606373562,5.962971868,6.662859318,6.754250386,6.114398422,6.391246549,5.04340018,4.40240131,6.060100167,6.789148845,5.92604114,5.043294746,5.042551687,5.544728496,5.484164267,5.114975805,4.951275841,4.770750175,4.826396512,4.876027389,4.308401383,4.875553146,5.323237407,5.614679582,5.679896114,6.218138708,5.563178689,5.626987325,5.84016042,6.057066481,5.705543083,5.554128172,4.949504722,7.102391339,8.528467094,7.681821076,8.469439529,8.499444492,7.731255714,8.073710842,7.993242275,7.848786645,7.242023885,6.503236311,6.173604206,6.147461526,6.092369912,5.659050882,5.227654821,5.385084073,5.624335455,5.546978339
Central African Republic,CAF,,,,,,,,,,,,,,,,,,,,,,,,,,,,,,,,,,,,,,,,,,,,,,,,,,19.30696633,18.39649783,19.96856112,23.65146879,21.06138825,17.44322761,19.74492116,19.45417359,18.44042004,18.1315381,17.78232111,17.72702657,18.71456683,18.34177215,17.95123789,
Canada,CAN,,,,,,,,,,,,,,,,,,,,,,,,,,,,,,,,,,,,,,16.04474608,16.2531272,17.07630688,17.02443713,16.03874062,15.70905941,14.66325348,14.29554309,13.37476162,12.58334035,11.90294487,10.61151209,10.06119641,10.02715411,9.955396173,10.02016741,9.588492358,9.426150824,9.975422544,9.928004135,9.684575788,9.866071588,9.299638696,9.015476513,9.254543117,,,
Central Europe and the Baltics,CEB,,,,,,,,,,,,,,,,,,,,,,,,,,,,,,,,,,,,19.44067621,19.46461988,19.35895621,18.80958813,18.24148109,18.23402122,17.94325216,17.47719316,17.86446915,18.62145583,18.466374,18.61830869,18.4425371,18.08909703,17.17520672,17.77782488,18.46049894,17.91879526,17.30902956,18.45155153,18.71627207,18.78446144,18.08816755,17.65006727,17.31318479,16.61252424,16.65931779,16.4811109,16.24650953,14.95816404
Switzerland,CHE,,,,,,,,,,,,,,,,,,,,,,,,,,,,,,,19.78793119,19.66236623,19.35072277,19.15167317,19.50603791,18.94876671,18.73642105,18.7785646,18.43881472,18.19566822,17.64133399,18.36673333,18.75788226,18.56511767,18.45910595,18.71843398,19.07712073,19.26382086,19.34810897,17.89915043,17.89632707,18.19448808,17.7313708,17.80054077,17.54952528,17.11865816,17.33221321,17.49101992,17.66674993,17.92353933,17.7873158,19.23741573,18.08702403,17.8373115,17.69118116
Channel Islands,CHI,,,,,,,,,,,,,,,,,,,,,,,,,,,,,,,,,,,,,,,,,,,,,,,,,,,,,,,,,0.864740265,0.797519817,0.796882007,0.76151477,0.810238699,0.905889704,0.842954273,0.807307046,
Chile,CHL,21.28187494,21.6320547,23.07229991,23.20114448,23.85895274,23.48633664,22.47819419,23.30414027,25.10500425,24.76930537,25.14970665,24.15992868,22.94225188,26.44159924,28.88373417,19.78199582,22.85416204,21.27649596,21.87321938,20.81729482,21.03339823,21.62060791,19.23211329,20.59844872,22.6100931,21.68195336,17.58785562,17.2334649,17.96734752,17.93610951,18.35101066,18.88371382,18.74667215,19.02139105,19.09143152,19.25142846,15.22709141,14.8805379,14.41755579,14.68310562,15.19252673,15.93677903,15.78367532,15.19375804,14.22163979,12.81919997,11.68367711,10.64216639,9.974006398,10.26115988,9.88717399,9.909053786,9.827732869,9.985032504,9.920465162,10.39886479,9.705924876,9.160845019,9.604213819,8.969095484,8.996281719,8.53055034,9.475469464,9.406336549,9.010469135
China,CHN,,,,,,,,,,,,,,,,,,,,,,,,,,,,,,,,,,,,,,,,,,,,,31.51015947,31.6564575,31.99452136,31.90059327,31.61697915,31.06115286,31.07489564,31.56235652,31.01430365,30.12750215,29.83003979,28.38899606,27.52375943,27.59985592,27.3434188,26.25946629,25.74414027,26.97012167,26.42376559,25.49916683,24.86924074
Cote d'Ivoire,CIV,,,,,,9.139308265,11.08902646,12.19969972,9.741484804,9.239898275,10.29082454,10.33929621,11.09204018,10.15918472,10.23004666,9.394847072,9.40754003,7.640332285,7.684540098,8.128952708,,,,,,,,,,,17.45050761,16.57763404,16.58318699,15.43232606,14.74179,15.04924517,9.802850067,11.22671049,10.41068183,10.87026398,11.15447113,10.7672585,9.797021793,8.889951221,8.792904827,10.28226527,10.02887861,10.31060928,10.20402365,9.627693495,9.001911196,9.22135575,10.31825153,11.85018556,12.20069981,11.43059902,12.5430343,11.2836181,11.29098434,12.31996843,12.0519434,13.3970815,12.81107761,13.25299185,12.92709281
Cameroon,CMR,,,,,,9.523809517,9.660449436,9.769865598,9.266408955,9.821744259,10.24513262,10.33470954,10.38133153,10.24067914,9.820913062,10.28907434,10.54151944,8.956829335,8.239871973,8.093082172,8.800170454,9.669339243,11.36939015,11.11153542,11.22065731,11.0044453,11.98209453,12.76192677,13.17584303,14.05006976,14.17621103,14.16681617,13.92983462,16.91058684,16.95158094,16.6691655,16.01316981,15.73851247,15.36409786,15.43274957,14.74026934,14.52944679,15.53069502,15.58054709,15.41079029,15.02614415,15.11457715,15.20996765,14.30569477,14.87929919,14.51997379,15.18908621,15.53277006,15.22873575,14.51402123,14.35005819,13.84153437,13.71294553,13.68501543,12.82578021,13.18098761,13.29660864,13.36418191,13.48749139,13.90524169
"Congo, Dem. Rep.",COD,,,,,,,,,,,,,,,,,,,,,,,,,,,,,,,,0,,,,,8.838558515,6.250000078,5.943002492,5.014597361,9.908318104,19.80768858,21.21679056,18.29840586,17.64150584,16.40353329,15.47259661,17.00603069,14.91703195,18.87568198,16.22164855,15.3588925,15.36134868,15.38523319,15.55441347,17.1286573,18.26439236,19.48703808,18.21351466,19.47791945,18.99122966,17.72089052,17.01581289,18.00365979,17.97605896
"Congo, Rep.",COG,,,,,,,,,,,,,,,,,,,9.379732224,8.431380784,7.491673141,6.33191619,4.774649014,5.518019144,4.851348983,5.624228471,9.644565183,8.653424468,8.636875569,6.860816065,8.346456693,8.937166645,7.895414735,7.985791343,7.75683049,8.132929369,6.701546511,5.458434757,6.955916877,5.4647071,3.47655398,4.51105795,5.320917858,6.024214982,4.980047235,6.413569524,6.195278882,6.468566486,5.596268705,6.776695437,5.312176872,5.242004896,4.257282114,5.920856148,6.059907203,8.367640193,11.46707006,12.37639836,9.207022629,9.569292341,12.85319702,,,,
Colombia,COL,,,,,,18.96409205,18.74872075,20.1315914,19.92337954,20.01020335,20.6623584,20.37514594,21.37025747,22.72372101,23.18384287,23.2249178,24.17532455,23.8406545,23.2389248,22.46762958,23.26977513,21.31434108,21.21981438,20.98118061,22.11065544,21.3868309,22.47678093,20.31757824,21.15793513,20.88667218,18.03330754,17.90812716,16.84221079,15.83214607,14.99697584,14.76150465,14.40920351,13.78880337,14.05131564,13.84937572,13.93270065,14.13719665,14.03292802,14.23745617,14.41341036,15.99104031,15.97860609,16.15426622,15.37370371,14.78007233,13.9670257,13.21760258,13.08928488,12.6623563,12.26931864,12.40089376,12.29777884,11.40959357,11.15185297,10.92665754,10.72750235,11.19916085,11.1476678,10.86899724,10.10161131
Comoros,COM,,,,,,,,,,,,,,,,,,,,,,,,,,,,,,,,,,,,,,,,,,,,,,,,,,,,,,,,,,,,,,,,,
Cabo Verde,CPV,,,,,,,,,,,,,,,,,,,,,,,,,,,7.383380404,8.438503591,7.280439109,8.700306686,12.60799887,12.57788121,13.50404741,9.568054391,13.24288804,12.72924896,13.05601613,11.73484732,12.18075841,10.09617724,9.262925466,7.196860722,7.544178037,7.004680356,6.408194727,6.453460617,5.80760974,3.766625054,3.977775816,4.085746432,4.464006382,4.428820557,4.641300243,4.836280333,5.188416651,4.941930178,5.10374951,4.70095841,4.578178687,4.817970059,5.185022417,5.385699127,4.752652129,4.693005841,4.864649965
Costa Rica,CRI,,,,,,,,,,,18.16231184,18.71935065,19.14725285,20.13205522,20.77756018,20.39501101,19.69519627,18.99038041,18.73822227,18.30738683,18.59921955,18.94446306,20.33544927,21.85594754,22.49340382,22.08697664,21.32088947,21.33257466,21.27188894,20.35344498,19.37993822,20.56796505,20.70093998,19.71731342,19.07157614,19.00693564,19.14360396,19.45801468,18.94930102,18.67749417,18.3175432,17.42742442,17.39325228,17.10222913,16.88855156,16.86748938,16.48597917,16.1311206,15.13425501,14.15299869,14.57565076,14.29614148,13.87788824,12.84263349,12.28790197,11.60708171,11.60516482,11.73400161,11.92433064,12.04644495,12.79084649,13.73339614,14.08006116,13.61878752,12.9639766
Caribbean small states,CSS,,,,,,,,,,,,,,,,,,,,,,,,,,,,,,,,,,,,,,,,,,,,,,,,,,,,,11.71832006,10.02313491,9.961385458,9.117916322,10.10755678,10.11638679,10.06523129,8.905085561,9.329151436,9.810087191,9.421614969,7.407803696,
Cuba,CUB,,,,,,,,,,,7.858146696,7.85911709,7.859257227,7.858366289,7.855111017,7.85887978,7.863967189,7.859962857,7.853913174,7.838831486,7.877726074,7.889401544,7.839940922,7.823667114,7.763423316,8.072196868,7.947778302,7.592638856,7.742296867,7.462205307,7.135125209,7.822713095,8.923775616,8.954687175,10.73361043,11.4475064,17.65213621,18.31079724,16.89945613,16.61471508,16.42281796,16.06948969,15.35553207,14.2340646,13.77614323,13.88952599,13.42192678,14.5102971,14.66229651,14.9806701,15.6308295,15.33990433,16.10314324,15.73339555,15.08751353,14.90873701,13.85020632,13.50047732,12.81290802,12.47926085,11.1969245,10.53505397,10.74028618,13.30792399,
Curacao,CUW,,,,,,,,,,,,,,,,,,,,,,,,,,,,,,,,,,,,,,,,,7.687075882,8.027811261,7.490238778,6.952001325,7.310134482,6.025589312,7.721131958,7.48319649,6.663114693,7.602313197,6.142326731,7.504112928,7.528146468,8.072718456,8.105265955,8.597556757,9.268391015,8.782614533,6.200858868,5.085742949,2.764597864,2.628538224,2.507929,2.713873662,
Cayman Islands,CYM,,,,,,,,,,,,,,,,,,,,,,,,,,,,,,,,,,,,,,,,,,,,,,,0.782115167,0.824566379,0.828842009,0.822761545,0.758182602,0.754645358,0.782351407,0.793861988,0.82645191,0.831096148,0.859683817,0.849127891,0.891116944,0.903359622,0.916881428,0.994888735,0.965182258,,
Cyprus,CYP,,,,,,,,,,,,,,,,14.31905766,17.25066696,17.77357132,18.2823311,17.59288274,17.54570283,17.60273646,17.02605426,16.53030612,16.09092043,15.64566198,15.02279823,15.37467696,15.46169596,14.69715022,14.15659113,14.19972266,13.43581737,12.77368959,12.14835445,9.537131519,9.408263379,9.301200762,8.933760967,8.630096305,8.149384652,7.745837681,7.733679054,7.340448158,7.209159986,6.802598273,6.131202682,5.742786248,5.475408663,5.378285108,5.052985883,4.6005567,4.189973908,3.88480354,4.077493541,4.260123061,4.570513357,4.892090276,5.297587885,5.406328333,5.631417653,4.988032074,4.301291112,4.347455259,4.175887332
Czechia,CZE,,,,,,,,,,,,,,,,,,,,,,,,,,,,,,,,,,20.83126554,21.00467922,21.3717295,22.21095147,23.06702455,22.70338109,22.44694622,23.23636288,23.5170981,22.23374226,21.55730788,22.63758037,22.55008601,23.19746579,23.15856672,21.9248537,20.34380897,20.69823792,21.86430725,21.71360334,21.76173198,23.46916657,23.73395061,23.76109584,23.18245322,22.30603789,22.12667662,20.79682337,19.64098162,19.39506136,20.01632074,20.03580479
Germany,DEU,,,,,,,,,,,,,,,,,,,,,,,,,,,,,,,,24.62437406,23.16605162,21.04817508,20.50157234,20.21706063,19.73301323,19.89462073,20.08702919,19.74350581,20.28403595,20.08635728,19.47633312,19.55297415,19.78962425,19.76936075,20.33884543,20.5298912,19.75363752,17.35284804,19.43277295,20.13421598,20.0571351,19.76779387,20.11711226,20.15089203,20.4345908,20.20137432,19.86575851,19.36883289,18.63732817,18.69676265,18.27641413,18.35954654,17.81046905
Djibouti,DJI,,,,,,,,,,,,,,,,,,,,,,,,,,,,,,,,,,,,,,,,,,,,,,,,,,,,,,1.956569604,2.774835679,2.735558076,2.835573147,3.101527096,3.315834632,3.702960024,4.48288266,5.217457863,5.026660919,4.679552811,
Dominica,DMA,,,,,,,,,,,,,,,,,,3.886964509,4.401864741,3.837091685,4.00290653,5.239558981,6.289630015,6.018275791,4.761765132,5.057309634,5.251934683,5.05354115,5.158792916,5.571923104,5.517964182,5.876702171,6.386480157,6.427623243,5.610736751,5.693393235,5.673048899,5.869913333,6.627149602,6.249511582,6.864955518,13.31207379,16.00726526,10.03214413,8.887893047,7.727096402,8.057634531,6.842960063,4.672803451,4.570562503,4.661518075,5.198312706,5.973835554,5.260870156,4.960876065,4.444359766,3.87651724,3.508079892,3.291358636,3.448117275,3.165633862,3.627965734,3.951803218,3.841832665,4.73392187
Denmark,DNK,,,,,,,18.12863968,17.67901487,17.56098218,17.22553249,16.87950144,16.64398296,16.17531466,16.31663567,16.52656495,16.52906503,15.83723474,15.83598241,15.25523552,15.22749529,15.64124893,15.27622147,14.99666475,15.30735599,15.85005261,15.79903898,15.56317909,14.97862064,14.75304489,14.76721034,14.867425,14.61338201,14.73859738,14.32406957,14.43434845,14.72973294,14.18795079,14.64293281,14.53894267,14.26300012,14.15741986,14.03746244,13.92717272,13.2382995,12.75408971,12.04290748,12.08334667,11.95928944,11.80878042,11.16083278,10.87677269,10.97084351,11.20856346,11.79985371,11.82939053,12.48453431,12.94016921,13.01454838,13.00432755,13.40242787,12.83710873,12.73978053,12.8347347,15.95901224,16.81611858
Dominican Republic,DOM,,,,,,15.55005067,18.16241488,19.23076923,17.5145955,18.66720845,18.53921239,18.37383738,17.47509309,17.01211191,18.62118467,20.89631029,20.62001771,18.97931155,18.45429199,16.88732087,15.01190599,14.98419452,17.59924644,16.5607455,14.73175781,12.25974028,12.67666684,12.79258646,12.11244913,17.66840587,17.95913603,26.21538143,24.49211523,23.48917099,22.9887776,21.71227463,22.70483567,21.7391349,21.64802908,21.67313716,20.97486043,19.6642972,20.3672058,21.75521083,21.57660311,18.38167881,17.54374752,16.22926797,15.98254894,14.94318266,14.62819596,14.23021247,13.96247136,13.39387041,13.15667226,13.11727805,12.6815911,12.29607703,12.10424126,12.11940589,12.95259917,13.67763617,13.36801595,12.52666399,12.46392187
Algeria,DZA,,,,,,,,,,,,,,,,,,,,,,,,,,,,,,,,,,,,,,,,34.47905286,44.98039779,10.3451538,9.261218511,8.640079984,7.861182135,8.061518762,8.115846563,8.460452279,8.82116732,7.87621943,9.370825052,9.733438746,8.55895561,8.020186457,9.877979709,7.110017599,6.898538766,7.334568294,7.0773804,6.403969944,6.282395033,8.189556433,10.21479811,9.29539943,
East Asia & Pacific (excluding high income),EAP,,,,,,,,,,,,,,,,,,,,,,,,,,,,,,,,,,,,,,,,,,,,,30.40680486,30.31676181,30.59766126,30.4961748,30.31387427,29.73773201,29.26619124,29.63272504,29.23512982,28.57063727,28.41331509,27.27683195,26.48688639,26.56550204,26.38233139,25.40427754,25.03219929,26.17367388,25.59237528,24.70000739,24.15379191
Early-demographic dividend,EAR,,,,,,20.31120436,20.06152513,18.38315372,18.27575223,18.80511598,18.48144543,19.14513323,18.82911173,18.92902049,18.19686092,17.53250437,17.03610227,16.61634505,17.00868698,16.49413807,15.30910236,15.60469147,15.25566999,15.84401957,16.29335446,15.97608773,16.23692333,16.75816684,17.83452167,17.55362406,17.93258643,18.00081695,17.79341849,18.07316527,18.0899062,18.38347168,18.49749931,18.95780183,18.6395323,17.9972511,17.95442631,17.34932161,17.47576591,17.14550439,16.91473408,16.52389746,16.83471348,16.40744576,16.17322719,15.93179826,15.61260592,15.46784204,15.46788138,15.22299736,15.3268714,16.89857027,16.76650771,16.71655638,16.85307107,16.51480674,16.95286144,17.41003515,17.28771901,17.02385151,16.33292501
East Asia & Pacific,EAS,,,,,,,,,,,,,,,,,,,,,,,,,,,,,,,,,,,,,,,,,,,,,23.333756,23.57019259,23.92968526,24.37522122,24.22336682,23.40506052,24.11111918,24.02892836,23.95214573,23.91643575,24.22265675,23.98123025,23.49662201,23.70468182,23.72729461,22.95385889,22.84065087,23.94480583,23.42014036,22.68162999,22.47785265
Europe & Central Asia (excluding high income),ECA,,,,,,,,,,,,,,,,,,,,,,,,,,,,,,24.53664774,27.38932742,29.06773604,29.02121452,23.40953588,25.09308389,24.4119412,22.40736503,22.20508896,22.75168548,20.96014224,19.15720461,18.25146432,17.79856204,18.04057028,18.0055383,17.83311015,17.71779479,17.32266493,16.4734926,14.94411354,14.68883229,15.29589527,14.84941573,14.94258155,15.30970242,15.41934847,15.73390831,16.28508646,16.88035742,16.29812066,16.90114363,18.58230995,18.30723565,16.89489648,
Europe & Central Asia,ECS,,,,,,,,,,,,,,,,,,,,,,,,,,,,,,,,18.90282265,18.50178062,17.59441595,17.72108102,17.66741477,17.27750005,17.19500188,17.38782155,17.03219681,16.75469374,16.30686783,15.86696169,15.49297615,15.26812122,15.00274388,14.89383349,14.85395908,14.4903331,13.22689567,13.66967379,13.78917202,13.51869721,13.43799744,13.62591405,14.08530494,14.17085534,14.21916399,14.18877949,14.01420138,13.9335302,14.09797936,14.00017213,13.80365392,13.28169591
Ecuador,ECU,19.71224117,19.30331561,19.47095099,19.91420665,21.50305319,20.40287455,21.9174308,21.64316173,21.20868225,21.72583121,23.19106563,23.0935014,21.75169416,18.65443496,18.86649315,18.84213851,19.31867125,20.72471062,19.6868082,20.52632586,18.33952025,18.49343716,19.72246402,19.28009029,22.1415148,21.61617896,20.52334508,21.22062335,21.49798822,21.37869963,22.33093507,23.63888285,25.81240088,22.3930079,22.84245553,22.16456978,21.92432471,20.42037345,19.92601448,21.26793631,23.93930984,20.42725717,18.87632074,17.31606001,15.91869992,14.70379653,14.04837153,14.11745837,13.6931926,14.30676786,13.4157105,12.85015032,12.59967738,12.26118054,13.13510004,14.29973172,14.59265884,13.93165238,13.36630803,12.67848577,12.94181274,13.01004056,12.88473079,13.29947124,12.87622685
"Egypt, Arab Rep.",EGY,,,,,,,,,,,,,,,16.79461492,16.72634078,14.81072696,13.64206629,13.50078917,13.08028919,12.35712563,12.73938232,12.18382615,12.27819549,12.8164557,14.11796247,14.40136054,15.79999981,16.8879875,17.20129831,16.97494739,16.01777751,15.62185478,15.73453608,16.01714286,16.33823529,16.53705318,16.31553215,16.97912317,17.95351105,17.99797118,17.69807639,18.49675376,17.30383234,17.23696682,16.70945218,15.97756192,15.36992481,15.52236739,15.78615429,16.10227084,15.76719422,16.16547441,16.60837454,16.77444601,16.6974467,16.84132649,16.59352061,16.35088959,15.98829896,16.38045607,15.48528388,15.97053223,15.06390984,13.89346153
Euro area,EMU,,,,,,,,,,,,,,,,,,,,,,,,,,,,,,,,19.67987587,18.97890709,18.11652254,17.89106437,17.86845704,17.46888963,17.53221742,17.56209393,17.21747991,17.33758273,17.04718227,16.542706,16.10251383,15.88402852,15.58539393,15.50059667,15.54108418,14.93994872,13.48983672,14.13172652,14.4349975,14.27587347,14.17891071,14.36967012,14.96898254,15.03408168,15.03605214,14.93184967,14.71736287,14.46681562,14.66255957,14.76718231,14.37346485,13.82579707
Eritrea,ERI,,,,,,,,,,,,,,,,,,,,,,,,,,,,,,,,,7.380985046,7.831276057,6.964460186,8.123158435,8.6195164,9.59402427,8.587062851,9.171192024,9.30749871,8.931812254,9.113936833,9.099783356,8.580164513,6.828078795,5.984778258,5.463345188,6.523910093,5.492755114,,,,,,,,,,,,,,,
Spain,ESP,,,,,,,,,,,,,,,,,,,,,,,,,,,,,,,,,,,,16.28669945,16.37195109,16.68339849,16.57897721,16.32042094,16.26714682,15.82976441,15.18985147,14.60177928,14.01764298,13.50210425,13.07185445,12.60675928,12.3951846,11.32787817,11.1141954,11.20147096,10.81186219,10.86625873,10.99755618,11.01376859,10.95277065,11.11455833,10.78863229,10.6967321,10.85321294,11.25608471,10.98011181,10.89163625,10.7093559
Estonia,EST,,,,,,,,,,,,,,,,,,,,,,,,,,,,,,,,,,,,16.98041471,16.3168178,16.53460899,14.8435691,14.48756513,15.46717285,16.06165693,15.66725317,15.74273673,14.91691036,14.66420612,14.46581992,13.86930492,13.74423684,12.28947347,13.74835959,14.55256726,13.87707302,13.5540035,13.96109514,13.6547461,13.61047627,13.34089128,13.21384231,12.88032413,12.59178581,13.04633357,12.15514009,11.91405826,11.30262206
Ethiopia,ETH,,,,,,,,,,,,,,,,,,,,,,4.288250112,4.165093024,4.029034395,4.828623256,3.961105079,4.290016324,5.020795503,4.753077582,4.715757947,4.512588069,3.142602235,3.037716485,3.850162304,4.169584595,4.767187976,5.085479804,7.123356738,5.128905344,5.594196085,5.60524515,5.776228139,5.766490583,5.770037501,5.350705611,4.842961246,4.637738366,4.579682468,4.108135336,3.880255796,3.97390612,3.682551396,3.420060719,3.702189003,3.991325246,4.404619139,5.691397155,6.186588621,5.827617949,5.594368154,5.303280953,4.605688479,4.241062286,4.47900684,4.406036587
European Union,EUU,,,,,,,,,,,,,,,,,,,,,,,,,,,,,,,,19.6986063,18.97559143,18.08701785,17.93702463,17.9488845,17.57526912,17.64895901,17.66046116,17.30963281,17.42289876,17.09958122,16.61932913,16.20686647,16.02371135,15.74265062,15.6921986,15.7396443,15.16728604,13.75586624,14.38898249,14.70729955,14.50017221,14.35560647,14.60451228,15.19619099,15.26428174,15.21339269,15.09123301,14.87990653,14.56778636,14.77343088,14.86965637,14.60859006,14.01646688
Fragile and conflict affected situations,FCS,,,,,,,,,,,,,,,,,,,,,,,,,,,,,,,,,,,,,,,,,,,,,,,,,,,,,,,,,,,,,,,,,
Finland,FIN,,,,,,,,,,,,,,,,23.14206942,23.04350006,22.34766099,23.03322363,24.01388724,24.20083185,23.3861433,22.6631146,22.28925758,22.30268328,21.71747531,20.76392878,21.1495849,20.71073798,20.45856817,19.50881667,17.1562367,18.10440403,19.8563252,21.01471659,22.25404758,21.41561332,21.66678704,22.91851766,22.83194628,24.16010441,23.60437858,22.87456211,21.95248955,21.54515847,21.2181021,21.81521569,22.13152,20.7904125,16.66987647,17.03933626,16.35526549,14.59541467,14.64345912,14.60251148,14.84119281,14.74756278,15.37431132,14.79010802,14.7120972,14.52321828,14.94026467,15.75516185,14.47089617,13.85556739
Fiji,FJI,,,,15.95330739,16.36690647,15.58219178,15.28822055,15.29051988,14.54046639,12.61770245,12.35662148,9.957527135,10.33295063,9.340818995,10.66666667,10.6685614,10.74579507,10.51356333,10.08259755,11.55831964,10.93829308,9.479166667,9.777169032,8.268516173,8.819101388,8.457079915,9.347266881,10.73785149,8.643235072,11.27363435,11.9195101,12.32527914,11.68236801,12.57537364,12.77897198,11.93157458,11.45889127,12.62924178,12.90911859,11.54400776,12.27321334,13.69109516,12.95096279,11.72443364,12.7568345,12.21519246,12.75797172,12.10973512,12.15567561,12.30291029,12.31043606,11.92467009,11.56227143,11.5664407,10.65411419,10.49615987,10.93181017,10.44613155,10.38758014,10.37652319,11.06470988,11.40273578,10.08606943,9.36178619,8.887726194
France,FRA,22.37530789,22.54632664,21.77480366,21.73195866,21.77833301,21.54747473,21.45745906,21.0032043,20.58480204,20.07772367,20.06204991,20.31469451,19.65748195,20.06333133,20.29128877,19.61919406,19.54452552,19.53477718,19.26144831,18.75958515,18.36605197,17.89040668,17.30126225,17.3058896,17.07066128,17.11759053,16.75955306,16.31481979,16.18682025,15.99819392,16.02604776,15.74016492,15.41144515,14.86930388,14.48867327,14.70471635,14.28266691,14.52723691,14.50721583,14.31206582,14.38783922,13.92965516,13.45980537,12.99226635,12.56722082,12.1452501,11.63903462,11.57992386,11.06797654,10.52167426,10.27753415,10.31328405,10.24707958,10.25334993,10.18149835,10.31991164,10.16523202,10.01005158,9.886205216,9.910950006,9.245667104,9.095825158,9.543882641,9.731756181,9.43316858
Faroe Islands,FRO,,,,,,,,,,,,,,,,,,,,,,,,,,,,,,,,,,,,,,,6.944763397,7.260709292,6.579252458,7.654788903,7.354095266,6.803917407,6.346533504,5.669477874,5.422254078,5.093105263,5.08362416,5.462713971,5.38957771,5.267383257,5.435470678,4.919085283,6.071000563,6.383900214,5.318351269,6.171672511,5.616643821,6.668257954,6.837750587,7.121001029,6.751986053,7.605413015,
"Micronesia, Fed. Sts.",FSM,,,,,,,,,,,,,,,,,,,,,,,,0.475565713,,,,,,,,,,,,1.360440446,1.155148359,1.403548338,1.502240339,1.425544141,1.590376548,1.852256849,1.747422451,1.607689923,1.370527315,0.531440747,0.356588004,0.369216223,0.399171408,0.410190214,0.420786269,0.429230046,0.396273538,0.363350466,0.366616218,0.41884433,0.557138462,0.52810585,0.492372449,0.488147208,0.493935831,0.507173168,0.50882676,0.510050552,
Gabon,GAB,,,,,,7.207207207,6.622517653,9.131738024,7.956104813,7.134231634,6.815642052,7.136061846,7.741934562,6.641837368,3.658864676,4.260380623,3.865943541,4.723270067,5.971810089,5.010859448,4.556514046,4.03049071,4.289680377,4.480382264,5.372060147,7.249583472,9.322982947,8.47815066,7.602661755,6.402096593,5.584351475,6.172414268,6.19485766,6.291970421,4.731037062,4.524886878,4.061384235,4.39677077,5.610586011,4.726576106,3.724848955,2.541160328,2.674539273,2.667338588,2.781723242,12.92979084,11.46783873,12.7816305,14.22278354,19.02437307,17.08046111,19.15280075,16.50140564,17.16241396,17.39340587,16.68703304,17.45600677,17.62241867,18.94155761,18.80256883,18.57647094,21.64954708,20.32939604,19.52088866,19.62480581
United Kingdom,GBR,,,,,,,,,,,,,,,,,,,,,,,,,,,,,,,16.48603609,16.0863945,15.87087061,15.51067096,16.22474061,15.33788424,15.13539115,14.94842171,14.39067162,13.79173504,13.27665087,12.47636622,12.11526566,11.56235149,10.94994318,10.51418089,10.07603065,9.672045924,9.591051707,9.071979504,9.445259186,9.329419761,9.346303207,9.593675847,9.410667517,9.294732816,9.109806215,9.054195907,8.95235989,8.796819583,8.997255033,8.646320119,8.108404435,8.283647187,8.007922865
Georgia,GEO,,,,,,,,,,,,,,,,,,,,,,,,,,,,,,,,,,,,,16.89543751,15.15071681,13.25939348,12.76659552,12.24537075,12.23104585,12.80445279,13.03230929,12.2217359,12.0945882,11.11828222,10.94811049,10.44304295,9.928277549,9.071429861,9.451541055,9.544907696,9.22261068,9.210553244,9.238687912,7.78368506,8.770753507,9.057120818,8.825634879,9.428180923,9.916045715,9.723255696,8.355354909,8.121450787
Ghana,GHA,,,,,,9.754433834,10.21080369,11.90159574,12.58823529,12.3938031,11.42098274,11,10.87033748,11.68237646,10.77253219,13.95040697,13.14741036,10.7856311,8.639092728,8.670540713,7.808270326,5.973067496,3.605510636,3.858442278,6.396339458,11.53249691,11.14993752,9.882037534,9.563392555,10.00660451,9.762852908,9.271897473,9.331061856,9.382505617,9.106628242,9.326986338,8.634146772,9.051681381,8.987627197,9.024383133,9.016849277,9.002986549,9.027260448,8.975523635,8.741998633,8.655388399,9.541016599,8.596404815,7.544118186,6.772090634,6.388658627,6.423765859,5.660586499,11.58854746,11.01994883,11.09829956,10.82042459,10.15222309,10.12013334,10.16121873,10.95305585,10.88542554,11.48443203,11.14142626,10.07298701
Gibraltar,GIB,,,,,,,,,,,,,,,,,,,,,,,,,,,,,,,,,,,,,,,,,,,,,,,,,,,,,,,,,,,,,,,,,
Guinea,GIN,,,,,,,,,,,,,,,,,,,,,,,,,,,,,3.076859979,3.050012078,3.243804395,2.684292521,3.085777875,3.157852337,3.093873902,2.628997838,2.532794699,2.376837716,2.516376389,2.636754057,2.589302537,2.589919143,2.596791621,4.065621413,3.8856338,4.172621608,11.38061708,11.43785914,12.67171793,12.56367225,10.63328557,10.47127693,10.5298592,10.80077855,11.08249354,12.11873567,10.92667597,10.02158683,12.07324995,10.40035898,9.566256632,11.42279297,12.74535635,,
"Gambia, The",GMB,,,,,,,2.976567448,2.975495916,2.973760933,2.975557917,2.937127123,2.969432314,2.956081081,2.9296875,2.959121415,2.977190876,3.68441983,3.979155541,3.766741071,3.502807871,4.88069532,5.673139865,4.64975329,6.64950166,8.67684078,6.672734513,6.257778469,5.993721169,4.801699321,4.926553968,5.529760458,9.213470361,8.895895297,8.704322984,8.024792925,8.152714465,7.574464445,8.020239315,7.543534474,7.154046229,6.766691548,6.631611383,7.020899378,5.916642809,5.262075726,6.302016927,6.645413213,6.509075479,5.591328964,4.829974843,4.550839575,5.488714202,5.748159799,5.611202563,6.511781045,6.349254347,5.586257013,4.469292134,4.255461446,3.787177037,2.613383788,1.902071901,1.430762912,1.507852551,
Guinea-Bissau,GNB,,,,,,,,,,,21.24550093,,,,,,,,,,,,,,,,14.41178093,7.904215006,5.998347751,7.377797624,7.864307206,3.613896302,2.421557537,3.391662214,6.795722065,7.427707966,6.975396383,4.988014836,7.399533297,7.254128581,7.691262936,7.361312784,8.97342051,9.200145845,8.735369034,9.576672292,9.509061285,8.351259705,9.2853951,9.346379196,9.097635045,9.20015795,8.892949193,8.724656513,9.343589945,8.858907124,8.655694068,8.139974905,11.21382516,9.76455061,6.508567277,6.751186617,7.062716924,8.854359623,9.379039986
Equatorial Guinea,GNQ,,,,,,,,,,,,,,,,,,,,,,,,,,,,,,,,,,,,,,,,,,,,,,,7.133685719,14.51441507,20.36751704,18.03795957,21.01648193,22.46849117,17.08975216,19.28578894,20.12563307,17.8446575,18.50431156,25.75059535,25.57013777,20.85383948,19.52706539,20.93068942,25.3933756,24.64465903,24.81291421
Greece,GRC,,,,,,,,,,,,,,,,,,,,,,,,,,,,,,,,,,,,11.36022266,10.80347327,9.898584671,9.742965573,10.03737564,9.920552167,10.40410184,10.27792066,9.995781121,9.651037663,9.533684688,9.129228047,9.023030501,8.887748835,8.171746279,8.024112152,8.148725837,8.136423895,7.780487224,7.793231312,8.293979413,8.107747295,8.017712658,8.181820628,7.839589993,8.427280422,8.665589577,9.154559481,8.730572129,8.732261161
Grenada,GRD,,,,,,,,,,,,,,,,,,2.010282201,1.93987353,1.853294253,2.452119274,2.305591119,3.542934458,3.007323826,3.479879402,3.84922054,3.619110955,3.808431521,4.080531867,4.078935269,4.260959196,4.292058224,4.752152172,4.165402958,4.381204917,4.586109801,4.61397033,4.54802493,4.582895638,4.750430163,4.534634438,4.507645286,4.365931627,3.888498303,3.361388539,2.895809372,3.383492046,3.594188511,3.313655454,3.315354459,3.452880763,3.37761669,3.2467773,3.380555324,3.420911485,3.419120925,3.353300098,3.08059289,3.116596128,3.37198336,3.12898222,3.313805434,3.353603213,3.554363375,
Greenland,GRL,,,,,,,,,,,,,,,,,,,,,,,,,,,,,,,,,,,,,,,,,,,,6.482870109,7.942337458,8.31327582,6.976569352,5.82903987,6.099350899,4.732798537,4.343656769,5.309427495,5.188370324,5.069133592,4.363989719,4.059760435,4.574263185,2.535995199,5.12746099,3.321594365,2.883816196,1.985309387,4.095685543,2.723080078,
Guatemala,GTM,,,,,,14.07910576,14.73529877,15.34896457,15.73616268,16.11533847,15.78624475,16.01859633,15.74128873,15.93989117,15.6692809,15.14430182,15.57490594,15.99236325,16.21385477,16.34888256,16.64789369,16.0260918,15.747432,15.85357609,15.85646657,15.83787436,15.9138836,15.68124986,15.42571717,15.1812867,15.05099129,14.86375504,14.64260021,14.49709125,14.34611478,14.11392408,13.9689152,13.74617549,13.56736083,13.39703099,13.17089605,19.98979847,18.80800868,18.76240638,19.1936872,19.00164413,19.03480182,18.59078092,18.76713397,18.95369257,18.93836957,18.95689978,19.42672595,14.41642292,14.07664902,14.3263286,14.19060071,14.14044209,13.95427637,13.81129073,14.10815895,13.92685298,14.08126175,14.01110828,13.58755846
Guam,GUM,,,,,,,,,,,,,,,,,,,,,,,,,,,,,,,,,,,,,,,,,,,,,,,,,,,,,,,,,,,,,,,,,
Guyana,GUY,9.32145305,9.88700565,10.65230401,13.17623631,11.08116202,11.77931034,10.93106996,10.93345874,10.66376496,10.52948255,10.64227035,10.86686758,10.66243951,9.972084367,12.60081701,13.60842105,11.87395476,10.92735841,10.84641477,11.00972777,10.74270557,12.58609972,12.37897649,10.76294278,11.0042086,11.64102564,12.48847984,12.02877663,11.11648166,11.72313814,4.551548211,3.731458194,3.765994779,3.343819769,3.069395473,3.224161824,3.107866516,3.090609074,2.954574891,2.97659002,2.64129456,2.6978242,2.855226715,2.68908263,2.631385238,3.071454999,6.789659208,6.72345246,6.910875949,6.56111716,5.744109266,6.018401104,6.015709492,6.345950316,6.046221801,5.939100711,4.966743259,4.789300947,4.668406954,5.049182881,4.244023924,3.135049958,1.867026158,2.255785104,
High income,HIC,,,,,,,,,,,,,,,,,,,,,,,,,,,,,,,,,,,,,,17.81931732,17.54757413,17.36904903,17.25249075,16.21213545,15.76187466,15.57486463,15.48282467,15.22006492,15.01514798,14.87235091,14.36693422,13.48779176,14.04593665,13.89739666,13.70009292,13.40986859,13.41337693,13.65905328,13.55191586,13.52261821,13.55648603,13.17845099,13.01915605,13.14389049,12.84785676,12.70228773,12.44543443
"Hong Kong SAR, China",HKG,,,,,,,,,,,,,,,,,,,,,,,,,,,,,,,,,,,,,,,,,4.590576007,4.055203756,3.52821656,3.105193173,2.996926988,2.807541825,2.639769422,1.960616833,1.845167782,1.730546122,1.711954747,1.580724038,1.502165622,1.410275896,1.233846828,1.113965008,1.077813441,1.026428301,0.972374903,1.032188855,0.953922818,0.912665496,0.946895462,0.945370863,
Honduras,HND,11.33621332,11.24368332,11.37330754,11.59190639,11.64113786,11.3044333,11.44649514,11.38605584,11.67285096,12.32784339,12.51728907,13.40629275,13.76089749,14.30137065,14.20976317,14.19039146,13.46439219,13.26744574,16.81156191,18.15908365,16.63214212,15.52928748,17.08980146,17.66325738,19.19738776,18.88554416,18.69143849,19.87480096,18.71466421,20.11537468,21.54128493,19.48269649,19.36826562,18.49431611,20.44378368,19.85701606,20.23397012,19.24729514,19.47765667,20.9363328,20.53561885,19.63852766,19.89221672,19.77400576,19.15725276,19.08397071,18.97012914,17.95145037,17.80521758,16.6306404,16.53655701,17.19439402,17.68613956,17.29425925,17.25458749,17.54311202,17.14677251,17.1266629,16.89270829,16.53449257,16.23346941,16.21516462,16.21950058,15.20653935,14.86666178
Heavily indebted poor countries (HIPC),HPC,,,,,,,,,,,,,,,,,,,,,,,,,,,,,,,12.00371696,10.60914298,11.23460147,11.25142264,10.40509694,10.58926706,10.31265786,10.4208071,10.95571234,11.1389742,11.08205663,11.48607523,11.36375879,11.05773172,10.79711568,10.34586486,10.23370528,10.03403695,9.541423042,10.34456848,9.697025351,9.884579143,9.945427744,10.35175996,10.34949994,10.41827183,10.51213696,10.36874758,10.58380372,10.68655146,10.69736952,10.88888167,10.64699032,10.64030218,10.22636462
Croatia,HRV,,,,,,,,,,,,,,,,,,,,,,,,,,,,,,,,,,,,18.36322286,16.46086389,16.81285003,15.98273287,15.96211717,16.6758182,16.35584666,15.22084271,14.84222716,15.01360614,14.28672365,13.76894814,13.84126202,13.4547049,13.24671773,12.95424141,13.65976277,13.51493786,12.60844544,12.73111782,12.73615396,12.87492335,12.75935501,12.2987948,11.99404314,12.15551643,11.65709433,12.27472228,12.11755565,10.77230849
Haiti,HTI,,,,,,,,,,,,,,,,,,,,,,,,,,,,,13.61747391,14.4511465,13.71582854,11.45142999,11.38770294,13.18910284,13.47242717,19.19386527,14.15761357,10.77774692,9.621118466,10.06259422,13.02901081,13.82010643,13.70199824,14.9337874,15.84228928,15.91581963,16.46140689,15.57974618,17.01827927,16.86288965,14.4766049,14.65405803,16.12659307,15.76674163,16.62121864,16.96853464,16.36683512,16.38462264,16.69063712,16.74966828,17.63777188,19.43042416,23.12872302,24.47841491,26.23157075
Hungary,HUN,,,,,,,,,,,,,,,,,,,,,,,,,,,,,,,,,,,,18.12627058,17.99923626,19.69033855,19.94640068,19.30219376,19.0826422,19.1558165,18.54953766,18.59911298,18.97412441,19.03442027,19.70823555,19.0624478,18.27365132,17.1623331,18.13536692,18.45945335,18.493718,18.70732178,19.4234614,20.20767617,19.5575597,19.10339273,18.40284232,17.326162,17.27399078,16.52661625,16.83482583,17.27092714,15.80891401
IBRD only,IBD,,,,,,,,,,,,,,,,,,,,,,,,,,,,,,,,,,,,,,,,,,,,,20.88209753,20.4881957,20.60616239,20.42457881,20.47738546,20.50295897,20.19468306,20.25207601,20.24880889,20.07169225,20.41513038,21.37357342,20.977307,20.89983838,21.19605771,20.5553056,20.91900962,21.87855163,21.22250915,20.40742095,19.70317658
IDA & IBRD total,IBT,,,,,,,,,,,,,,,,,,,,,,,,,,,,,,,,,,,,,,,,,,,,,20.09322497,19.74682606,19.83656252,19.69122662,19.72138841,19.74966202,19.45792938,19.56627893,19.59389764,19.4409834,19.74945509,20.61166261,20.30289942,20.2679382,20.57543403,20.02458862,20.36653658,21.34188986,20.73068319,20.000081,19.30557227
IDA total,IDA,,,,,,,,,,,,,,,,,,,,,,16.08778666,15.38803137,14.26653801,12.52327083,13.21023714,13.52748231,13.18250114,13.60316564,13.13224018,13.11022635,13.0398947,13.13329387,13.05021271,14.02809088,15.2671106,15.37741883,15.65432577,15.1812406,12.70498892,11.50047775,11.83473457,11.6951081,11.63200979,11.59441888,11.54190851,11.34579405,11.02971342,10.67055047,10.80591448,10.09348044,10.42934409,10.80795774,11.24740475,11.45503378,11.45984677,12.11108568,12.22173326,12.62771337,13.35484692,13.54278087,14.08722367,14.24700966,14.29425313,13.63250847
IDA blend,IDB,,,,,,,,,,,,,,,,,,,,,,19.46621347,19.26543042,19.10392935,16.50720109,18.20988965,17.29094614,16.1936221,16.7431866,15.72848876,15.72374543,16.65077529,15.73769931,16.05346678,17.53322121,17.76642208,17.25295593,17.45414937,16.36227542,13.80064143,11.34631271,11.65271133,11.07842422,11.24459158,11.23060368,11.46182638,11.1366608,10.82291235,10.65214174,10.23064637,9.250739906,9.704964059,10.07995027,10.5977973,10.92444072,10.66222647,10.27004424,10.44037136,10.74753665,11.77672034,12.06005387,12.92142654,13.29827778,13.7908181,12.84100949
Indonesia,IDN,,,,,,,,,,,,,,,,,,,,,,,,13.42838844,15.06283399,16.36745044,16.75807614,16.94512522,18.47399947,18.1376047,19.89302505,20.95643794,21.7564418,22.30495082,23.34803779,24.13317871,25.61663487,26.79294652,24.99567095,25.99487911,22.65975121,30.75459722,31.95327849,28.25284184,28.06582659,27.40750748,27.53757408,27.04841275,27.81427299,26.35547453,22.03862859,21.7608545,21.45095506,21.02868868,21.07517605,20.98578743,20.52297468,20.16002236,19.86319338,19.70353909,19.86642189,19.24340778,18.33617711,18.66741645,18.98402699
IDA only,IDX,,,,,,,,,,,,,,,,,,,,,,,,,,,,,,,11.33522083,10.30657512,10.70461519,10.07829961,9.90905882,10.68031653,10.87458956,11.26900401,11.88962387,11.69403616,11.65929175,12.00800199,12.33355931,12.01518426,11.92732348,11.53791618,11.46441031,11.16266792,10.6023337,11.35973301,10.94166824,11.15839577,11.57372193,11.92154577,11.9926649,12.29025354,13.93672656,13.92695442,14.41843766,14.83552678,14.87522599,15.15862527,15.13284917,14.80547551,14.28643823
Isle of Man,IMN,,,,,,,,,,,,,,,,,,,,,,,,,,,,,,,,,,,,,,,,,,,,,,,,,,,,,3.590714929,3.198568053,2.654664939,2.679866242,2.410218788,2.080770624,2.159804289,2.142831592,2.442067969,2.052928877,1.855467098,,
India,IND,14.75011809,15.35383648,15.86329813,15.75238835,14.85073996,15.01090777,14.50399297,13.23186125,13.52278801,14.14647158,14.45654509,14.98228674,15.10254938,15.01528531,16.34591338,15.83848666,16.26588883,16.08086893,17.09644052,17.85203449,16.7523758,16.77044375,16.36999594,16.66445469,16.7078036,16.41801286,16.22158381,16.20954935,16.10153485,16.9028459,16.59759644,15.67626016,15.80079982,15.91571211,16.76413813,17.8658506,17.5963408,16.51857853,15.71931602,15.18053671,15.92702302,15.30702128,15.55870173,15.58738665,15.82724574,15.97301704,17.30365333,16.86456778,17.09867415,17.14357767,17.02993425,16.13933744,15.81692301,15.25302269,15.06557011,15.58385459,15.16223713,15.01823875,14.88153067,13.45580756,14.12048536,14.37702885,13.14542355,13.018629,12.53368965
Not classified,INX,,,,,,,,,,,,,,,,,,,,,,,,,,,,,,,,,,,,,,,,,,,,,,,,,,,,,,,,,,,,,,,,,
Ireland,IRL,,,,,,,,,,,,,,,,,,,,,,,,,,,,,,,,,,,,20.68710675,20.43953831,21.79010252,23.24454282,23.53153356,23.11914115,25.24987023,26.74511048,23.35858488,21.12736231,19.59207962,18.57305851,17.97273941,17.55906889,20.38868824,19.48655251,20.56669335,19.57535179,19.04654563,19.56455537,34.85785557,32.59455794,32.1430081,32.80640475,31.93712834,33.81615999,34.57613692,37.14682882,29.43801615,27.21167223
"Iran, Islamic Rep.",IRN,8.542499712,8.909956412,9.956708908,10.38073275,10.59922486,10.81533439,11.32367639,11.822097,11.99892931,12.52657086,12.42125855,11.91650757,11.70564996,10.98557095,8.737034111,9.112932293,9.415503527,9.195373719,8.825322099,7.465353463,9.828699259,10.57035642,10.14411813,9.062495465,9.467093181,8.875929868,9.15968647,10.24175892,11.3102577,10.9154168,14.51243465,15.95461266,16.06830324,13.56430156,15.51251446,15.34432231,16.50554303,17.43598158,16.89071244,16.65998772,16.63922502,17.14813115,15.09666321,14.79313534,15.70243428,15.04149207,15.03350612,12.90761577,12.9684578,13.27448939,12.78390806,13.79219147,16.3771989,15.72969562,15.58475562,13.45074441,12.94499498,13.75240254,15.63711735,18.04559618,21.13948696,21.21509497,19.99077244,19.41133575,
Iraq,IRQ,,,,,,,,,9.144514258,9.588531,9.8984555,8.672423888,10.22270902,10.13374486,5.522067688,6.808746194,7.243944307,8.340445871,7.213909078,5.628984884,4.515969488,6.368259172,7.640762267,8.019174392,8.938965975,9.858244847,11.98334698,11.76761364,13.59084406,13.2017503,3.681081419,3.198937143,2.869121628,2.655458517,1.484774584,1.393351329,1.005015502,0.652216662,0.861183074,0.875218459,0.908108148,1.476010091,1.521944531,1.026588151,1.761388714,1.320527376,1.541217513,1.631062342,1.6839071,2.61115151,2.269906805,2.821903293,2.721776318,2.297634844,1.877063816,2.175208425,2.252868877,2.174398743,2.031977718,2.137531496,2.588427268,2.473404781,2.246236799,3.016036251,4.087061821
Iceland,ISL,,,,,,,,,,,,,,,,,,,,,,,,,,,,,,,,,,,,12.22481759,12.17081077,14.092866,13.43774926,11.83134052,11.54729595,13.3504762,11.60226097,10.95625396,10.43030964,8.540509903,9.002634212,7.73786918,10.84608341,10.94240191,12.91384887,13.1929267,11.63381116,11.60860291,11.39934502,10.73284543,9.277257934,8.867856809,8.516588057,8.826506912,9.243895504,10.47013928,10.73672987,8.515766983,7.606048356
Israel,ISR,,,,,,,,,,,,,,,,,,,,,,,,,,,,,,,,,,,,14.92265523,15.1241822,15.49881369,15.71376514,15.77521781,16.54569184,15.24980329,14.60351496,14.19836241,14.01023023,14.74712107,15.00610312,15.34657951,14.81334333,13.98276687,14.0256434,13.56929135,13.74448896,12.96158512,12.48009299,12.89323035,12.03818729,11.44169757,11.63888202,11.58219002,12.19198268,11.75853441,12.19354901,11.72863944,11.12904265
Italy,ITA,,,,,,,,,,,,,,,,,,,,,,,,,,,,,,,20.22207829,19.28495308,18.76001993,18.58028014,18.86065047,19.18513784,18.84335641,18.62736414,18.53985886,17.9766595,17.67294035,17.19704474,16.82951287,16.13420457,15.87379942,15.52296549,15.5728364,15.9581665,15.4805311,13.65760187,14.16307986,14.13190792,13.75823421,13.7593479,13.8362219,14.26234477,14.66386002,14.81677485,14.94807128,14.80328223,14.47725612,15.36530057,15.38225388,15.26295047,14.55212926
Jamaica,JAM,,,,,,,,,,,,,,,,,,,,,,,,,,,,,,,,,,13.41418488,13.47982018,12.23285514,12.12280203,11.09923033,10.37138978,9.964782035,9.345912697,8.937324288,8.421757287,8.283961727,8.217473071,7.751515117,7.614976235,7.68942405,8.039148062,8.209481309,7.750648215,7.886422364,8.085526045,8.168795947,8.128721457,7.957090446,7.674668862,7.707022335,7.673248157,7.738459359,7.952705946,8.197332482,8.504472497,7.954697639,7.753557299
Jordan,JOR,,,,,,10.87768441,11.95744681,9.397163121,12.7744511,12.01923077,10.46409807,10.44591247,10.22727273,11.60915834,6.948405496,7.799954118,8.092383639,8.386442642,8.261033572,8.804071247,8.069362177,10.83805053,10.34482759,9.923877757,10.24244646,9.134273825,11.80093729,12.35404732,10.47412326,10.08864152,12.16906305,11.06828938,11.5693552,10.80218309,12.74872054,12.08772562,10.92922876,11.43596831,12.52451068,12.56944084,12.94780536,12.84944293,13.99470121,14.43689737,15.59777033,15.37375639,16.43217116,18.29812139,21.15498227,20.12828515,18.92653574,19.30847404,18.78887251,19.27667124,18.84793833,18.36162061,18.00550304,17.99812196,17.68954038,17.56732719,17.14720198,16.90343516,17.14858688,17.28639023,17.70538665
Japan,JPN,,,,,,,,,,,,,,,,,,,,,,,,,,,,,,,,,,,23.4692154,23.47176597,23.36115644,23.35048737,22.83664376,22.40186384,22.45220881,21.11971717,20.71470205,20.91713129,21.12059122,21.42337239,21.39928569,21.87550588,21.27403122,19.04768351,20.7662009,19.53555431,19.66670843,19.32903165,19.59360923,20.46247038,20.28803857,20.43594607,20.62168395,20.22418279,20.05157084,20.77960353,19.8229457,20.58104872,
Kazakhstan,KAZ,,,,,,,,,,,,,,,,,,,,,,,,,,,,,,,,,,,,14.60701644,13.2472781,13.33634544,12.01990349,14.09165178,16.49803593,16.44509019,14.49613089,14.21774744,13.31415365,12.04139307,11.63245808,11.49160524,11.7738897,10.87215357,11.32131822,11.08657422,11.08079904,10.63497383,10.31824363,10.27540938,11.33013967,11.28015694,11.42862275,11.46636407,13.07253218,13.60875474,13.42429667,12.28818841,11.95629471
Kenya,KEN,8.708580112,9.186091769,8.621472313,8.692306019,9.579482506,10.52188988,10.00240322,10.29077806,10.3575271,10.91293079,10.85460832,11.28570079,10.35477013,10.77763862,11.25860281,10.61251776,9.918822234,9.674713694,10.69992145,10.72869067,10.94973063,10.58275284,10.60018961,10.2587942,10.33049239,10.28453075,10.35635901,9.949540928,10.15566234,10.03919507,10.0532694,10.41254657,9.307076684,8.510982885,9.02395926,8.363447203,11.85948215,11.56828458,10.92996048,10.14458011,10.31558075,9.779939837,9.823609462,9.709025236,10.00079257,10.53608575,12.68935539,12.79043986,12.09577062,11.49295314,11.16037502,12.04776729,11.08334027,10.90901663,10.06503343,9.975179818,9.321491101,8.739141731,8.408385292,7.904615937,7.599838358,7.363301363,7.740687262,7.603929788,
Kyrgyz Republic,KGZ,,,,,,,,,,,,,,,,,,,,,,,,,,,,,,,26.4088785,27.49405405,32.14042898,25.10878294,20.48139643,8.57349908,7.901518421,13.67216651,14.13978626,12.96841868,18.10253421,17.64060988,13.04845104,13.27441178,15.32531184,12.85243094,10.99208173,9.919047314,13.21902699,14.22825136,16.86028862,18.26824869,12.07174383,15.76808892,13.6761968,14.0507757,15.43426087,14.99082804,14.26446331,13.72142421,13.15752696,11.80627098,13.64306017,12.56159792,12.61456696
Cambodia,KHM,,,,,,,,,,,,,,,,,,,,,,,,,,,,,,,,,,8.617224497,8.853806046,9.145566842,10.09532944,11.63946738,12.66115574,13.19695981,15.82616625,17.2541894,18.91548632,19.8968986,21.21946893,20.77943186,22.09961337,21.27086611,19.69001103,19.09216487,19.69336734,20.59210679,20.92125449,21.60353582,21.79997251,22.45710021,22.73403562,23.15512318,23.56639279,24.6156472,23.99807193,26.65391685,27.12232987,26.3329384,27.80577239
Kiribati,KIR,,,,,,,,,,,,,,,,,,,,9.614115691,10.67709259,10.5934291,10.13728444,9.821502084,8.749916107,9.484711138,9.233798627,8.515149342,7.750325213,8.073592703,8.733158679,7.842181896,4.856108234,5.011603925,4.871722183,5.006656667,4.363598285,4.475342771,4.326090056,4.652297947,4.408173816,4.618887978,4.539262692,4.015275335,4.356642714,4.656336536,4.550539843,5.357134198,5.218418282,4.918382119,5.815352375,5.983868268,5.288504584,5.010779498,5.158572815,4.559836977,4.909927653,5.177805005,5.471958851,4.979768369,5.458441403,5.535217086,4.923124988,,
St. Kitts and Nevis,KNA,,,,,,,,,,,,,,,,,,10.43782254,9.919832172,8.050607415,8.515472841,8.186813187,8.034099716,7.482094134,8.496412876,7.320165488,9.304236928,8.866439386,9.490209535,8.809157368,7.882713945,7.619319518,7.759609649,7.036537759,6.449750919,6.677614867,6.356124882,6.434311048,6.220979725,6.566913769,6.999929667,6.666397219,5.732847312,6.698070034,6.507967822,6.398862906,5.891075452,5.971296082,5.729675155,7.205793718,8.265241089,7.740149283,7.470871998,7.142736143,6.867001206,6.54942929,5.728716419,5.39133238,5.412704529,5.476713437,5.078375423,4.800110427,4.40958092,4.075731715,4.036055055
"Korea, Rep.",KOR,11.40456182,11.96552867,11.69718502,12.84474446,14.24901987,17.10368054,16.69636995,16.80876979,17.1539961,17.06964342,17.35679039,16.66666667,18.73374417,21.4878874,20.85895003,20.13354073,21.44920126,21.07200628,21.13657596,21.64692013,21.98584774,21.834797,21.83582199,22.97102971,24.57243995,24.22838158,25.44506136,26.72579126,27.60381028,26.59500681,25.01897224,25.18901473,24.41078933,24.64149999,25.30211274,25.80146219,24.70505809,24.66161551,25.46710788,25.67377289,26.44837351,24.87906659,24.48564896,24.12400805,26.11841277,25.73718379,25.30537196,25.48295331,25.62215148,25.77490296,27.43876659,28.23679861,27.8318955,27.78585374,27.04245216,26.60603573,26.35776522,26.94587269,26.63850865,25.22222287,24.7802807,25.48649083,25.63196364,24.31054209,
Kuwait,KWT,,,,,,,,,,,,,,,,,,,,,,,,,,,,,,,,,,,,10.95157692,11.67767868,13.23058208,11.71567697,11.07560771,6.915118882,6.343925234,7.828300259,7.89993832,8.311497029,7.260142753,5.478884949,5.534274998,4.425564995,5.12162171,5.977903035,5.613139454,5.964466638,5.879841548,5.542279001,6.977510037,7.202057283,7.501476658,7.427728721,6.379315108,9.092123748,11.04255281,7.874357545,7.551581133,7.998217927
Latin America & Caribbean (excluding high income),LAC,,,,,,49.94273018,46.82758052,41.99318025,41.45920312,42.9448008,40.24444775,41.49811296,40.11424449,39.18017683,39.81178944,36.54215012,34.54143537,34.41612234,34.88893886,32.46684151,20.77608058,24.66675454,25.46844671,24.49798467,24.92457593,24.82303155,24.97665205,24.26234657,25.54946872,25.12337364,21.29432905,20.50512373,20.34915884,20.9960601,20.15168208,16.64308389,16.35723648,16.61861734,16.26939636,16.6880424,16.95360624,16.82176803,16.64147025,17.1252496,17.02092032,16.48024719,16.4366512,16.02256133,15.73173533,14.81505047,14.61343634,13.998464,13.76604298,13.43754232,13.36081727,14.12010427,13.97935946,13.74356845,13.94488582,13.76631281,14.15814055,15.01131959,15.68644011,15.52562719,14.77422989
Lao PDR,LAO,,,,,,,,,,,,,,,,,,,,,,,,,,,,,,3.819064589,4.176091037,5.21362505,5.600221455,5.455445397,5.471178324,5.979437592,6.590139074,15.59969624,8.692607546,8.699180373,8.710887028,9.144431074,10.14926028,9.81210927,10.09899321,9.641610223,9.455624323,10.0618302,10.08310157,11.67926547,11.09441037,10.67136615,8.983772742,8.435402283,8.427695284,8.190052195,7.771563827,7.483534519,7.45272744,7.643691941,7.684786494,8.69509979,8.805813095,9.247877358,9.053670166
Lebanon,LBN,,,,,,,,,,,,,,,,,,,,,,,,,,,,,,,,,,,12.71716533,12.50239282,12.5429745,12.52371134,12.42877357,11.85600427,11.41429669,11.32408765,10.83056248,10.73162675,7.234334702,7.51373215,7.195471934,7.235117057,8.303247575,7.916028888,7.721533803,7.579314185,7.38803282,7.524413956,7.532566666,8.048539305,8.356410171,8.287891557,7.445050277,7.051471713,2.943719488,1.426829877,,,
Liberia,LBR,,,,,,,,,,,,,,,,,,,,,,,,,,,,,,,,,,,,,,,,,2.452974828,2.375816777,1.873074434,2.25552139,4.024637681,4.127260274,4.093556747,3.95002185,2.95900927,2.808246606,2.606441441,2.277035029,,,,,,,,,,,,,
Libya,LBY,,,,,,,,,,,,,,,,,,,,,,,,,,,,,,,,,,,,,,,,,,,3.125864985,5.92415229,5.686848278,5.056675063,4.669734894,4.595146767,4.559267079,5.038202389,3.958882247,3.709224729,2.311160445,2.963994181,4.565298689,4.140789519,3.655243371,2.806782515,,,,,,,
St. Lucia,LCA,,,,,,,,,,,,,,,,,,,,,,,,,,,,,,,,,,,,,,,,,,,,,,,4.110172874,4.434965207,3.762556435,3.554684606,3.09111442,2.920464743,2.937318663,2.717786512,2.539595155,2.906182194,3.140888035,3.002802096,2.908755018,2.109261626,2.981936937,3.014440433,2.212848974,3.308872277,2.929326245
Latin America & Caribbean,LCN,,,,,,43.24546042,41.0903258,37.34300045,37.15124027,38.21629062,36.27263125,37.16132828,36.22349295,35.97082017,36.7396627,32.90937327,31.98611965,31.76326219,32.05503578,30.4175806,20.52058794,23.72275355,24.38640742,23.68803349,24.13926103,24.12244769,24.42942026,23.81905142,24.87841909,24.59317745,21.24925573,20.60464833,20.43672481,21.0031781,20.25001789,17.14841326,16.66874693,17.10622278,16.80449748,17.06593649,17.39485485,17.39676768,17.34655117,17.76583955,17.5138905,16.80773351,16.55494801,16.04120287,15.69487045,15.09404812,14.711495,14.14262519,13.89117971,13.57058174,13.52311037,16.7303608,16.54387435,16.15236092,16.35599497,16.16402503,16.65956504,17.38793058,18.08740733,17.81736618,17.0327605
Least developed countries: UN classification,LDC,,,,,,,,,,,,,,,,,,,,,,,,,,,,,,,,,,,,10.28113378,10.70578366,11.18019202,12.10499251,11.78777295,11.64840849,12.31034569,12.03734992,11.70608276,11.67575808,10.92872485,10.68687669,10.48557044,9.893340344,11.25709357,10.46130469,10.45828149,10.48134391,10.45687744,10.71420338,11.4044055,13.65733359,13.73025138,14.32351642,14.82899714,14.87468694,15.0300372,14.94497308,14.82301976,14.42779484
Low income,LIC,,,,,,,,,,,,,,,,,,,,,,,,,,,,,,,,,,,,,,,,,,,,,,,,,,,,,,,,,,,,,,,,,
Liechtenstein,LIE,,,,,,,,,,,,,,,,,,,,,,,,,,,,,,,,,,,,,,,,,,,,,,,,,,,,,,,,,36.86668185,38.7329025,36.53852031,38.80933025,34.33763988,35.9457329,35.85572542,,
Sri Lanka,LKA,16.36119803,15.92727127,16.57101722,16.37767407,16.20685102,17.52845002,16.0129555,15.08243997,16.1224109,17.29799145,16.07874634,17.07473381,17.00006559,16.963703,18.26595473,19.40775896,18.60742211,22.03697119,18.97105379,18.1037286,16.60679048,15.15557944,13.70543582,13.12324701,13.58734497,13.45588908,13.85660274,14.47212558,14.09934179,13.87147683,13.40277966,13.37898951,13.95447312,13.78819541,13.89815655,14.09133623,14.67515831,14.81300097,14.83389752,14.74760006,15.05451498,14.11977662,19.11422132,18.59193138,18.72074443,19.51298566,19.22587692,18.49792438,17.95409417,18.10773411,18.45668422,18.61568688,19.73794236,18.06463065,17.15642919,16.17695988,16.01865925,14.89129605,15.03277861,16.16080172,16.2859641,17.96511862,19.65105443,18.05057324,17.59178777
Lower middle income,LMC,,,,,,,,,,,,,,,21.79755806,20.68244109,20.37343189,20.76321808,21.6219928,21.85333014,21.30689724,17.8671971,17.21089825,17.20218048,16.32095709,16.74046428,16.84241919,16.58047328,17.04610555,17.66626677,17.58470457,16.85389638,16.64599821,16.64294256,17.34394547,17.96136011,17.51346764,17.21677942,17.00211205,15.89725125,15.67971216,15.3939202,15.38640274,15.24903653,15.16330381,15.09728385,15.45951446,15.20713608,15.03588658,15.1261386,14.86038949,14.51229851,14.44895682,14.3381925,14.36250334,14.70131315,14.86190441,14.81371808,14.87275504,14.53734649,14.97463349,15.22720012,14.8510653,14.67375482,14.24483951
Low & middle income,LMY,,,,,,,,,,,,,,,,,,,,,,,,,,,,,,,,,,,,,,,,,,,,,20.82542794,20.47396272,20.68765494,20.58455799,20.70354032,20.73278448,20.4214244,20.66579639,20.75988976,20.62503971,20.81398924,20.93646846,20.60873429,20.62477627,20.93667484,20.34462833,20.67213391,21.73030793,21.13729124,20.38482358,19.69745697
Lesotho,LSO,,,,,0.808625337,0.765306122,1.975308642,3.543586109,3.873319663,3.820033956,4.276985743,4.387568556,4.501607717,4.637336504,4.682926829,5.063291139,4.828660436,4.283164783,4.357204487,7.760008187,7.678667063,8.28175853,5.289707932,7.188936862,8.156844426,6.124734587,7.912553594,7.827685057,9.571783019,9.595347766,9.52392864,8.596050048,8.745362238,9.516256306,8.861841768,8.951490232,8.877780039,10.20186786,10.92299118,11.11939258,13.62089707,20.51351141,24.55781584,22.66208954,23.02816959,19.98529,21.82409656,22.23966091,21.22854748,17.50622183,13.08472005,12.78264653,11.45151142,10.93956821,12.25053844,15.13302879,16.6630767,15.23670986,16.6313078,17.21913252,16.34705342,16.54009552,16.28282418,13.98369406,13.64533061
Late-demographic dividend,LTE,,,,,,,,,,,,,,,,,,,,,,,,,,,,,,,,,,,,,,,,,,,,,22.8396892,22.31764586,22.0624095,21.98937888,21.88481376,22.34236981,22.14880965,22.02091739,21.97745044,21.75137543,22.16588367,22.98500808,22.55812326,22.43032184,22.58423217,21.96183877,22.2750182,23.33413734,22.7056086,21.7364055,21.09266742
Lithuania,LTU,,,,,,,,,,,,,,,,,,,,,,,,,,,,,,,,,,,,17.01031983,16.38532949,16.18404266,15.85330849,15.30472239,16.96869726,17.40441416,16.43974293,16.81043835,18.24119048,18.35201279,17.70174529,15.94685815,15.70552557,15.0716573,16.90781051,18.29581873,18.66944806,17.66381898,17.4023635,17.24003981,16.80716389,16.71185106,16.51542671,16.00262336,15.4605506,15.91787897,16.35887346,14.5770128,14.04053405
Luxembourg,LUX,,,,,,,,,,,,,,,,,,,,,,,,,,,,,,,,,,,,11.84154327,10.94107471,10.93701096,11.03823845,9.803726041,9.642505858,9.131290351,8.718275178,8.840174739,8.294962214,7.832112864,7.081889724,7.965973453,6.684197644,4.652433886,4.966250392,4.869537955,4.556609541,4.554388987,4.728116421,5.479631971,5.79495634,4.775908673,4.959227814,5.04282382,4.926062618,4.645203002,3.912373579,3.875780496,3.430872777
Latvia,LVA,,,,,,,,,,,,,,,,,,,,,,,,,,,,,,,,,,,,18.18617583,17.59638822,18.73410612,15.20207238,13.93438604,13.9537092,13.88834531,13.99455986,12.93853909,12.79401411,11.8887264,11.14458122,10.57693716,10.09152535,10.00426512,12.14214849,12.16863191,11.81296669,11.50750952,10.89956541,10.84608101,10.53926713,10.87458231,10.94125504,11.0225315,11.4825724,12.84811174,11.81368253,10.53559333,9.926687436
"Macao SAR, China",MAC,,,,,,,,,,,,,,,,,,,,,,,,,,,,,,,,13.043334,10.31675132,8.048115904,7.28716734,6.647429732,6.511701123,6.668276945,7.304841624,7.334505427,7.447258548,6.00413703,5.280310706,4.644201551,3.703356679,3.122722373,2.865209135,2.085962438,1.421972379,0.984550048,0.551334752,0.456610186,0.461632085,0.396853346,0.415492251,0.570740712,0.595264525,0.572479914,0.539585704,0.53650965,0.830736254,0.827262974,0.936401105,0.76192436,
St. Martin (French part),MAF,,,,,,,,,,,,,,,,,,,,,,,,,,,,,,,,,,,,,,,,,,,,,,,,,,,,,,,,,,,,,,,,,
Morocco,MAR,,,,,,15.70375335,16.5361363,16.06772185,16.10993658,16.65674549,16.20798162,16.29016863,16.80017134,17.34669995,16.01371497,17.09648183,16.60685617,16.56116236,16.98335569,16.82059217,17.96419696,19.14497614,18.9092868,19.97090502,20.15922169,20.11853926,18.95308896,19.64547297,19.18336688,18.76889256,19.28359759,18.350084,18.86594312,19.06004047,18.07620124,18.87500531,18.29098532,19.05917734,17.99383919,18.49712571,18.07636573,16.58452854,16.49749429,16.83845025,16.75970136,15.59981063,15.39693139,14.94369196,15.14698735,14.87683281,14.81719203,14.6656402,14.361527,14.55815487,15.34528795,14.98415296,14.75952914,14.59419703,14.87035626,14.76332354,15.17739616,15.2356758,15.68251816,14.49125915,14.29328951
Monaco,MCO,,,,,,,,,,,,,,,,,,,,,,,,,,,,,,,,,,,,,,,,,,,,,,,,,,,,,,,,,,,,,,,,,
Moldova,MDA,,,,,,,,,,,,,,,,,,,,,,,,,,,,,,,,,,,,22.33650708,20.6040683,17.97087017,13.70625424,12.83037838,13.95310657,15.46052651,14.56676133,15.13605127,14.23041334,13.07252736,12.24555794,11.54471084,11.0400035,10.37462591,9.953772396,10.56474188,10.65443753,11.19385255,10.06913248,10.01582217,10.03363119,9.970073234,10.06919785,9.894330508,10.10666435,9.639959957,9.251319246,8.353124263,7.717056415
Madagascar,MDG,,,,,,,,,,,,,,,,,,,,,,,,,,,,,,,,,,,,,,,,,,,,,,,,9.162943125,9.691233476,9.158878323,8.959029023,8.724370459,8.665203691,8.629868852,9.038935254,8.507711195,10.19531068,9.18815732,9.369595422,10.09005135,9.724984406,11.36913071,12.57557247,12.79792623,
Maldives,MDV,,,,,,,,,,,,,,,,,,,,,,,,,,,,,,,,,,,,,,,,,,,,5.29908872,4.881767017,4.694870456,3.658793412,3.208346262,3.250292622,2.573765511,2.287710848,2.580529047,2.624527275,2.118382157,1.984973239,1.927943483,2.078336838,2.184211036,2.192735691,2.13121453,2.685968226,2.135944816,1.994981325,1.979395331,1.578156889
"Middle East, North Africa, Afghanistan & Pakistan",MEA,,,,,,,,,,,,,,,8.754838299,9.42979399,9.315986606,9.288282647,9.239519383,8.413459645,8.38283614,9.494569885,10.22313378,10.72376741,11.66781283,11.75750163,12.48156722,12.9732066,13.84540189,13.63598636,12.01901263,14.27369612,13.87552793,12.35831433,12.84477892,13.53450913,13.97191998,14.0976994,14.45756606,14.01116994,13.61297439,12.52312481,12.36157835,12.21324533,11.89977044,11.33217455,11.05116728,10.70967009,10.3277734,11.08088801,10.95495036,10.79110259,11.09054129,10.79007239,11.0918664,11.46684615,11.37257254,11.21278558,11.08670174,11.30806069,12.17391745,12.71577358,12.89425546,12.92776543,12.50078846
Mexico,MEX,,,,,,18.65117216,18.779375,19.15798193,19.68673025,20.02566502,22.03995495,22.02406122,21.78477876,21.71322721,21.75387778,21.09794545,20.8056674,21.49680909,21.30987591,21.14732399,18.34397511,17.90706786,16.95896684,17.45584335,18.51383089,19.14522879,20.2771282,20.91950402,22.10155004,20.22623938,19.13556361,18.90927536,18.53882316,20.54232972,19.70746616,21.16854741,22.21303098,22.36266017,22.22472404,21.25884532,21.04457742,20.02605856,19.23122678,18.82806561,18.84566801,18.0770795,18.9990299,18.26237578,18.17491375,17.4331987,17.83821391,17.72038602,18.80003544,18.10280963,18.22892173,19.82342139,19.8687758,20.16182242,20.18936569,19.88775426,20.18427358,20.83583586,21.45612121,20.26332556,19.63530098
Marshall Islands,MHL,,,,,,,,,,,,,,,,,,,,,,,,,,,,,,,,,,,,,,1.525144083,2.097169539,1.905831476,2.377599847,3.133585663,3.353591998,3.615689953,4.200902935,1.901666667,2.517527933,3.057076412,2.214529332,2.745436508,4.728926133,4.29930354,3.748256779,5.233369099,6.138225806,3.171311922,4.543062438,4.137435657,3.7115,4.921811936,3.225806452,2.293858633,2.573046567,2.376899344,
Middle income,MIC,,,,,,,,,,,,,,,,,,,,,,,,,,,,,,,,,,,,,,,,,,,,,21.10542022,20.76243405,20.97635521,20.8639345,20.99479569,20.98820457,20.65782167,20.88314731,20.93319852,20.78687915,20.97793442,21.09383521,20.73517648,20.74154314,21.04599643,20.44726378,20.77224016,21.82875654,21.24849446,20.47895323,19.79722653
North Macedonia,MKD,,,,,,,,,,,,,,,,,,,,,,,,,,,,,,,30.01353383,23.2356405,27.92132839,23.83376826,18.90826214,18.66230266,18.52970376,17.92824121,17.16404337,16.72251357,8.968573796,8.964590936,8.436041318,8.931349416,7.685212226,9.693399514,10.21592402,10.20062271,9.771987756,8.827076228,9.865628773,11.4100813,10.23863142,9.914104855,10.95140354,11.76035953,12.28893989,12.60253096,13.34739543,13.39414999,13.29727468,13.48326467,13.18516231,13.56800153,13.46320232
Mali,MLI,,,,,,,,5.120116309,6.611769799,6.049621406,6.884602353,6.635730439,7.723518092,7.61387793,7.738261423,6.426765826,5.390613633,5.199632176,4.826682676,4.062189882,,,,,,,,,,,,,,,,,,,,,,,,,9.84467416,9.955362488,10.49649436,9.874851689,9.368895869,9.578849961,9.001171079,8.460656069,8.193726897,8.159445251,10.03984699,8.919121425,8.213168337,8.259706587,8.406145593,7.480079717,7.072142042,7.806512685,7.129917719,7.219239408,7.376663585
Malta,MLT,,,,,,,,,,,17.2484473,16.10758183,19.73929961,21.13808816,23.42250357,25.78382863,27.62220361,27.71768178,27.84705358,28.09467493,26.94342672,25.46110353,24.78586027,24.01699252,24.76217061,24.41302605,24.08699587,22.74280153,22.123924,22.35820495,21.88382646,21.34522952,20.06877487,19.56983379,19.84902646,18.61928801,18.29880044,17.43714756,17.92151243,17.39995289,19.41734047,15.84749624,15.6223479,15.41219202,13.44296684,12.82258742,12.36857046,12.53853588,13.47064811,11.23154923,11.06385833,11.03398931,10.81895708,9.42752916,8.356749666,7.161436346,6.997200604,6.627457771,6.536495137,6.430654959,6.700788259,6.337192436,6.326767338,6.175832322,6.049168032
Myanmar,MMR,,,,,,,,,,,,,,,,,,,,,,,,,,,,,,,,,,,,,,,,,,,,,,,,,,,19.86208285,19.72131197,20.09235404,19.91591375,19.9307583,20.80814188,22.79535067,24.09403534,24.911874,25.32007212,25.45203809,25.63745292,25.55955544,21.86542427,22.52165368
"Middle East, North Africa, Afghanistan & Pakistan (excluding high income)",MNA,,,,,,,,,,,,,,,10.06489467,10.6133579,10.47848206,10.37780646,9.980099734,8.849971329,9.395728373,10.28302304,10.6245077,10.32294206,10.86994347,10.83882335,11.74400701,12.45485472,13.85002796,13.89197229,11.50240588,15.55765505,15.21707506,13.34677984,14.49169314,15.53168286,16.25565287,15.94592989,16.13410803,15.55899663,15.28540591,12.3809894,12.09344489,12.08627554,11.99360228,11.68071474,11.64490417,11.04955919,11.1014357,11.37224056,11.21248069,11.69532823,12.29467345,11.86184062,12.18650428,11.61116611,11.3847084,11.18561336,11.27108216,11.76184984,12.66127847,13.33227065,13.27577989,12.87518219,
Montenegro,MNE,,,,,,,,,,,,,,,,,,,,,,,,,,,,,,,,,,,,,,,,,9.280763142,11.55948143,10.40149138,8.758529078,8.729936764,8.192093197,7.765014203,5.101839704,5.13212895,4.531902684,4.55276488,4.971665787,4.07631424,4.043056303,3.880018115,4.08869912,3.735536622,3.847208631,3.983611866,3.718067504,4.110352921,3.852906774,3.907297378,3.176266925,
Mongolia,MNG,,,,,,,,,,,,,,,,,,,,,,,,,,,,,,32.70182249,20.36867779,16.96665499,18.59166873,16.28418974,16.77656851,17.28145411,7.67671831,8.457244901,7.079083013,7.026705143,6.702337967,8.249867761,6.393522004,6.645525036,5.53018127,5.759044408,5.434696037,6.244148786,6.562044373,6.448551726,6.814013595,7.069942595,7.482232191,8.721663906,8.777293093,7.015505837,6.6675056,6.898238215,7.053217103,7.069555547,7.756164685,7.109182102,7.117164595,6.298087452,5.661124488
Northern Mariana Islands,MNP,,,,,,,,,,,,,,,,,,,,,,,,,,,,,,,,,,,,,,,,,,,,,,,,,,,,,,,,,,,,,,,,,
Mozambique,MOZ,,,,,,,,,,,,,,,,,,,,,,,,,,,,,,,,16.09523877,16.67986474,12.39377344,13.7501001,11.71289569,13.1634294,14.35068696,16.34569952,14.93311086,13.98544423,15.93199114,12.77356305,14.46258215,15.14401704,13.69896057,14.4925559,14.10786894,11.94833471,10.62649371,10.03984425,9.549775225,8.62619404,8.326035515,8.220565093,8.30864035,8.117832587,7.819887035,8.613131119,8.727729553,8.338781312,8.064960047,8.138317132,7.115397212,7.256715279
Mauritania,MRT,,,,,,,,,,,,,,,,,,,,,,,,,,10.46480489,10.70997112,9.898042177,10.75496614,9.555639033,8.419389626,6.408258629,7.165885775,8.17674469,7.259005432,6.916697475,7.088624088,7.595467853,10.36381111,10.63763541,9.874600799,10.1414071,11.7437803,10.71897544,10.75722525,9.640268506,8.481466917,7.314297587,5.526539368,8.435133709,6.70568705,5.742828681,6.521132118,6.406984148,7.414093919,7.438345505,6.111147578,6.413663705,6.337515789,7.096530308,6.68554623,6.088508741,6.625252993,6.486703441,6.039840488
Mauritius,MUS,,,,,,,,,,,,,,,,,13.23590575,12.67389947,12.62957037,12.5534913,12.78633462,13.30890595,13.12814506,12.97271291,14.99998814,17.0053619,19.1833375,20.27038473,20.1140785,19.7141301,20.37225709,20.12468104,20.24912089,19.77153817,19.4699195,20.07032122,20.52346494,20.50531879,20.7543354,19.88111265,19.48351455,19.774923,18.811314,17.79013571,17.30358483,16.66794887,15.82447167,15.46680982,15.31060249,14.90903358,14.16431515,13.86614728,13.64774529,13.72164563,13.52413257,13.00862839,12.38304812,11.83942004,11.32493546,10.52004655,10.81639837,11.69824167,11.82761384,11.47680951,11.11541776
Malawi,MWI,,,,,,,,,,,,,,,,,,,,,,,,,,,,,,,,,,,,,,,,,,,,,,,,,,,,,,,,,,11.29706148,11.41967228,11.52941896,12.05848961,11.88584081,10.74994337,9.476201071,
Malaysia,MYS,10.26098023,10.00974236,10.55286111,9.383326393,10.19669354,10.19965856,10.56481555,11.67805368,11.83922119,13.11056071,13.76390566,14.1190521,14.67283052,16.70452278,18.72122452,18.71931444,19.70125512,20.42706339,20.17921396,20.59815139,21.94794008,21.30468314,19.39881372,19.52706249,19.66468485,19.67103201,19.68129885,19.80390948,21.82202014,23.80241939,24.2246874,25.54986531,25.82259328,25.92599045,26.64060861,26.37803239,27.84276323,28.38020547,28.78270602,30.93621577,30.86354977,29.33640404,29.24639822,29.92867189,30.37814736,27.54968008,27.56608756,26.12258394,24.56071766,23.80014505,23.43377557,23.32020449,23.13817629,22.84074242,22.87393024,22.29329748,21.79695148,21.84615988,21.52815927,21.4089983,22.23207759,23.36316564,23.33113241,23.0173409,22.49631005
North America,NAC,,,,,,,,,,,,,,,,,,,,,,,,,,,,,,,,,,,,,,16.11214137,15.81150452,15.56759716,15.24348497,14.05897305,13.57896994,13.39722886,13.24423995,13.00866351,12.94216141,12.66877783,12.02965765,11.56520487,11.69886791,11.73405728,11.63461064,11.4639553,11.22502891,11.21169353,10.75211802,10.67059,10.86278392,10.43739991,9.987645157,10.09671886,10.25734247,10.2371576,9.987214242
Namibia,NAM,,,,,,,,,,,,,,,,,,,,,8.485999153,9.652771668,9.994292153,10.27131752,9.877470944,9.245548263,9.373921694,10.09621013,9.635222258,9.608784561,10.39426155,9.493204965,9.966920811,11.07547413,10.45021353,10.12625338,7.788658407,8.643648833,9.533699533,8.773820312,9.73959016,9.622780593,9.42146187,11.39438804,10.59196078,10.48802863,12.59306201,13.47269171,11.27254897,12.86482256,12.29938679,13.45726237,12.19000589,10.31825878,9.908565291,11.41718482,11.67878853,12.22004324,12.29883459,12.46239854,11.0196432,10.7769295,11.15885514,11.05678152,10.64003161
New Caledonia,NCL,,,,,,,,,,,,,,,,,,,,,,,,,,,,,,,4.747491487,4.785938624,4.840687221,4.688575435,4.609972936,4.217178514,3.963849055,3.95550608,5.672233534,5.645462655,5.188140027,5.436740423,5.419594593,5.300090186,5.221706832,5.211129011,5.422603929,4.975433993,5.302472546,5.834446735,5.555496237,5.453193228,5.493866104,5.94504574,5.628372685,5.864833979,5.909088976,5.603544794,,,,,,,
Niger,NER,,,,,,,,,3.10296077,2.934278818,4.640306464,4.801235685,5.262472127,6.322823099,4.908905554,5.563431387,5.839161726,5.135036267,4.618003356,4.234556622,3.735849245,3.932869833,3.861236859,6.243632755,7.016444661,7.138442802,7.74946888,6.168976587,5.9040044,6.270674406,10.46973578,9.671042509,9.835534057,9.901584805,9.01062419,9.59371956,9.526001129,9.490635336,9.165276054,9.633788329,9.246691393,8.869705096,8.774597662,9.11498221,9.391010597,8.414737026,8.124409132,7.682460338,7.112263705,7.424792627,6.917205465,6.681176806,7.516576093,8.014047553,8.483204639,7.625755954,7.473406569,7.567786591,7.382368408,7.346278793,7.38998839,7.639453305,6.99386025,,
Nigeria,NGA,,,,,,,,,,,,,,,,,,,,,,20.26370868,20.33225097,21.09825252,17.73635842,21.05450311,21.009999,18.78351295,21.0196417,18.35403221,17.78259534,19.49458715,17.65449303,18.37625,20.92708023,19.99371557,19.10108021,19.19853144,17.45056588,16.25736913,13.93340041,13.9253596,11.81181308,12.06060684,10.86156992,10.06108332,8.852872608,8.401379657,8.168912972,7.838411937,6.552816976,7.171084296,7.724546672,8.928929322,9.635811603,9.428437322,8.679697782,8.741993492,9.648947481,11.5223587,12.66726516,14.61070297,13.59351333,15.36379909,13.50881659
Nicaragua,NIC,,,,,,,,,,,,,,,,,,,,,,,,,,,,,,,,,,,13.97800375,13.93694067,13.60796851,13.61128194,12.72591803,11.95617313,12.47651664,13.65082657,14.82889937,13.95858895,14.04046178,13.5660208,13.59309707,13.98997147,14.00524108,13.61455214,14.26532394,14.05162428,14.20676271,14.49453189,14.7329135,14.19793445,14.14475054,13.6425295,13.84574523,14.03936172,13.96995077,14.52997886,14.44445027,14.43312629,13.5056664
Netherlands,NLD,,,,,,,,,,22.31209799,21.62298375,20.88580984,20.59132852,20.04146376,22.4423725,18.25286644,17.80664552,16.73130322,16.2458808,16.2606393,15.55574446,15.09474844,14.92451667,14.70155468,15.75794879,15.3337539,15.76573481,16.02476842,16.18993603,16.18150174,15.90910127,15.24595485,14.86318371,14.63773236,14.48078123,14.62040045,13.97712134,13.5394687,13.49385446,12.97272595,12.71122159,12.51540043,11.90870569,11.45424072,11.5382083,11.59183688,11.24481653,11.33989001,10.8008764,9.837298647,9.772138434,10.10132421,10.06073846,9.648164648,9.662303445,10.14881825,10.26694901,10.55002191,10.65945358,10.42075667,10.48400234,10.75497729,10.34754785,10.84114916,10.44470799
Norway,NOR,,,,,,,,,,,17.68272697,17.16668124,17.31082003,17.7028816,18.30907241,17.80749379,16.59655617,16.01770392,14.81792797,15.6908874,13.45234841,12.37791531,11.89587584,11.58038238,11.74188428,11.37211461,11.65021515,11.73209172,11.97544287,11.15354004,10.31217786,9.956118757,9.987295426,10.19708885,10.36186447,10.79689515,10.06388716,10.02856292,10.53843701,10.11928497,8.974695388,9.028293722,9.006070409,8.974844452,8.637325285,8.231394811,8.353518024,8.351672377,7.815081985,7.47243937,7.277637447,6.83124022,6.706956094,6.709369696,6.887110282,6.961573812,6.669694018,6.47768065,6.103985902,6.276062105,6.587926016,5.61528387,4.883475306,6.047563108,6.188758331
Nepal,NPL,,,,,,3.284541294,3.430308194,3.41387368,3.568938978,3.844708877,3.683850365,3.759230085,3.94444965,4.002407303,4.106808405,4.007000229,3.966885156,4.259259259,4.023920372,3.817240586,4.008393816,3.841505869,4.01123058,4.32464455,4.61030729,5.39003134,5.837700093,5.856194413,6.000832185,5.440858529,5.759263557,6.376362065,8.396064811,8.320715839,8.963125778,8.922094217,9.025643498,8.846648818,8.97040004,8.869534201,8.840859263,8.699294828,8.213423646,7.887760015,7.763964162,7.615216521,7.314045291,7.168186946,7.01090408,6.622367122,5.946139,5.396902525,5.785222835,5.750414304,5.612191161,5.356055557,4.888189627,4.855673995,4.90647454,4.981441389,4.474854392,4.766037665,4.832071914,4.540323153,4.365876961
Nauru,NRU,,,,,,,,,,,,,,,,,,,,,,,,,,,,,,,,,,,,,,,,,,,,,,,,,,,,,,,,,,,,,,,,,
New Zealand,NZL,,,,,,,,,,,,25.4996353,24.32672764,24.04086512,25.69732938,23.26132771,24.64909768,24.92488653,25.19458545,24.87920371,24.85676326,26.0365521,26.62306348,25.88337073,25.75326074,23.12794048,21.41390437,19.39044582,18.74189087,18.62097774,17.7900088,17.86433583,17.91281037,17.93792492,18.45474614,17.70023692,16.65957805,16.32113724,15.78454683,15.55608546,15.50413471,15.1897259,15.55174174,14.71813539,14.5562536,14.52524595,13.31015558,12.3263675,12.38299419,10.74389925,10.81694922,10.93215173,10.58662115,10.23003409,11.05974469,11.27210264,10.0796254,10.18571978,9.9450345,9.671003999,9.390144412,8.685674819,8.899860999,,
OECD members,OED,,,,,,,,,,,,,,,,,,,,,,,,,,,,,,,,,,,,,,18.03561179,17.68355294,17.42494831,17.33691636,16.29491985,15.80010364,15.6025125,15.49707803,15.24994208,15.11031651,14.97106095,14.50129352,13.54882703,14.11936588,14.09600594,13.95682432,13.67198046,13.61546539,13.786011,13.65953718,13.62345319,13.67174729,13.27825045,13.00225298,13.14489321,12.86926188,12.78749821,12.43453532
Oman,OMN,,0.613496933,0.497512438,0.46728972,0.452488688,0.442477876,0.41322314,0.257731959,0.127064803,0.1,0.187265918,0.159872102,,,,,,,,,,,,,,,,,,,,,,,,,,,4.689576917,4.970321,6.191288498,8.419906068,8.555932662,8.108221785,7.982257577,7.907034661,10.10316961,9.080580459,9.591689984,10.27478532,10.04561825,10.46453094,9.932249685,9.407930504,8.631196202,8.916115687,7.914286703,8.495178421,9.09106412,8.02938032,8.356060191,9.409697403,10.52052161,9.38136253,10.09010324
Other small states,OSS,,,,,,,,,,,,,,,,,,,,,,,,,,,,,,,,,,,,12.05422375,12.03418926,12.39485562,12.65722551,11.92138693,12.27269652,12.1993116,11.7118795,11.51424344,10.96121134,10.24112082,9.88449113,9.401353287,9.643053946,9.253897363,9.659415104,9.577017957,9.202362558,8.915252169,9.127397625,8.976459944,8.766486327,8.633963479,8.615182631,8.462697171,8.957146874,9.352829142,9.339488594,8.614641569,8.197636287
Pakistan,PAK,11.30278929,11.61474532,12.75030451,13.71757664,13.75373195,13.3380556,13.76584304,13.27575536,13.62805515,14.62187719,14.58608197,15.20544978,14.68732281,14.76174954,15.44005811,14.29265265,13.66328127,13.61554078,13.58841744,14.02867917,14.21989162,13.46029418,13.63435845,13.77656173,14.38725876,14.31642441,14.74757644,14.99618327,14.94205562,14.7473514,15.46002479,15.56339408,15.42300755,15.44935299,15.70608805,14.61781361,14.60800604,14.56036127,14.68258059,14.41352528,9.094197863,9.505079703,9.373964074,9.557900858,10.45295151,11.76255638,12.61423338,12.48148456,13.25628901,12.53946637,13.03550037,13.38113593,13.73907621,13.32076285,13.41402629,12.30144209,11.21091675,11.29934591,11.60274316,12.58727459,11.41607343,11.93471622,13.75863386,13.59835989,13.11065948
Panama,PAN,,,,,,,,,,,20.69837715,19.58950263,18.50894194,18.47975335,20.27721331,21.28747289,18.44348338,18.77180923,17.10184862,17.39168649,17.31977537,15.42995333,14.71736151,16.12249249,16.76173403,19.39962367,17.73344075,16.94650586,15.05018124,14.77834524,15.30728864,15.54262665,15.14292169,14.32210839,13.92936714,14.22001349,11.90228222,10.83186272,10.61838988,10.52846909,9.853886229,9.230425601,8.50228375,8.124384715,7.899445911,7.680281916,7.407719349,7.017982023,6.926341439,7.126674254,6.936785555,6.190793548,6.094464966,6.488555846,6.467886548,6.260132761,6.050243886,5.930319387,5.746220399,5.675572879,5.668008588,5.283300735,5.087359803,4.982166743,4.866179267
Peru,PER,18.08435183,18.1013039,18.27142127,16.76410972,16.24933973,15.34554094,14.08827175,15.45034137,16.08625337,15.89095492,17.7064126,18.48668875,18.1746546,18.61997994,19.88444126,18.16244747,19.78591789,37.20794562,20.23200679,19.65539309,,,,,,,,,,,,16.14534194,16.14861515,16.19004894,16.00036519,15.33472473,15.30905712,15.35586327,14.8647485,14.67334672,15.2145262,15.58125647,15.49890758,15.39858175,16.3726501,16.55161137,16.47219323,16.51803449,16.29654201,15.29305413,15.55649929,15.09145987,15.16439658,14.83140652,13.95969764,13.78802017,13.34402811,12.97084692,13.1690241,12.84935117,12.25261573,12.06584225,12.39453813,12.61927846,12.30452257
Philippines,PHL,,,,,,,,,,,,,,,,,,,,,,,,,,,,,,,,,,,,,,,,,25.27956525,25.31154589,25.13540868,24.83687265,24.01199788,24.26990117,23.8291854,23.1509116,23.26866768,21.73861439,21.91920172,21.70432695,21.32857121,20.43449877,20.57508399,19.92802237,19.5903032,19.50020206,19.09824717,18.5164544,17.65817905,17.6400847,17.22937941,16.23032629,15.6771531
Palau,PLW,,,,,,,,,,,,,,,,,,,,,,,,,,,,,,,,,,,,,,,,,2.740280254,3.289485649,4.587696838,1.883023993,0.868373163,0.798279389,0.750930531,0.71636347,0.905316122,0.840956221,0.793891621,0.84973443,0.970002188,1.02841989,0.997711351,0.949162341,0.941092472,0.980392157,1.012038623,1.036845928,1.028414909,1.039902372,1.044324313,1.118861121,
Papua New Guinea,PNG,,,,,,,,,,,5.464953944,5.792299808,5.675640361,5.663058926,6.729922723,8.096111165,8.426498284,7.693492491,9.703816352,9.322552412,9.50178561,9.909588389,9.410016007,10.14235706,10.98661503,10.91539495,9.963845586,9.420867092,9.283625122,11.06148997,8.968854431,9.571222543,9.242249586,8.444453576,7.654195975,8.014915977,8.933433411,9.19543477,9.255984417,8.240637956,7.166334559,7.032309572,6.257131826,6.531211556,6.704802818,,2.336502465,2.408002591,2.51303314,2.592142111,2.440339284,2.508862882,2.466265409,2.440516591,2.128229175,1.77710948,1.931402629,1.945336704,1.724264691,1.691052916,1.685225159,1.701697982,1.627130551,1.660447279,1.629147992
Poland,POL,,,,,,,,,,,,,,,,,,,,,,,,,,,,,,,,,,,,19.30157832,18.25226954,17.58652322,17.27530303,16.73235352,15.92509469,14.40242963,14.13753743,15.39186424,16.59196939,16.36455708,16.53243275,16.63275687,16.50773896,16.67655295,16.1698748,16.13890603,16.55646938,15.55818651,16.90811228,17.66933913,18.27520418,16.88586344,16.48510631,16.66148788,16.20836858,17.30061566,17.65132141,17.45786722,15.40444819
Pre-demographic dividend,PRE,,,,,,,,,,,,,,,,,,,,,,16.38409175,15.77095371,14.43342346,11.90781552,13.09318059,13.72744641,12.95330928,14.1486411,13.10685759,8.38999599,12.16801464,12.24041643,12.69412292,14.81933647,15.46631319,15.7767946,15.58410022,14.99698366,10.38655865,9.406149776,10.15822881,9.68590484,9.966520795,9.34806081,8.619745305,8.149129449,7.978194538,7.630568009,8.325661318,7.387358478,7.664606973,7.723819196,8.161709574,8.485462238,8.735099505,8.534469263,8.421132065,8.675852151,9.397447888,10.11559718,10.63670495,9.964214448,10.46420355,9.150172082
Puerto Rico (US),PRI,21.65021573,,,24.12152897,23.92919665,23.40794725,24.41255323,24.10903841,24.25349469,24.61048714,23.10961924,23.6204576,25.24609332,26.82508854,28.63835103,28.91453106,33.16013648,33.28355649,34.96820421,34.84078431,36.7571574,36.30677438,36.53082163,37.07963372,38.46450899,38.98330146,38.8422167,39.47048589,39.70014174,39.174467,39.62172296,39.21481662,40.95531011,41.783786,42.19660912,41.89547055,40.72840741,40.05662186,42.51401461,37.45042444,39.68895559,42.81662342,43.9738354,43.63682288,42.73084118,42.40124289,42.06132688,42.04075362,42.96689531,45.51738019,47.34365169,46.59612144,46.24771574,46.44304539,46.73319941,47.90264618,48.44287772,47.33511951,47.4373032,47.64169609,47.76948519,47.51810168,44.84446658,43.5981415,44.20815073
"Korea, Dem. People's Rep.",PRK,,,,,,,,,,,,,,,,,,,,,,,,,,,,,,,,,,,,,,,,,,,,,,,,,,,,,,,,,,,,,,,,,
Portugal,PRT,,,,,,,,,,,,,,,,,,,,,,,,,,,,,,,,,,,,15.93852858,16.57597698,16.52892634,15.99806655,15.62998949,15.04933732,14.67786461,14.19466495,13.47633714,13.05271226,12.56677653,12.34319807,12.24363323,11.90165272,11.13316536,11.5851681,11.3287894,11.37531992,11.56519932,11.84148754,12.25135409,12.24351663,12.43092957,12.3221332,11.93776005,12.09004624,12.44292993,12.46226365,11.84567507,11.5319853
Paraguay,PRY,,,15.04827495,14.83831555,15.17894348,14.85717097,14.87051548,15.40723617,15.31460812,15.36986575,15.8717716,15.59698338,15.48519593,15.38831445,17.59012481,15.15835517,15.51602521,16.89187139,16.67317745,15.30078,15.64396325,16.03594807,15.9340063,16.10433153,15.56232547,15.63024239,15.33703415,14.47218833,15.48655759,14.12611606,14.48414796,14.07818973,14.07687971,13.98741901,14.15408361,14.54910512,14.39973729,13.72853437,14.35018926,15.56596946,15.6778275,16.20681813,16.39349357,17.51456421,17.93486378,17.95905239,18.32162715,18.19339504,20.33529114,19.79301114,18.55160391,18.39381231,18.52161871,18.31659135,18.76751008,19.41648705,19.0612408,19.45276982,18.99274831,18.79516824,18.70442753,19.1898113,19.50253861,19.40710341,19.02256047
West Bank and Gaza,PSE,,,,,,,,,,,,,,,,,,,,,,,,,,,,,,,,,,,18.84430064,17.46375046,14.18641483,12.32246396,12.21053149,10.58484735,10.43907641,10.97235058,9.041565892,12.58316532,9.90202255,11.31162573,8.514855188,9.976443076,10.92005909,10.77581409,12.22950989,11.46959173,13.11064513,11.89893086,10.75076664,9.321233288,10.0263544,11.65550595,11.54725188,11.23471562,11.04708435,11.19332928,11.195638,,
Pacific island small states,PSS,,,,,,,,,,,9.612894859,7.750122326,8.670003518,7.877744551,8.692970659,9.628157737,9.851825201,9.534743661,9.245028523,10.75040127,10.44059139,9.002230895,9.095332441,7.63440482,8.176757405,7.927839138,8.901865218,9.652111799,7.521622993,9.677302261,10.21214005,10.31905758,9.793416593,10.55317948,10.60430085,9.854794819,9.587385348,10.17733849,9.684028812,9.227833599,9.600733022,10.52050518,10.58631032,10.0788179,10.84649677,10.25481039,10.45317323,10.09577914,9.976827984,9.241527543,9.304236819,9.166289129,8.941597641,8.906231789,8.752168139,8.172063671,8.414161732,8.510631998,8.31250131,8.276236019,8.157484091,8.245325181,7.47968507,7.076749804,6.817681457
Post-demographic dividend,PST,,,,,,,,,,,,,,,,,,,,,,,,,,,,,,,,,,,,,,17.89362892,17.49710975,17.27449474,17.18565834,16.11006856,15.6212968,15.44442411,15.3525563,15.11094389,14.93952592,14.80651906,14.3086383,13.33939842,13.93921751,13.88346742,13.71596631,13.41269582,13.32279927,13.34118718,13.24222414,13.20396329,13.2375943,12.82819654,12.51231874,12.57549182,12.1983756,12.18871501,11.92621493
French Polynesia,PYF,,,,,,,,,,,,,,,,,,,,,,,,,,,,,,,,,,,,,,,,,,,,,,5.090438615,4.518270165,4.619541215,4.820317452,4.866094965,4.570551419,4.626208727,4.918535049,4.85034901,4.680609266,5.097309414,5.169265868,4.761155154,4.914071498,4.812371866,4.729649863,,,,
Qatar,QAT,,,,,,,,,,,,,,,,,,,,,,,,,,,,,,,,,,,,,,,,,31.94482443,36.75988831,36.76301756,32.43487527,25.61668216,19.79805406,15.16647332,12.36804782,10.16648515,13.62826721,12.52776196,9.462717692,10.52400579,10.20499042,10.14215249,8.91552531,8.47608042,8.047170298,8.237423873,8.333572677,7.911260406,8.76190774,9.285389163,8.664704747,8.117001782
Romania,ROU,,,,,,,,,,,,,,,,,,,,,,,,,,,,,,,,31.72557739,30.03217674,26.64430669,28.7054063,23.87065409,25.56091221,23.94265121,21.39176442,19.37982527,19.81289205,22.02077835,21.80926831,21.0476788,21.24200462,21.26789929,21.10539481,21.02806472,21.9454815,21.00596776,23.35832805,25.91194326,21.27834386,20.21526707,21.51326422,20.20802511,20.12428451,19.83077911,18.90313687,17.12271254,15.80259481,15.60830097,13.71127425,12.62196224,11.41370376
Russian Federation,RUS,,,,,,,,,,,,,,,,,,,,,,,,,,,,,,,,,,,,,,,,,,,15.19344479,14.36733469,15.21650718,15.68022367,15.29122766,15.11463226,14.93315486,12.89797142,12.81547047,11.47093372,11.41528544,11.05730634,11.33558041,12.38301887,11.7002791,12.31277213,12.81988325,12.96920728,13.40281368,13.1326684,13.24153521,12.74645929,13.25365758
Rwanda,RWA,,,,,,2.056451889,2.057636019,2.459889419,4.366433341,4.056171966,3.592542421,3.733693724,4.096916884,4.098360824,4.358437708,12.27970227,12.28382291,14.23984513,15.59530969,12.78985156,15.26067234,15.73711665,13.48294864,15.35491534,13.9550375,13.72151446,15.92765136,10.75593088,10.35499365,10.4405945,18.30498422,16.13991282,12.10604757,11.47988329,17.24969858,10.22020298,11.54486443,12.0365394,11.23450811,10.24812532,9.636725971,9.071124429,9.769102106,8.898603938,8.853062762,8.719044889,8.999218625,8.140212908,7.940208422,7.98328285,8.258405068,8.370290716,8.284661335,6.826046074,6.81723322,6.833546134,6.705264965,7.67787089,7.621993314,8.359411622,8.736256578,9.299216533,9.901617084,9.541066267,8.940877466
South Asia,SAS,13.72386149,14.18918696,14.65473661,14.6590224,14.00203838,14.10830417,13.36081527,12.22265517,12.59604586,13.10421413,13.33205995,13.86591403,14.15432069,14.41694533,15.50951483,14.40554113,15.58158534,15.79349906,16.37593973,16.98831815,16.43353848,16.34705814,15.98278962,16.34643273,16.40624405,16.06975086,15.89937947,15.85561119,15.73253453,16.36857379,16.12032671,15.31881606,15.52796349,15.70024074,16.49884635,17.4610279,17.04697466,16.13556775,15.52357775,15.0181243,15.62684957,15.07245095,15.44484767,15.450094,15.69146869,15.87767926,17.10358882,16.74642953,16.93189091,17.00413371,16.89502406,16.07229119,15.82561834,15.31265938,15.13478295,15.56808997,15.58077477,15.37459005,15.35696192,14.23596693,14.81945777,15.11251188,14.16926516,13.98380519,13.47957331
Saudi Arabia,SAU,,,,,,,,,7.74741323,7.708312921,8.215555005,6.781028011,5.94917116,5.248718504,4.859319174,5.000303896,4.57378065,4.211134096,4.433963301,4.938846299,3.984793042,4.730439693,4.780196979,6.14087764,7.566930292,7.775338942,7.506676604,8.80594271,8.825211259,8.486690098,8.303501504,8.282509653,8.756432681,8.813872461,9.049048851,9.294176819,9.488194873,9.771146872,10.17826776,9.944775979,9.227065308,9.603832496,9.881550782,10.31856752,10.10231036,9.362586541,9.439592601,9.768306554,8.808262511,10.64745447,10.82837148,9.936265856,9.754956636,10.02465198,10.99059429,13.09723786,13.53363009,13.42074893,12.62166059,12.86911198,13.38616308,14.13940215,15.11557437,15.89168373,15.56888486
Sudan,SDN,4.462009179,4.415218412,4.367567568,4.697130712,5.006206041,5.53791187,7.409556974,7.289619439,7.223553578,7.135084719,6.796116505,6.41315261,6.141568355,5.842277182,6.035545883,6.085506729,5.75031044,5.353860294,5.693892184,6.24429129,6.794164302,6.802109852,6.588504089,7.030432182,7.742657507,8.090037408,8.215057173,8.456174201,8.256476464,8.304225294,8.3363334,6.242697053,5.701082855,5.299432421,5.184338187,4.627631795,8.865233766,8.445334928,8.506433274,8.340737867,8.301581589,6.44579943,6.41767752,5.917529662,5.556734196,5.057505194,4.527741365,4.496305856,4.50574782,5.134511309,,,,,,,,,,,,,,,
Senegal,SEN,,,,,,,,,,,,,,,,,,,,,,,,,,,,,,,,,,,,,,,,20.25688477,20.83892501,20.98396207,21.58689514,20.57588963,20.95936579,19.90577529,19.2454738,18.61612738,17.53933132,15.76568231,15.57288881,17.24574864,16.99510584,17.38002414,16.99741556,17.0529992,16.41265626,15.80530875,15.52562326,14.89211538,14.64224451,15.08960778,15.56090514,14.54350517,14.08369863
Singapore,SGP,10.57754705,10.30033751,10.73024157,11.69455322,12.812363,13.53733744,14.09248004,14.45420724,15.10631473,16.17499459,17.45445886,18.59767096,20.16910976,21.29651006,21.99837898,21.43684398,22.08232801,22.59680063,23.33591458,25.25069532,26.5261156,25.7581049,22.29291491,21.4643439,21.40238292,20.11536165,22.61381616,24.09005587,26.07842073,25.30122251,24.40422571,25.45987665,24.34968359,24.47185598,23.62472169,23.98506226,23.16721806,22.15150366,22.68745265,22.85068631,25.86148604,23.39469785,24.73764032,24.76541269,27.1193676,27.0767618,26.57800599,23.8226519,20.58566497,20.27337643,20.77383303,19.58255151,19.11682198,17.63840961,17.99976889,18.08932985,17.44196131,18.54584754,20.71784577,19.4040313,19.65398453,20.633068,19.65553765,16.97555944,16.33270493
Solomon Islands,SLB,,,,,,,,,,,,,,,,,,,,,,,,,,,,,,,,,,,,,,,,,,,,6.073365231,6.166319335,5.863559933,6.423248882,7.458085858,7.597672485,8.300456171,8.79884026,9.28839412,9.26871236,8.643329535,9.874826147,7.878899118,7.856335048,10.33572562,10.17194542,10.35136769,9.681382262,9.671088141,8.207757642,,
Sierra Leone,SLE,,,,,5.716582261,5.746007012,5.611483967,6.116389549,6.093501599,5.431990017,5.524724523,5.966706923,5.983862355,5.494212975,5.280763602,5.145448476,5.264159608,5.32704259,5.16939203,4.809922768,4.86369537,5.954960532,6.4973512,6.484195938,5.513830372,,,3.774528302,2.824792387,5.544602637,4.323785904,5.038135464,6.818496368,9.493675238,9.395517298,8.63507589,8.084542974,4.790236899,3.830016731,2.967448978,3.345756484,3.598767155,3.269811219,2.791392554,2.630113523,2.52464703,7.928773639,7.686772096,7.690567793,6.91782685,6.896303197,7.145617328,6.541135028,5.63693626,5.238586991,5.693380451,6.41412568,6.688563422,7.027498345,6.994689441,7.025374405,7.348716739,7.000408055,7.670215014,8.043482352
El Salvador,SLV,,,,,,18.9354236,20.1351235,20.41384962,20.93566581,20.96436059,20.18853935,20.57801909,20.73244073,19.81529758,19.90539535,20.03057024,18.49262037,16.63017852,18.10764844,17.78244904,16.49263049,17.06156074,16.57674179,16.59300883,17.06820147,17.83635145,17.51286541,19.8373753,19.86235644,20.84280479,18.71665131,18.79607278,19.66721089,20.49121913,19.95955014,19.1601831,18.65692721,18.43352488,18.63991159,19.36884477,19.53286824,19.24834791,18.88011111,18.09649281,17.55758252,16.62573139,16.35054991,16.22631417,16.86411603,16.17890853,16.14095248,16.24677452,16.1734113,15.97729249,16.07623796,16.38749326,16.28568464,16.08462885,15.68784263,15.55867794,14.74042772,15.06930724,13.76850793,12.49068794,12.04548231
San Marino,SMR,,,,,,,,,,,,,,,,,,,,,,,,,,,,,,,,,,,,,,,,,,,,,,,,,,,,,,,,28.48453792,28.59252259,28.65222825,32.18865127,30.59027596,31.47603936,32.77386773,33.63302471,,
Somalia,SOM,3.048874946,2.870708681,2.703260302,2.545501388,2.397072231,2.257453083,4.144908616,4.981198248,5.522460938,7.097222177,7.643998983,8.484610499,6.8451833,6.928081665,5.541199391,4.750897918,6.147548174,4.694768837,3.681956012,4.963829672,4.463411153,4.225607544,4.888186816,4.474935239,4.505805201,4.748538105,5.253367161,4.942574105,5.030288872,4.016224961,3.937131015,,,,,,,,,,,,,,,,,,,,,,,,,,,,,,,,,,
Serbia,SRB,,,,,,,,,,,,,,,,,,,,,,,,,,,,,,,,,,,,25.0437003,22.67195628,21.81674122,22.10931155,22.20337946,28.13620815,25.79689845,23.54813475,20.96230507,21.75484162,21.04346226,20.74427391,19.79431924,19.00775011,16.24892037,16.89972883,16.9507867,17.39446987,19.18320864,18.22069939,17.80844623,17.75231921,17.6965114,16.90846725,15.69524581,14.84591928,14.47418988,14.83721045,13.29078074,
Sub-Saharan Africa (excluding high income),SSA,,,,,,,,,,,,,,,,,,,,,,18.16697484,17.44311311,17.30018622,15.2945491,14.81294988,15.72842453,16.01886148,16.56762362,16.31527529,16.39277996,16.2532282,16.88290383,16.51464246,17.44629496,17.62904903,16.87244721,16.87984689,16.12292146,14.5165986,14.07359717,14.03871279,13.14699359,13.49456674,13.14651435,12.46485042,11.26505271,11.00725019,10.51644586,10.84285501,10.07808822,9.98482159,9.869013601,10.25610518,10.41795187,10.48600136,10.52954262,10.68935541,10.87034185,11.33190469,11.54691983,12.09225644,11.99187534,12.36164897,11.38299333
South Sudan,SSD,,,,,,,,,,,,,,,,,,,,,,,,,,,,,,,,,,,,,,,,,,,,,,,,,1.838673419,2.610020805,2.331123774,2.063109892,2.715971552,4.017251079,2.675835618,3.534277011,,,,,,,,,
Sub-Saharan Africa,SSF,,,,,,,,,,,,,,,,,,,,,,17.89302542,17.14936191,16.9412938,14.99979406,14.43882203,15.29162667,15.6197725,16.14326735,15.88404679,15.99053563,15.79333087,16.458823,16.1876282,17.17888375,17.40407782,16.66801262,16.71907036,15.95824514,14.33842978,13.91380311,13.87486322,13.02161859,13.37558355,13.02242469,12.34278123,11.155808,10.89116678,10.37780379,10.65436471,9.947941154,9.856592527,9.700912928,10.0783229,10.22371369,10.24743758,10.29373058,10.4681305,10.6314924,11.03086758,11.15981081,11.66149022,11.51636957,11.71337876,10.65263981
Small states,SST,,,,,,,,,,,,,,,,,,,,,,,,,,,,,,,,,,,,13.05331215,12.92935141,12.72789764,12.69341964,11.98047977,12.19261323,11.95418522,11.74823113,11.7236613,11.48001237,10.71515709,10.67719617,10.25956193,10.32695922,10.16784848,10.40615301,10.35993615,9.988000012,9.258366131,9.366765773,8.985372892,9.146994886,9.042789843,8.985365173,8.570551344,9.013181883,9.42516518,9.294344506,8.200176255,
Sao Tome and Principe,STP,,,,,,,,,,,,,,,,,,,,,,,,,,,,,,,,,,,,,,,,,,,,,,,,,,,,,,,,,,,,,,,,,
Suriname,SUR,,,,,,,,,,,,,,,,16.35875403,17.92284866,15.81449727,15.31611149,15.30990415,15.66037736,15.24184477,12.34972678,11.03565365,11.40046296,11.8556701,12.5701459,10.66326531,11.84323859,11.83192038,9.552008239,8.145503236,7.678365464,8.039511593,9.548166042,12.19662199,9.342956234,9.448172945,7.859296935,7.901496963,14.21889527,12.76660789,13.51651815,12.85441388,15.13243717,16.69728516,23.20288648,23.48343878,25.31449783,20.26696748,20.98724256,20.8137282,21.29122551,18.78570167,16.35249219,11.4946633,13.39919117,23.61014265,21.3232639,17.42597135,23.10871567,21.71467662,27.67297267,25.61056121,
Slovak Republic,SVK,,,,,,,,,,,,,,,,,,,,,,,,,,,,,,,,,,,,18.41733633,17.42514414,16.6514094,17.80788821,17.25918965,19.63226813,20.97342632,19.03692527,19.41766391,20.04563191,20.25981198,20.22706856,19.88630514,18.52589782,14.6849665,17.13626906,17.40884169,17.2745943,16.66796195,18.53417544,18.8287638,17.76745224,17.11986541,18.10704725,18.70202173,17.54063691,16.62398575,17.33844513,16.81699781,16.28881
Slovenia,SVN,,,,,,,,,,,,,,,,,,,,,,,,,,,,,,,,,,,,21.38303442,21.61023682,22.10299997,22.18491135,21.98509292,21.65966436,21.97784327,21.60917782,21.74544443,21.47418239,20.64963508,20.47300095,20.35082726,19.19343605,17.15760011,17.49618829,18.19684694,18.7169143,19.16926505,19.64253915,19.98379171,20.23094905,20.6408219,20.4061969,20.5744094,20.51778977,19.95528832,19.92660182,19.59436626,19.22941807
Sweden,SWE,,,,,,,,,,,,,,,,,,,,,20.70202307,19.69064936,19.66004407,20.05899145,20.97754663,21.05164833,20.78129601,20.58368413,20.29016868,19.69426109,18.23264821,16.55974779,15.74191517,16.09650556,17.53077927,19.54835987,19.09044336,19.2937082,19.60516265,19.42008652,19.85826909,18.96918675,18.61229043,17.86513997,17.15927713,16.93205076,16.8398923,16.86405602,15.55675908,13.77861595,14.92024144,14.76592075,14.0759917,13.36225497,13.04400478,13.76295122,13.47872185,13.33468037,13.37259358,13.13585949,12.64056524,13.47351706,14.0346869,14.14717916,13.79164926
Eswatini,SWZ,,,,,,8.167330677,8.561020036,12.54681648,14.73684211,12.35059761,11.360799,13.62704918,15.07092199,21.2987013,20.82405345,18.29268293,19.4092827,20.42360061,20.93180284,21.04352839,18.00184786,17.78798163,17.26914511,14.49814126,15.25702536,13.27102804,18.53259281,25.12402253,29.37774105,30.56679995,31.42155327,31.54375023,30.0697026,31.4538265,30.75505268,32.77370532,31.87550144,33.02423906,32.91066349,32.1324338,33.86420508,34.26538759,33.69901953,33.0148947,33.93914698,34.23648693,34.49022424,35.21546165,34.59717481,34.79175403,32.52848802,31.68918025,31.01901265,29.90108472,30.40859165,31.7087431,31.07235436,28.63888692,28.18589639,29.34710197,26.42658797,28.15564844,29.55040134,29.39628174,
Sint Maarten (Dutch part),SXM,,,,,,,,,,,,,,,,,,,,,,,,,,,,,,,,,,,,,,,,,,,,,,,,,,,,1.527810933,1.156003853,0.939377389,2.268400626,2.287179837,2.318403884,2.210940515,1.357587558,1.256494766,1.241755005,1.170533971,,,
Seychelles,SYC,,,,,,,,,,,,,,,,,5.651882548,5.454176805,6.119704102,6.042933366,6.935059116,8.065190201,8.018352086,9.049456924,8.825903076,9.079712799,8.711698001,9.204180559,9.866156071,8.86355176,9.489054511,10.17197279,11.18354865,9.932301129,10.65069478,11.89941407,12.14597408,13.5121988,14.15405561,14.21545874,18.05486866,16.88469358,17.16285092,15.36825086,7.197384981,8.217597624,8.42422568,9.184975823,9.176197474,7.791911902,7.936496292,7.355249832,8.195561329,7.23589892,7.268653199,5.858406091,6.166921051,5.681021169,5.76475361,5.022827874,6.675225577,6.565793049,5.589438017,4.690838732,4.165599228
Syrian Arab Republic,SYR,,,,,,,,,,,,,,,,,,,,,,,,,,,,,,,,,,,,,,,,,,,,,,,,,,,,,,,,,,,,,,,,,
Turks and Caicos Islands,TCA,,,,,,,,,,,,,,,,,,,,,,,,,,,,,,,,,,,,,,,,,3.394780858,2.966677148,2.82480961,2.77120201,2.329927504,2.058530452,1.721075813,1.874232375,1.587139671,1.909763701,1.253516369,0.998916011,0.701770309,0.727091449,0.741356778,0.691456049,0.630247217,0.625901708,0.461300025,0.393924064,0.543561701,0.522864082,0.583563847,0.469043782,0.446951892
Chad,TCD,6.057908423,6.58449686,5.875977482,6.190556986,6.632382757,6.055459469,8.992159675,10.63448137,11.56111614,10.59768969,10.3961214,10.46630774,10.63360489,12.06612605,12.17404033,12.17177663,11.13538847,10.88122098,10.37590789,,,,,11.02968595,12.87580206,10.15665201,11.55543568,10.95484474,10.25596904,12.75063024,13.72107812,10.32066898,10.27738985,10.7793897,9.067988235,10.98750911,10.12948238,11.54361395,10.77824247,9.780753893,8.588088903,9.211454147,9.062188908,7.671362554,5.020708816,,,,,,,,,,,,,,,,,,,,
East Asia & Pacific (IDA & IBRD countries),TEA,,,,,,,,,,,,,,,,,,,,,,,,,,,,,,,,,,,,,,,,,,,,,30.41547505,30.32546659,30.60679085,30.505636,30.3235058,29.74728726,29.27576962,29.64249236,29.24471009,28.58007148,28.42270394,27.28583279,26.49558097,26.57428657,26.39108799,25.41274969,25.04058853,26.18249844,25.60101673,24.70832272,24.16189277
Europe & Central Asia (IDA & IBRD countries),TEC,,,,,,,,,,,,,,,,,,,,,,,,,,,,,,,,,,,,,,,,,,,16.23966792,16.24783384,16.76108535,16.85497053,16.66276871,16.48357554,16.14026864,14.68442064,14.5119501,14.10869184,13.67959907,13.39666324,13.98516207,14.7456012,14.72785937,14.8725422,15.1867578,14.9545729,15.23776676,15.82441583,15.58910878,14.96784894,14.33857907
Togo,TGO,,,,,,,,,,,,,,,,,,,,,,,,,,,,,,,,,,,,,,,,,,,,,,,,19.09799614,16.18029766,15.10658719,14.59519139,14.23234566,11.95656125,14.54806093,16.18088407,14.88533053,13.40960195,13.00994904,13.2525356,12.63354568,12.9535861,12.60000476,12.61904435,12.69169029,
Thailand,THA,12.53676604,12.99299911,14.04412573,14.18072173,13.86062511,14.1717757,13.64736619,15.25989138,15.25738269,15.56062932,15.94301172,17.53585444,18.40094059,19.18055026,19.16189005,18.66139177,19.68253978,20.17348077,20.01229034,21.04133206,21.51062261,22.63978964,21.32183956,22.13240287,22.90930765,21.92124875,23.87556951,24.25477807,25.83876034,26.74830998,27.203606,28.24108711,27.51715424,26.17463978,25.90148248,26.20811198,25.66599779,26.46817301,27.14785944,28.17494832,28.37544528,27.82676748,28.51503178,29.58050295,29.41896805,29.61506806,30.16807997,30.58744967,30.55473054,29.46214007,30.93047882,28.99588092,27.97278735,27.58869075,27.57350096,27.3740712,27.14423937,27.01481548,26.71283439,25.62159641,25.55533257,27.15161781,27.02351715,24.97928115,24.32284532
Tajikistan,TJK,,,,,,,,,,,,,,,,,,,,,,,,,,31.32328308,27.65598651,30,26.59883721,23.04347826,24.82853224,24.03846154,36.70788253,29.16301304,22.6970297,26.83968481,18.84225032,20.17489386,19.3256998,19.59237175,,,,,,,,,,,,9.662765911,9.470980087,9.226041113,7.617665427,10.73290727,11.37774387,12.80529159,13.22896965,13.4323434,15.62585236,14.99886719,15.14066899,14.61257608,
Turkmenistan,TKM,,,,,,,,,,,,,,,,,,,,,,,,,,,,,,,,,,5.159680639,27.52293578,38.17484663,24.20258065,23.21692169,17.32761701,17.15282972,9.837258281,13.89266399,14.50265252,17.4800101,20.45651585,,,,,,,,,,,,,,,,,,,,
Latin America & the Caribbean (IDA & IBRD countries),TLA,,,,,,45.94960063,43.52355797,39.39028571,39.15138174,40.2989265,38.23899865,39.25229376,38.11256961,37.76458048,38.50574778,34.2981741,33.04687866,32.75904256,33.07990699,31.26591912,20.67393248,24.01740448,24.73489,24.02908128,24.47776424,24.39545725,24.72833749,24.04287512,25.16072123,24.83636336,21.24797338,20.48651456,20.20191895,20.79677349,20.02438647,16.77649971,16.2127377,16.7122899,16.30203898,16.61677348,16.91903901,16.73869484,16.5403387,16.99735676,16.82162263,16.19748702,16.02413604,15.55116381,15.21806724,14.47260582,14.14937668,13.63408348,13.36984053,13.0455967,13.01028172,16.24497629,16.02634909,15.73554269,15.97516291,15.73772523,16.17962419,17.05335828,17.89774588,17.69175368,16.83512658
Timor-Leste,TLS,,,,,,,,,,,,,,,,,,,,,,,,,,,,,,,,,,,,,,,,,2.534419225,2.498494586,2.573406851,2.62358772,2.497368254,2.447909005,2.5046475,2.065806011,1.683732095,1.385139141,1.009196751,0.910252763,0.793999423,0.723328925,0.776623601,0.97375158,1.100675991,1.562220799,1.692043229,1.828933747,1.527273011,0.752185651,1.290571516,1.644998406,
"Middle East, North Africa, Afghanistan & Pakistan (IDA & IBRD)",TMN,,,,,,,,,,,,,,,10.02566089,10.57198617,10.43763609,10.33735293,9.941196498,8.815473425,9.359103065,10.24293899,10.58309251,10.2827024,10.82757155,10.79657274,11.69822792,12.40630469,13.79603943,13.83782026,11.45756858,15.49701005,15.15775767,13.29475302,14.43520335,15.49768878,16.26587637,15.97209038,16.16338612,15.60041747,15.3219497,12.39036497,12.11301495,12.08296335,12.0068513,11.6829597,11.6621717,11.05502517,11.10252749,11.37575532,11.20628461,11.69669213,12.28970779,11.86136647,12.19694143,11.62920365,11.39596702,11.1809314,11.26811154,11.76628159,12.67625532,13.35238911,13.294483,12.89023578,
Tonga,TON,,,,,,,,,,,,,,,,4.470862077,5.30375771,5.755694792,6.341570868,6.732884374,6.078293032,4.174436423,4.016799307,3.944700188,5.149499392,4.783832182,4.400074494,4.097327606,4.476810793,5.116001046,5.125852836,4.453597181,4.408531103,4.544268795,8.114674047,7.555329529,7.568373027,7.873054837,7.391925041,8.041846259,8.870830839,8.378081714,7.872194038,7.875920089,7.667217562,7.32736359,6.955449204,7.058250678,6.702610165,6.537212666,6.007920542,5.835304047,5.855935733,6.181383934,6.235823721,6.034202893,6.047964777,5.979969893,5.805089861,5.369579177,5.481311341,5.699718267,4.809527207,4.499883395,
South Asia (IDA & IBRD),TSA,13.72386149,14.18918696,14.65473661,14.6590224,14.00203838,14.10830417,13.36081527,12.22265517,12.59604586,13.10421413,13.33205995,13.86591403,14.15432069,14.41694533,15.50951483,14.40554113,15.58158534,15.79349906,16.37593973,16.98831815,16.43353848,16.34705814,15.98278962,16.34643273,16.40624405,16.06975086,15.89937947,15.85561119,15.73253453,16.36857379,16.12032671,15.31881606,15.52796349,15.70024074,16.49884635,17.4610279,17.04697466,16.13556775,15.52357775,15.0181243,15.62684957,15.07245095,15.44484767,15.450094,15.69146869,15.87767926,17.10358882,16.74642953,16.93189091,17.00413371,16.89502406,16.07229119,15.82561834,15.31265938,15.13478295,15.56808997,15.58077477,15.37459005,15.35696192,14.23596693,14.81945777,15.11251188,14.16926516,13.98380519,13.47957331
Sub-Saharan Africa (IDA & IBRD countries),TSS,,,,,,,,,,,,,,,,,,,,,,17.89302542,17.14936191,16.9412938,14.99979406,14.43882203,15.29162667,15.6197725,16.14326735,15.88404679,15.99053563,15.79333087,16.458823,16.1876282,17.17888375,17.40407782,16.66801262,16.71907036,15.95824514,14.33842978,13.91380311,13.87486322,13.02161859,13.37558355,13.02242469,12.34278123,11.155808,10.89116678,10.37780379,10.65436471,9.947941154,9.856592527,9.700912928,10.0783229,10.22371369,10.24743758,10.29373058,10.4681305,10.6314924,11.03086758,11.15981081,11.66149022,11.51636957,11.71337876,10.65263981
Trinidad and Tobago,TTO,,,,,,,,,,,,,,,,,,,,,,,,,,,,,,,,,,,,,,,,,,,,,,,,,,,,,17.44871993,13.96529258,14.45903753,14.15997056,17.22940664,16.29457857,16.92177111,15.02696709,15.37789322,17.54625538,17.83860307,14.25265065,
Tunisia,TUN,,,,,,8.091485681,8.087831656,8.087719298,8.185667242,8.904311872,8.403917417,8.658647299,9.517564403,9.311213411,9.962527458,9.078902033,10.46559752,10.55248871,11.06324731,11.59479808,11.78647084,11.86689092,11.11689285,14.16876908,14.84155698,15.09482353,15.76727557,15.09464488,16.83370667,16.96159501,16.88656305,16.94849029,16.5309577,17.19839051,18.47500285,18.96456679,18.32814967,16.72637883,16.65733562,16.49740224,16.31004233,16.55053801,16.54863652,16.07968745,15.77687089,15.65236082,16.15475061,16.8400365,18.13862776,16.93690224,15.72391041,15.96951608,15.43494647,15.00824302,14.5464537,14.01023583,13.80882367,14.20094793,14.51717256,14.31902109,13.69381793,14.36911891,15.49479223,15.11425417,
Turkiye,TUR,12.7753304,13.21279555,13.07596513,12.87553648,13.32007952,14.67038069,14.73601261,14.98579545,15.74603175,16.09589041,16.08142494,16.6185567,17.36423383,17.55494505,16.59943526,16.56841452,17.63848397,17.28675566,17.06176117,19.16057737,17.08599396,19.43931148,19.99961876,19.10353953,18.05692569,18.25476201,22.20077409,21.83911276,22.95555409,23.12185388,21.95780697,22.17191762,21.63708834,20.80908452,22.06291179,22.56606514,21.1414223,21.56558465,22.27165544,19.99630407,18.70562697,17.71462985,16.9326153,17.11144698,16.94823506,16.9038637,17.059374,16.80466786,16.26460107,15.15760591,15.05396857,16.44867103,15.8337489,16.27985574,16.77169702,16.69618545,16.5954579,17.59183105,19.08375804,18.37746846,19.13919281,22.23805038,22.1086484,19.54660848,
Tuvalu,TUV,,,,,,,,,,,,,,,,,,,,,,,,,,,,,,,2.846625767,2.969002384,3.136981527,2.396343454,2.241957521,3.587416066,3.09476735,3.777857035,3.890343587,4.484007794,0.688461538,0.721481481,0.805806452,1.148333333,0.891935484,0.787666667,0.840625,0.738235294,1,1.027777778,1.088571429,1.026315789,,,,,,,,,,,,,
Tanzania,TZA,,,,,,,,,,,,,,,,,,,,,,,,,,,,,,,5.841992622,5.624287415,5.257618593,4.808086671,4.716284392,4.571667569,4.648427793,4.323046043,11.07117357,10.22858507,9.861512994,9.468891997,9.370214025,9.379081764,9.193377239,9.026503074,8.821439254,8.817414345,8.744588961,8.666675269,8.665829302,9.54869846,9.438233264,9.110895166,9.120109,7.855564961,7.813717838,7.665587155,8.073823151,8.501810556,8.03212809,8.024874633,8.183102341,8.398510723,8.00144106
Uganda,UGA,8.148184859,8.156186641,7.264951279,8.23245093,7.025055164,7.913896803,7.624810893,7.569836445,8.083670715,8.218521625,8.691786151,7.902795614,7.427230047,6.531753866,7.689172667,6.201732906,5.97801659,5.773237179,4.392268171,3.667558818,4.260772451,1.869438421,6.245694604,5.28195209,6.113814849,5.330950408,6.049284843,5.670634038,5.533934281,5.690638109,5.341025639,5.438035758,5.820887289,5.598405977,6.030379954,6.229189396,7.147086558,7.787954277,8.28110036,8.893207736,7.098978105,7.061988776,7.354144342,7.055683802,6.364934006,7.009315598,7.090616066,7.125823101,7.30696526,20.07784579,19.65630717,19.08630722,18.67000674,16.54856162,15.63386283,17.60854768,16.2297476,15.52299609,15.77935562,15.46630748,15.79525672,16.43374919,16.37186971,15.64934868,15.19066489
Ukraine,UKR,,,,,,,,,,,,,,,,,,,,,,,,,,,,,,38.10548276,,,44.59666203,29.70331753,35.01294684,30.95036248,27.45495001,24.62914293,25.2570843,27.23202557,17.38735465,16.33479342,16.92890518,17.54394188,17.51169087,18.50828186,18.74896021,18.40445956,15.88655446,14.31668289,13.0957491,11.76553427,12.22962711,11.14059174,12.22812816,11.90277912,12.21912603,11.98030207,11.53402155,10.78860042,10.10138261,10.28329715,7.603575719,8.312677157,8.411302814
Upper middle income,UMC,,,,,,,,,,,,,,,,,,,,,,,,,,,,,,,,,,,,,,,,,,,,,22.81089387,22.33543822,22.4978338,22.41393208,22.47883135,22.52477942,22.15343089,22.41757898,22.4788499,22.31477021,22.60719236,22.72432775,22.28907009,22.29047333,22.61916554,22.00255747,22.29707571,23.4775586,22.88049831,21.94162061,21.20746693
Uruguay,URY,,,,,,,,,,,,,,,,,,,,,,,,25.35648109,27.27779089,29.39800114,29.71545816,28.94623757,27.26282011,26.8266995,27.96538826,28.31051511,24.78484162,21.10099751,18.87835264,19.6946507,19.26387094,14.88260213,14.17131312,13.42543265,12.5186631,12.67439435,13.08012991,14.87090944,14.90260843,14.85246711,14.54339075,13.73514408,14.94688285,14.81860071,13.52832362,12.73340431,12.17315682,11.26622779,12.14330217,13.24266133,10.98677506,10.27326056,11.07969985,10.57871185,9.712919134,10.47204903,10.46066234,9.744254844,9.69126071
United States,USA,,,,,,,,,,,,,,,,,,,,,,,,,,,,,,,,,,,,,,16.12219897,15.78548921,15.46612396,15.11870312,13.92508871,13.43504886,13.30274212,13.16031927,12.98017048,12.98176849,12.75200999,12.1840678,11.71295174,11.88331083,11.94299364,11.820546,11.67330729,11.41342145,11.32076441,10.82286847,10.75722531,10.94966353,10.53292431,10.06613483,10.17164227,10.32221727,10.24666072,9.981582936
Uzbekistan,UZB,,,,,,,,,,,,,,,,,,,,,,,,,,,,,,,,,,,,,,,,,,,,,,,,,,,10.18113597,10.245089,10.53536906,11.61452326,12.6883575,12.80946893,13.65402063,14.00256997,16.15316075,17.54788576,19.12785742,19.4707173,19.07158178,19.36369892,20.19387348
St. Vincent and the Grenadines,VCT,,,,,,,,,,,,,,,,,,5.302695267,7.511029144,8.173866442,7.63747963,8.005273492,8.080416475,7.717666367,9.494905918,8.72826532,7.919365611,8.08781069,8.261638594,8.688377943,6.953882186,7.383291669,8.00820808,7.718975978,7.635512105,6.94076557,6.898169873,6.550725255,5.754532748,5.190816539,5.214580966,5.809544169,4.880245632,4.867361966,4.971488092,5.108182898,4.365746621,4.919404104,4.285734217,4.686871228,4.908993598,4.375576145,4.182294246,4.292648384,4.685240436,4.794933371,4.991312733,4.953245192,4.87835523,4.040597161,3.620739141,3.77256265,3.866991662,3.683541505,3.762890227
"Venezuela, RB",VEN,,,,,,,,,16.78994574,16.77829873,17.00470927,17.65422376,17.5711359,17.78903253,19.64306716,17.27209606,18.2868753,17.34274851,17.18064592,18.23392077,17.67054418,16.50602367,17.46130711,17.88341848,16.22950351,16.84153109,19.00354068,17.03129285,17.13837324,15.62628405,14.24138789,14.72539845,14.15467763,13.87340589,13.55817268,13.78534624,12.42688538,21.1279143,19.0279313,17.69549041,18.52902992,16.98932795,16.43859487,17.11812259,16.45775144,15.07806447,13.90856953,13.33672421,12.83958618,13.62486832,11.89951988,11.64524006,11.7676049,11.5143021,12.07335643,,,,,,,,,,
British Virgin Islands,VGB,,,,,,,,,,,,,,,,,,,,,,,,,,,,,,,,,,,,,,,,,,,,,,,,,,,,,,,,,,,,,,,,,
Virgin Islands (U.S.),VIR,,,,,,,,,,,,,,,,,,,,,,,,,,,,,,,,,,,,,,,,,,,,,,,,,,,,,,,,,,,,,,,,,
Viet Nam,VNM,,,,,,,,,,,,,,,,,,,,,,,,,,,,,,,,,,,,,,,,,,,,,,18.82328356,19.38072563,19.3804145,18.57965765,18.30103546,17.13057057,18.69414554,20.27409248,20.68745369,20.37122923,20.96009168,21.4882532,22.62712397,23.36716792,23.7867165,23.94724304,24.45937268,24.77722869,24.17967245,24.43042726
Vanuatu,VUT,,,,,,,,,,,,,,,,,,,,3.9024395,3.951185355,3.667568298,3.85620915,3.180454351,3.25730627,3.941062871,3.979328165,4.778067885,5.001209482,5.069382274,4.866204664,4.749833222,4.352777426,4.102395799,4.359652992,4.346581762,4.410958904,4.0751756,4.406972225,4.46622149,4.513768329,4.495731057,4.204853227,4.104098894,4.034017107,3.798553815,3.612351114,3.109758403,2.557506306,2.94354775,4.987999261,4.333502649,3.758769018,3.41460693,3.489734509,3.28027247,3.156483169,2.903453582,2.776592472,2.925081433,2.58841693,2.744554603,2.405584995,,
World,WLD,,,,,,,,,,,,,,,,,,,,,,,,,,,,,,,,,,,,,,18.99757601,18.61011705,18.42395957,18.25926983,17.18066905,16.72592677,16.55924841,16.42339019,16.22013871,16.17952223,16.14463454,15.88634022,15.32984899,15.83111304,15.90797969,15.87972548,15.70908756,15.81573906,16.25363706,16.05585898,16.1035609,16.23727249,15.80264915,15.79869123,16.34610412,15.96232962,15.5523827,15.11684021
Samoa,WSM,,,,,,,,,,,,,,,,,,,,,,,,,,,,,,,,,,,25.3434132,24.9739609,23.93739968,21.46325483,17.95339815,18.61492807,19.10265457,20.09630195,20.74489612,21.82751382,21.73873157,19.72755973,18.70271875,16.94592872,16.49223668,10.65596258,8.151733297,7.57857171,8.139214551,7.680412603,6.89993047,6.443929145,6.255926195,6.19206875,4.728204974,4.540111648,3.950283485,4.874292299,4.917229646,5.099303422,5.306844866
Kosovo,XKX,,,,,,,,,,,,,,,,,,,,,,,,,,,,,,,,,,,,,,,,,,,,,,,,,14.04175544,14.87549582,13.77262161,13.11959163,13.25279732,13.51216998,13.47106484,13.264168,13.05525294,12.78484426,13.12748622,12.86269666,13.35206942,12.89153197,12.78139493,12.91912412,13.07310633
"Yemen, Rep.",YEM,,,,,,,,,,,,,,,,,,,,,,,,,,,,,,,,,,,,,,,,,,,,,,,,,,,,,,,,,,,,,,,,,
South Africa,ZAF,19.93919027,20.54628225,20.69900143,21.44976138,22.06088993,22.84949116,22.569205,21.92726307,21.93427077,22.31915667,22.51913434,21.7570473,21.18221373,21.65663042,21.26373431,23.06649858,23.35466562,21.5673838,21.41010785,22.46797287,22.80540517,24.86450776,24.1166002,23.87923233,23.34374276,22.16081137,22.35499767,22.77537522,23.0548928,23.48630004,23.74351096,23.1384261,22.30501454,21.38709412,21.01598175,21.24672967,20.26728629,19.91348664,19.32781307,18.52612948,18.96826643,19.03695787,19.0721823,18.50211188,17.98981452,17.37057973,15.59552455,15.44192483,15.60869108,14.50780436,13.85957361,12.86177002,12.48259185,12.36677578,12.48071139,12.51794447,12.48364435,12.5127045,12.45703328,12.40089127,11.72504678,12.06007889,12.42810066,12.96249801,12.79768629
Zambia,ZMB,3.766780204,4.883052934,4.822753504,5.485986881,5.68413887,6.332453826,7.807909605,9.001670844,9.732230229,8.161337209,10.11191986,12.67677195,13.56261682,12.29771425,12.8343388,15.9114053,14.35481354,17.77084172,19.10961034,18.29424147,16.94738216,17.73971424,18.5992824,19.84597723,20.49482864,22.85807209,22.65104295,25.72342794,30.806865,30.97014925,31.85689077,33.34588626,33.1916343,24.97607991,9.088726019,9.177594328,10.91561377,10.79494361,10.77369849,10.21141037,9.453296547,9.081867226,9.585879251,10.14813672,10.06523898,9.840460977,9.407918982,8.679804366,8.453968149,8.684927817,7.578283936,7.51615953,7.075813251,6.023734529,6.819983359,7.522311308,7.68612523,8.127238236,6.84776648,6.788930097,7.70383075,8.668314745,7.996352892,8.502958799,9.284074492
Zimbabwe,ZWE,,,,,,15.95140227,14.89110782,15.79702105,15.9962771,15.54802555,17.22646294,17.94421789,18.61423339,19.64237669,20.11902129,19.89680554,19.70851978,18.61235523,19.38272367,19.69673195,20.72817068,20.38295729,19.18333625,20.32269943,20.48386509,18.14545767,19.48465592,20.66779771,19.46708291,22.9710448,20.48478539,24.09614198,26.89869922,21.02116159,19.05482699,19.26422236,16.68575983,15.87867672,14.41609473,13.20135565,13.38798171,13.14537155,11.87174048,12.16673996,13.94948538,15.12284892,16.01318835,16.09742314,16.33451644,11.03048853,9.208153321,9.172479426,14.04347473,12.91906848,12.5907478,11.88863717,11.59597463,14.02688934,13.67814277,14.22235801,15.69656718,12.44293372,20.53346533,16.42947398,18.60591345