cntry.code,country,year,hc,rnna,rkna,cn,ck,cgdpe,cgdpo
ABW,Aruba,1950,,,,,,,
ABW,Aruba,1951,,,,,,,
ABW,Aruba,1952,,,,,,,
ABW,Aruba,1953,,,,,,,
ABW,Aruba,1954,,,,,,,
ABW,Aruba,1955,,,,,,,
ABW,Aruba,1956,,,,,,,
ABW,Aruba,1957,,,,,,,
ABW,Aruba,1958,,,,,,,
ABW,Aruba,1959,,,,,,,
ABW,Aruba,1960,,,,,,,
ABW,Aruba,1961,,,,,,,
ABW,Aruba,1962,,,,,,,
ABW,Aruba,1963,,,,,,,
ABW,Aruba,1964,,,,,,,
ABW,Aruba,1965,,,,,,,
ABW,Aruba,1966,,,,,,,
ABW,Aruba,1967,,,,,,,
ABW,Aruba,1968,,,,,,,
ABW,Aruba,1969,,,,,,,
ABW,Aruba,1970,,617,,1224,,418,393
ABW,Aruba,1971,,680,,1343,,458,446
ABW,Aruba,1972,,749,,1474,,499,488
ABW,Aruba,1973,,824,,1615,,544,559
ABW,Aruba,1974,,907,,1774,,603,649
ABW,Aruba,1975,,996,,1945,,666,701
ABW,Aruba,1976,,1094,,2126,,721,767
ABW,Aruba,1977,,1201,,2327,,784,790
ABW,Aruba,1978,,1318,,2543,,853,907
ABW,Aruba,1979,,1445,,2786,,929,1046
ABW,Aruba,1980,,1584,,3046,,1022,1159
ABW,Aruba,1981,,1735,,3347,,1115,1247
ABW,Aruba,1982,,1900,,3670,,1221,1354
ABW,Aruba,1983,,2080,,3999,,1325,1482
ABW,Aruba,1984,,2275,,4370,,1435,1601
ABW,Aruba,1985,,2488,,4790,,1568,1879
ABW,Aruba,1986,,2720,,5238,,1704,1985
ABW,Aruba,1987,,2996,,5767,,1971,2355
ABW,Aruba,1988,,3331,,6425,,2336,2785
ABW,Aruba,1989,,3709,,7175,,2597,2836
ABW,Aruba,1990,,4089,,7889,,2670,3111
ABW,Aruba,1991,,4495,0.252451092,8641,0.00015682281809859,2908,2809
ABW,Aruba,1992,,4925,0.275394768,9475,0.00016838387819007,3054,4018
ABW,Aruba,1993,,5379,0.298533738,10367,0.00017939624376595,3248,3901
ABW,Aruba,1994,,5883,0.323427111,11347,0.00018262093362864,3626,4364
ABW,Aruba,1995,,6406,0.354653835,12367,0.00019767248886637,3465,4252
ABW,Aruba,1996,,6861,0.380673259,13272,0.00020579814736266,3449,3991
ABW,Aruba,1997,,7409,0.410821885,14368,0.00021317022037692,3732,4193
ABW,Aruba,1998,,8043,0.44615072,15698,0.00022052894928493,3987,4808
ABW,Aruba,1999,,8657,0.477737516,16945,0.00022711246856488,4037,5244
ABW,Aruba,2000,,9079,0.502292454,17782,0.00022547481057700,4059,4520
ABW,Aruba,2001,,9499,0.526850283,18651,0.00022832068498246,4175,4980
ABW,Aruba,2002,,9998,0.557929099,19745,0.00024267815751955,4181,3925
ABW,Aruba,2003,,10569,0.592490852,21099,0.00025753048248589,4290,4053
ABW,Aruba,2004,,11183,0.629640102,22623,0.00027317344211042,4631,4531
ABW,Aruba,2005,,11965,0.674656689,24579,0.00029769772663713,4857,4560
ABW,Aruba,2006,,12796,0.72297281,26629,0.00031566430698149,4847,4704
ABW,Aruba,2007,,13557,0.765079618,28584,0.00032897811615840,4919,4544
ABW,Aruba,2008,,14321,0.809528649,30598,0.00034689944004640,4861,4608
ABW,Aruba,2009,,14863,0.846742213,32071,0.00038684677565470,4380,4149
ABW,Aruba,2010,,15272,0.873777449,33214,0.00040797324618325,4030,3775
ABW,Aruba,2011,,15680,0.900283873,34156,0.00041784980567172,4119,3779
ABW,Aruba,2012,,15999,0.921290398,31417,0.00038421925273724,3974,3659
ABW,Aruba,2013,,16235,0.936795533,27292,0.00033346391865052,3974,4377
ABW,Aruba,2014,,16446,0.951989591,25039,0.00030759561923333,3911,3820
ABW,Aruba,2015,,16614,0.965333581,22291,0.00027321494417265,3948,3963
ABW,Aruba,2016,,16814,0.982336938,19157,0.00023692949616816,3934,3388
ABW,Aruba,2017,,17015,1,17015,0.00021185287914705,3980,3063
ABW,Aruba,2018,,17209,1.016880631,17204,0.00021186549565755,3923,3467
ABW,Aruba,2019,,17390,1.032467008,17428,0.00020880954980385,3912,3466
AGO,Angola,1950,,,,,,,
AGO,Angola,1951,,,,,,,
AGO,Angola,1952,,,,,,,
AGO,Angola,1953,,,,,,,
AGO,Angola,1954,,,,,,,
AGO,Angola,1955,,,,,,,
AGO,Angola,1956,,,,,,,
AGO,Angola,1957,,,,,,,
AGO,Angola,1958,,,,,,,
AGO,Angola,1959,,,,,,,
AGO,Angola,1960,,,,,,,
AGO,Angola,1961,,,,,,,
AGO,Angola,1962,,,,,,,
AGO,Angola,1963,,,,,,,
AGO,Angola,1964,,,,,,,
AGO,Angola,1965,,,,,,,
AGO,Angola,1966,,,,,,,
AGO,Angola,1967,,,,,,,
AGO,Angola,1968,,,,,,,
AGO,Angola,1969,,,,,,,
AGO,Angola,1970,1.015685797,257238,,107093,,29292,28823
AGO,Angola,1971,1.018195629,274283,,113869,,31141,30987
AGO,Angola,1972,1.020711541,290922,,120450,,31306,30737
AGO,Angola,1973,1.023233771,309321,,127543,,34129,33386
AGO,Angola,1974,1.0257622,328087,0.217747569,135154,0.00494460947811604,35657,34559
AGO,Angola,1975,1.028296828,344397,0.228412971,141681,0.00505625270307064,34076,32459
AGO,Angola,1976,1.030837774,358761,0.237816915,146972,0.00507823098450899,32093,31391
AGO,Angola,1977,1.033385038,373624,0.247307673,152846,0.00505082122981548,32656,32863
AGO,Angola,1978,1.035938501,386335,0.255079478,157430,0.00493250275030732,30366,29550
AGO,Angola,1979,1.038498282,398617,0.262618423,162315,0.00488808052614331,30602,30551
AGO,Angola,1980,1.041064382,409543,0.268872976,166276,0.00472581712529063,31393,31178
AGO,Angola,1981,1.050380826,420717,0.275542259,171321,0.00476608052849770,30972,30806
AGO,Angola,1982,1.059780598,435114,0.284444332,177239,0.00492414878681302,31754,31218
AGO,Angola,1983,1.069264412,445289,0.290274024,180393,0.00505075370892882,32041,31164
AGO,Angola,1984,1.078833222,456746,0.29714039,184488,0.00508348317816854,35352,33838
AGO,Angola,1985,1.088487506,462508,0.300035477,187155,0.00508393719792366,36122,35776
AGO,Angola,1986,1.098228335,465386,0.301036954,188935,0.00509298313409090,31212,31471
AGO,Angola,1987,1.108056307,470316,0.303462833,190644,0.00508107338100672,35470,35512
AGO,Angola,1988,1.117972136,471587,0.303754658,191873,0.00509945396333933,33697,33438
AGO,Angola,1989,1.127976775,470103,0.30232653,191912,0.00516669172793627,35647,35472
AGO,Angola,1990,1.138070941,469801,0.301883161,190847,0.00532484007999301,37133,37988
AGO,Angola,1991,1.153040051,487432,0.313890904,194504,0.00575953442603350,34269,33017
AGO,Angola,1992,1.168206215,523073,0.337786108,190026,0.00640428531914949,39262,42754
AGO,Angola,1993,1.183571696,548182,0.354925245,220804,0.00678384350612760,33908,35172
AGO,Angola,1994,1.199139357,570741,0.372319281,231169,0.00727873761206865,36430,36823
AGO,Angola,1995,1.214911699,601805,0.401362777,243614,0.00810201000422239,36195,32026
AGO,Angola,1996,1.230891585,654899,0.451339126,265959,0.00922756176441908,47421,39733
AGO,Angola,1997,1.247081637,687261,0.476401985,279597,0.00954917911440134,44510,40691
AGO,Angola,1998,1.263484716,740601,0.517464697,303432,0.01016104500740770,46014,43200
AGO,Angola,1999,1.280103445,775771,0.547636211,318746,0.01053257193416360,48516,42868
AGO,Angola,2000,1.296940804,779972,0.548049986,318988,0.01008142437785860,40331,37817
AGO,Angola,2001,1.308486342,781996,0.548506618,322603,0.00972202140837908,40582,39915
AGO,Angola,2002,1.32013464,787985,0.553978086,330385,0.00981891155242920,46423,46788
AGO,Angola,2003,1.331886649,797937,0.568081319,338901,0.01018613763153550,48679,50811
AGO,Angola,2004,1.343743324,814614,0.590461791,351295,0.01022233814001080,57881,62211
AGO,Angola,2005,1.355705619,835926,0.610579908,366520,0.00994008406996727,73290,82367
AGO,Angola,2006,1.367774248,858190,0.628606439,395014,0.01057523488998410,92610,107026
AGO,Angola,2007,1.379950404,886700,0.650170088,455173,0.01176412310451270,101426,119522
AGO,Angola,2008,1.392234921,929717,0.693952143,557643,0.01419456768780950,121978,145000
AGO,Angola,2009,1.404628754,977683,0.745384276,704435,0.02042932063341140,100015,115162
AGO,Angola,2010,1.417132974,1013858,0.785163164,870199,0.02166296169161800,140977,153241
AGO,Angola,2011,1.424196243,1055289,0.827808857,999637,0.02277407236397270,186079,199033
AGO,Angola,2012,1.43129468,1100664,0.8681072,1057144,0.02186033502221110,206876,221672
AGO,Angola,2013,1.438428521,1145196,0.905052602,1053465,0.01989398524165150,215701,228185
AGO,Angola,2014,1.445597887,1191335,0.940715253,1162079,0.02010606415569780,232655,243642
AGO,Angola,2015,1.452803016,1233630,0.974279761,1145485,0.01882302202284340,215562,224334
AGO,Angola,2016,1.460044026,1267231,0.994363546,1092635,0.01652815379202370,210501,214634
AGO,Angola,2017,1.467321157,1281953,1,1281953,0.01782427914440630,223327,230151
AGO,Angola,2018,1.474634528,1292108,1.00363934,1286665,0.01701610907912250,239501,233298
AGO,Angola,2019,1.481984377,1300951,1.005456567,1299232,0.01662372611463070,227772,223289
AIA,Anguilla,1950,,,,,,,
AIA,Anguilla,1951,,,,,,,
AIA,Anguilla,1952,,,,,,,
AIA,Anguilla,1953,,,,,,,
AIA,Anguilla,1954,,,,,,,
AIA,Anguilla,1955,,,,,,,
AIA,Anguilla,1956,,,,,,,
AIA,Anguilla,1957,,,,,,,
AIA,Anguilla,1958,,,,,,,
AIA,Anguilla,1959,,,,,,,
AIA,Anguilla,1960,,,,,,,
AIA,Anguilla,1961,,,,,,,
AIA,Anguilla,1962,,,,,,,
AIA,Anguilla,1963,,,,,,,
AIA,Anguilla,1964,,,,,,,
AIA,Anguilla,1965,,,,,,,
AIA,Anguilla,1966,,,,,,,
AIA,Anguilla,1967,,,,,,,
AIA,Anguilla,1968,,,,,,,
AIA,Anguilla,1969,,,,,,,
AIA,Anguilla,1970,,174,,315,,66,65
AIA,Anguilla,1971,,188,,341,,65,64
AIA,Anguilla,1972,,204,,373,,72,71
AIA,Anguilla,1973,,221,,404,,75,74
AIA,Anguilla,1974,,238,,437,,77,72
AIA,Anguilla,1975,,255,,469,,81,76
AIA,Anguilla,1976,,273,,500,,82,77
AIA,Anguilla,1977,,290,,532,,81,76
AIA,Anguilla,1978,,308,,567,,87,82
AIA,Anguilla,1979,,329,,607,,95,89
AIA,Anguilla,1980,,350,,646,,100,90
AIA,Anguilla,1981,,373,,691,,105,94
AIA,Anguilla,1982,,396,,736,,105,95
AIA,Anguilla,1983,,417,,772,,103,94
AIA,Anguilla,1984,,438,,807,,104,97
AIA,Anguilla,1985,,460,,849,,117,109
AIA,Anguilla,1986,,495,,916,,141,133
AIA,Anguilla,1987,,541,,1000,,156,142
AIA,Anguilla,1988,,571,,1059,,161,152
AIA,Anguilla,1989,,609,,1132,,178,176
AIA,Anguilla,1990,,656,,1220,,215,221
AIA,Anguilla,1991,,682,,1265,,171,175
AIA,Anguilla,1992,,722,,1341,,215,220
AIA,Anguilla,1993,,751,,1399,,223,232
AIA,Anguilla,1994,,782,,1460,,239,240
AIA,Anguilla,1995,,817,,1525,,228,236
AIA,Anguilla,1996,,852,,1593,,231,226
AIA,Anguilla,1997,,884,,1657,,253,226
AIA,Anguilla,1998,,941,,1773,,289,269
AIA,Anguilla,1999,,1023,,1932,,303,294
AIA,Anguilla,2000,,1103,,2077,,307,274
AIA,Anguilla,2001,,1152,,2177,,308,270
AIA,Anguilla,2002,,1176,,2234,,287,243
AIA,Anguilla,2003,,1207,,2305,,307,287
AIA,Anguilla,2004,,1270,,2439,,357,327
AIA,Anguilla,2005,,1353,,2621,,415,369
AIA,Anguilla,2006,,1477,,2874,,485,408
AIA,Anguilla,2007,,1676,,3265,,572,491
AIA,Anguilla,2008,,1888,,3698,,574,475
AIA,Anguilla,2009,,1935,,3802,,436,357
AIA,Anguilla,2010,,1958,,3837,,411,335
AIA,Anguilla,2011,,1953,,3818,,414,326
AIA,Anguilla,2012,,1958,,3424,,387,296
AIA,Anguilla,2013,,1971,,3096,,371,263
AIA,Anguilla,2014,,2011,,2854,,393,254
AIA,Anguilla,2015,,2057,,2685,,406,241
AIA,Anguilla,2016,,2086,,2473,,388,228
AIA,Anguilla,2017,,2112,,2112,,341,196
AIA,Anguilla,2018,,2239,,2247,,360,154
AIA,Anguilla,2019,,2260,,2267,,375,241
ALB,Albania,1950,,,,,,,
ALB,Albania,1951,,,,,,,
ALB,Albania,1952,,,,,,,
ALB,Albania,1953,,,,,,,
ALB,Albania,1954,,,,,,,
ALB,Albania,1955,,,,,,,
ALB,Albania,1956,,,,,,,
ALB,Albania,1957,,,,,,,
ALB,Albania,1958,,,,,,,
ALB,Albania,1959,,,,,,,
ALB,Albania,1960,,,,,,,
ALB,Albania,1961,,,,,,,
ALB,Albania,1962,,,,,,,
ALB,Albania,1963,,,,,,,
ALB,Albania,1964,,,,,,,
ALB,Albania,1965,,,,,,,
ALB,Albania,1966,,,,,,,
ALB,Albania,1967,,,,,,,
ALB,Albania,1968,,,,,,,
ALB,Albania,1969,,,,,,,
ALB,Albania,1970,1.558791876,42109,,23287,,6205,6225
ALB,Albania,1971,1.586792707,44233,,24528,,6443,6456
ALB,Albania,1972,1.615296483,46482,,25852,,6683,6704
ALB,Albania,1973,1.644312263,48858,,27201,,6916,6939
ALB,Albania,1974,1.673849225,51355,,28689,,7242,7272
ALB,Albania,1975,1.703916788,53965,,30180,,7545,7568
ALB,Albania,1976,1.739009023,56718,,31688,,7812,7819
ALB,Albania,1977,1.773482442,59568,,33319,,8152,8156
ALB,Albania,1978,1.808639169,62530,,34940,,8463,8501
ALB,Albania,1979,1.844492793,65735,,36798,,8735,8729
ALB,Albania,1980,1.881057262,68869,,38578,,9280,9261
ALB,Albania,1981,1.950622201,72158,,40597,,9622,9633
ALB,Albania,1982,2.022759914,76158,,42946,,9739,9688
ALB,Albania,1983,2.097565174,80064,,44970,,10091,10018
ALB,Albania,1984,2.175137043,84108,,47157,,10202,10085
ALB,Albania,1985,2.255577564,87445,,49168,,10304,10213
ALB,Albania,1986,2.305439949,90983,,51155,,10908,10698
ALB,Albania,1987,2.356404781,94498,,53151,,11091,10874
ALB,Albania,1988,2.408496141,97842,,55168,,10878,10672
ALB,Albania,1989,2.461739063,101617,,57477,,11730,11568
ALB,Albania,1990,2.516158819,105257,,59577,,11357,11355
ALB,Albania,1991,2.515733242,103158,,58265,,9347,10167
ALB,Albania,1992,2.515307903,100921,,57080,,7262,9042
ALB,Albania,1993,2.514882565,100356,,56844,,8878,10469
ALB,Albania,1994,2.514457226,101303,,57395,,10678,11898
ALB,Albania,1995,2.514031887,102689,,58343,,11591,12922
ALB,Albania,1996,2.581189394,104849,,59517,,13002,14240
ALB,Albania,1997,2.634504318,105178,,59988,,12000,13343
ALB,Albania,1998,2.688920259,105732,,61155,,13326,14821
ALB,Albania,1999,2.744460106,107269,,61279,,14458,15897
ALB,Albania,2000,2.801147461,110387,,63533,,14699,15943
ALB,Albania,2001,2.815089703,114763,,65592,,15510,16646
ALB,Albania,2002,2.829101563,119387,,68220,,16108,17107
ALB,Albania,2003,2.843183279,124477,,71766,,17251,17991
ALB,Albania,2004,2.857334852,130418,,76064,,18389,18592
ALB,Albania,2005,2.871556759,136897,,81422,,19822,19932
ALB,Albania,2006,2.878031731,144038,,105212,,21375,21642
ALB,Albania,2007,2.884521484,151501,,115712,,23081,23265
ALB,Albania,2008,2.891025543,159319,,128480,,25424,25638
ALB,Albania,2009,2.897544622,167014,,142846,,27041,27827
ALB,Albania,2010,2.904078007,173481,,157940,,29599,30864
ALB,Albania,2011,2.910693407,180424,,168044,,29951,31104
ALB,Albania,2012,2.917346239,186220,,158692,,30658,31867
ALB,Albania,2013,2.92403698,191621,,165748,,29918,30497
ALB,Albania,2014,2.930765867,196346,,204903,,31048,31699
ALB,Albania,2015,2.937533379,201283,,203325,,31925,33466
ALB,Albania,2016,2.944339275,206342,,213582,,32108,33651
ALB,Albania,2017,2.951184273,211883,,211883,,33842,34975
ALB,Albania,2018,2.958068371,217551,,218240,,35205,35407
ALB,Albania,2019,2.964992046,222623,,223971,,35808,36288
ARE,United Arab Emirates,1950,,,,,,,
ARE,United Arab Emirates,1951,,,,,,,
ARE,United Arab Emirates,1952,,,,,,,
ARE,United Arab Emirates,1953,,,,,,,
ARE,United Arab Emirates,1954,,,,,,,
ARE,United Arab Emirates,1955,,,,,,,
ARE,United Arab Emirates,1956,,,,,,,
ARE,United Arab Emirates,1957,,,,,,,
ARE,United Arab Emirates,1958,,,,,,,
ARE,United Arab Emirates,1959,,,,,,,
ARE,United Arab Emirates,1960,,,,,,,
ARE,United Arab Emirates,1961,,,,,,,
ARE,United Arab Emirates,1962,,,,,,,
ARE,United Arab Emirates,1963,,,,,,,
ARE,United Arab Emirates,1964,,,,,,,
ARE,United Arab Emirates,1965,,,,,,,
ARE,United Arab Emirates,1966,,,,,,,
ARE,United Arab Emirates,1967,,,,,,,
ARE,United Arab Emirates,1968,,,,,,,
ARE,United Arab Emirates,1969,,,,,,,
ARE,United Arab Emirates,1970,1.376651049,400503,,286667,,71241,67417
ARE,United Arab Emirates,1971,1.398153901,417788,,298723,,83340,77599
ARE,United Arab Emirates,1972,1.419992685,443800,,317065,,93134,73025
ARE,United Arab Emirates,1973,1.442172527,461347,,329091,,107121,84736
ARE,United Arab Emirates,1974,1.464698792,472998,,337775,,125349,88221
ARE,United Arab Emirates,1975,1.487576962,523251,,373497,,140347,112466
ARE,United Arab Emirates,1976,1.51268971,584707,,416475,,168279,135036
ARE,United Arab Emirates,1977,1.538226485,672134,,478318,,203346,170992
ARE,United Arab Emirates,1978,1.564194322,775765,,551080,,187457,167346
ARE,United Arab Emirates,1979,1.590600491,877203,,624151,,220662,204455
ARE,United Arab Emirates,1980,1.617452502,972064,,691459,,270291,322842
ARE,United Arab Emirates,1981,1.656284094,1059485,,756216,,267943,310733
ARE,United Arab Emirates,1982,1.696047902,1144675,,818195,,249118,286307
ARE,United Arab Emirates,1983,1.729925871,1230828,,875257,,232079,262076
ARE,United Arab Emirates,1984,1.761138082,1312635,,930989,,238446,263888
ARE,United Arab Emirates,1985,1.792913437,1374052,,975879,,224839,248581
ARE,United Arab Emirates,1986,1.835169435,1430542,,1015573,,186996,208218
ARE,United Arab Emirates,1987,1.878421307,1470465,,1044879,,185916,180626
ARE,United Arab Emirates,1988,1.922692537,1509734,,1076210,,179499,203610
ARE,United Arab Emirates,1989,1.968007088,1552342,,1110914,,199794,235481
ARE,United Arab Emirates,1990,2.014389753,1600232,,1141888,,239228,276105
ARE,United Arab Emirates,1991,2.074725151,1653216,,1175270,,241696,256077
ARE,United Arab Emirates,1992,2.136868,1718735,,1223686,,251029,266765
ARE,United Arab Emirates,1993,2.200871944,1747128,,1250717,,209420,215265
ARE,United Arab Emirates,1994,2.266793013,1787456,,1282348,,215090,226226
ARE,United Arab Emirates,1995,2.334688425,1833306,,1317235,,234599,246747
ARE,United Arab Emirates,1996,2.392024755,1882771,,1355627,,251194,259840
ARE,United Arab Emirates,1997,2.450768948,1937399,,1399432,,272389,276841
ARE,United Arab Emirates,1998,2.510955811,1992680,,1450667,,252876,268252
ARE,United Arab Emirates,1999,2.568484306,2049671,,1497027,,279912,291834
ARE,United Arab Emirates,2000,2.610784054,2110630,,1543644,,351242,357051
ARE,United Arab Emirates,2001,2.628685713,2169953,,1594481,,356064,365178
ARE,United Arab Emirates,2002,2.646710634,2233264,,1652329,,368971,372775
ARE,United Arab Emirates,2003,2.664858818,2303137,,1721022,,396855,403820
ARE,United Arab Emirates,2004,2.683131695,2373251,,1794459,,431693,438193
ARE,United Arab Emirates,2005,2.701529503,2460829,,1884449,,497314,505686
ARE,United Arab Emirates,2006,2.704702854,2567972,,1985560,,575654,589832
ARE,United Arab Emirates,2007,2.707879543,2748930,,2145298,,612723,637630
ARE,United Arab Emirates,2008,2.711060286,2921086,,2302130,,666198,690638
ARE,United Arab Emirates,2009,2.714244366,3108682,,2468559,,560287,589839
ARE,United Arab Emirates,2010,2.717432737,3261629,,2595549,,574257,596480
ARE,United Arab Emirates,2011,2.720643282,3418859,,2714816,,674078,702652
ARE,United Arab Emirates,2012,2.723864079,3560629,,2586796,,682172,740764
ARE,United Arab Emirates,2013,2.727094889,3680072,,2539492,,669969,727748
ARE,United Arab Emirates,2014,2.730335951,3820777,,3524938,,692457,762556
ARE,United Arab Emirates,2015,2.733587027,3966854,,4039657,,634110,697860
ARE,United Arab Emirates,2016,2.736848593,4131440,,4107009,,623081,666253
ARE,United Arab Emirates,2017,2.740120173,4234973,,4234973,,647361,629801
ARE,United Arab Emirates,2018,2.743402243,4345522,,4334586,,639048,630553
ARE,United Arab Emirates,2019,2.746694803,4454461,,4453746,,678241,635333
ARG,Argentina,1950,1.816502929,309057,,57092,,49204,50512
ARG,Argentina,1951,1.830768943,339338,,62726,,51548,51700
ARG,Argentina,1952,1.845147133,361793,,67185,,46791,47280
ARG,Argentina,1953,1.859638214,385867,,71565,,48639,50379
ARG,Argentina,1954,1.874243021,407616,0.116997406,75800,0.00578346848487854,50798,52633
ARG,Argentina,1955,1.888962626,433094,0.124530911,80596,0.00596049753949046,55254,56271
ARG,Argentina,1956,1.901768327,454692,0.130874619,84654,0.00604563206434250,56272,57370
ARG,Argentina,1957,1.91466105,479296,0.138074145,87753,0.00613465765491128,58767,60172
ARG,Argentina,1958,1.927641034,506546,0.145985946,93119,0.00624002190306783,63250,64714
ARG,Argentina,1959,1.940709233,528050,0.152200431,96384,0.00623966567218304,59552,60582
ARG,Argentina,1960,1.953865767,569324,0.164854527,103570,0.00643747439607978,64587,65001
ARG,Argentina,1961,1.964927793,612492,0.179024696,111476,0.00672225188463926,67937,67340
ARG,Argentina,1962,1.976052523,645182,0.189646333,117351,0.00679594138637185,64804,68889
ARG,Argentina,1963,1.987240314,664246,0.195149496,121069,0.00668862089514732,64030,66452
ARG,Argentina,1964,1.998491406,696997,0.20554322,127121,0.00663144048303366,68091,69476
ARG,Argentina,1965,2.009806156,730045,0.215968728,133093,0.00664352672174573,78441,77956
ARG,Argentina,1966,2.022713423,758551,0.224614948,138348,0.00654773367568851,77970,79724
ARG,Argentina,1967,2.035703421,788109,0.233404398,143743,0.00648801168426871,81752,82713
ARG,Argentina,1968,2.048776865,822198,0.243512794,149958,0.00645928690209985,84159,85227
ARG,Argentina,1969,2.061934233,871082,0.25854975,158989,0.00657214270904660,91175,93201
ARG,Argentina,1970,2.075176239,919316,0.273155093,168992,0.00667999917641282,92712,95677
ARG,Argentina,1971,2.096463442,972228,0.289394081,179664,0.00686455797404051,96671,98181
ARG,Argentina,1972,2.117969036,1023686,0.305356562,189103,0.00699439737945795,98549,99529
ARG,Argentina,1973,2.139695168,1065616,0.318220109,197170,0.00700943078845739,103580,104678
ARG,Argentina,1974,2.16164422,1109236,0.331359893,206499,0.00701634818688035,108947,110070
ARG,Argentina,1975,2.18381834,1151809,0.343755633,215739,0.00720616756007075,107702,108461
ARG,Argentina,1976,2.196906328,1202308,0.358519435,222806,0.00731758819893003,106126,108489
ARG,Argentina,1977,2.210072994,1270993,0.38079524,235359,0.00752562889829278,110429,115876
ARG,Argentina,1978,2.223318338,1321095,0.395326555,244891,0.00746534066274762,106909,113831
ARG,Argentina,1979,2.236643076,1376487,0.41270566,257441,0.00756142847239971,116785,121297
ARG,Argentina,1980,2.250047684,1434730,0.431800455,270021,0.00751548027619720,124514,122182
ARG,Argentina,1981,2.283164024,1474192,0.442724407,280990,0.00762989651411772,123624,123074
ARG,Argentina,1982,2.316767931,1494912,0.445666999,293317,0.00777965690940619,124121,129375
ARG,Argentina,1983,2.350866556,1516664,0.449799001,308706,0.00810004863888025,135743,140820
ARG,Argentina,1984,2.385466814,1535612,0.454191118,330187,0.00832636747509241,144505,149841
ARG,Argentina,1985,2.420576334,1544574,0.455274373,356702,0.00866500101983547,138948,146998
ARG,Argentina,1986,2.441888332,1560998,0.458319753,392349,0.00921399705111980,158398,161987
ARG,Argentina,1987,2.463388205,1586703,0.464763433,441385,0.00985160749405622,170130,171734
ARG,Argentina,1988,2.485077143,1609525,0.47028324,504587,0.01075981929898260,178657,183153
ARG,Argentina,1989,2.506957054,1616244,0.470981538,581150,0.01189131382852790,176131,176769
ARG,Argentina,1990,2.529029608,1614769,0.468963295,673077,0.01334300264716150,192021,199903
ARG,Argentina,1991,2.552567959,1629491,0.472774714,798458,0.01548916008323430,230428,233581
ARG,Argentina,1992,2.570973873,1665319,0.48471114,975892,0.01863757707178590,277157,276399
ARG,Argentina,1993,2.587059975,1713044,0.500966907,1206812,0.02266487479209900,318625,316010
ARG,Argentina,1994,2.60324645,1771301,0.521052778,1476061,0.02675471454858780,370609,368029
ARG,Argentina,1995,2.619534492,1810953,0.533899844,1718481,0.02996649593114850,411559,412710
ARG,Argentina,1996,2.627023935,1857230,0.549277306,1855310,0.03148195520043370,530665,531039
ARG,Argentina,1997,2.634534597,1919803,0.57048142,1903882,0.03132924437522890,549970,549191
ARG,Argentina,1998,2.642066956,1986978,0.593362868,1929212,0.03067099303007130,549893,548851
ARG,Argentina,1999,2.649620771,2033503,0.608759999,1905821,0.02918011508882050,516789,518102
ARG,Argentina,2000,2.657196045,2069937,0.620284677,1856012,0.02697326987981800,511804,514539
ARG,Argentina,2001,2.683002949,2088912,0.625355482,1797163,0.02517596818506720,479030,484168
ARG,Argentina,2002,2.709059954,2073447,0.619123042,1693605,0.02323297969996930,445078,416046
ARG,Argentina,2003,2.735370398,2082846,0.621468842,1668607,0.02215956151485440,469549,448489
ARG,Argentina,2004,2.761936188,2123083,0.635415971,1680967,0.02186804078519340,505402,489746
ARG,Argentina,2005,2.788760185,2178518,0.654978573,1729449,0.02213150821626190,548211,536324
ARG,Argentina,2006,2.796975374,2248314,0.680496812,1822625,0.02244034036993980,597409,585043
ARG,Argentina,2007,2.805214643,2341534,0.716623187,1994160,0.02364633232355120,659283,647640
ARG,Argentina,2008,2.813478231,2440415,0.754824102,2233858,0.02577992901206020,712242,700604
ARG,Argentina,2009,2.821766138,2491848,0.772548735,2457676,0.02781737968325610,681256,669053
ARG,Argentina,2010,2.830078363,2575677,0.804813027,2702753,0.03068814054131510,777508,768478
ARG,Argentina,2011,2.858542204,2680222,0.846585333,2913430,0.03281990066170690,879072,868765
ARG,Argentina,2012,2.887292385,2762771,0.87707305,2972709,0.03296375647187230,885093,882439
ARG,Argentina,2013,2.916331768,2845066,0.907539666,2982373,0.03209949657320980,893109,885113
ARG,Argentina,2014,2.945662737,2911933,0.930118442,3010442,0.03155959397554400,870641,864304
ARG,Argentina,2015,2.975289106,2981900,0.953731477,3039081,0.03123539686203000,906910,904271
ARG,Argentina,2016,3.005213499,3038861,0.973806977,2980183,0.03003346174955370,904731,902697
ARG,Argentina,2017,3.035438776,3112555,1,3112555,0.03091518022120000,1026128,1022513
ARG,Argentina,2018,3.065968037,3173219,1.019636035,3159714,0.03085164166986940,1025747,1022236
ARG,Argentina,2019,3.09680438,3205166,1.027155399,3183182,0.02993316575884820,991465,978559
ARM,Armenia,1950,,,,,,,
ARM,Armenia,1951,,,,,,,
ARM,Armenia,1952,,,,,,,
ARM,Armenia,1953,,,,,,,
ARM,Armenia,1954,,,,,,,
ARM,Armenia,1955,,,,,,,
ARM,Armenia,1956,,,,,,,
ARM,Armenia,1957,,,,,,,
ARM,Armenia,1958,,,,,,,
ARM,Armenia,1959,,,,,,,
ARM,Armenia,1960,,,,,,,
ARM,Armenia,1961,,,,,,,
ARM,Armenia,1962,,,,,,,
ARM,Armenia,1963,,,,,,,
ARM,Armenia,1964,,,,,,,
ARM,Armenia,1965,,,,,,,
ARM,Armenia,1966,,,,,,,
ARM,Armenia,1967,,,,,,,
ARM,Armenia,1968,,,,,,,
ARM,Armenia,1969,,,,,,,
ARM,Armenia,1970,,,,,,,
ARM,Armenia,1971,,,,,,,
ARM,Armenia,1972,,,,,,,
ARM,Armenia,1973,,,,,,,
ARM,Armenia,1974,,,,,,,
ARM,Armenia,1975,,,,,,,
ARM,Armenia,1976,,,,,,,
ARM,Armenia,1977,,,,,,,
ARM,Armenia,1978,,,,,,,
ARM,Armenia,1979,,,,,,,
ARM,Armenia,1980,,,,,,,
ARM,Armenia,1981,,,,,,,
ARM,Armenia,1982,,,,,,,
ARM,Armenia,1983,,,,,,,
ARM,Armenia,1984,,,,,,,
ARM,Armenia,1985,,,,,,,
ARM,Armenia,1986,,,,,,,
ARM,Armenia,1987,,,,,,,
ARM,Armenia,1988,,,,,,,
ARM,Armenia,1989,,,,,,,
ARM,Armenia,1990,2.948580503,41726,,55189,,23479,23834
ARM,Armenia,1991,2.962982893,43283,,57117,,21157,21639
ARM,Armenia,1992,2.977455854,42762,,56595,,12224,12519
ARM,Armenia,1993,2.991999149,41954,,55799,,10799,11996
ARM,Armenia,1994,3.006613731,41769,0.478323728,55726,0.00080890057142824,8959,9322
ARM,Armenia,1995,3.021299601,41453,0.462667316,55399,0.00084800773765892,9394,9693
ARM,Armenia,1996,3.036613464,41306,0.452350676,55353,0.00081301765749231,9841,10589
ARM,Armenia,1997,3.052005053,41233,0.440223575,54666,0.00077648024307564,9320,11072
ARM,Armenia,1998,3.067474365,41361,0.433349639,53365,0.00072200468275696,9426,10115
ARM,Armenia,1999,3.083022356,41536,0.437735677,51173,0.00068013207055628,9508,11175
ARM,Armenia,2000,3.098649025,41934,0.442908674,48771,0.00062547106062993,9900,11371
ARM,Armenia,2001,3.09845233,42424,0.446277082,46489,0.00057216914137825,10817,12032
ARM,Armenia,2002,3.098255634,43488,0.456672937,44998,0.00055432831868529,12133,13082
ARM,Armenia,2003,3.098059177,45162,0.474457651,44259,0.00054222310427576,13673,14890
ARM,Armenia,2004,3.097862482,47345,0.497934997,44195,0.00053459731861949,15014,15876
ARM,Armenia,2005,3.097665787,50481,0.531812131,45318,0.00054410326993093,17224,17664
ARM,Armenia,2006,3.100373507,55032,0.582086563,47047,0.00056034605950117,19535,20132
ARM,Armenia,2007,3.103083372,60521,0.64433074,48734,0.00057942199055105,22524,22887
ARM,Armenia,2008,3.105795622,66673,0.71522218,50713,0.00060835428303108,24125,24783
ARM,Armenia,2009,3.108510256,70634,0.760519087,51134,0.00062686990713701,21720,23117
ARM,Armenia,2010,3.111227512,74293,0.80376178,51934,0.00066052639158443,23612,25331
ARM,Armenia,2011,3.11395669,77146,0.837868452,53176,0.00068565865512937,26248,27900
ARM,Armenia,2012,3.116691589,79807,0.870634139,58292,0.00073896098183468,29877,32366
ARM,Armenia,2013,3.119431973,82022,0.898293316,63650,0.00078937609214336,30038,32282
ARM,Armenia,2014,3.122178078,84057,0.92479974,88987,0.00098057929426432,29212,30983
ARM,Armenia,2015,3.124930143,86133,0.953709245,75985,0.00091786333359778,31135,32383
ARM,Armenia,2016,3.127687693,87580,0.973988295,82067,0.00098423915915191,31758,33158
ARM,Armenia,2017,3.130450964,89357,1,89357,0.00106438586954027,36337,38222
ARM,Armenia,2018,3.133219957,91216,1.031833291,91161,0.00110193633008748,37561,40192
ARM,Armenia,2019,3.135994673,93131,1.062933087,93246,0.00110429164487869,41045,43796
ATG,Antigua and Barbuda,1950,,,,,,,
ATG,Antigua and Barbuda,1951,,,,,,,
ATG,Antigua and Barbuda,1952,,,,,,,
ATG,Antigua and Barbuda,1953,,,,,,,
ATG,Antigua and Barbuda,1954,,,,,,,
ATG,Antigua and Barbuda,1955,,,,,,,
ATG,Antigua and Barbuda,1956,,,,,,,
ATG,Antigua and Barbuda,1957,,,,,,,
ATG,Antigua and Barbuda,1958,,,,,,,
ATG,Antigua and Barbuda,1959,,,,,,,
ATG,Antigua and Barbuda,1960,,,,,,,
ATG,Antigua and Barbuda,1961,,,,,,,
ATG,Antigua and Barbuda,1962,,,,,,,
ATG,Antigua and Barbuda,1963,,,,,,,
ATG,Antigua and Barbuda,1964,,,,,,,
ATG,Antigua and Barbuda,1965,,,,,,,
ATG,Antigua and Barbuda,1966,,,,,,,
ATG,Antigua and Barbuda,1967,,,,,,,
ATG,Antigua and Barbuda,1968,,,,,,,
ATG,Antigua and Barbuda,1969,,,,,,,
ATG,Antigua and Barbuda,1970,,1230,,446,,288,305
ATG,Antigua and Barbuda,1971,,1254,,465,,310,330
ATG,Antigua and Barbuda,1972,,1276,,483,,333,357
ATG,Antigua and Barbuda,1973,,1300,,498,,358,380
ATG,Antigua and Barbuda,1974,,1329,,517,,377,338
ATG,Antigua and Barbuda,1975,,1353,,535,,355,315
ATG,Antigua and Barbuda,1976,,1370,,545,,321,288
ATG,Antigua and Barbuda,1977,,1367,,542,,345,322
ATG,Antigua and Barbuda,1978,,1363,,538,,347,326
ATG,Antigua and Barbuda,1979,,1426,,567,,429,399
ATG,Antigua and Barbuda,1980,,1475,,588,,416,324
ATG,Antigua and Barbuda,1981,,1536,,614,,436,349
ATG,Antigua and Barbuda,1982,,1546,,619,,553,375
ATG,Antigua and Barbuda,1983,,1547,,622,,565,463
ATG,Antigua and Barbuda,1984,,1572,,633,,486,432
ATG,Antigua and Barbuda,1985,,1620,,654,,527,388
ATG,Antigua and Barbuda,1986,,1709,,691,,641,553
ATG,Antigua and Barbuda,1987,,1853,,748,,674,607
ATG,Antigua and Barbuda,1988,,2030,,816,,747,632
ATG,Antigua and Barbuda,1989,,2234,,894,,774,678
ATG,Antigua and Barbuda,1990,,2393,,960,,800,699
ATG,Antigua and Barbuda,1991,,2562,,1021,,813,730
ATG,Antigua and Barbuda,1992,,2704,,1074,,837,694
ATG,Antigua and Barbuda,1993,,2822,,1118,,895,716
ATG,Antigua and Barbuda,1994,,2947,,1165,,949,807
ATG,Antigua and Barbuda,1995,,3084,,1224,,910,752
ATG,Antigua and Barbuda,1996,,3246,,1295,,951,804
ATG,Antigua and Barbuda,1997,,3428,,1372,,1012,822
ATG,Antigua and Barbuda,1998,,3644,,1486,,1080,577
ATG,Antigua and Barbuda,1999,,3880,,1649,,1134,868
ATG,Antigua and Barbuda,2000,,4126,,1855,,1212,1113
ATG,Antigua and Barbuda,2001,,4216,,2007,,1220,901
ATG,Antigua and Barbuda,2002,,4341,,2220,,1275,924
ATG,Antigua and Barbuda,2003,,4510,,2505,,1341,1040
ATG,Antigua and Barbuda,2004,,4707,,2900,,1448,842
ATG,Antigua and Barbuda,2005,,4986,,3508,,1570,1160
ATG,Antigua and Barbuda,2006,,5503,,4514,,1770,1365
ATG,Antigua and Barbuda,2007,,6091,,5874,,1991,1756
ATG,Antigua and Barbuda,2008,,6667,,7649,,2105,1774
ATG,Antigua and Barbuda,2009,,7140,,9713,,1958,1739
ATG,Antigua and Barbuda,2010,,7373,,11438,,1846,1722
ATG,Antigua and Barbuda,2011,,7466,,12200,,1871,1791
ATG,Antigua and Barbuda,2012,,7610,,11496,,1884,1781
ATG,Antigua and Barbuda,2013,,7802,,10904,,1771,1624
ATG,Antigua and Barbuda,2014,,8048,,10358,,1788,811
ATG,Antigua and Barbuda,2015,,8308,,9962,,1817,1507
ATG,Antigua and Barbuda,2016,,8609,,9535,,1882,1528
ATG,Antigua and Barbuda,2017,,8926,,8926,,1817,1367
ATG,Antigua and Barbuda,2018,,9623,,9604,,1917,1568
ATG,Antigua and Barbuda,2019,,10241,,10225,,1980,1632
AUS,Australia,1950,2.667301893,569059,,430589,,124238,114696
AUS,Australia,1951,2.674343586,613663,,462995,,117261,110977
AUS,Australia,1952,2.681403399,626448,,473289,,115164,110427
AUS,Australia,1953,2.688482285,651769,,491936,,127630,124582
AUS,Australia,1954,2.695579767,685705,0.059969284,517336,0.05534200370311740,135540,133413
AUS,Australia,1955,2.702695847,720143,0.06382402,543524,0.05792615935206410,139684,138950
AUS,Australia,1956,2.71145153,744715,0.066386484,562392,0.05881599709391590,142634,140938
AUS,Australia,1957,2.720235586,770061,0.069038771,580976,0.05983629822731020,142661,141741
AUS,Australia,1958,2.729047775,803447,0.072626173,605958,0.06086633354425430,152647,153544
AUS,Australia,1959,2.737889051,839937,0.076538034,633284,0.06440033763647080,163408,163422
AUS,Australia,1960,2.746758461,877807,0.080812663,655653,0.06893955916166310,165522,163815
AUS,Australia,1961,2.768152952,905852,0.08385019,671181,0.06817711144685750,168796,167788
AUS,Australia,1962,2.789713621,943025,0.088532843,696080,0.06404738128185270,178033,176919
AUS,Australia,1963,2.811442375,982049,0.093639091,726830,0.06070874631404880,192961,190073
AUS,Australia,1964,2.833340645,1029738,0.099834844,766154,0.06173278763890270,201304,199226
AUS,Australia,1965,2.855409384,1072225,0.105203368,798493,0.05995574221014980,204372,201511
AUS,Australia,1966,2.877649784,1119234,0.111746259,832163,0.05596074834465980,217997,216166
AUS,Australia,1967,2.900063515,1167379,0.11838048,870200,0.05680406466126440,227026,226230
AUS,Australia,1968,2.922651768,1224692,0.126202106,912003,0.05600129067897800,245553,243945
AUS,Australia,1969,2.945416212,1285643,0.13392891,963206,0.05532433465123180,264196,262454
AUS,Australia,1970,2.968357801,1344944,0.141043842,1013307,0.05697608739137650,272997,273622
AUS,Australia,1971,2.991992712,1405482,0.148569927,1059757,0.05922641232609750,281415,284739
AUS,Australia,1972,3.015816212,1467339,0.156217217,1107389,0.05844200775027280,294774,293663
AUS,Australia,1973,3.039829254,1531502,0.163801581,1155736,0.06575428694486620,309482,306832
AUS,Australia,1974,3.064033508,1583222,0.169890851,1186163,0.07391248643398280,301246,297450
AUS,Australia,1975,3.088430405,1636506,0.176458493,1214674,0.06938195228576660,303961,304034
AUS,Australia,1976,3.113021612,1692056,0.183096871,1250323,0.06369962543249130,315167,316928
AUS,Australia,1977,3.1378088,1749237,0.190590903,1289244,0.06212462112307550,317373,321379
AUS,Australia,1978,3.162793159,1815139,0.202015266,1334986,0.05784166231751440,332639,336176
AUS,Australia,1979,3.187976599,1879406,0.213262066,1388126,0.05535832792520520,344010,347887
AUS,Australia,1980,3.21336031,1955963,0.227605566,1439758,0.05401298031210900,358216,360796
AUS,Australia,1981,3.232604742,2036511,0.242974326,1505861,0.05592493340373040,376391,376394
AUS,Australia,1982,3.251964808,2096158,0.253393501,1552461,0.05677055567502980,368728,368876
AUS,Australia,1983,3.271440506,2159114,0.265361369,1595812,0.05628326535224910,388666,391281
AUS,Australia,1984,3.291033268,2231465,0.280411929,1650913,0.05691602453589440,401001,404926
AUS,Australia,1985,3.310742855,2307841,0.296267152,1707560,0.05756791308522220,414976,420608
AUS,Australia,1986,3.330570698,2379035,0.310798019,1764155,0.05662651732563970,422509,429661
AUS,Australia,1987,3.350517273,2455716,0.326224178,1839423,0.05553154274821280,454776,464407
AUS,Australia,1988,3.370583296,2542291,0.342569381,1940621,0.05600404366850850,487400,492095
AUS,Australia,1989,3.39076972,2623138,0.357462645,2053414,0.05661684274673460,505928,508774
AUS,Australia,1990,3.411076784,2681587,0.366961241,2156376,0.05631274357438090,499817,507317
AUS,Australia,1991,3.423622847,2730229,0.373875409,2272678,0.05601714923977850,500746,501759
AUS,Australia,1992,3.436215162,2787502,0.38394317,2414110,0.05665178969502450,520647,534908
AUS,Australia,1993,3.448853731,2851111,0.395646989,2574380,0.05809878930449490,541615,547497
AUS,Australia,1994,3.461538792,2928327,0.410046369,2748427,0.05988617613911630,565971,570466
AUS,Australia,1995,3.474270582,3003837,0.424883008,2897555,0.06050157546997070,591684,596965
AUS,Australia,1996,3.487049341,3084520,0.442885101,3008890,0.06090463325381280,618539,625794
AUS,Australia,1997,3.49987483,3176206,0.465221047,3094322,0.06091326475143430,648876,657848
AUS,Australia,1998,3.512747765,3270320,0.488986552,3186451,0.06075051426887510,676003,684062
AUS,Australia,1999,3.525667667,3372220,0.513778329,3281654,0.06023608148097990,714437,722422
AUS,Australia,2000,3.538635492,3447296,0.531544983,3238332,0.05707738175988200,727519,744585
AUS,Australia,2001,3.527511835,3535374,0.553808451,3206807,0.05578109249472620,757760,768421
AUS,Australia,2002,3.516423464,3641812,0.57911694,3187746,0.05608866736292840,783175,793477
AUS,Australia,2003,3.505369663,3758247,0.606911004,3336957,0.05809991061687470,820683,825010
AUS,Australia,2004,3.494350672,3877956,0.635771155,3503976,0.06017661094665530,851303,855562
AUS,Australia,2005,3.483366489,4008180,0.668101192,3697378,0.06281741708517070,895704,912796
AUS,Australia,2006,3.472416639,4140420,0.699793994,3821786,0.06431280821561810,922266,931948
AUS,Australia,2007,3.46150136,4285070,0.73455894,3943172,0.06636512279510500,949605,954916
AUS,Australia,2008,3.450620174,4423626,0.765493572,4048513,0.06690530478954320,971043,1001651
AUS,Australia,2009,3.43977356,4558909,0.793760538,4122666,0.06982473284006120,981726,1010319
AUS,Australia,2010,3.4289608,4695264,0.821557879,4208504,0.07206290215253830,1050050,1097912
AUS,Australia,2011,3.442167044,4857273,0.855254352,4322360,0.07341933250427250,1099711,1162431
AUS,Australia,2012,3.455424309,5021090,0.888251781,4827755,0.07949203997850420,1113763,1151871
AUS,Australia,2013,3.468732834,5171785,0.916148961,5358262,0.08365773409605030,1173420,1197636
AUS,Australia,2014,3.482092381,5305442,0.939495683,5951125,0.08994860947132110,1173768,1197184
AUS,Australia,2015,3.495503426,5423688,0.959313512,5847658,0.08727329969406130,1149596,1160150
AUS,Australia,2016,3.508966208,5537518,0.977642298,5958082,0.08596003800630570,1218110,1240311
AUS,Australia,2017,3.522480726,5662377,1,5662377,0.08157058060169220,1240334,1291582
AUS,Australia,2018,3.536047459,5778188,1.020963788,5760547,0.08119063824415210,1281952,1350340
AUS,Australia,2019,3.549666166,5882241,1.04065609,5866471,0.08053727447986600,1277449,1355143
AUT,Austria,1950,2.552640438,263725,,121749,,40888,41518
AUT,Austria,1951,2.537035942,275236,,128034,,42686,43585
AUT,Austria,1952,2.521526814,281373,,130992,,44963,45119
AUT,Austria,1953,2.506112576,283040,,131556,,47257,47730
AUT,Austria,1954,2.490792513,289468,0.086031601,134505,0.01180298812687400,50271,51001
AUT,Austria,1955,2.475566149,302844,0.090976194,141368,0.01207650173455480,55079,55802
AUT,Austria,1956,2.461072206,313488,0.094423018,146617,0.01203152164816860,59338,59771
AUT,Austria,1957,2.44666338,325074,0.098162673,152311,0.01213243417441840,62391,62840
AUT,Austria,1958,2.432338715,336110,0.101625368,157392,0.01213551592081790,65403,65802
AUT,Austria,1959,2.418097973,347543,0.105234563,162746,0.01210236176848410,67624,67823
AUT,Austria,1960,2.403940678,366650,0.111953318,171874,0.01228184625506400,73102,71811
AUT,Austria,1961,2.426981688,386316,0.118550457,181469,0.01259838324040170,77483,76145
AUT,Austria,1962,2.450243473,403376,0.124035694,189501,0.01266798749566080,79761,79229
AUT,Austria,1963,2.473728418,420515,0.129503578,197246,0.01255572494119410,83191,82432
AUT,Austria,1964,2.497438192,443398,0.13692534,208223,0.01261439826339480,87126,86282
AUT,Austria,1965,2.521375418,466084,0.14441441,217407,0.01257254648953680,90166,89255
AUT,Austria,1966,2.545542002,492994,0.153568059,230292,0.01249887049198150,94826,94214
AUT,Austria,1967,2.5666821,517659,0.161403418,241912,0.01248463615775110,98172,97730
AUT,Austria,1968,2.58321929,543626,0.169556379,253309,0.01249418407678600,102892,102357
AUT,Austria,1969,2.599862814,571795,0.178735018,266863,0.01236209832131860,107792,107561
AUT,Austria,1970,2.616613865,606366,0.190617278,283950,0.01272405963391070,114248,114422
AUT,Austria,1971,2.633699417,647546,0.205103219,304427,0.01345430407673120,119991,120624
AUT,Austria,1972,2.650897026,694442,0.222318068,325987,0.01382297091186050,127493,127842
AUT,Austria,1973,2.668206453,739066,0.236988217,347582,0.01411307044327260,134348,133109
AUT,Austria,1974,2.685628891,784420,0.25229302,368666,0.01430293824523690,138556,135194
AUT,Austria,1975,2.703165293,823615,0.264760405,387218,0.01466375775635240,140017,136563
AUT,Austria,1976,2.720816374,863865,0.27880156,403575,0.01471147965639830,143714,139917
AUT,Austria,1977,2.738582373,909278,0.295131803,419382,0.01502509973943230,149694,145612
AUT,Austria,1978,2.756464481,947241,0.307798564,430135,0.01486553717404600,149462,144919
AUT,Austria,1979,2.774463415,988585,0.322479516,445009,0.01494663022458550,155305,149722
AUT,Austria,1980,2.792579889,1030851,0.338253379,463224,0.01495445705950260,157414,149389
AUT,Austria,1981,2.809374809,1070817,0.352850914,494921,0.01552909053862090,156130,148456
AUT,Austria,1982,2.826271057,1101892,0.362619549,539794,0.01648353412747380,157883,150490
AUT,Austria,1983,2.843268871,1131753,0.372192621,597627,0.01783050224184990,161040,154210
AUT,Austria,1984,2.860368729,1160287,0.382440984,662639,0.01897663623094560,160016,153026
AUT,Austria,1985,2.877571583,1192381,0.39446789,713078,0.01989989541471000,163475,157509
AUT,Austria,1986,2.894877672,1224597,0.40652588,744743,0.02036214061081410,171184,164320
AUT,Austria,1987,2.912288189,1258929,0.41916433,781848,0.02074436657130720,177924,170613
AUT,Austria,1988,2.929803133,1297719,0.43441543,828084,0.02147816494107250,188226,182175
AUT,Austria,1989,2.947423697,1338791,0.451157093,882277,0.02250033803284170,199247,193097
AUT,Austria,1990,2.965149879,1383012,0.469809502,942584,0.02375600673258300,211851,203458
AUT,Austria,1991,2.979998589,1432968,0.490911305,1009551,0.02513950690627100,224454,215694
AUT,Austria,1992,2.994921923,1480647,0.509622097,1075281,0.02623572945594790,233594,222626
AUT,Austria,1993,3.009919643,1524976,0.525580764,1135604,0.02716975100338460,238647,226246
AUT,Austria,1994,3.024992943,1573312,0.543996632,1191808,0.02801334857940670,248846,238086
AUT,Austria,1995,3.040141344,1619981,0.561770558,1234466,0.02799369767308240,260516,246853
AUT,Austria,1996,3.055365562,1669558,0.581741095,1267978,0.02757987752556800,265086,251125
AUT,Austria,1997,3.070666313,1717708,0.601939499,1257365,0.02625281363725660,276782,266785
AUT,Austria,1998,3.086043358,1767983,0.625189364,1238570,0.02485610730946060,291613,282405
AUT,Austria,1999,3.10149765,1817127,0.649806201,1212959,0.02346299961209300,301489,293144
AUT,Austria,2000,3.11702919,1870414,0.675213337,1200857,0.02185701392591000,312851,309128
AUT,Austria,2001,3.133230925,1918997,0.6995188,1163728,0.02007836662232880,308232,302952
AUT,Austria,2002,3.149516821,1960784,0.719534159,1116921,0.01922208629548550,314584,310776
AUT,Austria,2003,3.165887117,2005641,0.740285337,1135486,0.01950673386454580,320444,315681
AUT,Austria,2004,3.182343006,2049323,0.75947535,1167008,0.01964631117880340,332495,328548
AUT,Austria,2005,3.19888401,2091479,0.777548194,1196751,0.01985874399542810,351105,350025
AUT,Austria,2006,3.215510845,2133345,0.795502186,1305380,0.02078967355191710,366559,363750
AUT,Austria,2007,3.232224703,2179841,0.816615582,1396852,0.02140897326171400,380535,375681
AUT,Austria,2008,3.249024868,2226510,0.838486731,1533324,0.02290157601237300,393096,379209
AUT,Austria,2009,3.265912771,2260832,0.853739202,1701442,0.02577010169625280,386075,372226
AUT,Austria,2010,3.282888174,2290600,0.867969334,1799281,0.02740072831511500,396090,379240
AUT,Austria,2011,3.293652296,2326721,0.887386084,1929752,0.02909279055893420,416420,390618
AUT,Austria,2012,3.304451942,2361875,0.904608071,2158844,0.03137134015560150,427241,397384
AUT,Austria,2013,3.315286875,2396954,0.922998965,2231406,0.03153001517057420,426139,392753
AUT,Austria,2014,3.326157331,2429371,0.938458681,2319005,0.03180903941392900,431041,410363
AUT,Austria,2015,3.337063313,2463468,0.956083,2450586,0.03289425373077390,448294,428540
AUT,Austria,2016,3.348005295,2501265,0.977107227,2537569,0.03373059257864950,464552,437948
AUT,Austria,2017,3.35898304,2542417,1,2542417,0.03357962518930440,480927,458232
AUT,Austria,2018,3.369996786,2586263,1.02407825,2581635,0.03399191424250600,491530,470542
AUT,Austria,2019,3.381046295,2633035,1.049727798,2630130,0.03389240801334380,496071,478329
AZE,Azerbaijan,1950,,,,,,,
AZE,Azerbaijan,1951,,,,,,,
AZE,Azerbaijan,1952,,,,,,,
AZE,Azerbaijan,1953,,,,,,,
AZE,Azerbaijan,1954,,,,,,,
AZE,Azerbaijan,1955,,,,,,,
AZE,Azerbaijan,1956,,,,,,,
AZE,Azerbaijan,1957,,,,,,,
AZE,Azerbaijan,1958,,,,,,,
AZE,Azerbaijan,1959,,,,,,,
AZE,Azerbaijan,1960,,,,,,,
AZE,Azerbaijan,1961,,,,,,,
AZE,Azerbaijan,1962,,,,,,,
AZE,Azerbaijan,1963,,,,,,,
AZE,Azerbaijan,1964,,,,,,,
AZE,Azerbaijan,1965,,,,,,,
AZE,Azerbaijan,1966,,,,,,,
AZE,Azerbaijan,1967,,,,,,,
AZE,Azerbaijan,1968,,,,,,,
AZE,Azerbaijan,1969,,,,,,,
AZE,Azerbaijan,1970,,,,,,,
AZE,Azerbaijan,1971,,,,,,,
AZE,Azerbaijan,1972,,,,,,,
AZE,Azerbaijan,1973,,,,,,,
AZE,Azerbaijan,1974,,,,,,,
AZE,Azerbaijan,1975,,,,,,,
AZE,Azerbaijan,1976,,,,,,,
AZE,Azerbaijan,1977,,,,,,,
AZE,Azerbaijan,1978,,,,,,,
AZE,Azerbaijan,1979,,,,,,,
AZE,Azerbaijan,1980,,,,,,,
AZE,Azerbaijan,1981,,,,,,,
AZE,Azerbaijan,1982,,,,,,,
AZE,Azerbaijan,1983,,,,,,,
AZE,Azerbaijan,1984,,,,,,,
AZE,Azerbaijan,1985,,,,,,,
AZE,Azerbaijan,1986,,,,,,,
AZE,Azerbaijan,1987,,,,,,,
AZE,Azerbaijan,1988,,,,,,,
AZE,Azerbaijan,1989,,,,,,,
AZE,Azerbaijan,1990,,55679,,105624,,55919,72585
AZE,Azerbaijan,1991,,55485,,104711,,68401,105537
AZE,Azerbaijan,1992,,56306,,106290,,48541,76114
AZE,Azerbaijan,1993,,56344,,106954,,39329,42272
AZE,Azerbaijan,1994,,56477,0.189904362,107582,0.00243413494899869,28415,33166
AZE,Azerbaijan,1995,,55590,0.182121992,106136,0.00237336498685181,19162,20608
AZE,Azerbaijan,1996,,55868,0.179620519,106932,0.00233611208386719,18410,19445
AZE,Azerbaijan,1997,,56964,0.181221679,109080,0.00227884785272181,18121,18134
AZE,Azerbaijan,1998,,58749,0.18751502,112049,0.00237959506921470,17269,18319
AZE,Azerbaijan,1999,,60375,0.193252966,113726,0.00252290349453688,18756,19634
AZE,Azerbaijan,2000,,61979,0.201593086,114338,0.00259928638115525,22670,22342
AZE,Azerbaijan,2001,,64179,0.21324037,115949,0.00268869427964091,25737,25159
AZE,Azerbaijan,2002,,67601,0.229676515,120187,0.00294649251736701,25701,26824
AZE,Azerbaijan,2003,,72859,0.260544837,126953,0.00337228481657803,26701,28215
AZE,Azerbaijan,2004,,78166,0.297270209,133032,0.00391864404082298,28680,30055
AZE,Azerbaijan,2005,,83652,0.33636719,138750,0.00406866427510977,43543,46294
AZE,Azerbaijan,2006,,90794,0.376891077,138243,0.00369927333667874,64285,67312
AZE,Azerbaijan,2007,,97933,0.41085887,128944,0.00337100727483630,86919,91721
AZE,Azerbaijan,2008,,106952,0.449952334,122184,0.00309460796415806,113764,101474
AZE,Azerbaijan,2009,,114910,0.484262377,116885,0.00318641075864434,107156,106110
AZE,Azerbaijan,2010,,123323,0.520378172,116713,0.00304344878531992,131857,125899
AZE,Azerbaijan,2011,,136135,0.576457441,126226,0.00309143913909793,168580,163603
AZE,Azerbaijan,2012,,151158,0.641882479,143887,0.00344749935902655,174947,173004
AZE,Azerbaijan,2013,,170358,0.725148857,150885,0.00339964893646538,160481,157670
AZE,Azerbaijan,2014,,191128,0.813524365,209590,0.00442046532407403,174830,173664
AZE,Azerbaijan,2015,,208940,0.891003132,196737,0.00415088469162583,139440,139453
AZE,Azerbaijan,2016,,222190,0.947217047,209532,0.00405531609430909,135544,132069
AZE,Azerbaijan,2017,,234947,1,234947,0.00422150176018476,146868,138734
AZE,Azerbaijan,2018,,246477,1.052042961,245718,0.00424557458609343,164602,154556
AZE,Azerbaijan,2019,,258098,1.105434418,257078,0.00430159317329526,162096,157517
BDI,Burundi,1950,,,,,,,
BDI,Burundi,1951,,,,,,,
BDI,Burundi,1952,,,,,,,
BDI,Burundi,1953,,,,,,,
BDI,Burundi,1954,,,,,,,
BDI,Burundi,1955,,,,,,,
BDI,Burundi,1956,,,,,,,
BDI,Burundi,1957,,,,,,,
BDI,Burundi,1958,,,,,,,
BDI,Burundi,1959,,,,,,,
BDI,Burundi,1960,1.095494509,4716,,5547,,1894,1920
BDI,Burundi,1961,1.095494509,4640,,5452,,1651,1679
BDI,Burundi,1962,1.095494509,4588,,5402,,1800,1854
BDI,Burundi,1963,1.095494509,4521,,5327,,1847,1908
BDI,Burundi,1964,1.095494509,4455,,5249,,1895,1939
BDI,Burundi,1965,1.095494509,4407,,5181,,1955,2006
BDI,Burundi,1966,1.095494509,4390,,5158,,1985,2084
BDI,Burundi,1967,1.095494509,4392,,5152,,2238,2355
BDI,Burundi,1968,1.095494509,4422,,5171,,2251,2377
BDI,Burundi,1969,1.095494509,4452,,5194,,2135,2282
BDI,Burundi,1970,1.095494509,4425,,5152,,2660,2734
BDI,Burundi,1971,1.095634222,4503,,5181,,2680,2842
BDI,Burundi,1972,1.095774055,4425,,5242,,2438,2542
BDI,Burundi,1973,1.095913768,4426,,5183,,2654,2753
BDI,Burundi,1974,1.0960536,4526,,5234,,2611,2765
BDI,Burundi,1975,1.096193433,4558,,5379,,2536,2731
BDI,Burundi,1976,1.096333265,4674,,5450,,2980,3015
BDI,Burundi,1977,1.096473098,4908,,5717,,3580,3444
BDI,Burundi,1978,1.09661305,5193,,6066,,3352,3481
BDI,Burundi,1979,1.096752882,5489,,6431,,3429,3534
BDI,Burundi,1980,1.096892834,5756,0.285870612,6716,0.00022895939764567,3445,3639
BDI,Burundi,1981,1.100578904,6111,0.303424656,7143,0.00023792838328518,3653,3887
BDI,Burundi,1982,1.104277492,6476,0.321339786,7651,0.00025083197397180,3611,3849
BDI,Burundi,1983,1.107988477,6912,0.345704585,8103,0.00027261715149507,3786,3945
BDI,Burundi,1984,1.111711979,7388,0.372203141,8568,0.00028961457428522,3872,4025
BDI,Burundi,1985,1.115447998,7780,0.393182814,9056,0.00030440647969954,4299,4376
BDI,Burundi,1986,1.119196534,8177,0.415172487,9493,0.00031215290073305,4506,4627
BDI,Burundi,1987,1.122957587,8554,0.439533234,9967,0.00031795428367332,4417,4644
BDI,Burundi,1988,1.126731396,8686,0.448812723,10316,0.00030524571775459,4774,5038
BDI,Burundi,1989,1.13051784,8862,0.459478825,10483,0.00032958018709905,4594,4896
BDI,Burundi,1990,1.13431704,8813,0.452922851,10584,0.00020440257503651,4724,5186
BDI,Burundi,1991,1.141326427,8775,0.445790172,10513,0.00018222696962766,4915,5445
BDI,Burundi,1992,1.148379207,8780,0.442886829,10539,0.00017544037837070,4776,5315
BDI,Burundi,1993,1.155475497,8838,0.442288965,10585,0.00026866508414969,4472,4976
BDI,Burundi,1994,1.162615657,8750,0.43009007,10502,0.00025369314244017,4646,5061
BDI,Burundi,1995,1.169800043,8660,0.419553816,10408,0.00020790992130060,4291,4640
BDI,Burundi,1996,1.177028656,8645,0.413798541,10383,0.00020273202972021,4050,4308
BDI,Burundi,1997,1.184302092,8624,0.408622593,10265,0.00035131207550876,4094,4206
BDI,Burundi,1998,1.19162035,8629,0.407434165,10315,0.00037910044193268,4326,4634
BDI,Burundi,1999,1.198983908,8936,0.429809153,10525,0.00059713254449889,4420,4671
BDI,Burundi,2000,1.206392884,8930,0.427652121,10813,0.00025624281261116,4116,4491
BDI,Burundi,2001,1.215250373,8963,0.429093033,10901,0.00027838078676723,4153,4570
BDI,Burundi,2002,1.22417295,9014,0.432961375,11141,0.00021843706781510,4287,4809
BDI,Burundi,2003,1.233161092,9320,0.458503336,11517,0.00032399073825218,4454,5082
BDI,Burundi,2004,1.242215157,9769,0.502120316,12128,0.00036652453127317,4749,5370
BDI,Burundi,2005,1.251335621,10099,0.549039066,12824,0.00018602424825076,4786,5369
BDI,Burundi,2006,1.260523081,10390,0.578969836,13086,0.00044191980850883,4917,5595
BDI,Burundi,2007,1.269778013,10651,0.596868157,12997,0.00046749657485634,5075,5737
BDI,Burundi,2008,1.279101014,10918,0.628479004,12850,0.00044671757495962,5446,6076
BDI,Burundi,2009,1.288492322,11369,0.66399622,12951,0.00042697810567915,5651,6172
BDI,Burundi,2010,1.297952652,11954,0.709741473,13177,0.00041313224937767,6126,6556
BDI,Burundi,2011,1.310621381,12550,0.757154346,13384,0.00038572910125367,6456,7185
BDI,Burundi,2012,1.323413849,13145,0.802179337,12219,0.00032228414784186,6740,7359
BDI,Burundi,2013,1.336331129,13732,0.844452441,11770,0.00028008941444568,7233,8172
BDI,Burundi,2014,1.349374533,14383,0.891912341,12616,0.00027353019686416,7730,8593
BDI,Burundi,2015,1.362545133,14857,0.92427057,12963,0.00025690492475405,7924,8605
BDI,Burundi,2016,1.375844479,15377,0.961283505,14692,0.00026646544574760,8350,8993
BDI,Burundi,2017,1.389273405,15915,1,15915,0.00026535586221144,8500,8946
BDI,Burundi,2018,1.402833581,16706,1.072917104,16622,0.00026196197723039,8524,9048
BDI,Burundi,2019,1.416526079,17506,1.134987712,17380,0.00026710581732914,8661,9166
BEL,Belgium,1950,2.203547478,456594,,373858,,75096,73079
BEL,Belgium,1951,2.219054222,466821,,381218,,80810,75181
BEL,Belgium,1952,2.234670162,476635,,389443,,82886,77680
BEL,Belgium,1953,2.250396013,487033,,397474,,82973,81066
BEL,Belgium,1954,2.266232491,500510,0.112360463,408317,0.03386343643069270,86226,84605
BEL,Belgium,1955,2.282180548,512823,0.115370333,418124,0.03368002921342850,91201,87987
BEL,Belgium,1956,2.287193298,529105,0.119571149,431706,0.03375457227230070,95100,90628
BEL,Belgium,1957,2.292217016,544287,0.123365737,443509,0.03380161896348000,95929,91900
BEL,Belgium,1958,2.29725194,553192,0.125063732,450336,0.03330578282475470,95738,92134
BEL,Belgium,1959,2.302297592,566581,0.128279075,461462,0.03334582224488260,96709,95047
BEL,Belgium,1960,2.30735445,582731,0.132349804,473953,0.03267033398151400,103177,94903
BEL,Belgium,1961,2.308828831,603815,0.137886807,490582,0.03275115787982940,107529,100462
BEL,Belgium,1962,2.310304165,625665,0.143966123,508487,0.03275610879063610,112872,109010
BEL,Belgium,1963,2.311780453,646510,0.149698272,525481,0.03260411322116850,116546,113975
BEL,Belgium,1964,2.313257456,676423,0.157276943,549565,0.03269608691334720,124962,121865
BEL,Belgium,1965,2.314735651,704915,0.1643264,571868,0.03238463029265400,130305,126370
BEL,Belgium,1966,2.323425055,737260,0.173188359,597159,0.03223512321710590,134631,131137
BEL,Belgium,1967,2.332147121,768473,0.181276798,621561,0.03195288032293320,139972,136990
BEL,Belgium,1968,2.340901852,798755,0.188981503,645105,0.03158834576606750,146027,143709
BEL,Belgium,1969,2.349689484,834219,0.198505074,673138,0.03157711029052730,156470,153087
BEL,Belgium,1970,2.358510017,873751,0.209588051,706376,0.03212525695562360,166533,162640
BEL,Belgium,1971,2.374488115,909879,0.220021024,739624,0.03286163881421090,172285,169562
BEL,Belgium,1972,2.390574217,946188,0.230861992,770449,0.03257847577333450,183618,180456
BEL,Belgium,1973,2.406769276,985315,0.243884414,808527,0.03276381641626360,197204,192112
BEL,Belgium,1974,2.423074007,1027320,0.258314252,849128,0.03347242251038550,206207,193779
BEL,Belgium,1975,2.439489365,1064261,0.270691872,884031,0.03433178737759590,203372,192319
BEL,Belgium,1976,2.4655478,1101326,0.283970356,904486,0.03356873244047160,215726,205448
BEL,Belgium,1977,2.491884947,1136201,0.295666546,906295,0.03386864438652990,220143,207103
BEL,Belgium,1978,2.518503189,1170870,0.310125738,902196,0.03329665958881380,228153,215356
BEL,Belgium,1979,2.545405865,1200847,0.322518855,903288,0.03012398444116120,236134,220391
BEL,Belgium,1980,2.568467617,1243485,0.337032318,913950,0.02802583388984200,247555,228897
BEL,Belgium,1981,2.587121487,1267921,0.346408427,906023,0.02756991982460020,232292,215931
BEL,Belgium,1982,2.605910778,1288658,0.354796916,888611,0.02615492418408390,225524,211064
BEL,Belgium,1983,2.624836922,1304761,0.362354487,859431,0.02543250098824500,218220,207055
BEL,Belgium,1984,2.643900156,1322949,0.37124756,842722,0.02521117031574250,217510,206883
BEL,Belgium,1985,2.663101912,1343943,0.380126923,842255,0.02526362426579000,216104,201763
BEL,Belgium,1986,2.681828737,1366537,0.389243186,849696,0.02547484450042250,227282,212104
BEL,Belgium,1987,2.700686932,1392264,0.398749143,864834,0.02432786859571930,235330,221271
BEL,Belgium,1988,2.719678164,1430483,0.412748396,899602,0.02425687201321130,252946,238527
BEL,Belgium,1989,2.738802671,1477899,0.431265056,945618,0.02491363883018490,265467,245841
BEL,Belgium,1990,2.758061647,1531868,0.452083707,1001521,0.02573579177260400,274467,252589
BEL,Belgium,1991,2.783883095,1578221,0.468576491,1058286,0.02685867063701150,279982,260084
BEL,Belgium,1992,2.80994606,1623949,0.4845348,1112350,0.02776392735540870,289383,271752
BEL,Belgium,1993,2.836253166,1665023,0.496461004,1162629,0.02799962460994720,290059,269716
BEL,Belgium,1994,2.862806559,1705540,0.508800685,1206053,0.02741327695548530,298644,281016
BEL,Belgium,1995,2.889608622,1750951,0.524270117,1250828,0.02779742330312730,306652,288263
BEL,Belgium,1996,2.906220198,1795861,0.541828811,1268260,0.02743505127727990,305835,285126
BEL,Belgium,1997,2.922927141,1846894,0.561983049,1256780,0.02602578885853290,324740,306847
BEL,Belgium,1998,2.939730644,1898378,0.584199905,1251251,0.02480413764715190,335952,323949
BEL,Belgium,1999,2.95663023,1952371,0.60914439,1270417,0.02481803297996520,351701,340208
BEL,Belgium,2000,2.97362709,2009476,0.635321975,1271485,0.02339478582143780,375407,364391
BEL,Belgium,2001,2.992419004,2065059,0.662020266,1279608,0.02268557809293270,379695,365118
BEL,Belgium,2002,3.011329412,2110002,0.681773067,1240596,0.02162020839750770,387719,376775
BEL,Belgium,2003,3.030359507,2151685,0.698782325,1288633,0.02233866602182390,389742,384173
BEL,Belgium,2004,3.049509764,2202606,0.718752265,1356686,0.02278473414480690,400397,393030
BEL,Belgium,2005,3.068781137,2259362,0.742538989,1438839,0.02369811758399010,422466,413964
BEL,Belgium,2006,3.073569298,2315924,0.765164375,1620220,0.02555811963975430,436378,416269
BEL,Belgium,2007,3.078364849,2381024,0.791920245,1768312,0.02667666785418990,454229,426688
BEL,Belgium,2008,3.08316803,2445840,0.818216145,1982319,0.02881564758718010,467203,435307
BEL,Belgium,2009,3.087978601,2496512,0.8351264,2172592,0.03192745149135590,462498,444295
BEL,Belgium,2010,3.092796803,2545656,0.852066457,2433024,0.03569818288087840,493343,469020
BEL,Belgium,2011,3.098995447,2601042,0.872480512,2484363,0.03613762930035590,500752,456544
BEL,Belgium,2012,3.10520649,2655517,0.890595198,2758938,0.03852050378918650,507917,459694
BEL,Belgium,2013,3.11142993,2704309,0.906554818,2798496,0.03786361962556840,504611,460706
BEL,Belgium,2014,3.117666006,2760423,0.92677325,2767839,0.03653158619999890,511177,458586
BEL,Belgium,2015,3.12391448,2820644,0.949737251,2843534,0.03679190203547480,530633,482211
BEL,Belgium,2016,3.130175591,2884979,0.975229204,2951560,0.03808418661355970,547294,501003
BEL,Belgium,2017,3.136449099,2948266,1,2948266,0.03812283650040630,568297,515604
BEL,Belgium,2018,3.142735243,3014706,1.026466131,3008691,0.03875434026122090,574278,510223
BEL,Belgium,2019,3.149034023,3084305,1.054177523,3078801,0.03887173533439640,586966,523689
BEN,Benin,1950,,,,,,,
BEN,Benin,1951,,,,,,,
BEN,Benin,1952,,,,,,,
BEN,Benin,1953,,,,,,,
BEN,Benin,1954,,,,,,,
BEN,Benin,1955,,,,,,,
BEN,Benin,1956,,,,,,,
BEN,Benin,1957,,,,,,,
BEN,Benin,1958,,,,,,,
BEN,Benin,1959,1.063245893,5951,,2530,,3331,3371
BEN,Benin,1960,1.065199852,6658,,2832,,3628,3687
BEN,Benin,1961,1.069248438,7321,,3115,,3719,3786
BEN,Benin,1962,1.073312521,7937,,3380,,3582,3712
BEN,Benin,1963,1.077392101,8605,,3668,,3755,3922
BEN,Benin,1964,1.08148706,9143,,3897,,3981,4141
BEN,Benin,1965,1.085597634,9612,,4091,,4312,4513
BEN,Benin,1966,1.086016059,10101,,4295,,4455,4668
BEN,Benin,1967,1.086434722,10889,,4628,,4642,4896
BEN,Benin,1968,1.086853504,11744,,4989,,5103,5316
BEN,Benin,1969,1.087272406,12622,,5358,,5297,5538
BEN,Benin,1970,1.087691426,13367,,5683,,5777,6089
BEN,Benin,1971,1.088046193,14124,,6000,,5941,6237
BEN,Benin,1972,1.088401079,15302,,6504,,6030,6531
BEN,Benin,1973,1.088756084,16224,,6883,,6429,6960
BEN,Benin,1974,1.089111209,17238,,7339,,6569,7471
BEN,Benin,1975,1.089466453,18159,,7738,,5677,6372
BEN,Benin,1976,1.089780569,18698,,7956,,5912,6838
BEN,Benin,1977,1.090094686,19189,,8149,,5694,7085
BEN,Benin,1978,1.090408921,19546,,8289,,5904,6878
BEN,Benin,1979,1.090723157,20567,,8723,,6270,7162
BEN,Benin,1980,1.091037631,21665,0.263572454,9193,0.00031506200321019,7161,7671
BEN,Benin,1981,1.104036212,22588,0.275606215,9652,0.00032265399931930,7908,9738
BEN,Benin,1982,1.117189765,24452,0.303993672,10504,0.00035409536212683,6134,7085
BEN,Benin,1983,1.130500078,24987,0.308500946,10726,0.00035699963336811,6261,6977
BEN,Benin,1984,1.14396894,25177,0.306759536,10813,0.00034638022771105,6943,7382
BEN,Benin,1985,1.157598257,25034,0.301407039,10795,0.00032868582638912,7601,8243
BEN,Benin,1986,1.174117327,25210,0.303305358,11022,0.00032634939998388,6830,7283
BEN,Benin,1987,1.190872073,25525,0.308099091,11572,0.00033044244628400,6326,6768
BEN,Benin,1988,1.207865953,25602,0.309753686,12348,0.00033673871075735,6522,6987
BEN,Benin,1989,1.225102425,25636,0.309863538,13402,0.00035354527062737,6131,6347
BEN,Benin,1990,1.242584705,25882,0.314892709,14946,0.00038688920903951,6365,6599
BEN,Benin,1991,1.260308743,26226,0.322045326,16891,0.00043277276563458,6639,6989
BEN,Benin,1992,1.278285623,26626,0.330024004,19432,0.00048965233145282,6818,7156
BEN,Benin,1993,1.296518922,27111,0.34051612,22551,0.00055441027507186,7124,7365
BEN,Benin,1994,1.315012217,27613,0.35701111,26141,0.00062129378784448,6571,6901
BEN,Benin,1995,1.333769321,28266,0.375131428,29363,0.00066026800777763,7306,7653
BEN,Benin,1996,1.348729014,28893,0.387180924,31248,0.00066887307912111,7914,8045
BEN,Benin,1997,1.363856554,29648,0.404567599,32278,0.00065900862682611,8494,8867
BEN,Benin,1998,1.379153609,30437,0.425195724,33379,0.00065156922210008,8864,9293
BEN,Benin,1999,1.394622445,31319,0.445223659,34473,0.00064255396137014,9645,10197
BEN,Benin,2000,1.410264611,32123,0.459588766,35559,0.00061842345166951,10702,11353
BEN,Benin,2001,1.423522234,33236,0.477460265,37118,0.00061266386182979,11450,12194
BEN,Benin,2002,1.43690443,34200,0.490346164,38661,0.00062170956516638,12670,13535
BEN,Benin,2003,1.450412631,35355,0.507938385,40375,0.00062943040393293,13628,14464
BEN,Benin,2004,1.46404767,36370,0.523492098,41988,0.00063152390066534,14755,15496
BEN,Benin,2005,1.47781086,37195,0.530768991,43616,0.00063158379634842,15613,16429
BEN,Benin,2006,1.493183851,37983,0.537971914,45222,0.00062936247559264,15867,16847
BEN,Benin,2007,1.508716702,39390,0.561511517,47524,0.00064630113774911,16438,17952
BEN,Benin,2008,1.524411082,40795,0.58313179,50128,0.00067155616125092,17367,18484
BEN,Benin,2009,1.540268779,42385,0.604863942,53047,0.00071195844793692,17664,18596
BEN,Benin,2010,1.556291461,44283,0.626547635,56056,0.00075329153332859,17734,19151
BEN,Benin,2011,1.599606156,46446,0.65097177,58376,0.00076739961514249,19223,20475
BEN,Benin,2012,1.644126415,48790,0.676906586,57674,0.00072410283610225,21511,23051
BEN,Benin,2013,1.689885736,53178,0.742115378,61847,0.00076334655750543,23995,25575
BEN,Benin,2014,1.730040073,57417,0.804719329,62804,0.00076869525946677,27014,28954
BEN,Benin,2015,1.766209722,61486,0.86442405,65175,0.00078584335278720,30426,32398
BEN,Benin,2016,1.803135514,65381,0.920471668,68557,0.00081799883628264,31884,34328
BEN,Benin,2017,1.840833187,70762,1,70762,0.00083494308637455,32311,34319
BEN,Benin,2018,1.879319072,77203,1.09765923,76952,0.00090144958812743,34090,35865
BEN,Benin,2019,1.918609619,84298,1.200268626,84009,0.00095587840769440,36651,38398
BFA,Burkina Faso,1950,,,,,,,
BFA,Burkina Faso,1951,,,,,,,
BFA,Burkina Faso,1952,,,,,,,
BFA,Burkina Faso,1953,,,,,,,
BFA,Burkina Faso,1954,,,,,,,
BFA,Burkina Faso,1955,,,,,,,
BFA,Burkina Faso,1956,,,,,,,
BFA,Burkina Faso,1957,,,,,,,
BFA,Burkina Faso,1958,,,,,,,
BFA,Burkina Faso,1959,,2322,,2447,,4157,4884
BFA,Burkina Faso,1960,1.007038236,2320,,2448,,4611,4866
BFA,Burkina Faso,1961,1.007075191,2342,,2471,,4520,4645
BFA,Burkina Faso,1962,1.007112265,2378,,2513,,4896,5025
BFA,Burkina Faso,1963,1.007149339,2405,0.031003634,2545,0.00014298810856417,4720,4853
BFA,Burkina Faso,1964,1.007186294,2436,0.031371627,2581,0.00013854188728146,4951,5029
BFA,Burkina Faso,1965,1.007223368,2522,0.032520596,2668,0.00013775829575025,4934,5009
BFA,Burkina Faso,1966,1.007260442,2603,0.033592809,2754,0.00013562459207606,4986,5056
BFA,Burkina Faso,1967,1.007297397,2669,0.034446795,2825,0.00013354104885366,5509,5593
BFA,Burkina Faso,1968,1.007334471,2741,0.035386767,2901,0.00013141219096724,5656,5748
BFA,Burkina Faso,1969,1.007371545,2846,0.036771033,3012,0.00013173140177969,5701,5845
BFA,Burkina Faso,1970,1.007408619,2954,0.038189065,3135,0.00013206734729465,5411,5598
BFA,Burkina Faso,1971,1.008086801,3435,0.044444464,3649,0.00015008469927125,4995,5181
BFA,Burkina Faso,1972,1.008765459,3689,0.047712855,3929,0.00015596434241161,6132,6391
BFA,Burkina Faso,1973,1.009444594,4007,0.05182175,4266,0.00016340696311090,5712,5966
BFA,Burkina Faso,1974,1.010124207,4381,0.056695014,4678,0.00017194713291246,5997,6406
BFA,Burkina Faso,1975,1.010804176,4674,0.060674004,4974,0.00018164202629123,5987,6305
BFA,Burkina Faso,1976,1.011484742,4946,0.064288773,5263,0.00018754707707558,6067,6363
BFA,Burkina Faso,1977,1.012165666,5201,0.067847811,5531,0.00019179568334948,6652,7067
BFA,Burkina Faso,1978,1.012847066,5477,0.071624331,5817,0.00019370226073079,7344,7770
BFA,Burkina Faso,1979,1.013528943,6275,0.081863925,6701,0.00021332291362342,7561,7875
BFA,Burkina Faso,1980,1.014211297,6942,0.090376213,7408,0.00022361996525433,7623,7909
BFA,Burkina Faso,1981,1.015740275,7635,0.09922412,8173,0.00024794932687655,8155,8468
BFA,Burkina Faso,1982,1.017271519,8352,0.10831894,8982,0.00027014376246370,8063,8502
BFA,Burkina Faso,1983,1.018805146,8933,0.115355439,9606,0.00028554874006659,7616,8019
BFA,Burkina Faso,1984,1.020341039,9460,0.122342996,10175,0.00029573010397144,7668,7784
BFA,Burkina Faso,1985,1.021879196,10331,0.134524897,11095,0.00031962327193469,8211,8356
BFA,Burkina Faso,1986,1.023419738,11160,0.145098016,12010,0.00033676743623801,9036,9231
BFA,Burkina Faso,1987,1.024962544,12021,0.155720145,12943,0.00034862625761889,8917,9027
BFA,Burkina Faso,1988,1.026507735,12858,0.166103616,13877,0.00036277712206356,9488,9585
BFA,Burkina Faso,1989,1.028055191,13837,0.177605242,14960,0.00038020350621082,9537,9675
BFA,Burkina Faso,1990,1.029605031,14650,0.187344745,15855,0.00039786053821445,9586,9674
BFA,Burkina Faso,1991,1.033521891,15643,0.199214086,16925,0.00041721086017788,10266,10334
BFA,Burkina Faso,1992,1.037453771,16548,0.209791824,17934,0.00043560212361626,10347,10413
BFA,Burkina Faso,1993,1.041400552,17387,0.219298378,18901,0.00045008311280981,10756,10825
BFA,Burkina Faso,1994,1.045362234,18540,0.232810885,20219,0.00046083843335509,9655,9792
BFA,Burkina Faso,1995,1.049339056,19493,0.247315109,21243,0.00047994215856306,10643,11237
BFA,Burkina Faso,1996,1.053331017,20524,0.26343289,22390,0.00049625814426690,11772,12503
BFA,Burkina Faso,1997,1.057338238,21721,0.284839511,23734,0.00051479804096744,12403,13614
BFA,Burkina Faso,1998,1.061360598,22818,0.304701,25045,0.00052575016161427,13452,14519
BFA,Burkina Faso,1999,1.065398335,23745,0.317063928,26091,0.00051706132944673,14714,15790
BFA,Burkina Faso,2000,1.069451332,24605,0.32842499,27065,0.00049506174400449,14894,16332
BFA,Burkina Faso,2001,1.078746438,25369,0.338658541,28004,0.00048441355465911,15884,16959
BFA,Burkina Faso,2002,1.088122368,26172,0.348426014,29086,0.00049395987298340,16709,17771
BFA,Burkina Faso,2003,1.097579598,27188,0.361517847,30434,0.00049989897524938,17989,18679
BFA,Burkina Faso,2004,1.107119203,28462,0.378406286,32110,0.00051329896086827,18895,19738
BFA,Burkina Faso,2005,1.116741657,29944,0.398728937,34072,0.00054942746646702,20641,21651
BFA,Burkina Faso,2006,1.126447678,31579,0.421888113,36570,0.00057688576634973,21179,22488
BFA,Burkina Faso,2007,1.136238217,33538,0.44946751,40114,0.00061626953538507,21456,22564
BFA,Burkina Faso,2008,1.146113753,35529,0.476152837,44361,0.00069330621045083,22340,23117
BFA,Burkina Faso,2009,1.15607512,38031,0.51184088,49516,0.00077653984772041,22745,23157
BFA,Burkina Faso,2010,1.166123033,41096,0.557936788,55021,0.00089943083003163,25123,25277
BFA,Burkina Faso,2011,1.178895473,44704,0.611309469,60074,0.00098966073710471,27192,26437
BFA,Burkina Faso,2012,1.191807866,48863,0.673092306,59662,0.00099995057098568,28550,28609
BFA,Burkina Faso,2013,1.20486176,53289,0.739167154,63936,0.00108545843977481,29476,29973
BFA,Burkina Faso,2014,1.218058467,56549,0.788809478,61325,0.00105293397791684,30083,29740
BFA,Burkina Faso,2015,1.231399775,60540,0.849775374,58951,0.00102274923119694,30804,30927
BFA,Burkina Faso,2016,1.244887233,65198,0.92119658,64443,0.00111732620280236,34308,34302
BFA,Burkina Faso,2017,1.258522511,70240,1,70240,0.00123112555593252,37079,36843
BFA,Burkina Faso,2018,1.272307038,76721,1.102127314,76414,0.00135151075664908,40514,40639
BFA,Burkina Faso,2019,1.286242485,84470,1.222688556,84056,0.00145812844857574,43519,43177
BGD,Bangladesh,1950,,,,,,,
BGD,Bangladesh,1951,,,,,,,
BGD,Bangladesh,1952,,,,,,,
BGD,Bangladesh,1953,,,,,,,
BGD,Bangladesh,1954,,,,,,,
BGD,Bangladesh,1955,,,,,,,
BGD,Bangladesh,1956,,,,,,,
BGD,Bangladesh,1957,,,,,,,
BGD,Bangladesh,1958,,,,,,,
BGD,Bangladesh,1959,1.129128814,84281,,48675,,79538,77824
BGD,Bangladesh,1960,1.129225731,83580,,47873,,86842,84071
BGD,Bangladesh,1961,1.134520411,83482,,47657,,87804,84747
BGD,Bangladesh,1962,1.139840007,85333,,48649,,93662,90983
BGD,Bangladesh,1963,1.145184517,86004,,48996,,99034,96371
BGD,Bangladesh,1964,1.150554061,87642,,49908,,98087,95270
BGD,Bangladesh,1965,1.155948758,89792,,51083,,96455,93674
BGD,Bangladesh,1966,1.158305883,92065,,52318,,97876,94548
BGD,Bangladesh,1967,1.160667777,94998,,53984,,95863,92003
BGD,Bangladesh,1968,1.163034439,99933,,56852,,98592,95142
BGD,Bangladesh,1969,1.165405989,104034,,59236,,102148,98736
BGD,Bangladesh,1970,1.167782426,107399,,61680,,109554,105278
BGD,Bangladesh,1971,1.168589354,108938,,62665,,106467,103526
BGD,Bangladesh,1972,1.169396758,107545,,61913,,100051,98314
BGD,Bangladesh,1973,1.170204759,108631,,62464,,83068,82861
BGD,Bangladesh,1974,1.171013355,116543,,67359,,83477,84047
BGD,Bangladesh,1975,1.171822429,121337,,70245,,79797,80794
BGD,Bangladesh,1976,1.196903706,127532,,73908,,90374,91524
BGD,Bangladesh,1977,1.222521663,135848,,78902,,95140,98522
BGD,Bangladesh,1978,1.248688102,146858,,85622,,97491,101227
BGD,Bangladesh,1979,1.275414467,158835,,93120,,103772,107398
BGD,Bangladesh,1980,1.302712917,174607,,102544,,104183,107735
BGD,Bangladesh,1981,1.317826271,190173,,112779,,106736,110135
BGD,Bangladesh,1982,1.333114982,201685,,120763,,106541,110377
BGD,Bangladesh,1983,1.348581195,212772,,127861,,109551,112764
BGD,Bangladesh,1984,1.36422658,224655,,135624,,119478,123460
BGD,Bangladesh,1985,1.380053639,237292,,143611,,124639,129514
BGD,Bangladesh,1986,1.396220922,259344,,158678,,128482,133312
BGD,Bangladesh,1987,1.412577629,274098,,169322,,130095,133954
BGD,Bangladesh,1988,1.429125905,286531,,180525,,135006,140098
BGD,Bangladesh,1989,1.445868015,298931,,193597,,150970,156472
BGD,Bangladesh,1990,1.462806344,313202,,208294,,158540,165010
BGD,Bangladesh,1991,1.480742455,323700,,222829,,166134,171660
BGD,Bangladesh,1992,1.498898625,337037,,239915,,170644,176197
BGD,Bangladesh,1993,1.51727736,352769,,260573,,176029,180718
BGD,Bangladesh,1994,1.5358814,370900,,283449,,184234,189256
BGD,Bangladesh,1995,1.554713607,391625,,307773,,191689,198531
BGD,Bangladesh,1996,1.571387291,415607,,333537,,195885,203890
BGD,Bangladesh,1997,1.58823967,443101,,354261,,195449,203096
BGD,Bangladesh,1998,1.605272889,475171,,368739,,195319,200702
BGD,Bangladesh,1999,1.622488737,511557,,381387,,193946,194641
BGD,Bangladesh,2000,1.639889359,551332,,395185,,196009,201182
BGD,Bangladesh,2001,1.66190958,593103,,413096,,201343,207362
BGD,Bangladesh,2002,1.684225559,638551,,437502,,210377,218986
BGD,Bangladesh,2003,1.706841111,688976,,467788,,216402,225003
BGD,Bangladesh,2004,1.724663496,745871,,509214,,222729,230185
BGD,Bangladesh,2005,1.742090106,811231,,565249,,234011,242147
BGD,Bangladesh,2006,1.767601013,883285,,638378,,255351,263244
BGD,Bangladesh,2007,1.793485641,960731,,733605,,283576,292450
BGD,Bangladesh,2008,1.819749236,1047424,,856845,,310814,326605
BGD,Bangladesh,2009,1.846397519,1140896,,1000571,,341130,353220
BGD,Bangladesh,2010,1.873435974,1242955,,1154219,,382649,401207
BGD,Bangladesh,2011,1.897531152,1355768,,1302902,,430328,462461
BGD,Bangladesh,2012,1.921936274,1482446,,1430630,,474807,479085
BGD,Bangladesh,2013,1.946655273,1614730,,1564203,,500315,503647
BGD,Bangladesh,2014,1.971692204,1761698,,1729747,,533236,537657
BGD,Bangladesh,2015,1.99705112,1919883,,1894772,,566295,583865
BGD,Bangladesh,2016,2.022736311,2093581,,2079360,,605863,607812
BGD,Bangladesh,2017,2.048751593,2286235,,2286235,,654305,656739
BGD,Bangladesh,2018,2.075101614,2500788,,2498062,,703909,712720
BGD,Bangladesh,2019,2.101790428,2733569,,2733478,,752751,757205
BGR,Bulgaria,1950,,,,,,,
BGR,Bulgaria,1951,,,,,,,
BGR,Bulgaria,1952,,,,,,,
BGR,Bulgaria,1953,,,,,,,
BGR,Bulgaria,1954,,,,,,,
BGR,Bulgaria,1955,,,,,,,
BGR,Bulgaria,1956,,,,,,,
BGR,Bulgaria,1957,,,,,,,
BGR,Bulgaria,1958,,,,,,,
BGR,Bulgaria,1959,,,,,,,
BGR,Bulgaria,1960,,,,,,,
BGR,Bulgaria,1961,,,,,,,
BGR,Bulgaria,1962,,,,,,,
BGR,Bulgaria,1963,,,,,,,
BGR,Bulgaria,1964,,,,,,,
BGR,Bulgaria,1965,,,,,,,
BGR,Bulgaria,1966,,,,,,,
BGR,Bulgaria,1967,,,,,,,
BGR,Bulgaria,1968,,,,,,,
BGR,Bulgaria,1969,,,,,,,
BGR,Bulgaria,1970,2.400616646,23683,,16575,,35464,35703
BGR,Bulgaria,1971,2.418591738,27183,,18902,,37988,38234
BGR,Bulgaria,1972,2.436701536,30708,,21245,,40986,41335
BGR,Bulgaria,1973,2.454946995,34321,,23617,,44224,44660
BGR,Bulgaria,1974,2.473329067,38078,0.086099558,26118,0.00098927109502256,47781,48551
BGR,Bulgaria,1975,2.491848707,42065,0.095801681,28744,0.00107187835965306,52158,53687
BGR,Bulgaria,1976,2.510507107,46110,0.105605915,31325,0.00114152196329087,55608,56780
BGR,Bulgaria,1977,2.529304981,50433,0.116168775,34000,0.00120320916175842,58812,59794
BGR,Bulgaria,1978,2.548243999,54961,0.127544999,36707,0.00124686828348786,61942,63107
BGR,Bulgaria,1979,2.564923048,59313,0.138288945,39411,0.00128778757061809,66882,67796
BGR,Bulgaria,1980,2.577837706,64621,0.151842788,42733,0.00132962467614561,68595,69229
BGR,Bulgaria,1981,2.594135046,69786,0.164907202,46313,0.00140528217889369,73710,74765
BGR,Bulgaria,1982,2.610535145,74752,0.177131876,49826,0.00149612594395876,77380,78017
BGR,Bulgaria,1983,2.627039194,79489,0.188700542,52951,0.00158358097542077,81652,82739
BGR,Bulgaria,1984,2.643647671,83862,0.199416354,55916,0.00161693594418466,83572,84003
BGR,Bulgaria,1985,2.660360813,88569,0.211006805,59165,0.00167179130949080,87390,88903
BGR,Bulgaria,1986,2.677179813,93651,0.224009469,62492,0.00172988313715905,89186,90769
BGR,Bulgaria,1987,2.694105148,99012,0.23763378,65918,0.00176026648841798,96873,98736
BGR,Bulgaria,1988,2.711137533,105600,0.254679292,70201,0.00182002363726497,101107,102334
BGR,Bulgaria,1989,2.728277683,111816,0.270741731,74291,0.00189780653454363,98421,99857
BGR,Bulgaria,1990,2.745526075,113251,0.272866398,75428,0.00186143280006945,97754,98881
BGR,Bulgaria,1991,2.760771513,112651,0.269693792,75437,0.00179009477142245,100918,102724
BGR,Bulgaria,1992,2.776101351,111727,0.265635043,75153,0.00173215032555163,84360,104788
BGR,Bulgaria,1993,2.791516542,109976,0.259309351,74360,0.00166082568466663,76414,77478
BGR,Bulgaria,1994,2.807017326,108782,0.254951775,73666,0.00157872471027076,75863,76641
BGR,Bulgaria,1995,2.822603941,112365,0.262590617,76030,0.00155751919373870,80839,80629
BGR,Bulgaria,1996,2.83827734,109072,0.252772182,74219,0.00143300381023437,75255,76150
BGR,Bulgaria,1997,2.854037762,111385,0.256844342,77574,0.00146006536670029,58462,58518
BGR,Bulgaria,1998,2.869885921,116879,0.270301282,89255,0.00163839419838041,67509,69235
BGR,Bulgaria,1999,2.885821581,124134,0.289509624,100999,0.00180619966704398,65402,69243
BGR,Bulgaria,2000,2.90184617,132846,0.31289342,104935,0.00179015554022044,69999,75373
BGR,Bulgaria,2001,2.919458628,143743,0.34481284,117289,0.00192979979328811,71318,77282
BGR,Bulgaria,2002,2.937177896,154738,0.377639711,125949,0.00200879899784923,75787,80570
BGR,Bulgaria,2003,2.955004692,167030,0.413268119,111734,0.00181783724110574,78944,83615
BGR,Bulgaria,2004,2.97293973,181411,0.450936854,122470,0.00194627186283469,83450,87840
BGR,Bulgaria,2005,2.990983725,201423,0.506294191,144678,0.00229695369489491,90941,96768
BGR,Bulgaria,2006,3.009137392,224093,0.564709604,168224,0.00261379708535969,96679,103376
BGR,Bulgaria,2007,3.027400732,249607,0.635035813,193273,0.00293090846389532,106710,112145
BGR,Bulgaria,2008,3.045775414,282376,0.717827797,232218,0.00341690401546657,116081,118710
BGR,Bulgaria,2009,3.064261198,304683,0.762713194,266504,0.00387962418608367,116759,116702
BGR,Bulgaria,2010,3.082859516,319604,0.792494118,329768,0.00463390117511153,122591,120376
BGR,Bulgaria,2011,3.094154358,332813,0.823563635,333446,0.00465188501402736,124589,118724
BGR,Bulgaria,2012,3.105490685,345982,0.852747738,358718,0.00483393901959062,124867,121002
BGR,Bulgaria,2013,3.116868258,358777,0.88188982,353647,0.00464562373235822,121753,115790
BGR,Bulgaria,2014,3.128287792,372062,0.914174795,369221,0.00473676389083266,125038,119489
BGR,Bulgaria,2015,3.139748812,385611,0.947612286,380139,0.00473876902833581,131659,126401
BGR,Bulgaria,2016,3.151252031,396300,0.971771121,386526,0.00476248189806938,139637,133703
BGR,Bulgaria,2017,3.162797451,407477,1,407477,0.00494561530649662,146484,139065
BGR,Bulgaria,2018,3.174385071,419648,1.031910539,419734,0.00502749625593424,152028,144051
BGR,Bulgaria,2019,3.186015129,431893,1.064397335,433186,0.00504485052078962,159244,150325
BHR,Bahrain,1950,,,,,,,
BHR,Bahrain,1951,,,,,,,
BHR,Bahrain,1952,,,,,,,
BHR,Bahrain,1953,,,,,,,
BHR,Bahrain,1954,,,,,,,
BHR,Bahrain,1955,,,,,,,
BHR,Bahrain,1956,,,,,,,
BHR,Bahrain,1957,,,,,,,
BHR,Bahrain,1958,,,,,,,
BHR,Bahrain,1959,,,,,,,
BHR,Bahrain,1960,,,,,,,
BHR,Bahrain,1961,,,,,,,
BHR,Bahrain,1962,,,,,,,
BHR,Bahrain,1963,,,,,,,
BHR,Bahrain,1964,,,,,,,
BHR,Bahrain,1965,,,,,,,
BHR,Bahrain,1966,,,,,,,
BHR,Bahrain,1967,,,,,,,
BHR,Bahrain,1968,,,,,,,
BHR,Bahrain,1969,,,,,,,
BHR,Bahrain,1970,1.286170125,21058,,6761,,3528,3704
BHR,Bahrain,1971,1.315218091,22907,,7348,,3587,3815
BHR,Bahrain,1972,1.344922066,24760,,7930,,3946,4076
BHR,Bahrain,1973,1.37529695,27247,,8713,,4571,4758
BHR,Bahrain,1974,1.406357765,30218,0.080033883,9661,0.00046307785669342,4970,6188
BHR,Bahrain,1975,1.438120127,31381,0.082770295,10025,0.00046672968892381,4367,5477
BHR,Bahrain,1976,1.493512511,35857,0.094814971,11467,0.00051840394735336,6329,7090
BHR,Bahrain,1977,1.551038504,41005,0.108377263,13077,0.00056749081704766,6474,7144
BHR,Bahrain,1978,1.610780239,44109,0.116385631,14006,0.00057364790700376,6476,8017
BHR,Bahrain,1979,1.672822952,48391,0.128010392,15384,0.00060282123740763,7684,6967
BHR,Bahrain,1980,1.730293036,52020,0.139191777,16670,0.00061574450228363,9040,8403
BHR,Bahrain,1981,1.770310879,55495,0.148965746,17877,0.00062435702420771,8568,7654
BHR,Bahrain,1982,1.811254263,60236,0.161651894,19413,0.00065382523462176,7674,6471
BHR,Bahrain,1983,1.853144526,67483,0.18200694,21702,0.00071732111973688,7992,6781
BHR,Bahrain,1984,1.896003604,75343,0.20352523,24140,0.00076419510878623,9006,7329
BHR,Bahrain,1985,1.939854026,78013,0.20927614,24814,0.00075803347863257,6871,4186
BHR,Bahrain,1986,1.973337173,80492,0.21498023,25463,0.00075049028964713,6427,5332
BHR,Bahrain,1987,2.007398129,82378,0.218625948,25953,0.00071543612284586,6351,5733
BHR,Bahrain,1988,2.042047262,84904,0.224310309,26711,0.00070012558717281,7286,7070
BHR,Bahrain,1989,2.077294111,87997,0.232617497,27740,0.00070398882962763,7573,7192
BHR,Bahrain,1990,2.113149643,91287,0.240796641,28703,0.00070644851075485,8339,8277
BHR,Bahrain,1991,2.137340069,95440,0.253097147,30048,0.00072674889815971,8613,8198
BHR,Bahrain,1992,2.161807537,100173,0.267054826,31642,0.00075507315341383,9179,8724
BHR,Bahrain,1993,2.186554909,105715,0.282211363,33423,0.00077399780275300,9817,9549
BHR,Bahrain,1994,2.21158576,110113,0.294244617,34847,0.00076837267260999,9778,9853
BHR,Bahrain,1995,2.236903191,113079,0.301833451,35805,0.00075988267781213,10234,10062
BHR,Bahrain,1996,2.257519007,116139,0.309823155,36813,0.00074869568925351,10134,9580
BHR,Bahrain,1997,2.278325081,120464,0.320477992,38997,0.00075332238338888,11100,11695
BHR,Bahrain,1998,2.299322844,124589,0.33099255,42899,0.00079669657861814,10850,11237
BHR,Bahrain,1999,2.320513964,127070,0.337019831,48063,0.00084919820073992,12991,13977
BHR,Bahrain,2000,2.341900587,131056,0.349321634,56620,0.00094992120284587,17483,19716
BHR,Bahrain,2001,2.330377579,134188,0.358493686,68415,0.00109649857040495,19044,19424
BHR,Bahrain,2002,2.318911076,139797,0.376222461,86845,0.00136810180265456,19396,18981
BHR,Bahrain,2003,2.307501078,146631,0.397116512,112069,0.00171302317176014,23741,23357
BHR,Bahrain,2004,2.296147346,152810,0.415358216,140079,0.00204902165569365,27769,26297
BHR,Bahrain,2005,2.284849167,162111,0.442315757,162183,0.00232657953165472,37047,34898
BHR,Bahrain,2006,2.280804873,174645,0.476191521,174627,0.00243855686858296,42421,40091
BHR,Bahrain,2007,2.276767492,193562,0.528658152,189670,0.00258532841689885,48939,45167
BHR,Bahrain,2008,2.272737503,216319,0.594124436,206401,0.00278995977714658,57120,61262
BHR,Bahrain,2009,2.268714428,229465,0.629142761,213180,0.00287909083999693,52727,52939
BHR,Bahrain,2010,2.264698505,245300,0.672418773,222731,0.00304161105304956,61040,57576
BHR,Bahrain,2011,2.260720491,257667,0.704642177,232328,0.00313170370645821,69332,60624
BHR,Bahrain,2012,2.256759882,272109,0.743693948,297893,0.00384165626019239,75189,72461
BHR,Bahrain,2013,2.2528162,289868,0.791851938,265432,0.00333790131844580,74443,71636
BHR,Bahrain,2014,2.248889208,308657,0.848623991,273970,0.00337948743253946,72085,69538
BHR,Bahrain,2015,2.244979382,324370,0.890099764,280922,0.00335734477266669,65567,66299
BHR,Bahrain,2016,2.241086483,342670,0.939467609,301268,0.00350513053126633,64753,66526
BHR,Bahrain,2017,2.237210035,363586,1,363586,0.00410273997113109,71573,73566
BHR,Bahrain,2018,2.233350277,386688,1.068220258,385819,0.00428968016058207,73610,77392
BHR,Bahrain,2019,2.229506969,408978,1.132051587,408377,0.00440044002607465,73729,77180
BHS,Bahamas,1950,,,,,,,
BHS,Bahamas,1951,,,,,,,
BHS,Bahamas,1952,,,,,,,
BHS,Bahamas,1953,,,,,,,
BHS,Bahamas,1954,,,,,,,
BHS,Bahamas,1955,,,,,,,
BHS,Bahamas,1956,,,,,,,
BHS,Bahamas,1957,,,,,,,
BHS,Bahamas,1958,,,,,,,
BHS,Bahamas,1959,,,,,,,
BHS,Bahamas,1960,,,,,,,
BHS,Bahamas,1961,,,,,,,
BHS,Bahamas,1962,,,,,,,
BHS,Bahamas,1963,,,,,,,
BHS,Bahamas,1964,,,,,,,
BHS,Bahamas,1965,,,,,,,
BHS,Bahamas,1966,,,,,,,
BHS,Bahamas,1967,,,,,,,
BHS,Bahamas,1968,,,,,,,
BHS,Bahamas,1969,,,,,,,
BHS,Bahamas,1970,,3241,,2613,,3277,3290
BHS,Bahamas,1971,,3526,,2867,,3337,3587
BHS,Bahamas,1972,,3780,,3086,,3207,3417
BHS,Bahamas,1973,,4054,,3317,,3410,4002
BHS,Bahamas,1974,,4251,0.060701862,3479,0.00013130423030816,2908,3790
BHS,Bahamas,1975,,4381,0.062377851,3580,0.00013235972437542,2434,2792
BHS,Bahamas,1976,,4529,0.064457506,3693,0.00013226678129286,2760,3121
BHS,Bahamas,1977,,4724,0.067543894,3848,0.00013439859321807,3142,3059
BHS,Bahamas,1978,,4906,0.070658952,3983,0.00013289831986185,3683,3939
BHS,Bahamas,1979,,5232,0.076089054,4267,0.00013575558841694,4619,4512
BHS,Bahamas,1980,,5748,0.084292501,4726,0.00014107917377260,5482,5636
BHS,Bahamas,1981,,6249,0.091781408,5165,0.00015162600902841,5005,4646
BHS,Bahamas,1982,,6870,0.101247549,5715,0.00016617060464341,4752,4935
BHS,Bahamas,1983,,7469,0.110227339,6199,0.00018120136519428,4876,5501
BHS,Bahamas,1984,,8067,0.119420804,6688,0.00019034852448385,6054,6653
BHS,Bahamas,1985,,8805,0.130994096,7349,0.00020430039148778,6790,7609
BHS,Bahamas,1986,,9511,0.14172107,7727,0.00021065006149001,6897,7295
BHS,Bahamas,1987,,10314,0.153656781,7871,0.00020480950479396,7521,8268
BHS,Bahamas,1988,,11058,0.164541259,7695,0.00019778985006269,7615,8051
BHS,Bahamas,1989,,12466,0.186214119,7943,0.00020353608124424,8063,8404
BHS,Bahamas,1990,,13650,0.204262063,8049,0.00020386950927787,7979,7496
BHS,Bahamas,1991,,14699,0.220206112,8080,0.00020489447342698,7382,6830
BHS,Bahamas,1992,,15702,0.235454634,8174,0.00020385027164593,7260,7864
BHS,Bahamas,1993,,16309,0.244380116,8146,0.00019767432240769,7106,7078
BHS,Bahamas,1994,,17158,0.257818013,8493,0.00019854890706483,7353,7004
BHS,Bahamas,1995,,18135,0.274186283,9110,0.00020660553127527,7504,6858
BHS,Bahamas,1996,,19309,0.292812437,9795,0.00021272207959555,8506,8323
BHS,Bahamas,1997,,21172,0.325765997,11096,0.00023577314277645,9102,8232
BHS,Bahamas,1998,,23648,0.36922127,12868,0.00027213554130867,9907,9041
BHS,Bahamas,1999,,25617,0.401731938,14306,0.00029295706190169,10910,10250
BHS,Bahamas,2000,,27945,0.441264689,16256,0.00031171500450000,11677,11088
BHS,Bahamas,2001,,29781,0.474188358,18260,0.00034475413849577,11500,10468
BHS,Bahamas,2002,,31594,0.503151238,20432,0.00037816405529156,12858,12566
BHS,Bahamas,2003,,33571,0.533946335,22682,0.00041716473060660,12695,12061
BHS,Bahamas,2004,,35211,0.559884012,25144,0.00045023308484815,12379,11540
BHS,Bahamas,2005,,37625,0.599128962,29082,0.00050037115579471,13422,12368
BHS,Bahamas,2006,,40891,0.652365804,34562,0.00058158696629107,13324,11506
BHS,Bahamas,2007,,43783,0.702325761,40851,0.00065846403595060,13936,12612
BHS,Bahamas,2008,,46165,0.736847222,47339,0.00073027628241107,13573,11759
BHS,Bahamas,2009,,47858,0.758580089,53507,0.00081820931518450,12488,12103
BHS,Bahamas,2010,,49282,0.772673488,58449,0.00086782319704071,12323,11493
BHS,Bahamas,2011,,51269,0.795769751,61772,0.00087713124230504,12543,11804
BHS,Bahamas,2012,,54346,0.838618457,59657,0.00081648206105456,13158,12600
BHS,Bahamas,2013,,56771,0.870259881,61077,0.00080979318590835,12545,11052
BHS,Bahamas,2014,,59778,0.913978517,62976,0.00081611407222226,12937,12125
BHS,Bahamas,2015,,61640,0.93736136,63701,0.00080762733705342,12974,11534
BHS,Bahamas,2016,,63759,0.965169907,64457,0.00080452399561182,13081,11711
BHS,Bahamas,2017,,66295,1,66295,0.00081132329069078,13612,12217
BHS,Bahamas,2018,,68496,1.029832363,68160,0.00081903871614486,13902,12513
BHS,Bahamas,2019,,70977,1.063884139,70500,0.00081864796811715,14355,12962
BIH,Bosnia and Herzegovina,1950,,,,,,,
BIH,Bosnia and Herzegovina,1951,,,,,,,
BIH,Bosnia and Herzegovina,1952,,,,,,,
BIH,Bosnia and Herzegovina,1953,,,,,,,
BIH,Bosnia and Herzegovina,1954,,,,,,,
BIH,Bosnia and Herzegovina,1955,,,,,,,
BIH,Bosnia and Herzegovina,1956,,,,,,,
BIH,Bosnia and Herzegovina,1957,,,,,,,
BIH,Bosnia and Herzegovina,1958,,,,,,,
BIH,Bosnia and Herzegovina,1959,,,,,,,
BIH,Bosnia and Herzegovina,1960,,,,,,,
BIH,Bosnia and Herzegovina,1961,,,,,,,
BIH,Bosnia and Herzegovina,1962,,,,,,,
BIH,Bosnia and Herzegovina,1963,,,,,,,
BIH,Bosnia and Herzegovina,1964,,,,,,,
BIH,Bosnia and Herzegovina,1965,,,,,,,
BIH,Bosnia and Herzegovina,1966,,,,,,,
BIH,Bosnia and Herzegovina,1967,,,,,,,
BIH,Bosnia and Herzegovina,1968,,,,,,,
BIH,Bosnia and Herzegovina,1969,,,,,,,
BIH,Bosnia and Herzegovina,1970,,,,,,,
BIH,Bosnia and Herzegovina,1971,,,,,,,
BIH,Bosnia and Herzegovina,1972,,,,,,,
BIH,Bosnia and Herzegovina,1973,,,,,,,
BIH,Bosnia and Herzegovina,1974,,,,,,,
BIH,Bosnia and Herzegovina,1975,,,,,,,
BIH,Bosnia and Herzegovina,1976,,,,,,,
BIH,Bosnia and Herzegovina,1977,,,,,,,
BIH,Bosnia and Herzegovina,1978,,,,,,,
BIH,Bosnia and Herzegovina,1979,,,,,,,
BIH,Bosnia and Herzegovina,1980,,,,,,,
BIH,Bosnia and Herzegovina,1981,,,,,,,
BIH,Bosnia and Herzegovina,1982,,,,,,,
BIH,Bosnia and Herzegovina,1983,,,,,,,
BIH,Bosnia and Herzegovina,1984,,,,,,,
BIH,Bosnia and Herzegovina,1985,,,,,,,
BIH,Bosnia and Herzegovina,1986,,,,,,,
BIH,Bosnia and Herzegovina,1987,,,,,,,
BIH,Bosnia and Herzegovina,1988,,,,,,,
BIH,Bosnia and Herzegovina,1989,,,,,,,
BIH,Bosnia and Herzegovina,1990,,10922,,8145,,6575,3937
BIH,Bosnia and Herzegovina,1991,,11914,,8860,,5942,4270
BIH,Bosnia and Herzegovina,1992,,12562,,9349,,5605,3389
BIH,Bosnia and Herzegovina,1993,,13317,,9940,,5437,4443
BIH,Bosnia and Herzegovina,1994,,14322,0.118787348,10711,0.00021566856594291,5977,6142
BIH,Bosnia and Herzegovina,1995,,14467,0.119485714,10827,0.00020912423497066,7224,8815
BIH,Bosnia and Herzegovina,1996,,18375,0.156958327,13759,0.00027615064755082,12852,16942
BIH,Bosnia and Herzegovina,1997,,23575,0.205482289,17694,0.00035451495205052,17217,21001
BIH,Bosnia and Herzegovina,1998,,28998,0.254503578,21855,0.00042766667320393,17541,21813
BIH,Bosnia and Herzegovina,1999,,33279,0.293843925,25123,0.00047889130655676,19766,24169
BIH,Bosnia and Herzegovina,2000,,37466,0.330122083,28342,0.00051106244791299,20244,23069
BIH,Bosnia and Herzegovina,2001,,41314,0.3629978,31451,0.00054481037659571,21127,23744
BIH,Bosnia and Herzegovina,2002,,45858,0.402087361,35050,0.00058821629500017,22461,24524
BIH,Bosnia and Herzegovina,2003,,50494,0.442961752,38928,0.00064770207973197,23383,24523
BIH,Bosnia and Herzegovina,2004,,54775,0.48131448,42758,0.00070708867860958,24992,25112
BIH,Bosnia and Herzegovina,2005,,60334,0.532060742,47787,0.00077662750845775,27363,28251
BIH,Bosnia and Herzegovina,2006,,64673,0.569813311,64040,0.00097943353466690,30735,30890
BIH,Bosnia and Herzegovina,2007,,70581,0.625329852,62655,0.00094555952819064,33404,33543
BIH,Bosnia and Herzegovina,2008,,77901,0.693345666,70069,0.00103857065550983,36006,35574
BIH,Bosnia and Herzegovina,2009,,82533,0.730175495,77947,0.00117359566502273,36061,36241
BIH,Bosnia and Herzegovina,2010,,86027,0.75500834,87871,0.00129686715081334,37069,36874
BIH,Bosnia and Herzegovina,2011,,89961,0.786688983,100516,0.00144514022395015,38082,37768
BIH,Bosnia and Herzegovina,2012,,93812,0.821099222,101317,0.00142419128678739,38313,38232
BIH,Bosnia and Herzegovina,2013,,97423,0.84957999,108492,0.00146081345155835,38494,38154
BIH,Bosnia and Herzegovina,2014,,102019,0.887432039,111928,0.00145286903716624,38628,38326
BIH,Bosnia and Herzegovina,2015,,105957,0.920549631,113640,0.00142170372419059,40288,40074
BIH,Bosnia and Herzegovina,2016,,110247,0.956955016,109476,0.00135450542438775,42004,41591
BIH,Bosnia and Herzegovina,2017,,115169,1,115169,0.00139597780071199,43395,42398
BIH,Bosnia and Herzegovina,2018,,120737,1.050162435,120300,0.00143494736403227,45393,44127
BIH,Bosnia and Herzegovina,2019,,126445,1.100598454,125923,0.00145779293961823,46886,45816
BLR,Belarus,1950,,,,,,,
BLR,Belarus,1951,,,,,,,
BLR,Belarus,1952,,,,,,,
BLR,Belarus,1953,,,,,,,
BLR,Belarus,1954,,,,,,,
BLR,Belarus,1955,,,,,,,
BLR,Belarus,1956,,,,,,,
BLR,Belarus,1957,,,,,,,
BLR,Belarus,1958,,,,,,,
BLR,Belarus,1959,,,,,,,
BLR,Belarus,1960,,,,,,,
BLR,Belarus,1961,,,,,,,
BLR,Belarus,1962,,,,,,,
BLR,Belarus,1963,,,,,,,
BLR,Belarus,1964,,,,,,,
BLR,Belarus,1965,,,,,,,
BLR,Belarus,1966,,,,,,,
BLR,Belarus,1967,,,,,,,
BLR,Belarus,1968,,,,,,,
BLR,Belarus,1969,,,,,,,
BLR,Belarus,1970,,,,,,,
BLR,Belarus,1971,,,,,,,
BLR,Belarus,1972,,,,,,,
BLR,Belarus,1973,,,,,,,
BLR,Belarus,1974,,,,,,,
BLR,Belarus,1975,,,,,,,
BLR,Belarus,1976,,,,,,,
BLR,Belarus,1977,,,,,,,
BLR,Belarus,1978,,,,,,,
BLR,Belarus,1979,,,,,,,
BLR,Belarus,1980,,,,,,,
BLR,Belarus,1981,,,,,,,
BLR,Belarus,1982,,,,,,,
BLR,Belarus,1983,,,,,,,
BLR,Belarus,1984,,,,,,,
BLR,Belarus,1985,,,,,,,
BLR,Belarus,1986,,,,,,,
BLR,Belarus,1987,,,,,,,
BLR,Belarus,1988,,,,,,,
BLR,Belarus,1989,,,,,,,
BLR,Belarus,1990,,239973,,642479,,144515,136763
BLR,Belarus,1991,,248451,,663491,,142727,132458
BLR,Belarus,1992,,253699,,685717,,120514,120836
BLR,Belarus,1993,,258024,,707204,,94763,127194
BLR,Belarus,1994,,260533,0.382403791,717536,0.01150054764002560,83653,83734
BLR,Belarus,1995,,259732,0.377817839,715611,0.01102673448622230,79818,80275
BLR,Belarus,1996,,258886,0.373825818,712345,0.01072047371417280,81126,82940
BLR,Belarus,1997,,260021,0.373990327,693207,0.01008134894073010,81925,88798
BLR,Belarus,1998,,262359,0.392937213,641684,0.00920783728361130,83131,87694
BLR,Belarus,1999,,263977,0.405362248,573698,0.00804992951452732,83126,86955
BLR,Belarus,2000,,265609,0.414495617,506728,0.00696787284687161,85313,94982
BLR,Belarus,2001,,266918,0.41800046,449535,0.00601298408582807,89063,92638
BLR,Belarus,2002,,268887,0.421680272,404868,0.00540678203105927,91274,94348
BLR,Belarus,2003,,273069,0.433628708,373180,0.00499000726267695,94451,99477
BLR,Belarus,2004,,279521,0.451618463,353039,0.00472126062959433,101076,107026
BLR,Belarus,2005,,288455,0.47455892,343420,0.00461367284879088,112653,112592
BLR,Belarus,2006,,302492,0.513894081,342638,0.00466758990660310,125305,126670
BLR,Belarus,2007,,319371,0.557979226,344980,0.00471606571227312,137201,139578
BLR,Belarus,2008,,341667,0.612546563,353608,0.00489387940615416,157862,161563
BLR,Belarus,2009,,364396,0.661214232,361037,0.00517318397760391,152230,158884
BLR,Belarus,2010,,392702,0.723724604,372661,0.00549891497939825,165032,174417
BLR,Belarus,2011,,424800,0.79664129,387214,0.00556385098025203,195799,196152
BLR,Belarus,2012,,449371,0.84587276,378291,0.00535094505175948,194279,186956
BLR,Belarus,2013,,477163,0.896161735,418114,0.00583057245239615,182442,183506
BLR,Belarus,2014,,501143,0.93653357,531780,0.00681169237941504,190104,186122
BLR,Belarus,2015,,517281,0.961156011,490874,0.00637699756771326,183768,184775
BLR,Belarus,2016,,527607,0.976078212,509132,0.00644200574606657,171116,175431
BLR,Belarus,2017,,539659,1,539659,0.00669201929122210,187155,191910
BLR,Belarus,2018,,552764,1.028859496,550745,0.00678029190748930,197933,200776
BLR,Belarus,2019,,569213,1.061402798,566524,0.00678189564496279,201464,205916
BLZ,Belize,1950,,,,,,,
BLZ,Belize,1951,,,,,,,
BLZ,Belize,1952,,,,,,,
BLZ,Belize,1953,,,,,,,
BLZ,Belize,1954,,,,,,,
BLZ,Belize,1955,,,,,,,
BLZ,Belize,1956,,,,,,,
BLZ,Belize,1957,,,,,,,
BLZ,Belize,1958,,,,,,,
BLZ,Belize,1959,,,,,,,
BLZ,Belize,1960,,,,,,,
BLZ,Belize,1961,,,,,,,
BLZ,Belize,1962,,,,,,,
BLZ,Belize,1963,,,,,,,
BLZ,Belize,1964,,,,,,,
BLZ,Belize,1965,,,,,,,
BLZ,Belize,1966,,,,,,,
BLZ,Belize,1967,,,,,,,
BLZ,Belize,1968,,,,,,,
BLZ,Belize,1969,,,,,,,
BLZ,Belize,1970,2.366174221,984,,317,,544,501
BLZ,Belize,1971,2.378065825,1093,,371,,590,539
BLZ,Belize,1972,2.390017509,1198,,421,,541,488
BLZ,Belize,1973,2.402028799,1291,,464,,581,545
BLZ,Belize,1974,2.414100885,1391,,506,,704,591
BLZ,Belize,1975,2.426233292,1485,,548,,678,583
BLZ,Belize,1976,2.407284737,1574,,588,,579,546
BLZ,Belize,1977,2.38848424,1656,,623,,638,591
BLZ,Belize,1978,2.36983037,1753,,662,,652,613
BLZ,Belize,1979,2.351322174,1864,,708,,700,643
BLZ,Belize,1980,2.332958698,1928,,729,,820,711
BLZ,Belize,1981,2.345855474,1996,,756,,670,667
BLZ,Belize,1982,2.358823538,2024,,764,,694,697
BLZ,Belize,1983,2.371863365,2030,,761,,697,702
BLZ,Belize,1984,2.384975195,2061,,771,,707,719
BLZ,Belize,1985,2.398159504,2071,,769,,808,768
BLZ,Belize,1986,2.440707445,2096,,774,,901,894
BLZ,Belize,1987,2.484009981,2190,,810,,1005,988
BLZ,Belize,1988,2.52808094,2348,,875,,1070,1065
BLZ,Belize,1989,2.568694592,2545,,957,,1171,1180
BLZ,Belize,1990,2.599289656,2740,,1043,,1330,1289
BLZ,Belize,1991,2.631444216,2975,,1140,,1251,1287
BLZ,Belize,1992,2.66399622,3212,,1240,,1336,1227
BLZ,Belize,1993,2.696951151,3497,,1357,,1407,1318
BLZ,Belize,1994,2.730313778,3637,,1415,,1540,1444
BLZ,Belize,1995,2.764089108,3800,,1486,,1697,1560
BLZ,Belize,1996,2.800998926,3928,,1532,,1475,1357
BLZ,Belize,1997,2.838401556,4047,,1585,,1459,1322
BLZ,Belize,1998,2.876303911,4153,,1634,,1496,1356
BLZ,Belize,1999,2.914712191,4397,,1742,,1555,1413
BLZ,Belize,2000,2.953633308,4782,,1955,,1704,1596
BLZ,Belize,2001,2.983257055,5093,,2144,,1817,1556
BLZ,Belize,2002,3.013177872,5350,,2312,,1925,1746
BLZ,Belize,2003,3.043399096,5516,,2441,,2038,1936
BLZ,Belize,2004,3.073923111,5653,,2582,,2112,2023
BLZ,Belize,2005,3.104753256,5829,,2796,,2185,2058
BLZ,Belize,2006,3.136520863,6009,,3062,,2295,2235
BLZ,Belize,2007,3.168613434,6199,,3379,,2354,2301
BLZ,Belize,2008,3.201034307,6543,,3865,,2359,2168
BLZ,Belize,2009,3.23378706,6728,,4304,,2349,2142
BLZ,Belize,2010,3.266874552,6791,,4675,,2511,2364
BLZ,Belize,2011,3.301668644,6858,,5020,,2626,2517
BLZ,Belize,2012,3.337308645,6932,,5241,,2691,2496
BLZ,Belize,2013,3.373820305,7124,,5691,,2625,2336
BLZ,Belize,2014,3.411230564,7345,,6088,,2631,2401
BLZ,Belize,2015,3.449567318,7708,,6876,,2679,2350
BLZ,Belize,2016,3.488859177,8109,,7669,,2671,2332
BLZ,Belize,2017,3.529135704,8395,,8395,,2663,2329
BLZ,Belize,2018,3.57042861,8719,,8697,,2647,2239
BLZ,Belize,2019,3.612769604,9032,,9013,,2676,2219
BMU,Bermuda,1950,,,,,,,
BMU,Bermuda,1951,,,,,,,
BMU,Bermuda,1952,,,,,,,
BMU,Bermuda,1953,,,,,,,
BMU,Bermuda,1954,,,,,,,
BMU,Bermuda,1955,,,,,,,
BMU,Bermuda,1956,,,,,,,
BMU,Bermuda,1957,,,,,,,
BMU,Bermuda,1958,,,,,,,
BMU,Bermuda,1959,,,,,,,
BMU,Bermuda,1960,,,,,,,
BMU,Bermuda,1961,,,,,,,
BMU,Bermuda,1962,,,,,,,
BMU,Bermuda,1963,,,,,,,
BMU,Bermuda,1964,,,,,,,
BMU,Bermuda,1965,,,,,,,
BMU,Bermuda,1966,,,,,,,
BMU,Bermuda,1967,,,,,,,
BMU,Bermuda,1968,,,,,,,
BMU,Bermuda,1969,,,,,,,
BMU,Bermuda,1970,,4001,,1171,,1117,591
BMU,Bermuda,1971,,4065,,1206,,1154,1172
BMU,Bermuda,1972,,4119,,1227,,1171,940
BMU,Bermuda,1973,,4165,,1250,,1183,908
BMU,Bermuda,1974,,4213,,1268,,1199,724
BMU,Bermuda,1975,,4274,,1311,,1243,785
BMU,Bermuda,1976,,4303,,1315,,1355,990
BMU,Bermuda,1977,,4366,,1338,,1389,916
BMU,Bermuda,1978,,4446,,1372,,1402,934
BMU,Bermuda,1979,,4552,,1429,,1471,917
BMU,Bermuda,1980,,4723,,1531,,1545,700
BMU,Bermuda,1981,,4848,,1620,,1530,703
BMU,Bermuda,1982,,5037,,1752,,1587,715
BMU,Bermuda,1983,,5228,,1874,,1646,775
BMU,Bermuda,1984,,5460,,2015,,1624,840
BMU,Bermuda,1985,,5643,,2123,,1724,727
BMU,Bermuda,1986,,5744,0.591535985,2180,0.00007256102253450,1848,1169
BMU,Bermuda,1987,,5871,0.609268069,2248,0.00007327611092478,1923,1862
BMU,Bermuda,1988,,6085,0.639003694,2364,0.00007728287164355,1934,1270
BMU,Bermuda,1989,,6208,0.656295419,2430,0.00007876698509790,1954,705
BMU,Bermuda,1990,,6234,0.660379112,2470,0.00007853310671635,1923,1228
BMU,Bermuda,1991,,6209,0.657402277,2450,0.00007637710223207,1906,1395
BMU,Bermuda,1992,,6188,0.655825436,2436,0.00007389409438474,1880,1070
BMU,Bermuda,1993,,6173,0.655703723,2429,0.00007099379581632,1951,1093
BMU,Bermuda,1994,,6144,0.654170692,2405,0.00006906010094099,1987,494
BMU,Bermuda,1995,,6137,0.65662837,2389,0.00006572693382623,2088,1206
BMU,Bermuda,1996,,6212,0.668973625,2400,0.00006325937283691,2178,1007
BMU,Bermuda,1997,,6336,0.68357569,2485,0.00006179577758303,2308,1626
BMU,Bermuda,1998,,6579,0.716563702,2692,0.00006525069329655,2408,136
BMU,Bermuda,1999,,6856,0.751225948,2958,0.00006861914880574,2544,
BMU,Bermuda,2000,,7133,0.786469817,3303,0.00007346126221819,2685,
BMU,Bermuda,2001,,7388,0.819229066,3734,0.00008025470742723,2973,
BMU,Bermuda,2002,,7453,0.827906966,4129,0.00008807270205580,3048,2849
BMU,Bermuda,2003,,7459,0.8272596,4513,0.00009297003998654,3259,
BMU,Bermuda,2004,,7675,0.855475962,5179,0.00010387262591394,3430,353
BMU,Bermuda,2005,,7890,0.890074432,6021,0.00012085172784282,3657,2736
BMU,Bermuda,2006,,8044,0.915278077,7065,0.00013622525148094,3924,2946
BMU,Bermuda,2007,,8228,0.939333677,8349,0.00015399753465317,4475,3038
BMU,Bermuda,2008,,8558,0.978673577,10114,0.00017928890883923,4851,3874
BMU,Bermuda,2009,,8723,0.994783223,11855,0.00021068556816317,4850,4016
BMU,Bermuda,2010,,8787,0.994400084,13199,0.00022810362861492,5079,4351
BMU,Bermuda,2011,,8805,0.982029498,13561,0.00022357473790180,4966,4464
BMU,Bermuda,2012,,8766,0.966350794,12535,0.00019650135072880,4842,3542
BMU,Bermuda,2013,,8753,0.956193268,11626,0.00017421170196030,4738,3202
BMU,Bermuda,2014,,8821,0.956060112,10842,0.00015773619816173,4631,3202
BMU,Bermuda,2015,,8914,0.959427059,10219,0.00014388679119293,4757,3079
BMU,Bermuda,2016,,9095,0.97359246,9733,0.00013357898569666,4898,3069
BMU,Bermuda,2017,,9359,1,9359,0.00012633543519769,5002,3178
BMU,Bermuda,2018,,9597,1.019138455,9487,0.00012507465726230,4996,3145
BMU,Bermuda,2019,,9939,1.053017735,9769,0.00012492838141043,4989,3188
BOL,Bolivia (Plurinational State of),1950,1.323360801,18190,,8652,,4940,6707
BOL,Bolivia (Plurinational State of),1951,1.335104823,19672,,9342,,5633,7383
BOL,Bolivia (Plurinational State of),1952,1.346952915,21046,,10047,,5599,7342
BOL,Bolivia (Plurinational State of),1953,1.35890615,21527,,10283,,4839,6045
BOL,Bolivia (Plurinational State of),1954,1.370965481,22437,0.099099338,10732,0.00084757129661739,4970,6272
BOL,Bolivia (Plurinational State of),1955,1.383131862,24373,0.107481793,11658,0.00088736671023071,5372,6664
BOL,Bolivia (Plurinational State of),1956,1.402091384,25958,0.114258215,12433,0.00090649269986898,4956,6262
BOL,Bolivia (Plurinational State of),1957,1.421310663,27318,0.120003037,13039,0.00090887094847858,4821,6121
BOL,Bolivia (Plurinational State of),1958,1.440793514,28502,0.124947719,13609,0.00090971059398726,4888,5868
BOL,Bolivia (Plurinational State of),1959,1.460543275,29218,0.127786398,13981,0.00089238910004497,4913,6225
BOL,Bolivia (Plurinational State of),1960,1.480563879,30529,0.133381292,14632,0.00088320346549153,5243,6355
BOL,Bolivia (Plurinational State of),1961,1.49660635,31387,0.136937931,15008,0.00085758155910298,5562,6546
BOL,Bolivia (Plurinational State of),1962,1.512822628,33551,0.146726042,16071,0.00088362517999485,5722,6722
BOL,Bolivia (Plurinational State of),1963,1.529214621,35346,0.154990405,16936,0.00089865387417376,6083,7236
BOL,Bolivia (Plurinational State of),1964,1.545784235,37313,0.164003789,17893,0.00091037165839225,6566,7653
BOL,Bolivia (Plurinational State of),1965,1.562533259,38963,0.172295913,18645,0.00091516243992373,7283,8066
BOL,Bolivia (Plurinational State of),1966,1.579463959,40629,0.181605443,19426,0.00092948373639956,7713,8782
BOL,Bolivia (Plurinational State of),1967,1.596578002,41969,0.189133942,20016,0.00093574519269168,8158,9463
BOL,Bolivia (Plurinational State of),1968,1.613877535,43298,0.195278704,20622,0.00092519872123376,7337,8410
BOL,Bolivia (Plurinational State of),1969,1.631364465,44554,0.199782506,21228,0.00088940601563081,7632,8638
BOL,Bolivia (Plurinational State of),1970,1.649040937,45734,0.204256073,21984,0.00086698360973969,7973,8464
BOL,Bolivia (Plurinational State of),1971,1.672994137,47171,0.210028231,22683,0.00087367132073268,8419,9020
BOL,Bolivia (Plurinational State of),1972,1.697295308,48938,0.223745242,23459,0.00092793279327452,8562,9171
BOL,Bolivia (Plurinational State of),1973,1.718790174,50396,0.236428961,24050,0.00096551195019856,9049,10048
BOL,Bolivia (Plurinational State of),1974,1.737574697,51861,0.244704157,24736,0.00097601400921121,10575,11104
BOL,Bolivia (Plurinational State of),1975,1.756564498,53952,0.256484479,25638,0.00100781652145088,10301,11676
BOL,Bolivia (Plurinational State of),1976,1.775761843,56097,0.269875407,26515,0.00102605216670781,10936,12168
BOL,Bolivia (Plurinational State of),1977,1.795168877,58349,0.281307578,27512,0.00103076186496764,11552,12644
BOL,Bolivia (Plurinational State of),1978,1.814788222,60995,0.302040339,28478,0.00109118293039501,11227,12656
BOL,Bolivia (Plurinational State of),1979,1.834621906,62910,0.315896839,29299,0.00110568793024868,11865,13089
BOL,Bolivia (Plurinational State of),1980,1.854672194,63494,0.319717616,29422,0.00104222947265953,12295,13135
BOL,Bolivia (Plurinational State of),1981,1.883640885,63959,0.322918296,29748,0.00101203005760908,12879,13512
BOL,Bolivia (Plurinational State of),1982,1.913061976,63453,0.318035096,29695,0.00095782976131886,13108,13273
BOL,Bolivia (Plurinational State of),1983,1.942942619,62689,0.310323775,29320,0.00093015632592142,12926,13178
BOL,Bolivia (Plurinational State of),1984,1.973289967,62316,0.303672135,29193,0.00096792064141482,13783,13690
BOL,Bolivia (Plurinational State of),1985,2.004111528,62512,0.301494151,29368,0.00084105489077047,14622,14556
BOL,Bolivia (Plurinational State of),1986,2.035414219,62867,0.302607179,29552,0.00079023477155715,14277,14607
BOL,Bolivia (Plurinational State of),1987,2.067205906,63392,0.304674029,29907,0.00076555262785405,14737,15271
BOL,Bolivia (Plurinational State of),1988,2.099494219,64042,0.306963503,30460,0.00075015757465735,13795,13735
BOL,Bolivia (Plurinational State of),1989,2.132286787,64657,0.308867067,30903,0.00073850236367434,14844,14478
BOL,Bolivia (Plurinational State of),1990,2.165591478,65721,0.314340264,31636,0.00074403482722119,15892,15431
BOL,Bolivia (Plurinational State of),1991,2.196086645,67432,0.324409902,32733,0.00076504767639563,16675,16466
BOL,Bolivia (Plurinational State of),1992,2.227011204,69558,0.337010324,34143,0.00079532206291333,17419,17325
BOL,Bolivia (Plurinational State of),1993,2.258371115,71662,0.349887252,35829,0.00082961138105020,18563,18410
BOL,Bolivia (Plurinational State of),1994,2.290172815,73221,0.358083904,37269,0.00083960319170728,20405,20023
BOL,Bolivia (Plurinational State of),1995,2.322422504,75343,0.36992991,39110,0.00084876647451893,22628,22416
BOL,Bolivia (Plurinational State of),1996,2.355125904,77971,0.384796828,41117,0.00087208655895665,24723,24928
BOL,Bolivia (Plurinational State of),1997,2.388290167,81950,0.410607249,43926,0.00091562926536426,25340,25424
BOL,Bolivia (Plurinational State of),1998,2.421921253,87651,0.445510417,47912,0.00096896139439195,25932,26134
BOL,Bolivia (Plurinational State of),1999,2.456025839,91352,0.467392236,51171,0.00100805959664285,26492,26298
BOL,Bolivia (Plurinational State of),2000,2.490610838,94110,0.483971566,54980,0.00104827678296715,27225,26625
BOL,Bolivia (Plurinational State of),2001,2.519879341,95140,0.484875798,59086,0.00105905346572399,28279,27842
BOL,Bolivia (Plurinational State of),2002,2.549491644,97377,0.492954075,65369,0.00112840568181127,29520,29351
BOL,Bolivia (Plurinational State of),2003,2.573073864,98858,0.498647422,72111,0.00121363368816674,31667,30860
BOL,Bolivia (Plurinational State of),2004,2.593393087,100295,0.504591048,78192,0.00128626567311585,34502,32891
BOL,Bolivia (Plurinational State of),2005,2.613872528,102184,0.514204502,82287,0.00135565164964646,37202,35446
BOL,Bolivia (Plurinational State of),2006,2.634513617,104652,0.527370334,85462,0.00139085645787418,41195,37483
BOL,Bolivia (Plurinational State of),2007,2.655317783,108070,0.545973063,88754,0.00144814851228148,43459,39814
BOL,Bolivia (Plurinational State of),2008,2.676286221,112963,0.572206855,95518,0.00153860903810710,48186,44905
BOL,Bolivia (Plurinational State of),2009,2.697420359,117759,0.59833467,103177,0.00172990222927183,48982,47127
BOL,Bolivia (Plurinational State of),2010,2.71872139,123103,0.627976954,111501,0.00190880708396435,55113,52045
BOL,Bolivia (Plurinational State of),2011,2.745150328,130773,0.672490835,120417,0.00210890709422529,61379,58867
BOL,Bolivia (Plurinational State of),2012,2.771836042,138114,0.714236736,126361,0.00215402804315090,68442,65050
BOL,Bolivia (Plurinational State of),2013,2.798781395,146652,0.76259619,134754,0.00223962357267737,74770,72011
BOL,Bolivia (Plurinational State of),2014,2.82598877,156415,0.817601442,145924,0.00240266975015402,78439,75865
BOL,Bolivia (Plurinational State of),2015,2.85346055,166228,0.878840804,159171,0.00264652632176876,79733,79590
BOL,Bolivia (Plurinational State of),2016,2.881199121,175523,0.93463254,170129,0.00277779833413661,83000,83541
BOL,Bolivia (Plurinational State of),2017,2.909207582,186282,1,186282,0.00297723873518407,92562,91522
BOL,Bolivia (Plurinational State of),2018,2.937488317,196739,1.061901808,196024,0.00308497576043010,97365,96407
BOL,Bolivia (Plurinational State of),2019,2.966043711,205551,1.110398173,204495,0.00312362378463149,99104,98644
BRA,Brazil,1950,1.300443888,477473,,220379,,87798,85324
BRA,Brazil,1951,1.308093429,513382,,235294,,92312,87631
BRA,Brazil,1952,1.31578815,553856,,252915,,101438,97869
BRA,Brazil,1953,1.323527932,579227,,263661,,104354,101674
BRA,Brazil,1954,1.331313372,612943,0.045429282,278295,0.02287894301116470,113388,110126
BRA,Brazil,1955,1.339144588,644374,0.04787593,291922,0.02317954972386360,121300,118163
BRA,Brazil,1956,1.350346684,671091,0.049807657,303534,0.02304578945040700,125153,122162
BRA,Brazil,1957,1.36164248,715367,0.053210504,322384,0.02364529296755790,136096,132738
BRA,Brazil,1958,1.373032689,756227,0.056302253,339953,0.02406677231192590,144042,141162
BRA,Brazil,1959,1.384518266,811915,0.060763076,365409,0.02499388903379440,150312,147250
BRA,Brazil,1960,1.396099925,860737,0.064473271,386612,0.02500797994434830,166115,160815
BRA,Brazil,1961,1.406593204,915327,0.068826482,410357,0.02561137638986110,187717,183701
BRA,Brazil,1962,1.417165279,971342,0.073039904,435272,0.02580299600958820,199688,198407
BRA,Brazil,1963,1.427816868,1015432,0.076191537,454809,0.02605323679745200,212458,211860
BRA,Brazil,1964,1.438548446,1066668,0.079643063,477598,0.02587703056633470,223248,220949
BRA,Brazil,1965,1.449360728,1127485,0.083895706,504287,0.02604507468640800,239174,235125
BRA,Brazil,1966,1.461910367,1193758,0.088800482,533290,0.02611943893134590,249475,247165
BRA,Brazil,1967,1.474568605,1250188,0.092756011,557463,0.02596794255077840,270893,269569
BRA,Brazil,1968,1.487336397,1327164,0.098455787,590966,0.02624714188277720,298926,298504
BRA,Brazil,1969,1.500214815,1454646,0.108240433,646628,0.02755113318562510,304897,303392
BRA,Brazil,1970,1.513204813,1574224,0.117645457,706763,0.02876639179885390,348496,345911
BRA,Brazil,1971,1.50219655,1715527,0.128919691,770469,0.03044055216014390,388092,387937
BRA,Brazil,1972,1.491268396,1884082,0.142325088,845973,0.03230671584606170,434480,434292
BRA,Brazil,1973,1.480419874,2095114,0.158841968,937555,0.03444443270564080,495178,490723
BRA,Brazil,1974,1.469650149,2334612,0.177725956,1045234,0.03694668039679530,528817,532545
BRA,Brazil,1975,1.458958745,2593138,0.198254019,1161195,0.04061856120824810,556854,557324
BRA,Brazil,1976,1.463446856,2862815,0.219550177,1258202,0.04313277080655100,608348,603285
BRA,Brazil,1977,1.467948794,3112749,0.238938376,1325269,0.04402656108140950,629052,617499
BRA,Brazil,1978,1.472464561,3370815,0.259928584,1390818,0.04494208469986920,647243,641877
BRA,Brazil,1979,1.476994276,3632695,0.280669063,1475498,0.04631220176815990,685803,684854
BRA,Brazil,1980,1.481537819,3942735,0.305801481,1598635,0.04802386462688450,697256,687080
BRA,Brazil,1981,1.507941961,4175087,0.32285133,1722145,0.05027668923139570,706777,711346
BRA,Brazil,1982,1.534816623,4370523,0.336129934,1843059,0.05282029509544370,727717,730613
BRA,Brazil,1983,1.562170148,4495004,0.343476653,1933018,0.05475404113531110,714303,716090
BRA,Brazil,1984,1.590011239,4619764,0.350663871,2035517,0.05508602038025860,751362,740773
BRA,Brazil,1985,1.618348598,4775514,0.360896468,2166354,0.05682739987969400,792707,781453
BRA,Brazil,1986,1.638026476,5015007,0.377976805,2343360,0.05991095304489140,894915,889045
BRA,Brazil,1987,1.657943845,5244595,0.393995136,2536207,0.06189638376235960,924919,915525
BRA,Brazil,1988,1.678103209,5445197,0.408367336,2732134,0.06418826431036000,941357,923199
BRA,Brazil,1989,1.698507786,5647295,0.422014326,2948117,0.06708270311355590,948380,943240
BRA,Brazil,1990,1.716691375,5806248,0.43330133,3135506,0.07004780322313310,922400,923621
BRA,Brazil,1991,1.744627118,5989144,0.445946485,3337222,0.07328101992607120,1006330,1007008
BRA,Brazil,1992,1.773017526,6140352,0.456841826,3546792,0.07646865397691730,1041752,1038977
BRA,Brazil,1993,1.80186975,6313558,0.469123781,3777886,0.07964898645877840,1119873,1118016
BRA,Brazil,1994,1.83119154,6543674,0.486681104,4034131,0.08236452937126160,1252594,1256093
BRA,Brazil,1995,1.860990524,6793539,0.511668205,4294698,0.08712349086999890,1457143,1459247
BRA,Brazil,1996,1.896448374,7028566,0.533692122,4514510,0.08903978019952770,1730152,1735859
BRA,Brazil,1997,1.932581782,7294968,0.557736516,4714347,0.08946964144706730,1693590,1696771
BRA,Brazil,1998,1.969403863,7543565,0.579261005,4882688,0.08911781013011930,1628855,1632464
BRA,Brazil,1999,2.006927252,7730963,0.595456421,4974181,0.08741585165262220,1570174,1585557
BRA,Brazil,2000,2.045165777,7939501,0.612686157,5062076,0.08436876535415650,1599361,1614590
BRA,Brazil,2001,2.085902929,8142377,0.629981875,5172151,0.08340731263160710,1598911,1612885
BRA,Brazil,2002,2.127451897,8309069,0.642515719,5286130,0.08409066498279570,1631614,1630036
BRA,Brazil,2003,2.169828176,8446396,0.653623164,5422355,0.08484750986099240,1637552,1624931
BRA,Brazil,2004,2.213048697,8622080,0.669125736,5621437,0.08610230684280400,1732723,1711796
BRA,Brazil,2005,2.257130146,8799879,0.685209274,5873957,0.08891329169273380,1802513,1790386
BRA,Brazil,2006,2.298808575,9004874,0.705152452,6341265,0.09417080879211430,1958261,1952655
BRA,Brazil,2007,2.34125638,9268076,0.731265187,7198622,0.10441604256629900,2174483,2170465
BRA,Brazil,2008,2.384488344,9594785,0.765193462,8504678,0.12199292331934000,2424715,2421308
BRA,Brazil,2009,2.428518534,9879774,0.791150272,10118052,0.14569550752639800,2521819,2519892
BRA,Brazil,2010,2.473361731,10280861,0.829420626,11923873,0.17218582332134200,2928988,2920199
BRA,Brazil,2011,2.56089592,10712995,0.869363725,13090676,0.18717306852340700,3274982,3266644
BRA,Brazil,2012,2.621874332,11128176,0.905659556,13095177,0.18312539160251600,3264115,3251118
BRA,Brazil,2013,2.684304714,11574604,0.944922924,13133923,0.17999456822872200,3296893,3272021
BRA,Brazil,2014,2.748221636,11955560,0.976142764,13214635,0.17707513272762300,3283212,3264410
BRA,Brazil,2015,2.813660383,12187307,0.991079569,12895949,0.17134688794612900,3071934,3068603
BRA,Brazil,2016,2.880657434,12314953,0.994363785,12480113,0.16341933608055100,2925105,2918882
BRA,Brazil,2017,2.949249983,12429477,1,12429477,0.15989460051059700,2970571,2968826
BRA,Brazil,2018,3.01947546,12578757,1.009971499,12543270,0.15867398679256400,3055465,3043950
BRA,Brazil,2019,3.091373205,12745324,1.021718383,12706970,0.15578381717205000,3084710,3079725
BRB,Barbados,1950,,,,,,,
BRB,Barbados,1951,,,,,,,
BRB,Barbados,1952,,,,,,,
BRB,Barbados,1953,,,,,,,
BRB,Barbados,1954,,,,,,,
BRB,Barbados,1955,,,,,,,
BRB,Barbados,1956,,,,,,,
BRB,Barbados,1957,,,,,,,
BRB,Barbados,1958,,,,,,,
BRB,Barbados,1959,,,,,,,
BRB,Barbados,1960,1.87696743,4027,,1733,,2107,1878
BRB,Barbados,1961,1.923931479,4258,,1831,,2181,1974
BRB,Barbados,1962,1.972070694,4478,,1921,,2272,2110
BRB,Barbados,1963,2.02141428,4712,,2021,,2395,2084
BRB,Barbados,1964,2.071992636,4930,0.144980818,2111,0.00012343746493571,2326,2081
BRB,Barbados,1965,2.123836517,5176,0.152113363,2213,0.00012306864664424,2348,2192
BRB,Barbados,1966,2.196986198,5419,0.15929991,2312,0.00012267504644115,2463,2334
BRB,Barbados,1967,2.272655487,5717,0.168074891,2434,0.00012314760533627,2794,2623
BRB,Barbados,1968,2.350930929,6151,0.181022257,2614,0.00012637634063140,2866,2749
BRB,Barbados,1969,2.431902409,6577,0.193881035,2793,0.00012966006761417,3204,3170
BRB,Barbados,1970,2.51566267,7117,0.211716637,3051,0.00013654721260537,3511,3487
BRB,Barbados,1971,2.479379177,7520,0.224055141,3229,0.00013980755466037,3650,3611
BRB,Barbados,1972,2.443619251,7923,0.236329511,3404,0.00014164710592013,3620,3687
BRB,Barbados,1973,2.408375263,8300,0.247542351,3563,0.00014219463628251,3759,3498
BRB,Barbados,1974,2.373639345,8757,0.260182887,3756,0.00014122831635177,3569,2880
BRB,Barbados,1975,2.339404583,9192,0.272738695,3942,0.00014488228771370,3918,3432
BRB,Barbados,1976,2.301060677,9890,0.297014058,4245,0.00015315659402404,3069,2727
BRB,Barbados,1977,2.26334548,10392,0.314031392,4462,0.00015492606326006,3126,2770
BRB,Barbados,1978,2.226248264,11070,0.335649997,4737,0.00015665469982196,3069,2664
BRB,Barbados,1979,2.189759016,11682,0.356528819,5001,0.00015919721045066,3236,2738
BRB,Barbados,1980,2.15386796,12347,0.37909627,5278,0.00015700492076576,3367,2565
BRB,Barbados,1981,2.200621605,13176,0.405297279,5653,0.00016328612400685,3285,2538
BRB,Barbados,1982,2.248389959,13706,0.419152647,5889,0.00016692660574336,3159,2646
BRB,Barbados,1983,2.297195435,14083,0.428354144,6027,0.00016843010962475,3193,2783
BRB,Barbados,1984,2.347060204,14332,0.434866726,6126,0.00016539529315196,3320,2878
BRB,Barbados,1985,2.398007393,14521,0.439652175,6208,0.00016308462363668,3338,2583
BRB,Barbados,1986,2.43332696,14798,0.447965145,6175,0.00015843959408812,3611,3141
BRB,Barbados,1987,2.469166994,15110,0.456524104,5926,0.00014691878459416,3728,3473
BRB,Barbados,1988,2.505534887,15501,0.46893993,5615,0.00013625629071612,3918,3649
BRB,Barbados,1989,2.542438507,15997,0.486095518,5323,0.00012796121882275,4210,3966
BRB,Barbados,1990,2.573365211,16404,0.49975422,5021,0.00012060010340065,4031,3783
BRB,Barbados,1991,2.595482588,16784,0.513241291,4774,0.00011379241914256,4211,4119
BRB,Barbados,1992,2.617790222,16714,0.508977294,4477,0.00010487064719200,3401,3017
BRB,Barbados,1993,2.640289307,16798,0.512517452,4328,0.00009887100168271,3621,3204
BRB,Barbados,1994,2.662981987,17112,0.526201665,4328,0.00009536747529637,5308,5359
BRB,Barbados,1995,2.685869694,17364,0.542610109,4388,0.00009697517816676,5696,5916
BRB,Barbados,1996,2.684989929,17653,0.561814785,4531,0.00009742943802848,6129,6352
BRB,Barbados,1997,2.684110165,18369,0.601030767,4883,0.00010314973769710,5878,5914
BRB,Barbados,1998,2.683230877,19299,0.650258362,5333,0.00011378504859749,6345,6230
BRB,Barbados,1999,2.682351828,20065,0.694063306,5756,0.00012153381248936,6364,6195
BRB,Barbados,2000,2.681473255,20677,0.728486359,6191,0.00012432885705493,6340,5975
BRB,Barbados,2001,2.699995041,21170,0.753804922,6682,0.00012980350584257,6206,5808
BRB,Barbados,2002,2.718645096,21995,0.794703007,7403,0.00014543512952514,6295,5796
BRB,Barbados,2003,2.737423897,22391,0.822311759,7988,0.00016154603508767,6028,5453
BRB,Barbados,2004,2.756332397,22819,0.850945234,8790,0.00016984100511763,6269,5699
BRB,Barbados,2005,2.775371313,23267,0.879450917,9803,0.00018265376274940,6614,5663
BRB,Barbados,2006,2.780299425,24122,0.917785108,11302,0.00020327825041022,6531,5434
BRB,Barbados,2007,2.78523612,24613,0.935480833,12905,0.00021511742670555,6642,5870
BRB,Barbados,2008,2.790181875,25015,0.942391813,14813,0.00023425088147633,6225,5340
BRB,Barbados,2009,2.795136213,25183,0.930912614,16816,0.00025584708782844,5720,4868
BRB,Barbados,2010,2.800099373,25695,0.918091416,19015,0.00027304829563946,5424,4618
BRB,Barbados,2011,2.805113554,26412,0.92022866,20801,0.00028367739287205,5324,4157
BRB,Barbados,2012,2.810150862,26954,0.938170671,21520,0.00028501520864666,5076,3825
BRB,Barbados,2013,2.815211535,27554,0.960589707,21346,0.00027657026657835,4964,3596
BRB,Barbados,2014,2.820295572,28100,0.98061496,21654,0.00027626013616100,4831,3601
BRB,Barbados,2015,2.825403214,28696,1.005707264,21423,0.00026914064073935,4859,3578
BRB,Barbados,2016,2.830534697,29227,1.030951142,22083,0.00027548772050068,4919,3616
BRB,Barbados,2017,2.835690022,29252,1,29252,0.00034377488191240,4776,3378
BRB,Barbados,2018,2.840869188,29288,0.969857574,29196,0.00032930882298388,4929,3467
BRB,Barbados,2019,2.846072435,29307,0.94335413,29255,0.00031258439412341,4836,3578
BRN,Brunei Darussalam,1950,,,,,,,
BRN,Brunei Darussalam,1951,,,,,,,
BRN,Brunei Darussalam,1952,,,,,,,
BRN,Brunei Darussalam,1953,,,,,,,
BRN,Brunei Darussalam,1954,,,,,,,
BRN,Brunei Darussalam,1955,,,,,,,
BRN,Brunei Darussalam,1956,,,,,,,
BRN,Brunei Darussalam,1957,,,,,,,
BRN,Brunei Darussalam,1958,,,,,,,
BRN,Brunei Darussalam,1959,,,,,,,
BRN,Brunei Darussalam,1960,,,,,,,
BRN,Brunei Darussalam,1961,,,,,,,
BRN,Brunei Darussalam,1962,,,,,,,
BRN,Brunei Darussalam,1963,,,,,,,
BRN,Brunei Darussalam,1964,,,,,,,
BRN,Brunei Darussalam,1965,,,,,,,
BRN,Brunei Darussalam,1966,,,,,,,
BRN,Brunei Darussalam,1967,,,,,,,
BRN,Brunei Darussalam,1968,,,,,,,
BRN,Brunei Darussalam,1969,,,,,,,
BRN,Brunei Darussalam,1970,1.589876413,46073,,33358,,12911,6327
BRN,Brunei Darussalam,1971,1.62520957,45099,,32679,,14251,7203
BRN,Brunei Darussalam,1972,1.661328077,44392,,32208,,15649,8015
BRN,Brunei Darussalam,1973,1.698249221,43956,,31870,,16984,9289
BRN,Brunei Darussalam,1974,1.729343534,43212,,31392,,19358,11735
BRN,Brunei Darussalam,1975,1.758232951,43285,,31437,,19265,12112
BRN,Brunei Darussalam,1976,1.824218035,43779,,31739,,22694,13306
BRN,Brunei Darussalam,1977,1.892679334,44002,,31970,,24578,13171
BRN,Brunei Darussalam,1978,1.96371007,44529,,32336,,25345,14468
BRN,Brunei Darussalam,1979,2.037406445,45613,,33203,,31102,19475
BRN,Brunei Darussalam,1980,2.113868475,46822,,33392,,34161,20006
BRN,Brunei Darussalam,1981,2.136611938,48207,,34990,,32004,18999
BRN,Brunei Darussalam,1982,2.159600258,49685,,36403,,24635,17908
BRN,Brunei Darussalam,1983,2.182835817,51187,,37064,,23171,17529
BRN,Brunei Darussalam,1984,2.206321239,52820,,37683,,23208,17101
BRN,Brunei Darussalam,1985,2.230059385,54662,,39408,,21266,16928
BRN,Brunei Darussalam,1986,2.269659281,56756,,40991,,13411,11982
BRN,Brunei Darussalam,1987,2.309962273,58465,,42063,,14820,13115
BRN,Brunei Darussalam,1988,2.350980997,60467,,43525,,12750,11856
BRN,Brunei Darussalam,1989,2.392727852,62967,,45267,,14127,13207
BRN,Brunei Darussalam,1990,2.435216427,65547,,47106,,14785,14808
BRN,Brunei Darussalam,1991,2.462762833,68370,,48976,,14448,12908
BRN,Brunei Darussalam,1992,2.490620613,72039,,51572,,15041,17817
BRN,Brunei Darussalam,1993,2.518793821,77000,,55143,,14160,16243
BRN,Brunei Darussalam,1994,2.547285557,80723,,57775,,13186,14851
BRN,Brunei Darussalam,1995,2.570822239,85009,,60847,,12093,13838
BRN,Brunei Darussalam,1996,2.578871727,96423,,69033,,15871,17598
BRN,Brunei Darussalam,1997,2.586946964,101225,,72557,,13784,15303
BRN,Brunei Darussalam,1998,2.595046997,104530,,75249,,12193,13687
BRN,Brunei Darussalam,1999,2.603172779,105987,,76472,,14444,16074
BRN,Brunei Darussalam,2000,2.611323833,105454,,76201,,17870,19275
BRN,Brunei Darussalam,2001,2.617983341,105568,,76732,,17532,18230
BRN,Brunei Darussalam,2002,2.624660015,108114,,79198,,18027,19343
BRN,Brunei Darussalam,2003,2.631353617,108923,,80476,,20187,21922
BRN,Brunei Darussalam,2004,2.638064384,109959,,82090,,23292,24707
BRN,Brunei Darussalam,2005,2.644792318,111087,,83985,,28233,29409
BRN,Brunei Darussalam,2006,2.655146599,112359,,86426,,31987,33668
BRN,Brunei Darussalam,2007,2.665541649,115313,,91010,,30860,33081
BRN,Brunei Darussalam,2008,2.675977468,119130,,97185,,36127,35223
BRN,Brunei Darussalam,2009,2.686454058,122795,,103819,,27743,27653
BRN,Brunei Darussalam,2010,2.696971416,125937,,109991,,29731,29383
BRN,Brunei Darussalam,2011,2.707743406,132303,,118057,,36596,37783
BRN,Brunei Darussalam,2012,2.718630791,142015,,130603,,39212,39497
BRN,Brunei Darussalam,2013,2.729635239,153212,,148722,,36476,37116
BRN,Brunei Darussalam,2014,2.740758181,158276,,152610,,35583,34049
BRN,Brunei Darussalam,2015,2.752001524,164166,,149263,,27571,28222
BRN,Brunei Darussalam,2016,2.763366461,168435,,156282,,24641,25732
BRN,Brunei Darussalam,2017,2.774854898,173525,,173525,,26993,27329
BRN,Brunei Darussalam,2018,2.786468267,181984,,181468,,29032,29994
BRN,Brunei Darussalam,2019,2.798208237,189344,,188947,,29192,31061
BTN,Bhutan,1950,,,,,,,
BTN,Bhutan,1951,,,,,,,
BTN,Bhutan,1952,,,,,,,
BTN,Bhutan,1953,,,,,,,
BTN,Bhutan,1954,,,,,,,
BTN,Bhutan,1955,,,,,,,
BTN,Bhutan,1956,,,,,,,
BTN,Bhutan,1957,,,,,,,
BTN,Bhutan,1958,,,,,,,
BTN,Bhutan,1959,,,,,,,
BTN,Bhutan,1960,,,,,,,
BTN,Bhutan,1961,,,,,,,
BTN,Bhutan,1962,,,,,,,
BTN,Bhutan,1963,,,,,,,
BTN,Bhutan,1964,,,,,,,
BTN,Bhutan,1965,,,,,,,
BTN,Bhutan,1966,,,,,,,
BTN,Bhutan,1967,,,,,,,
BTN,Bhutan,1968,,,,,,,
BTN,Bhutan,1969,,,,,,,
BTN,Bhutan,1970,,2323,,2041,,472,569
BTN,Bhutan,1971,,2441,,2137,,486,586
BTN,Bhutan,1972,,2557,,2237,,492,596
BTN,Bhutan,1973,,2672,,2332,,498,601
BTN,Bhutan,1974,,2795,,2440,,529,624
BTN,Bhutan,1975,,2906,,2531,,516,609
BTN,Bhutan,1976,,3036,,2634,,560,663
BTN,Bhutan,1977,,3175,,2753,,602,709
BTN,Bhutan,1978,,3330,,2876,,643,765
BTN,Bhutan,1979,,3501,,3022,,677,803
BTN,Bhutan,1980,,3654,,3150,,703,800
BTN,Bhutan,1981,,3862,,3331,,798,948
BTN,Bhutan,1982,,4102,,3534,,840,1001
BTN,Bhutan,1983,,4428,,3785,,943,1130
BTN,Bhutan,1984,,4721,,4037,,960,1148
BTN,Bhutan,1985,,5091,,4358,,1002,1207
BTN,Bhutan,1986,,5472,,4675,,1076,1302
BTN,Bhutan,1987,,5851,,5024,,1228,1353
BTN,Bhutan,1988,,6201,,5348,,1226,1429
BTN,Bhutan,1989,,6490,,5607,,1337,1466
BTN,Bhutan,1990,,6736,,5857,,1413,1504
BTN,Bhutan,1991,,7007,,6074,,1405,1552
BTN,Bhutan,1992,,7424,,6432,,1422,1721
BTN,Bhutan,1993,,7944,,6910,,1509,1615
BTN,Bhutan,1994,,8501,,7474,,1520,1611
BTN,Bhutan,1995,,9071,,8029,,1665,1622
BTN,Bhutan,1996,,9662,,8598,,1754,1722
BTN,Bhutan,1997,,10263,,9171,,1909,1973
BTN,Bhutan,1998,,10917,,9864,,1983,2062
BTN,Bhutan,1999,,11871,,10811,,2174,2392
BTN,Bhutan,2000,,13071,,11988,,2474,2487
BTN,Bhutan,2001,,14627,,13587,,2665,2663
BTN,Bhutan,2002,,16480,,15504,,3049,3099
BTN,Bhutan,2003,,18311,,17499,,3255,3426
BTN,Bhutan,2004,,20403,,19749,,3462,4029
BTN,Bhutan,2005,,22074,,21570,,3782,4043
BTN,Bhutan,2006,,23597,,23121,,4108,4063
BTN,Bhutan,2007,,24676,,24042,,4778,4335
BTN,Bhutan,2008,,26378,,25503,,4713,4806
BTN,Bhutan,2009,,28491,,27299,,5009,5243
BTN,Bhutan,2010,,31832,,30231,,5371,6077
BTN,Bhutan,2011,,35562,,33422,,5512,6293
BTN,Bhutan,2012,,39205,,36863,,5941,6646
BTN,Bhutan,2013,,40820,,37723,,5944,6065
BTN,Bhutan,2014,,43319,,41183,,6172,6280
BTN,Bhutan,2015,,46270,,44640,,6699,7076
BTN,Bhutan,2016,,49626,,48225,,7278,7731
BTN,Bhutan,2017,,52787,,52787,,7872,8343
BTN,Bhutan,2018,,55509,,55359,,8111,8637
BTN,Bhutan,2019,,58120,,57988,,8498,8980
BWA,Botswana,1950,,,,,,,
BWA,Botswana,1951,,,,,,,
BWA,Botswana,1952,,,,,,,
BWA,Botswana,1953,,,,,,,
BWA,Botswana,1954,,,,,,,
BWA,Botswana,1955,,,,,,,
BWA,Botswana,1956,,,,,,,
BWA,Botswana,1957,,,,,,,
BWA,Botswana,1958,,,,,,,
BWA,Botswana,1959,,,,,,,
BWA,Botswana,1960,1.190572023,1293,,701,,257,268
BWA,Botswana,1961,1.191196918,1302,,706,,278,294
BWA,Botswana,1962,1.191822171,1329,,721,,299,329
BWA,Botswana,1963,1.192447662,1368,,744,,315,345
BWA,Botswana,1964,1.193073511,1434,0.0078439,782,0.00004136895586271,338,368
BWA,Botswana,1965,1.193699718,1418,0.007719827,771,0.00003971988553531,322,356
BWA,Botswana,1966,1.194336057,1520,0.008318773,831,0.00004016420643893,343,393
BWA,Botswana,1967,1.194972754,1673,0.009206752,922,0.00004317465936765,397,463
BWA,Botswana,1968,1.195609808,1935,0.010742542,1080,0.00004894559606328,469,518
BWA,Botswana,1969,1.196247101,2055,0.011469543,1158,0.00005107077595312,473,500
BWA,Botswana,1970,1.196884871,2468,0.014012665,1428,0.00006025827315170,581,576
BWA,Botswana,1971,1.225173235,3197,0.018506285,1899,0.00008061346306931,729,743
BWA,Botswana,1972,1.254130363,4104,0.024112616,2478,0.00010412766278023,909,941
BWA,Botswana,1973,1.283771753,5076,0.030071523,3091,0.00012361154949758,1111,1142
BWA,Botswana,1974,1.314113736,5702,0.033783454,3483,0.00013634115748573,1247,1195
BWA,Botswana,1975,1.345172882,6183,0.036369048,3765,0.00014370524149854,1382,1347
BWA,Botswana,1976,1.347912431,6542,0.038224444,3957,0.00014580659626517,1531,1524
BWA,Botswana,1977,1.350657463,6886,0.039965853,4119,0.00014467927394435,1671,1724
BWA,Botswana,1978,1.353408098,7277,0.042012103,4311,0.00014299110625871,1761,1928
BWA,Botswana,1979,1.356164336,7888,0.045505378,4653,0.00014788475527894,2019,2153
BWA,Botswana,1980,1.358926177,8771,0.050744768,5185,0.00015558220911771,2444,2331
BWA,Botswana,1981,1.418949723,9836,0.057250101,5795,0.00016766261251178,2705,2645
BWA,Botswana,1982,1.481624365,10841,0.063729651,6398,0.00017981523706112,2732,2860
BWA,Botswana,1983,1.547067404,11632,0.069032706,6960,0.00019040136248805,2966,3397
BWA,Botswana,1984,1.61540103,12259,0.073380835,7542,0.00019674366922118,3458,4275
BWA,Botswana,1985,1.686753035,13077,0.079001032,8262,0.00020990218035877,4266,5002
BWA,Botswana,1986,1.748378277,13933,0.084741123,8963,0.00022409910161514,5333,5379
BWA,Botswana,1987,1.80637598,14754,0.090178706,9679,0.00023497601796407,5989,5864
BWA,Botswana,1988,1.866297483,16055,0.098439395,10788,0.00025427737273276,7029,6518
BWA,Botswana,1989,1.928206682,18793,0.116963789,12924,0.00030463779694401,9060,8315
BWA,Botswana,1990,1.992169619,21617,0.135809645,15307,0.00036123872268945,9413,8905
BWA,Botswana,1991,2.040768385,24127,0.152324438,17522,0.00041349238017574,9899,9615
BWA,Botswana,1992,2.090552807,26299,0.166527718,19687,0.00045759257045575,10018,10184
BWA,Botswana,1993,2.141551733,28236,0.17906794,21848,0.00050275819376111,10408,10454
BWA,Botswana,1994,2.193794727,30011,0.190331206,23950,0.00054141273722053,10954,10815
BWA,Botswana,1995,2.247312069,31932,0.203077838,26173,0.00057563540758565,11969,11716
BWA,Botswana,1996,2.288501501,33712,0.214315251,28188,0.00059234531363472,14283,13237
BWA,Botswana,1997,2.330445766,36131,0.230306253,30672,0.00061858119443059,15477,14315
BWA,Botswana,1998,2.373158455,38869,0.249239892,33581,0.00065850646933541,15189,15006
BWA,Botswana,1999,2.416654348,42041,0.269674927,36975,0.00069169281050563,17763,16603
BWA,Botswana,2000,2.460947275,45096,0.289844096,40475,0.00071800599107519,19128,17975
BWA,Botswana,2001,2.494708776,48270,0.310586691,44441,0.00076747202547267,19030,17985
BWA,Botswana,2002,2.528933048,51555,0.333795488,48772,0.00085409870371223,19963,21332
BWA,Botswana,2003,2.562435389,54989,0.358503968,53138,0.00092926301294938,20769,20929
BWA,Botswana,2004,2.586050272,58941,0.379663795,58038,0.00096238346304745,22405,21942
BWA,Botswana,2005,2.60988307,63016,0.401003271,63101,0.00100196583662182,26085,24930
BWA,Botswana,2006,2.630747557,67695,0.426894903,70185,0.00105675694067031,27791,26021
BWA,Botswana,2007,2.651778936,73280,0.461543024,80924,0.00115538609679788,28548,26927
BWA,Botswana,2008,2.67297864,79029,0.501051664,95225,0.00130328373052180,27898,27083
BWA,Botswana,2009,2.69434762,85351,0.544362664,113070,0.00150130188558251,25724,25389
BWA,Botswana,2010,2.715887308,92342,0.590637088,132045,0.00169657694641501,29156,28091
BWA,Botswana,2011,2.738507032,100293,0.643273652,145789,0.00180420326068997,32176,30998
BWA,Botswana,2012,2.761630058,109588,0.70636332,148604,0.00175063463393599,30131,29245
BWA,Botswana,2013,2.785270452,118753,0.764730394,148439,0.00167617481201887,31849,29675
BWA,Botswana,2014,2.809442282,127748,0.820958912,151355,0.00165855046361685,35175,32722
BWA,Botswana,2015,2.834160805,137787,0.886836529,152518,0.00162262259982526,33270,31862
BWA,Botswana,2016,2.85944128,147805,0.951135695,154130,0.00159882451407611,36776,33644
BWA,Botswana,2017,2.885299683,156231,1,156231,0.00158142100553960,36956,35741
BWA,Botswana,2018,2.911752224,165646,1.057166815,165969,0.00162672589067370,38097,36430
BWA,Botswana,2019,2.938816071,175899,1.121560216,176491,0.00166755984537303,39213,38096
CAF,Central African Republic,1950,,,,,,,
CAF,Central African Republic,1951,,,,,,,
CAF,Central African Republic,1952,,,,,,,
CAF,Central African Republic,1953,,,,,,,
CAF,Central African Republic,1954,,,,,,,
CAF,Central African Republic,1955,,,,,,,
CAF,Central African Republic,1956,,,,,,,
CAF,Central African Republic,1957,,,,,,,
CAF,Central African Republic,1958,,,,,,,
CAF,Central African Republic,1959,,,,,,,
CAF,Central African Republic,1960,1.071820378,16121,,5523,,1967,2040
CAF,Central African Republic,1961,1.071837306,16957,,5773,,2135,2214
CAF,Central African Republic,1962,1.071854234,17802,,6036,,2146,2215
CAF,Central African Republic,1963,1.071871281,18510,,6253,,2020,2090
CAF,Central African Republic,1964,1.071888208,19269,,6477,,2125,2187
CAF,Central African Republic,1965,1.071905136,19945,,6671,,2151,2219
CAF,Central African Republic,1966,1.071922064,20592,,6857,,2166,2230
CAF,Central African Republic,1967,1.071938992,20930,,6964,,2030,2224
CAF,Central African Republic,1968,1.071955919,21370,,7062,,2493,2538
CAF,Central African Republic,1969,1.071972847,21825,,7205,,2500,2550
CAF,Central African Republic,1970,1.071989775,22424,,7349,,2626,2673
CAF,Central African Republic,1971,1.076050282,23012,,7524,,2549,2578
CAF,Central African Republic,1972,1.080126166,23503,,7675,,2490,2476
CAF,Central African Republic,1973,1.084217548,24281,,7890,,2662,2760
CAF,Central African Republic,1974,1.088324308,24436,,7947,,2474,2506
CAF,Central African Republic,1975,1.092446685,24465,,7962,,2407,2478
CAF,Central African Republic,1976,1.096584797,24393,,7936,,2438,2459
CAF,Central African Republic,1977,1.100738406,24413,,7951,,2577,2587
CAF,Central African Republic,1978,1.10490787,24189,,7888,,2635,2642
CAF,Central African Republic,1979,1.10909307,24222,,7917,,2579,2590
CAF,Central African Republic,1980,1.113294125,23785,0.865827262,7787,0.00022959953639656,2402,2401
CAF,Central African Republic,1981,1.126582146,23612,0.857747078,7742,0.00022568339772988,2854,2812
CAF,Central African Republic,1982,1.140028954,23105,0.835762203,7679,0.00021818430104759,2844,2844
CAF,Central African Republic,1983,1.153636098,23061,0.833866358,7609,0.00021725358965341,2718,2690
CAF,Central African Republic,1984,1.167405725,22983,0.830041826,7637,0.00020932489132974,2926,2885
CAF,Central African Republic,1985,1.181339622,23439,0.849904895,7716,0.00021007428586017,3259,3228
CAF,Central African Republic,1986,1.195439935,23819,0.865342021,7864,0.00020818742632400,3190,3185
CAF,Central African Republic,1987,1.209708571,24071,0.874475598,7955,0.00020223198225722,2958,2959
CAF,Central African Republic,1988,1.224147439,24051,0.871549308,7969,0.00019607301510405,3116,3120
CAF,Central African Republic,1989,1.238758564,24169,0.873957455,8024,0.00019265549781267,3291,3311
CAF,Central African Republic,1990,1.253544211,24453,0.881651282,8175,0.00019249838078395,3273,3267
CAF,Central African Republic,1991,1.26725316,24777,0.890813231,8287,0.00019167960272171,3222,3208
CAF,Central African Republic,1992,1.281112075,25056,0.897853076,8410,0.00019160623196513,3095,3106
CAF,Central African Republic,1993,1.295122504,25071,0.894894004,8457,0.00018914771499112,3024,3036
CAF,Central African Republic,1994,1.309286118,25402,0.903914094,8592,0.00018600294424687,3561,3700
CAF,Central African Republic,1995,1.323604703,25968,0.927307248,8770,0.00018633807485458,3621,3821
CAF,Central African Republic,1996,1.33807981,25501,0.90518713,8677,0.00017554896476213,3184,3248
CAF,Central African Republic,1997,1.352713227,25220,0.890542984,8600,0.00016687049355824,3398,3403
CAF,Central African Republic,1998,1.367506742,25046,0.880457819,8595,0.00015880385763012,3551,3570
CAF,Central African Republic,1999,1.382461905,25398,0.892524183,8742,0.00015604580403306,3560,3540
CAF,Central African Republic,2000,1.397580743,25592,0.895384729,8848,0.00014837826893199,3668,3658
CAF,Central African Republic,2001,1.4045012,25729,0.896939874,8969,0.00014272813859861,3739,3722
CAF,Central African Republic,2002,1.41145587,25820,0.896677554,9092,0.00014136984827928,3729,3734
CAF,Central African Republic,2003,1.418444991,25577,0.882947803,9072,0.00013590486196335,3539,3568
CAF,Central African Republic,2004,1.425468802,25425,0.874896288,9076,0.00013140562805347,3642,3678
CAF,Central African Republic,2005,1.432527304,25599,0.879647732,9204,0.00013063436199445,3757,3795
CAF,Central African Republic,2006,1.439620852,25848,0.888839602,9677,0.00013238986139186,3964,3984
CAF,Central African Republic,2007,1.446749449,26031,0.897839248,10754,0.00014380356878974,4178,4218
CAF,Central African Republic,2008,1.453913331,26256,0.905797005,12604,0.00016487717221025,4319,4343
CAF,Central African Republic,2009,1.461112738,26516,0.914292157,15305,0.00019913088181056,4605,4674
CAF,Central African Republic,2010,1.468347788,26932,0.934309304,18677,0.00024673822917976,4831,4892
CAF,Central African Republic,2011,1.478430629,27166,0.943368554,21196,0.00027856242377311,4970,4993
CAF,Central African Republic,2012,1.48858285,27250,0.945719063,21663,0.00027648813556880,5429,5477
CAF,Central African Republic,2013,1.498804688,26776,0.922452807,23421,0.00028093252331018,3567,3620
CAF,Central African Republic,2014,1.509096742,27042,0.934045434,24952,0.00029256843845360,3439,3486
CAF,Central African Republic,2015,1.519459486,27344,0.946899295,25514,0.00029824732337147,3702,3894
CAF,Central African Republic,2016,1.529893398,27706,0.966951072,26000,0.00030517307459377,3944,4116
CAF,Central African Republic,2017,1.540398955,28265,1,28265,0.00033363577676937,4199,4265
CAF,Central African Republic,2018,1.550976634,28833,1.032740474,28755,0.00034067759406753,4317,4444
CAF,Central African Republic,2019,1.56162703,29224,1.054950953,29152,0.00033728129346855,4524,4654
CAN,Canada,1950,2.481970787,613347,,511430,,171224,176410
CAN,Canada,1951,2.500546217,643026,,539255,,178757,182326
CAN,Canada,1952,2.519260406,671530,,564302,,196428,199436
CAN,Canada,1953,2.538114786,706953,,595399,,206359,209611
CAN,Canada,1954,2.55711031,732368,0.068470545,616241,0.06478497385978700,204322,208321
CAN,Canada,1955,2.570921898,768697,0.071549475,647128,0.06458379328250890,223009,224663
CAN,Canada,1956,2.582545996,820651,0.076728903,694272,0.06672599166631700,241614,242715
CAN,Canada,1957,2.594222784,867460,0.081086136,734570,0.06852535903453830,246073,248109
CAN,Canada,1958,2.605952024,907147,0.084044576,765933,0.06921560317277910,250838,255517
CAN,Canada,1959,2.617734671,951715,0.08771725,802091,0.07036897540092470,261264,265259
CAN,Canada,1960,2.629570484,994220,0.091596387,834435,0.06979739665985110,270541,268950
CAN,Canada,1961,2.649269342,1035527,0.095215417,866451,0.06959787011146550,280279,280359
CAN,Canada,1962,2.669115782,1083196,0.099963151,905222,0.06958328187465670,297372,300346
CAN,Canada,1963,2.689110756,1132802,0.105259486,946760,0.06973345577716830,311390,317077
CAN,Canada,1964,2.709255695,1189864,0.111490332,993761,0.06918404996395110,332376,338550
CAN,Canada,1965,2.729551315,1261966,0.119933195,1056337,0.07095468789339070,354857,358851
CAN,Canada,1966,2.749999046,1342327,0.130360231,1124331,0.07240499556064610,378484,384658
CAN,Canada,1967,2.77060008,1407981,0.138492018,1177849,0.07223375141620640,390319,396580
CAN,Canada,1968,2.791355371,1476177,0.146012232,1234688,0.07159643620252610,408864,419136
CAN,Canada,1969,2.81226635,1554442,0.154698446,1300114,0.07172569632530210,429273,440170
CAN,Canada,1970,2.833333492,1620298,0.161646426,1363550,0.07180031388998030,439377,453304
CAN,Canada,1971,2.857601881,1694192,0.169549748,1426869,0.07437421381473540,460521,477615
CAN,Canada,1972,2.882077694,1770844,0.177871823,1489442,0.07746666669845580,487713,504325
CAN,Canada,1973,2.906763315,1856336,0.187926501,1557118,0.07867301255464550,528119,541708
CAN,Canada,1974,2.931660652,1946318,0.19925338,1638474,0.07882718741893770,563502,555182
CAN,Canada,1975,2.956771135,2039124,0.210531875,1725237,0.08060957491397860,572058,563524
CAN,Canada,1976,2.982096434,2135960,0.221593067,1805693,0.08246538043022160,605066,596033
CAN,Canada,1977,3.007638693,2234433,0.232668146,1888423,0.08270537853240970,618154,612469
CAN,Canada,1978,3.03339982,2333884,0.244796395,1967734,0.08178991079330440,634462,637107
CAN,Canada,1979,3.059381723,2440192,0.257952899,2056921,0.08108706772327420,667761,664773
CAN,Canada,1980,3.085585833,2552616,0.272389382,2150782,0.08012474328279500,684338,674517
CAN,Canada,1981,3.105498791,2682009,0.28899774,2294212,0.08370942622423170,703284,694193
CAN,Canada,1982,3.125540495,2778084,0.299985051,2429158,0.08756437152624130,676422,678507
CAN,Canada,1983,3.145711184,2867199,0.31063658,2555505,0.08695846796035770,700300,703206
CAN,Canada,1984,3.166012049,2957151,0.321710616,2698825,0.08584044873714450,743148,749879
CAN,Canada,1985,3.186444044,3060911,0.334332585,2844207,0.08742637932300570,785938,782137
CAN,Canada,1986,3.207007885,3168508,0.34640193,2971075,0.08966798335313800,800515,786099
CAN,Canada,1987,3.227704287,3292935,0.360515416,3121936,0.08898581564426420,845718,838529
CAN,Canada,1988,3.248534441,3434798,0.377558589,3306936,0.09076544642448430,895562,879471
CAN,Canada,1989,3.269499063,3582254,0.394884288,3502543,0.09314194321632390,924886,916149
CAN,Canada,1990,3.290598869,3712089,0.409618765,3675089,0.09560029953718190,919881,916713
CAN,Canada,1991,3.311350822,3822054,0.42190966,3829317,0.09792846441268920,896952,886165
CAN,Canada,1992,3.332233429,3919833,0.43292582,3969052,0.09961670637130740,905655,914977
CAN,Canada,1993,3.353247881,4011184,0.443709821,4095945,0.09862138330936430,931829,922623
CAN,Canada,1994,3.374394894,4115520,0.457227319,4226856,0.09790495783090590,977045,966037
CAN,Canada,1995,3.395674944,4209454,0.470507652,4327837,0.09733026474714280,1017566,1007309
CAN,Canada,1996,3.417089462,4312275,0.486632377,4417465,0.09629002958536150,1042310,1027125
CAN,Canada,1997,3.438639164,4441155,0.507674098,4423092,0.09380134940147400,1093333,1076915
CAN,Canada,1998,3.460324526,4571277,0.533258438,4434235,0.09313124418258670,1118006,1108917
CAN,Canada,1999,3.48214674,4704641,0.558713496,4436711,0.09019768983125690,1192028,1194051
CAN,Canada,2000,3.50410676,4841406,0.582311332,4290319,0.08263778686523440,1263746,1274289
CAN,Canada,2001,3.51891613,4987063,0.604811311,4163948,0.07860996574163440,1265181,1265665
CAN,Canada,2002,3.533787727,5129190,0.623867691,4037698,0.07585886120796200,1277256,1279849
CAN,Canada,2003,3.548722506,5282980,0.644545496,4164733,0.07641488313674930,1321023,1329148
CAN,Canada,2004,3.563720465,5458390,0.668813109,4314014,0.07693703472614290,1378428,1389285
CAN,Canada,2005,3.578781605,5657923,0.698069155,4492993,0.07827594131231310,1460411,1475053
CAN,Canada,2006,3.593906403,5871212,0.729938626,4746770,0.08107542246580120,1473502,1494875
CAN,Canada,2007,3.609095335,6085361,0.761114657,4984729,0.08315808326005940,1492628,1522061
CAN,Canada,2008,3.624348402,6296168,0.790754378,5207503,0.08431046456098560,1518038,1570434
CAN,Canada,2009,3.639665604,6451458,0.808164775,5555046,0.09175849705934520,1417426,1437729
CAN,Canada,2010,3.655047894,6645610,0.830699444,5941241,0.09515805542469020,1493890,1520259
CAN,Canada,2011,3.662325144,6853359,0.855988801,6358923,0.09769648313522340,1569459,1608678
CAN,Canada,2012,3.669616699,7076979,0.883357704,6781151,0.10077729076147100,1593280,1609345
CAN,Canada,2013,3.676922798,7300073,0.909581125,7179644,0.10162620991468400,1652165,1662328
CAN,Canada,2014,3.684243441,7529015,0.937256813,7604575,0.10245207697153100,1688900,1723924
CAN,Canada,2015,3.691578627,7728442,0.960204422,8006907,0.10599847137928000,1654818,1682115
CAN,Canada,2016,3.698928595,7902095,0.978864551,8184792,0.10474014282226600,1674676,1701895
CAN,Canada,2017,3.706293106,8087274,1,8087274,0.10255716741085100,1771273,1796297
CAN,Canada,2018,3.713672161,8276921,1.022980571,8248541,0.10271716117858900,1813163,1834876
CAN,Canada,2019,3.721065998,8463303,1.044758081,8427519,0.10202988982200600,1841899,1862070
CHE,Switzerland,1950,2.935117722,415009,,319104,,78327,80792
CHE,Switzerland,1951,2.941377163,421374,,324257,,84156,88299
CHE,Switzerland,1952,2.947650194,424712,,326624,,85826,88760
CHE,Switzerland,1953,2.953936338,428315,,330335,,90227,92451
CHE,Switzerland,1954,2.960236073,436269,0.092657402,336796,0.03218792006373410,95793,98463
CHE,Switzerland,1955,2.966549397,448688,0.095854551,347877,0.03157449886202810,101818,105341
CHE,Switzerland,1956,2.971672058,464750,0.100212827,363464,0.03203207626938820,108160,113188
CHE,Switzerland,1957,2.976803541,481684,0.104817405,381794,0.03318340703845020,111858,117480
CHE,Switzerland,1958,2.981943846,490836,0.106846347,391445,0.03426706790924070,109721,113751
CHE,Switzerland,1959,2.987092972,505034,0.110210747,401923,0.03396985307335850,117834,122554
CHE,Switzerland,1960,2.992251158,526267,0.115881927,418345,0.03455861285328870,128032,130308
CHE,Switzerland,1961,3.010366201,554008,0.124057852,442598,0.03691426292061810,137339,140496
CHE,Switzerland,1962,3.028590679,582206,0.133302584,466802,0.04002728313207630,143519,148575
CHE,Switzerland,1963,3.046925545,610492,0.143092811,490004,0.04040608555078510,150511,155651
CHE,Switzerland,1964,3.065371275,641909,0.15295285,516033,0.04108611121773720,159688,164851
CHE,Switzerland,1965,3.083929062,669130,0.161029354,538206,0.03993798047304150,164300,168636
CHE,Switzerland,1966,3.102598906,695344,0.169243947,558137,0.03833404555916790,168774,172957
CHE,Switzerland,1967,3.12138176,722788,0.177728519,581313,0.03693434596061710,175198,179029
CHE,Switzerland,1968,3.140278339,749634,0.185673848,603384,0.03674838691949840,182404,185830
CHE,Switzerland,1969,3.15928936,778599,0.194060057,625357,0.03638309985399250,191717,196519
CHE,Switzerland,1970,3.178415537,817034,0.206677362,656973,0.03876630589365960,203089,210305
CHE,Switzerland,1971,3.192940235,860576,0.221459657,693102,0.04080061614513400,213552,219287
CHE,Switzerland,1972,3.207531452,905545,0.236237213,729701,0.04235373437404630,221712,226387
CHE,Switzerland,1973,3.222189188,950275,0.249495104,761840,0.04169891774654390,227190,231912
CHE,Switzerland,1974,3.236913919,989539,0.261548638,792361,0.03971479460597040,231182,234041
CHE,Switzerland,1975,3.251706123,1015771,0.267302185,815787,0.03859116137027740,214741,213621
CHE,Switzerland,1976,3.2665658,1033773,0.269959778,825862,0.03686178103089330,213417,210603
CHE,Switzerland,1977,3.281493425,1053085,0.274042755,835399,0.03562937676906590,215905,214215
CHE,Switzerland,1978,3.296489239,1076689,0.281561971,846387,0.03533939644694330,223039,217320
CHE,Switzerland,1979,3.311553478,1103013,0.290165573,860045,0.03161406144499780,228382,224135
CHE,Switzerland,1980,3.326686621,1136646,0.303462982,896888,0.03037958405911920,237539,232879
CHE,Switzerland,1981,3.340091944,1170110,0.315973848,941529,0.03131714090704920,237918,231542
CHE,Switzerland,1982,3.353551388,1198112,0.326053679,966206,0.03178365901112560,240814,231995
CHE,Switzerland,1983,3.367064714,1228494,0.337383509,989575,0.03068233840167520,242432,234492
CHE,Switzerland,1984,3.380632639,1260720,0.34843722,1015371,0.03208465129137040,245436,236620
CHE,Switzerland,1985,3.3942554,1295459,0.360879153,1044644,0.03690644726157190,250498,243797
CHE,Switzerland,1986,3.407932997,1335565,0.376698285,1074064,0.03809949755668640,263893,255715
CHE,Switzerland,1987,3.421665668,1376961,0.392635971,1105169,0.03804066777229310,268215,258957
CHE,Switzerland,1988,3.435453415,1424678,0.410919011,1145092,0.03868995606899260,274306,264832
CHE,Switzerland,1989,3.44929719,1475154,0.429601163,1187833,0.04015363752841950,286660,278009
CHE,Switzerland,1990,3.463196516,1528351,0.450058341,1231488,0.03985166549682620,300215,291500
CHE,Switzerland,1991,3.469666958,1575375,0.467088401,1271337,0.03949265182018280,296963,290980
CHE,Switzerland,1992,3.476149559,1610313,0.477408051,1299852,0.03842445090413090,295743,291118
CHE,Switzerland,1993,3.482644081,1640137,0.485246658,1325204,0.03815682604908940,298982,294833
CHE,Switzerland,1994,3.489151001,1673864,0.494374037,1349417,0.03785780817270280,304221,303238
CHE,Switzerland,1995,3.495669842,1712707,0.507822454,1375818,0.03729801252484320,307055,305797
CHE,Switzerland,1996,3.502200842,1748797,0.522451758,1436471,0.03766017407178880,311240,308437
CHE,Switzerland,1997,3.50874424,1788017,0.541078806,1395402,0.03568140044808390,325790,324616
CHE,Switzerland,1998,3.515299797,1835603,0.566617966,1401643,0.03471071273088460,339359,340305
CHE,Switzerland,1999,3.521867752,1882516,0.594748437,1378893,0.03311425074934960,347147,351568
CHE,Switzerland,2000,3.528447628,1930226,0.620600641,1320675,0.02976977266371250,355116,357293
CHE,Switzerland,2001,3.538948298,1972398,0.644612193,1272231,0.02875403314828870,355762,356670
CHE,Switzerland,2002,3.549480438,2012135,0.666102409,1209114,0.02756820991635320,352786,360320
CHE,Switzerland,2003,3.560043573,2048882,0.683021843,1195310,0.02707847021520140,351401,363793
CHE,Switzerland,2004,3.570638418,2090503,0.701660156,1154342,0.02520003542304040,359779,376796
CHE,Switzerland,2005,3.581264734,2137229,0.724759996,1308433,0.02803880907595160,384820,401114
CHE,Switzerland,2006,3.59192276,2188283,0.751807809,1570495,0.03126394376158710,416853,433362
CHE,Switzerland,2007,3.602612495,2242594,0.781535864,1729254,0.03256549686193470,456515,473979
CHE,Switzerland,2008,3.613333702,2294730,0.811104,1882852,0.03518888726830480,477719,495168
CHE,Switzerland,2009,3.624087095,2333140,0.831067443,2104724,0.04163897410035130,471871,492925
CHE,Switzerland,2010,3.634872437,2372451,0.84878242,1993188,0.03850512206554410,484028,505388
CHE,Switzerland,2011,3.642344713,2415263,0.869111121,2302095,0.04427434131503110,518883,550140
CHE,Switzerland,2012,3.649832249,2460768,0.890078843,2400753,0.04359262809157370,539054,570088
CHE,Switzerland,2013,3.657335281,2503214,0.905234993,2222874,0.03861650824546810,532577,562271
CHE,Switzerland,2014,3.664853811,2550386,0.924496949,2390769,0.04156818985939030,544112,572521
CHE,Switzerland,2015,3.6723876,2599619,0.946278691,2532058,0.04359528422355650,562910,595405
CHE,Switzerland,2016,3.679936886,2651875,0.971186817,2634662,0.04523685947060590,570746,611732
CHE,Switzerland,2017,3.687501907,2707659,1,2707659,0.04644315689802170,592404,622558
CHE,Switzerland,2018,3.695082426,2760667,1.025629163,2764370,0.04634633287787440,608809,633633
CHE,Switzerland,2019,3.702678442,2813310,1.04962945,2815220,0.04596722871065140,613830,644662
CHL,Chile,1950,,,,,,,
CHL,Chile,1951,1.886937737,94932,,63828,,31474,29986
CHL,Chile,1952,1.894834518,96788,,65222,,34483,32608
CHL,Chile,1953,1.90276432,100553,,67637,,34954,33545
CHL,Chile,1954,1.910727382,102380,,68897,,37155,35849
CHL,Chile,1955,1.918723702,105752,0.042197213,70626,0.00570787908509374,36820,34938
CHL,Chile,1956,1.923437357,109373,0.043400634,72117,0.00560235045850277,36405,34199
CHL,Chile,1957,1.928162694,112631,0.044508848,72843,0.00544588733464479,39092,37693
CHL,Chile,1958,1.932899594,115880,0.045657776,74982,0.00536654843017459,40294,39325
CHL,Chile,1959,1.937648177,118628,0.04663761,77582,0.00525789428502321,40540,38755
CHL,Chile,1960,1.942408323,123438,0.048383035,80022,0.00506706722080708,43206,41185
CHL,Chile,1961,1.960026145,129260,0.050460804,84382,0.00496927229687572,42330,40270
CHL,Chile,1962,1.977803707,134326,0.052213147,87164,0.00488731823861599,52601,50876
CHL,Chile,1963,1.995742679,140928,0.054659192,90002,0.00482314219698310,55472,52633
CHL,Chile,1964,2.013844252,149501,0.057872187,97170,0.00484780967235565,56601,54261
CHL,Chile,1965,2.032109976,157717,0.060901191,102993,0.00481752585619688,57028,52510
CHL,Chile,1966,2.050541401,170954,0.065940723,113166,0.00497735664248466,63109,59015
CHL,Chile,1967,2.069139957,182332,0.070239902,119732,0.00501785892993212,66546,62846
CHL,Chile,1968,2.087907314,194810,0.074983418,128180,0.00509490398690104,69926,64667
CHL,Chile,1969,2.106844664,208227,0.080079734,137048,0.00520614301785827,74848,69120
CHL,Chile,1970,2.125953913,222861,0.085649878,147806,0.00533742737025023,74806,69343
CHL,Chile,1971,2.150601625,236758,0.090894051,160405,0.00536062428727746,82607,78508
CHL,Chile,1972,2.175535202,246610,0.094549134,170112,0.00527330674231052,81678,78520
CHL,Chile,1973,2.200757742,255319,0.098243766,177610,0.00539074372500181,78829,75863
CHL,Chile,1974,2.226272583,266376,0.103337906,186205,0.00571890920400620,77450,71842
CHL,Chile,1975,2.252083302,273351,0.107031651,185637,0.00575581612065434,62233,60992
CHL,Chile,1976,2.278193474,277958,0.109686352,189141,0.00570710143074393,66307,63465
CHL,Chile,1977,2.304606199,283668,0.113080353,196643,0.00575551390647888,70514,69322
CHL,Chile,1978,2.331325054,291072,0.117200665,200190,0.00570622785016894,75337,74457
CHL,Chile,1979,2.358353853,300425,0.122361712,207828,0.00565523607656360,82815,80129
CHL,Chile,1980,2.385695934,312514,0.129265919,219541,0.00569331040605903,87910,84872
CHL,Chile,1981,2.412909746,326884,0.137034133,232477,0.00601995829492807,91846,89147
CHL,Chile,1982,2.440433979,331754,0.138444439,236081,0.00602132361382246,79587,78338
CHL,Chile,1983,2.468272209,334343,0.138755709,235268,0.00596758490428329,78008,76020
CHL,Chile,1984,2.496427774,339350,0.140749604,241172,0.00600858125835657,79117,78357
CHL,Chile,1985,2.524904728,345933,0.143460333,245946,0.00601341342553496,80471,78834
CHL,Chile,1986,2.553706646,352875,0.146325082,252228,0.00602898327633739,84553,82323
CHL,Chile,1987,2.575346947,363701,0.150971934,263613,0.00592499645426869,90278,88219
CHL,Chile,1988,2.595088959,377279,0.157164186,280834,0.00602607009932399,100820,96950
CHL,Chile,1989,2.614982367,397717,0.167257831,305229,0.00623775692656636,109607,106137
CHL,Chile,1990,2.635028124,417440,0.177426845,330830,0.00651755090802908,110738,108251
CHL,Chile,1991,2.649811745,435104,0.187559932,360359,0.00688687898218632,119417,116360
CHL,Chile,1992,2.664678097,458604,0.200795293,391864,0.00740183470770717,131696,131699
CHL,Chile,1993,2.679627895,488121,0.216148719,424151,0.00779222790151834,139129,139511
CHL,Chile,1994,2.694661617,518226,0.233007178,467215,0.00822694227099419,152025,151614
CHL,Chile,1995,2.709779739,556592,0.255316496,509225,0.00874850340187550,174311,172775
CHL,Chile,1996,2.724982738,597549,0.27798304,551707,0.00912819616496563,179735,179230
CHL,Chile,1997,2.740270853,642836,0.302474856,586673,0.00927123799920082,184168,183434
CHL,Chile,1998,2.755644798,688326,0.325931668,608736,0.00926142744719982,181775,182243
CHL,Chile,1999,2.771104813,718580,0.341318786,622768,0.00885735731571913,177111,174954
CHL,Chile,2000,2.78665185,752606,0.359423816,626673,0.00842008087784052,182426,182183
CHL,Chile,2001,2.805292606,788273,0.378040731,630952,0.00809329468756914,182555,181650
CHL,Chile,2002,2.824057817,823305,0.396005005,641347,0.00803018920123577,185381,183400
CHL,Chile,2003,2.842948914,860873,0.415818155,657058,0.00815779529511929,193324,190325
CHL,Chile,2004,2.861965895,903494,0.440301806,682940,0.00829493254423141,217228,211264
CHL,Chile,2005,2.88111043,960704,0.474227667,718110,0.00869062263518572,239591,235471
CHL,Chile,2006,2.900383234,1019142,0.508199215,769376,0.00895460229367018,280888,275870
CHL,Chile,2007,2.919784546,1082560,0.546296895,839141,0.00961124617606401,304751,296941
CHL,Chile,2008,2.939315796,1162390,0.592805445,930713,0.01084213890135290,300241,287521
CHL,Chile,2009,2.958977461,1221202,0.626299024,1026887,0.01162675675004720,306813,295534
CHL,Chile,2010,2.978770971,1288976,0.669516802,1132028,0.01300285011529920,355489,339607
CHL,Chile,2011,2.996879816,1369790,0.722868919,1237075,0.01394865196198230,390993,375560
CHL,Chile,2012,3.015098333,1460926,0.781611443,1324447,0.01442956738173960,402933,397503
CHL,Chile,2013,3.033427954,1552305,0.836697817,1492791,0.01505381427705290,417952,409340
CHL,Chile,2014,3.051868916,1632186,0.882214546,1432479,0.01380048040300610,421150,414932
CHL,Chile,2015,3.070421934,1709242,0.92544204,1649809,0.01501713600009680,419399,415056
CHL,Chile,2016,3.089087963,1781270,0.965630412,1698654,0.01471519377082590,415567,410438
CHL,Chile,2017,3.107867002,1845625,1,1845625,0.01527235750108960,428812,422309
CHL,Chile,2018,3.126760721,1914539,1.038485169,1907477,0.01510977558791640,442786,436824
CHL,Chile,2019,3.145768881,1987643,1.078773499,1977867,0.01515721715986730,445884,441291
CHN,China,1950,,,,,,,
CHN,China,1951,,,,,,,
CHN,China,1952,1.117067218,310991,,352113,,569332,576916
CHN,China,1953,1.130345345,334353,,376089,,643109,650394
CHN,China,1954,1.143781424,360668,,403379,,599189,602422
CHN,China,1955,1.157377124,383670,,427434,,655621,661626
CHN,China,1956,1.171621323,411125,0.004209526,456440,0.03193369880318640,705961,705843
CHN,China,1957,1.186040759,440888,0.004539683,486750,0.03309076651930810,730785,729378
CHN,China,1958,1.200637698,494695,0.005146484,542504,0.03602768480777740,745550,745099
CHN,China,1959,1.215414286,574450,0.006051997,625968,0.04061188921332360,708488,709001
CHN,China,1960,1.230372787,639094,0.006776211,691719,0.04314053431153300,665814,668069
CHN,China,1961,1.252714992,647245,0.006818753,700357,0.04179063811898230,568990,569135
CHN,China,1962,1.275462866,640185,0.006696357,694152,0.03922197222709660,619425,616336
CHN,China,1963,1.298623919,648232,0.006750895,703603,0.03784197568893430,694502,691066
CHN,China,1964,1.322205424,670632,0.006973315,727037,0.03673605248332020,781583,778862
CHN,China,1965,1.346215248,709838,0.007383247,767283,0.03708886355161670,862648,861736
CHN,China,1966,1.366382241,764008,0.007952684,823648,0.03794148564338680,888647,887917
CHN,China,1967,1.386851192,792163,0.0082413,852196,0.03756906464695930,917840,916765
CHN,China,1968,1.407626987,819100,0.008509286,879540,0.03708093240857120,893585,891928
CHN,China,1969,1.428713799,854371,0.008874704,915542,0.03705418482422830,981998,978136
CHN,China,1970,1.450116634,928409,0.009651058,993474,0.03872727230191230,1098846,1098888
CHN,China,1971,1.477851629,1009911,0.010503898,1079437,0.04182817786931990,1209572,1204925
CHN,China,1972,1.506117105,1089678,0.01134603,1164101,0.04504990950226780,1173206,1168376
CHN,China,1973,1.534923077,1174148,0.012241567,1250887,0.04832576960325240,1271536,1269199
CHN,China,1974,1.564280152,1272042,0.013286332,1355039,0.05208129808306690,1295691,1300513
CHN,China,1975,1.594198585,1391132,0.014558377,1480534,0.05832853540778160,1361600,1363549
CHN,China,1976,1.623608828,1499798,0.015670594,1592698,0.06347165256738660,1307895,1307677
CHN,China,1977,1.653561592,1610654,0.016839523,1708561,0.06827853620052340,1403834,1402558
CHN,China,1978,1.684067011,1748916,0.01845826,1845606,0.07374633103609090,1608225,1614265
CHN,China,1979,1.713660836,1887810,0.020110758,1986699,0.07934767752885820,1685321,1694558
CHN,China,1980,1.737435699,2050126,0.021905577,2149862,0.08336552232503890,1724348,1730788
CHN,China,1981,1.759069204,2201382,0.023525715,2317789,0.08778200298547740,1748511,1747577
CHN,China,1982,1.780972004,2373196,0.025412722,2504771,0.09325741976499560,1894341,1877717
CHN,China,1983,1.803147554,2564520,0.027590554,2696742,0.09866123646497730,2023202,2019269
CHN,China,1984,1.825599194,2788376,0.030325921,2926695,0.10170824080705600,2272682,2283151
CHN,China,1985,1.848330379,3062349,0.033715162,3214339,0.10688298940658600,2522017,2599233
CHN,China,1986,1.869394302,3355766,0.037214775,3517757,0.11102194339036900,2625786,2680800
CHN,China,1987,1.890698195,3667099,0.040949859,3839339,0.11368216574192000,2808427,2819141
CHN,China,1988,1.912244678,4025249,0.045232341,4216628,0.11812690645456300,2963256,2997361
CHN,China,1989,1.93403697,4280796,0.047948621,4497812,0.11907065659761400,2960364,2995212
CHN,China,1990,1.956077456,4507292,0.05038913,4763758,0.11972110718488700,2967524,2925999
CHN,China,1991,1.991196871,4792657,0.053698141,5051366,0.12308194488287000,3127391,3078154
CHN,China,1992,2.026946783,5221935,0.059042793,5506874,0.13023421168327300,3372579,3368571
CHN,China,1993,2.063338518,5844427,0.066946819,6179305,0.14203119277954100,3612290,3673161
CHN,China,1994,2.100383759,6537490,0.075489104,6911710,0.15337176620960200,3945906,3932516
CHN,China,1995,2.138093948,7287129,0.084166199,7704396,0.16372948884964000,4343848,4310805
CHN,China,1996,2.17208457,8110573,0.09356457,8578956,0.17480196058750200,4634673,4589981
CHN,China,1997,2.206615448,8979761,0.103591338,9510872,0.18426576256752000,4875956,4769033
CHN,China,1998,2.241695404,10003681,0.115836672,10650426,0.19743581116199500,4876383,4791250
CHN,China,1999,2.277333021,11063193,0.128749028,11811647,0.21061684191227000,5135949,5090989
CHN,China,2000,2.313537359,12185232,0.142542049,13034514,0.21933504939079300,5543108,5517329
CHN,China,2001,2.329683542,13473339,0.158123478,14505863,0.23464563488960300,6058904,6042162
CHN,China,2002,2.345942497,14960161,0.176131263,16249036,0.26190987229347200,6689213,6659622
CHN,China,2003,2.362315178,16804928,0.199696779,18387840,0.29380342364311200,7302663,7292070
CHN,China,2004,2.378801823,18906530,0.227184653,20845850,0.32806420326232900,8188286,8149844
CHN,China,2005,2.395403624,21265522,0.257956326,23684224,0.37056031823158300,9276251,9151640
CHN,China,2006,2.404458523,23925228,0.290957391,27126450,0.41436195373535200,10209220,9971915
CHN,China,2007,2.413547754,26898422,0.325572133,31353628,0.46399837732315100,11182232,10874190
CHN,China,2008,2.422671318,30215794,0.365414083,36438724,0.53246414661407500,11776912,11516746
CHN,China,2009,2.431829453,34513832,0.419027627,42933700,0.63819140195846600,12627631,12460865
CHN,China,2010,2.441021919,39311248,0.479354024,49973752,0.75333881378173800,14155120,14093089
CHN,China,2011,2.475469828,44421292,0.542249024,56498932,0.83594393730163600,15123922,15149280
CHN,China,2012,2.510403633,49921088,0.610160947,61248864,0.88185316324234000,16233770,16314193
CHN,China,2013,2.545830488,55871108,0.682163358,66224916,0.92230600118637100,16707255,16716764
CHN,China,2014,2.574622154,62120152,0.756438971,70822720,0.95494335889816300,17331976,17440318
CHN,China,2015,2.599027872,68791656,0.834252894,73737440,0.96080678701400800,17910582,18058634
CHN,China,2016,2.623665094,75896304,0.915516973,78411272,0.99325376749038700,18545632,18619490
CHN,China,2017,2.648535967,83349168,1,83349168,1.02576899528503000,19501140,19687162
CHN,China,2018,2.673642397,91322456,1.089860916,91126264,1.08683395385742000,19439218,19634244
CHN,China,2019,2.698987007,99608664,1.182277918,99462136,1.14743554592133000,19919016,20118076
CIV,Côte d'Ivoire,1950,,,,,,,
CIV,Côte d'Ivoire,1951,,,,,,,
CIV,Côte d'Ivoire,1952,,,,,,,
CIV,Côte d'Ivoire,1953,,,,,,,
CIV,Côte d'Ivoire,1954,,,,,,,
CIV,Côte d'Ivoire,1955,,,,,,,
CIV,Côte d'Ivoire,1956,,,,,,,
CIV,Côte d'Ivoire,1957,,,,,,,
CIV,Côte d'Ivoire,1958,,,,,,,
CIV,Côte d'Ivoire,1959,,,,,,,
CIV,Côte d'Ivoire,1960,1.038387418,7985,,2203,,6419,5807
CIV,Côte d'Ivoire,1961,1.038558722,9588,,2719,,6555,6167
CIV,Côte d'Ivoire,1962,1.038730025,10521,,3005,,6920,6618
CIV,Côte d'Ivoire,1963,1.038901329,12060,,3468,,8097,7545
CIV,Côte d'Ivoire,1964,1.039072752,14410,0.071060553,4196,0.00027944610337727,9668,8747
CIV,Côte d'Ivoire,1965,1.039244175,16528,0.081702501,4843,0.00031371938530356,8695,8363
CIV,Côte d'Ivoire,1966,1.039415479,18794,0.09306962,5515,0.00034203691757284,9793,9434
CIV,Côte d'Ivoire,1967,1.039587021,20766,0.102804758,6102,0.00036313504097052,10372,9993
CIV,Côte d'Ivoire,1968,1.039758444,22721,0.112247676,6670,0.00037711331970058,12011,11434
CIV,Côte d'Ivoire,1969,1.039929986,25197,0.124402694,7401,0.00040166830876842,13554,12540
CIV,Côte d'Ivoire,1970,1.040101528,28311,0.140210763,8373,0.00044095868361183,15079,13938
CIV,Côte d'Ivoire,1971,1.046412349,31472,0.155835927,9358,0.00047776295104995,14973,14839
CIV,Côte d'Ivoire,1972,1.052761436,34314,0.169873014,10233,0.00050497928168625,15584,15527
CIV,Côte d'Ivoire,1973,1.059149027,37961,0.188884854,11365,0.00054058886598796,16933,16378
CIV,Côte d'Ivoire,1974,1.06557548,40922,0.204125002,12292,0.00056051288265735,18845,17550
CIV,Côte d'Ivoire,1975,1.072040796,44530,0.221783221,13403,0.00060159864369780,18553,18256
CIV,Côte d'Ivoire,1976,1.078545451,49235,0.245626375,14844,0.00064235454192385,22032,20515
CIV,Côte d'Ivoire,1977,1.085089564,56648,0.284171283,17176,0.00071343436138704,25057,22013
CIV,Côte d'Ivoire,1978,1.091673374,65887,0.331116408,20006,0.00079560972517356,26286,24126
CIV,Côte d'Ivoire,1979,1.098297119,73470,0.368337035,22238,0.00085316406330094,26016,24389
CIV,Côte d'Ivoire,1980,1.104961038,79388,0.396097571,23906,0.00086230732267723,20959,21670
CIV,Côte d'Ivoire,1981,1.121011019,84982,0.421532422,25752,0.00088260811753571,21681,22778
CIV,Côte d'Ivoire,1982,1.137294173,89529,0.442336529,28698,0.00092362012946978,22212,23480
CIV,Côte d'Ivoire,1983,1.153813839,92046,0.452877671,32694,0.00099126226268709,22967,23926
CIV,Côte d'Ivoire,1984,1.170573473,92075,0.450318485,37407,0.00104665604885668,25700,24622
CIV,Côte d'Ivoire,1985,1.187576532,92190,0.448620945,41696,0.00110697292257100,29242,27757
CIV,Côte d'Ivoire,1986,1.204826593,92561,0.448300809,44425,0.00113852880895138,29942,28785
CIV,Côte d'Ivoire,1987,1.222327232,92620,0.445713669,47439,0.00115258863661438,28645,28032
CIV,Côte d'Ivoire,1988,1.240082026,92450,0.442142457,50955,0.00118035904597491,29215,28706
CIV,Côte d'Ivoire,1989,1.258094668,92175,0.438609093,54989,0.00123337854165584,32315,31672
CIV,Côte d'Ivoire,1990,1.276369095,91236,0.431952566,59073,0.00128235272131860,30110,29326
CIV,Côte d'Ivoire,1991,1.290705442,90504,0.426483691,63354,0.00135350483469665,30619,29958
CIV,Côte d'Ivoire,1992,1.305202842,89837,0.421420425,68113,0.00141927786171436,32058,31431
CIV,Côte d'Ivoire,1993,1.3198632,89255,0.417166889,72897,0.00148118985816836,32194,30968
CIV,Côte d'Ivoire,1994,1.334688067,89249,0.417160958,77581,0.00149178318679333,33958,30511
CIV,Côte d'Ivoire,1995,1.349679589,90211,0.424804151,81380,0.00153333973139524,37146,35083
CIV,Côte d'Ivoire,1996,1.364839435,92078,0.437425375,84157,0.00155652523972094,40695,38009
CIV,Côte d'Ivoire,1997,1.380169511,93898,0.450040311,81001,0.00145441119093448,40639,38037
CIV,Côte d'Ivoire,1998,1.395671844,95907,0.462544441,72472,0.00127754686400294,41075,39143
CIV,Côte d'Ivoire,1999,1.411348343,98287,0.474843711,63270,0.00109957729000598,40847,38691
CIV,Côte d'Ivoire,2000,1.427200794,98588,0.475485861,54384,0.00091457139933482,39546,38127
CIV,Côte d'Ivoire,2001,1.437188387,98277,0.471975863,47606,0.00077499571489170,40043,38267
CIV,Côte d'Ivoire,2002,1.447245836,99043,0.474048495,43345,0.00070612615672872,40528,37770
CIV,Côte d'Ivoire,2003,1.457373619,99045,0.47206825,40204,0.00064667459810153,43754,41760
CIV,Côte d'Ivoire,2004,1.467572331,99668,0.473988384,38783,0.00060994533123449,41369,39515
CIV,Côte d'Ivoire,2005,1.47784245,100104,0.474936873,38692,0.00059896777383983,40841,39195
CIV,Côte d'Ivoire,2006,1.488184333,101143,0.478533268,41287,0.00061989866662771,42917,40941
CIV,Côte d'Ivoire,2007,1.498598695,103240,0.489495575,48390,0.00070697814226151,44848,43142
CIV,Côte d'Ivoire,2008,1.509085894,105561,0.501704276,61506,0.00086095719598234,48605,45660
CIV,Côte d'Ivoire,2009,1.519646406,107992,0.513442755,84458,0.00114346737973392,53012,50382
CIV,Côte d'Ivoire,2010,1.530280948,112604,0.534772336,123600,0.00162072526291013,60469,57398
CIV,Côte d'Ivoire,2011,1.547817588,114181,0.540811837,155450,0.00193532230332494,64813,61032
CIV,Côte d'Ivoire,2012,1.565555096,119666,0.569806457,164736,0.00199305824935436,73242,71601
CIV,Côte d'Ivoire,2013,1.583495855,130935,0.629114747,168763,0.00198725541122258,81628,80166
CIV,Côte d'Ivoire,2014,1.60164237,146075,0.708580196,188885,0.00218040007166564,94146,91759
CIV,Côte d'Ivoire,2015,1.619996786,165241,0.808764637,206673,0.00234927330166101,107902,105591
CIV,Côte d'Ivoire,2016,1.638561487,183808,0.904167056,204456,0.00228699063882232,110258,108116
CIV,Côte d'Ivoire,2017,1.657338858,202649,1,202649,0.00222435453906655,113877,111163
CIV,Côte d'Ivoire,2018,1.67633152,223506,1.102871299,222785,0.00238132942467928,122192,120859
CIV,Côte d'Ivoire,2019,1.695541859,246921,1.222322583,245884,0.00255241943523288,131017,129437
CMR,Cameroon,1950,,,,,,,
CMR,Cameroon,1951,,,,,,,
CMR,Cameroon,1952,,,,,,,
CMR,Cameroon,1953,,,,,,,
CMR,Cameroon,1954,,,,,,,
CMR,Cameroon,1955,,,,,,,
CMR,Cameroon,1956,,,,,,,
CMR,Cameroon,1957,,,,,,,
CMR,Cameroon,1958,,,,,,,
CMR,Cameroon,1959,,,,,,,
CMR,Cameroon,1960,1.13174212,16144,,11463,,8182,7994
CMR,Cameroon,1961,1.139079094,16690,,11878,,8526,8281
CMR,Cameroon,1962,1.146463752,17276,,12316,,8469,8346
CMR,Cameroon,1963,1.153896213,17898,,12765,,9040,8896
CMR,Cameroon,1964,1.161376953,18613,0.077260926,13280,0.00075541884871200,9353,9204
CMR,Cameroon,1965,1.168906093,19841,0.08299081,14289,0.00079163658665493,9791,9722
CMR,Cameroon,1966,1.176483989,21387,0.090272658,15524,0.00082751217996702,10283,10227
CMR,Cameroon,1967,1.184111118,22583,0.095852524,16470,0.00085600727470592,9288,9361
CMR,Cameroon,1968,1.19178772,23725,0.101144984,17357,0.00086747796740383,9881,9789
CMR,Cameroon,1969,1.199514031,24697,0.105212823,18053,0.00085887045133859,10641,10425
CMR,Cameroon,1970,1.207290411,26296,0.113033719,19352,0.00090905738761649,10974,10849
CMR,Cameroon,1971,1.215707421,27474,0.11904075,20366,0.00095751078333706,10984,11028
CMR,Cameroon,1972,1.224183202,28326,0.12305893,21047,0.00096775061683729,11549,11576
CMR,Cameroon,1973,1.232717872,29452,0.128477052,21886,0.00096793269040063,12179,12010
CMR,Cameroon,1974,1.241312265,30900,0.135600328,23056,0.00098546792287380,12326,12233
CMR,Cameroon,1975,1.249966383,32283,0.142281011,24188,0.00103991711512208,12659,12692
CMR,Cameroon,1976,1.25868094,33895,0.150381222,25431,0.00108326820190996,12131,12075
CMR,Cameroon,1977,1.267456293,36312,0.162867665,27381,0.00113375659566373,13997,13639
CMR,Cameroon,1978,1.276292801,40164,0.182574213,30386,0.00121575384400785,16964,17030
CMR,Cameroon,1979,1.285190821,43122,0.196894497,32508,0.00130331912077963,18643,17911
CMR,Cameroon,1980,1.294150949,46737,0.214674026,35164,0.00135400646831840,21001,19953
CMR,Cameroon,1981,1.315204859,50494,0.232891306,35881,0.00133949157316238,23593,22549
CMR,Cameroon,1982,1.336601377,54740,0.252312839,35609,0.00127910485025495,26355,25697
CMR,Cameroon,1983,1.358345866,59630,0.274368346,36196,0.00124692427925766,29822,29388
CMR,Cameroon,1984,1.380444169,65040,0.298354834,38282,0.00124806922394782,33452,33035
CMR,Cameroon,1985,1.402902007,70252,0.320093781,41477,0.00130073202308267,35288,35039
CMR,Cameroon,1986,1.425725222,74539,0.338062912,44998,0.00136624206788838,33655,33999
CMR,Cameroon,1987,1.448919654,77933,0.352909416,48351,0.00141066743526608,33180,33640
CMR,Cameroon,1988,1.472491503,81054,0.365647376,52068,0.00147662044037133,32993,32987
CMR,Cameroon,1989,1.496446729,83034,0.372149348,55574,0.00153349945321679,32085,32023
CMR,Cameroon,1990,1.520791769,84385,0.37608847,59302,0.00160812283866107,30730,30937
CMR,Cameroon,1991,1.542154074,85418,0.378648162,62870,0.00166739558335394,29854,29147
CMR,Cameroon,1992,1.563816547,85583,0.374661982,66191,0.00166683655697852,29347,30059
CMR,Cameroon,1993,1.585783243,87253,0.377777785,70838,0.00171542144380510,30830,30927
CMR,Cameroon,1994,1.608058572,88614,0.382132173,74913,0.00177792645990849,31761,29736
CMR,Cameroon,1995,1.630646825,90028,0.389887542,78505,0.00176653487142175,33706,32912
CMR,Cameroon,1996,1.653552294,91482,0.398109406,81127,0.00176811288110912,36058,34954
CMR,Cameroon,1997,1.676779509,93312,0.410052836,83163,0.00175437610596418,37287,36325
CMR,Cameroon,1998,1.700332999,95492,0.423269659,85225,0.00172556540928781,38924,38009
CMR,Cameroon,1999,1.720496058,97869,0.436649799,86837,0.00168347568251193,40672,39711
CMR,Cameroon,2000,1.738680601,100555,0.452382535,88485,0.00162179919425398,41944,41319
CMR,Cameroon,2001,1.751375198,104884,0.479106873,91843,0.00163088645786047,42309,42153
CMR,Cameroon,2002,1.764162421,109171,0.504909456,95441,0.00168759154621512,43794,43787
CMR,Cameroon,2003,1.777042985,112599,0.525674522,98389,0.00171381456311792,46488,46424
CMR,Cameroon,2004,1.790017605,116800,0.547626674,102552,0.00173255451954901,47665,47681
CMR,Cameroon,2005,1.803086996,120833,0.566571951,107383,0.00178696552757174,49175,49742
CMR,Cameroon,2006,1.816251874,124843,0.585164964,113825,0.00183670094702393,51124,51292
CMR,Cameroon,2007,1.829512715,128778,0.607589364,122264,0.00192635389976203,53748,53926
CMR,Cameroon,2008,1.842870474,134787,0.645143092,134762,0.00211224146187305,56263,56958
CMR,Cameroon,2009,1.856325746,140380,0.677859247,147805,0.00234288023784757,57010,57218
CMR,Cameroon,2010,1.869879246,146194,0.705219984,160065,0.00253351707942784,59503,59450
CMR,Cameroon,2011,1.87274313,153339,0.742637217,169821,0.00269463681615889,62936,63415
CMR,Cameroon,2012,1.875611544,160506,0.776724398,169036,0.00257548270747066,66398,67465
CMR,Cameroon,2013,1.878484249,168285,0.812224746,175256,0.00255646836012602,69469,70341
CMR,Cameroon,2014,1.881361365,177939,0.858961642,181859,0.00255034049041569,73863,74466
CMR,Cameroon,2015,1.884242892,187713,0.904852688,187477,0.00252931821160018,76892,78205
CMR,Cameroon,2016,1.887128949,198077,0.952960014,193318,0.00252530490979552,81182,83063
CMR,Cameroon,2017,1.890019298,208974,1,208974,0.00263375509530306,85510,86505
CMR,Cameroon,2018,1.892914057,221113,1.052586675,220731,0.00269307149574161,89463,90957
CMR,Cameroon,2019,1.895813227,234160,1.109737277,233991,0.00273841246962547,92455,94378
COD,D.R. of the Congo,1950,1.04419601,15744,,22980,,24495,25129
COD,D.R. of the Congo,1951,1.046611547,17418,,25539,,28424,29593
COD,D.R. of the Congo,1952,1.049032688,19703,,29195,,30109,31835
COD,D.R. of the Congo,1953,1.051459432,22412,,33371,,34267,36095
COD,D.R. of the Congo,1954,1.053891778,24985,,37409,,35293,37282
COD,D.R. of the Congo,1955,1.056329846,27683,,41494,,37744,39766
COD,D.R. of the Congo,1956,1.059196949,30379,,45686,,38889,41089
COD,D.R. of the Congo,1957,1.0620718,32879,,49382,,38049,40722
COD,D.R. of the Congo,1958,1.0649544,34774,,52281,,38536,40696
COD,D.R. of the Congo,1959,1.067844868,36186,,54524,,38912,40627
COD,D.R. of the Congo,1960,1.070743203,36804,,55552,,40899,43226
COD,D.R. of the Congo,1961,1.074799418,37186,,56052,,35979,36698
COD,D.R. of the Congo,1962,1.078871012,37160,,56153,,44599,45354
COD,D.R. of the Congo,1963,1.082958102,38756,,58678,,44886,43681
COD,D.R. of the Congo,1964,1.087060571,40512,,61467,,42123,39646
COD,D.R. of the Congo,1965,1.091178536,42254,,64079,,45553,45398
COD,D.R. of the Congo,1966,1.096019864,43728,,66306,,52340,48721
COD,D.R. of the Congo,1967,1.10088253,44931,,68297,,48804,44895
COD,D.R. of the Congo,1968,1.105766892,46222,,70242,,52556,48745
COD,D.R. of the Congo,1969,1.110672832,48412,,73600,,58752,54486
COD,D.R. of the Congo,1970,1.115600705,50659,,76878,,58237,56347
COD,D.R. of the Congo,1971,1.1216501,54057,,82201,,56406,56149
COD,D.R. of the Congo,1972,1.127732396,58078,,88535,,53471,54298
COD,D.R. of the Congo,1973,1.133847713,61651,,94061,,60638,59748
COD,D.R. of the Congo,1974,1.139996052,66607,,101868,,65681,63807
COD,D.R. of the Congo,1975,1.146177888,70354,,107729,,51093,52158
COD,D.R. of the Congo,1976,1.154271364,72811,,111573,,45984,47051
COD,D.R. of the Congo,1977,1.162421942,78837,,120866,,48607,49161
COD,D.R. of the Congo,1978,1.170630097,80811,,124149,,47098,48255
COD,D.R. of the Congo,1979,1.178896308,84124,,128826,,55742,55170
COD,D.R. of the Congo,1980,1.187220812,90952,,139100,,58631,57488
COD,D.R. of the Congo,1981,1.198920012,98370,,150803,,56476,55202
COD,D.R. of the Congo,1982,1.210734487,105288,,161575,,57561,56493
COD,D.R. of the Congo,1983,1.22266531,113090,,170733,,58844,57912
COD,D.R. of the Congo,1984,1.234713793,120762,,182922,,72592,66243
COD,D.R. of the Congo,1985,1.246881008,128078,,194470,,66291,63985
COD,D.R. of the Congo,1986,1.26712358,134989,,205503,,61456,60080
COD,D.R. of the Congo,1987,1.287694812,141737,,213159,,61590,58594
COD,D.R. of the Congo,1988,1.308599949,149014,,224736,,66699,62969
COD,D.R. of the Congo,1989,1.329844594,155423,,234732,,66872,64602
COD,D.R. of the Congo,1990,1.351433992,159021,,242808,,51846,50509
COD,D.R. of the Congo,1991,1.376090407,160699,,242236,,42690,41150
COD,D.R. of the Congo,1992,1.401196718,160793,,245893,,55662,53842
COD,D.R. of the Congo,1993,1.426761031,159907,,236938,,42932,42064
COD,D.R. of the Congo,1994,1.452791691,159184,,245719,,32347,30943
COD,D.R. of the Congo,1995,1.4792974,158534,,245931,,33968,32198
COD,D.R. of the Congo,1996,1.493782878,157737,,247393,,30182,28767
COD,D.R. of the Congo,1997,1.508410096,156755,,236292,,30887,29605
COD,D.R. of the Congo,1998,1.523180604,155812,,234373,,27115,26838
COD,D.R. of the Congo,1999,1.538095832,155080,,236632,,28359,27913
COD,D.R. of the Congo,2000,1.553157091,154189,,243609,,25706,25224
COD,D.R. of the Congo,2001,1.561196089,153509,,241042,,25480,25224
COD,D.R. of the Congo,2002,1.56927669,153855,,242158,,26600,26253
COD,D.R. of the Congo,2003,1.577399135,154316,,245438,,28642,28494
COD,D.R. of the Congo,2004,1.58556366,154586,,248419,,31423,31464
COD,D.R. of the Congo,2005,1.593770504,155344,,250573,,34398,34630
COD,D.R. of the Congo,2006,1.599514127,156707,,249903,,36270,37729
COD,D.R. of the Congo,2007,1.605278492,158473,,241193,,39800,40223
COD,D.R. of the Congo,2008,1.6110636,160394,,226091,,39984,39864
COD,D.R. of the Congo,2009,1.616869569,165266,,209599,,40791,40940
COD,D.R. of the Congo,2010,1.6226964,170828,,191154,,46850,45816
COD,D.R. of the Congo,2011,1.628678679,182049,,175755,,50489,49814
COD,D.R. of the Congo,2012,1.63472867,192812,,110163,,53511,52962
COD,D.R. of the Congo,2013,1.640847325,202762,,197507,,58647,58420
COD,D.R. of the Congo,2014,1.647035718,213048,,237481,,65517,65086
COD,D.R. of the Congo,2015,1.653294802,221408,,262691,,72411,71937
COD,D.R. of the Congo,2016,1.659625411,229770,,280961,,83710,83444
COD,D.R. of the Congo,2017,1.666028738,242569,,242569,,83190,81936
COD,D.R. of the Congo,2018,1.672505617,256741,,256811,,86003,84816
COD,D.R. of the Congo,2019,1.67905736,267858,,270093,,88798,88514
COG,Congo,1950,,,,,,,
COG,Congo,1951,,,,,,,
COG,Congo,1952,,,,,,,
COG,Congo,1953,,,,,,,
COG,Congo,1954,,,,,,,
COG,Congo,1955,,,,,,,
COG,Congo,1956,,,,,,,
COG,Congo,1957,,,,,,,
COG,Congo,1958,,,,,,,
COG,Congo,1959,,,,,,,
COG,Congo,1960,1.080259919,6108,,2317,,1050,1150
COG,Congo,1961,1.084269166,7555,,2881,,1106,1119
COG,Congo,1962,1.088293314,8178,,3120,,1282,1538
COG,Congo,1963,1.092332244,8402,,3201,,1374,1728
COG,Congo,1964,1.096386313,8562,,3257,,1464,1845
COG,Congo,1965,1.100455284,8800,,3345,,1494,1831
COG,Congo,1966,1.113255262,9398,,3572,,1489,1734
COG,Congo,1967,1.126204014,10366,,3948,,1532,1782
COG,Congo,1968,1.139303327,11195,,4276,,1663,2046
COG,Congo,1969,1.152555108,11906,,4554,,1799,2258
COG,Congo,1970,1.165960908,12519,,4813,,1951,2567
COG,Congo,1971,1.177625656,13325,,5145,,2079,2901
COG,Congo,1972,1.189406991,14151,,5479,,2175,2908
COG,Congo,1973,1.201306343,14927,,5790,,2226,3439
COG,Congo,1974,1.213324547,15718,,6114,,2823,4211
COG,Congo,1975,1.225463152,16538,,6456,,2760,3974
COG,Congo,1976,1.256495714,17325,,6771,,2890,4192
COG,Congo,1977,1.288314223,17824,,6942,,2893,4241
COG,Congo,1978,1.320938349,18478,,7198,,2948,4182
COG,Congo,1979,1.354388714,19543,,7586,,3423,4833
COG,Congo,1980,1.388686061,21685,,8401,,4141,4758
COG,Congo,1981,1.41854167,26140,,10183,,4803,3867
COG,Congo,1982,1.449039102,33244,,13004,,5324,4351
COG,Congo,1983,1.480192184,37429,,14654,,6502,7296
COG,Congo,1984,1.512015104,40491,,15823,,7741,8555
COG,Congo,1985,1.544522166,43234,,16910,,7711,8714
COG,Congo,1986,1.59272635,44298,,17223,,5271,5809
COG,Congo,1987,1.642434955,44489,,17020,,5371,5784
COG,Congo,1988,1.69369483,44351,,16598,,4826,5406
COG,Congo,1989,1.737269402,44042,,16096,,5223,5498
COG,Congo,1990,1.7779814,44009,,15738,,5798,6391
COG,Congo,1991,1.80208075,44186,,15336,,6594,6585
COG,Congo,1992,1.826506734,44363,,15035,,4828,5671
COG,Congo,1993,1.851263881,45274,,15082,,5058,5511
COG,Congo,1994,1.876356483,48515,,15929,,4620,5293
COG,Congo,1995,1.901789308,49545,,16143,,4367,5088
COG,Congo,1996,1.916609883,49293,,16058,,5127,5738
COG,Congo,1997,1.931545973,49530,,16297,,4866,5444
COG,Congo,1998,1.946598291,50058,,16859,,3966,4576
COG,Congo,1999,1.961768031,49657,,17219,,5152,6141
COG,Congo,2000,1.977056026,49542,,17810,,8171,8971
COG,Congo,2001,1.984047413,49799,,18760,,7653,8227
COG,Congo,2002,1.991063595,49743,,19791,,8175,8763
COG,Congo,2003,1.998104453,49978,,21119,,8377,9136
COG,Congo,2004,2.005170345,50629,,22864,,10310,11271
COG,Congo,2005,2.012261152,52453,,25481,,13531,15225
COG,Congo,2006,2.014558315,54646,,29535,,14792,16624
COG,Congo,2007,2.016858339,61554,,39225,,12905,13525
COG,Congo,2008,2.019160748,67100,,52800,,17064,18349
COG,Congo,2009,2.021465778,72597,,73054,,14797,15367
COG,Congo,2010,2.02377367,78824,,99944,,21826,23256
COG,Congo,2011,2.026097775,84406,,119767,,26593,29486
COG,Congo,2012,2.028429508,92100,,128397,,29807,31664
COG,Congo,2013,2.030768394,100772,,124007,,28180,29418
COG,Congo,2014,2.033114672,111229,,131630,,27590,28523
COG,Congo,2015,2.035468578,124220,,138140,,21279,22508
COG,Congo,2016,2.037829876,134503,,140002,,18354,19394
COG,Congo,2017,2.040198565,136896,,136896,,21789,20824
COG,Congo,2018,2.042574644,137323,,136912,,25525,25870
COG,Congo,2019,2.044958591,137948,,137922,,24146,24496
COL,Colombia,1950,1.445644617,104789,,192372,,40871,40698
COL,Colombia,1951,1.45910418,111085,,199513,,41250,41318
COL,Colombia,1952,1.472689152,117764,,211367,,44177,44302
COL,Colombia,1953,1.486400604,125853,,225114,,48409,48209
COL,Colombia,1954,1.50023973,136422,0.056104589,244350,0.01959072425961490,53463,52677
COL,Colombia,1955,1.514207602,147434,0.060737953,263221,0.02043309062719350,54661,54317
COL,Colombia,1956,1.52740109,157935,0.065037549,282173,0.02129601687192920,55694,55409
COL,Colombia,1957,1.540709615,166756,0.068534881,288068,0.02146825008094310,55306,55193
COL,Colombia,1958,1.554134011,172683,0.070978627,291251,0.02106359042227270,54839,55247
COL,Colombia,1959,1.567675352,179181,0.073448025,308033,0.02097488194704060,57404,58292
COL,Colombia,1960,1.58133471,188410,0.077296503,328872,0.02104097045958040,60783,61454
COL,Colombia,1961,1.591345906,199028,0.08168833,350056,0.02075532078742980,64548,65322
COL,Colombia,1962,1.601420403,208049,0.085044853,369951,0.02040002681314950,67717,68612
COL,Colombia,1963,1.611558795,216332,0.088071011,384410,0.02025005035102370,69532,70565
COL,Colombia,1964,1.621761203,226522,0.092203885,407059,0.02041688933968540,75669,76194
COL,Colombia,1965,1.632028341,235880,0.09579061,421091,0.02032351121306420,75479,76242
COL,Colombia,1966,1.642360449,247009,0.100547448,435329,0.02000382356345650,79102,80481
COL,Colombia,1967,1.652757883,258148,0.104802802,455948,0.01981597393751140,82616,83767
COL,Colombia,1968,1.66322124,272423,0.110686749,480816,0.02005428262054920,87699,89227
COL,Colombia,1969,1.673750758,286686,0.116590992,504288,0.02013327367603780,93516,94971
COL,Colombia,1970,1.684346914,304297,0.124381982,532968,0.02025881037116050,101364,102591
COL,Colombia,1971,1.697030425,322276,0.132653907,560219,0.02063268236815930,111453,113405
COL,Colombia,1972,1.709648609,338598,0.140078411,568646,0.02040183730423450,123222,124293
COL,Colombia,1973,1.719343185,356835,0.14790301,569020,0.01985825225710870,136762,137262
COL,Colombia,1974,1.729092717,377239,0.15709579,573149,0.01927733421325680,147654,149354
COL,Colombia,1975,1.738897562,395142,0.165224791,577145,0.01916857622563840,157132,158509
COL,Colombia,1976,1.748757958,415446,0.174700499,575894,0.01861901953816410,168860,168651
COL,Colombia,1977,1.758674264,434810,0.183225095,571009,0.01773465797305110,179485,176841
COL,Colombia,1978,1.768646836,456839,0.193737194,570439,0.01700917631387710,191310,189846
COL,Colombia,1979,1.778675914,479003,0.204897881,575740,0.01685645803809170,196958,196735
COL,Colombia,1980,1.788761973,505324,0.218104139,590985,0.01660331711173060,207203,207269
COL,Colombia,1981,1.801540017,533170,0.231765956,621417,0.01713451370596890,206340,208585
COL,Colombia,1982,1.814409494,560864,0.244991362,650520,0.01793879270553590,208837,210564
COL,Colombia,1983,1.827370882,587993,0.257193625,672565,0.01866042427718640,207884,209927
COL,Colombia,1984,1.840424776,614741,0.268925726,697230,0.01879853196442130,212303,213512
COL,Colombia,1985,1.853572011,638390,0.278295219,720269,0.01886158064007760,213427,214395
COL,Colombia,1986,1.866813183,665336,0.29000479,742273,0.01910476386547090,230557,227804
COL,Colombia,1987,1.880148888,691534,0.302633971,761923,0.01892654038965700,230510,229374
COL,Colombia,1988,1.893579841,722664,0.317140907,795236,0.01902141049504280,236751,236961
COL,Colombia,1989,1.907106757,749092,0.32943958,820783,0.01920507103204730,243317,242597
COL,Colombia,1990,1.920730352,772514,0.340628475,838652,0.01908402144908910,254920,253494
COL,Colombia,1991,1.943681359,791081,0.348099142,859948,0.01880774833261970,258957,253153
COL,Colombia,1992,1.966906786,815773,0.359227866,886298,0.01889160461723800,267063,267655
COL,Colombia,1993,1.990409493,855594,0.38233164,934238,0.01949733868241310,279838,284546
COL,Colombia,1994,2.014193296,900285,0.407779336,982843,0.02003169991075990,294781,299125
COL,Colombia,1995,2.038261175,942879,0.430457085,1024834,0.02028510905802250,307772,312182
COL,Colombia,1996,2.062616587,982374,0.450734049,1063032,0.02026701532304290,309766,312702
COL,Colombia,1997,2.087263107,1018665,0.470064491,1100313,0.02021794207394120,316257,318689
COL,Colombia,1998,2.112204075,1049309,0.486397594,1133493,0.02008367516100410,307059,310949
COL,Colombia,1999,2.137443066,1053087,0.48850441,1129728,0.01925644651055340,293479,295168
COL,Colombia,2000,2.162983656,1055879,0.490207046,1126998,0.01813796348869800,303773,304057
COL,Colombia,2001,2.184311152,1063822,0.495223522,1144541,0.01767466962337490,302840,305290
COL,Colombia,2002,2.205848932,1078211,0.503621995,1172264,0.01793410629034040,309031,311239
COL,Colombia,2003,2.227599144,1099888,0.517005086,1208787,0.01808438450098040,319201,321699
COL,Colombia,2004,2.249563932,1127380,0.532169163,1262051,0.01838472858071330,337235,337619
COL,Colombia,2005,2.271745205,1162826,0.55322963,1320331,0.01912825182080270,361162,362732
COL,Colombia,2006,2.294145107,1211063,0.584883392,1397465,0.01999953389167790,393239,395723
COL,Colombia,2007,2.316766024,1272349,0.623686194,1497224,0.02102290838956830,432202,435136
COL,Colombia,2008,2.339609861,1323750,0.657332182,1589459,0.02225200086832050,472014,477655
COL,Colombia,2009,2.362679005,1375713,0.686740458,1676823,0.02375849708914760,483183,487635
COL,Colombia,2010,2.385975599,1431975,0.719375551,1768258,0.02523944899439810,527021,534431
COL,Colombia,2011,2.410688162,1496647,0.76141125,1863411,0.02631567232310770,587815,599757
COL,Colombia,2012,2.435656786,1558936,0.798565507,1866711,0.02553208358585830,607843,619334
COL,Colombia,2013,2.460884333,1625914,0.837624073,1895717,0.02477397210896020,622442,629133
COL,Colombia,2014,2.486372709,1700870,0.881191313,1937367,0.02517308853566650,638126,649883
COL,Colombia,2015,2.512125254,1779861,0.925335169,1920123,0.02449770830571650,636824,651871
COL,Colombia,2016,2.538144827,1851748,0.962853074,1919862,0.02395533025264740,636964,648851
COL,Colombia,2017,2.562978029,1923646,1,1923646,0.02346877939999100,650044,656701
COL,Colombia,2018,2.580820322,1995069,1.038284183,1991620,0.02380382642149930,675197,684662
COL,Colombia,2019,2.598787069,2070307,1.08129847,2068072,0.02406633831560610,695070,706174
COM,Comoros,1950,,,,,,,
COM,Comoros,1951,,,,,,,
COM,Comoros,1952,,,,,,,
COM,Comoros,1953,,,,,,,
COM,Comoros,1954,,,,,,,
COM,Comoros,1955,,,,,,,
COM,Comoros,1956,,,,,,,
COM,Comoros,1957,,,,,,,
COM,Comoros,1958,,,,,,,
COM,Comoros,1959,,,,,,,
COM,Comoros,1960,,1454,,1762,,310,331
COM,Comoros,1961,,1499,,1816,,335,360
COM,Comoros,1962,,1607,,1952,,394,443
COM,Comoros,1963,,1708,,2077,,436,484
COM,Comoros,1964,,1849,,2253,,488,549
COM,Comoros,1965,,2026,,2468,,491,578
COM,Comoros,1966,,2235,,2723,,553,646
COM,Comoros,1967,,2432,,2963,,615,721
COM,Comoros,1968,,2574,,3133,,610,691
COM,Comoros,1969,,2704,,3291,,593,681
COM,Comoros,1970,,2939,,3583,,652,787
COM,Comoros,1971,,3179,,3876,,683,826
COM,Comoros,1972,,3416,,4168,,699,849
COM,Comoros,1973,,3671,,4475,,749,903
COM,Comoros,1974,,3931,,4799,,783,916
COM,Comoros,1975,,4207,,5137,,843,988
COM,Comoros,1976,,4478,,5461,,839,985
COM,Comoros,1977,,4763,,5815,,874,1030
COM,Comoros,1978,,5046,,6157,,893,1050
COM,Comoros,1979,,5370,,6567,,976,1131
COM,Comoros,1980,,5744,,7022,,1070,1249
COM,Comoros,1981,,6069,,7446,,1085,1223
COM,Comoros,1982,,6476,,7966,,1172,1329
COM,Comoros,1983,,6859,,8391,,1244,1362
COM,Comoros,1984,,7285,,8913,,1280,1572
COM,Comoros,1985,,7707,,9409,,1425,1605
COM,Comoros,1986,,8225,,9938,,1651,1795
COM,Comoros,1987,,8607,,10419,,1653,1800
COM,Comoros,1988,,8958,,10879,,1639,1752
COM,Comoros,1989,,9178,,11180,,1541,1663
COM,Comoros,1990,,9307,,11378,,1524,1611
COM,Comoros,1991,,9438,,11501,,1476,1566
COM,Comoros,1992,,9619,,11810,,1572,1629
COM,Comoros,1993,,9671,,11930,,1554,1579
COM,Comoros,1994,,9747,,12053,,1319,1448
COM,Comoros,1995,,9879,,12170,,1572,1713
COM,Comoros,1996,,10016,,12330,,1542,1651
COM,Comoros,1997,,10067,,12419,,1569,1711
COM,Comoros,1998,,10162,,12604,,1476,1577
COM,Comoros,1999,,10202,,12680,,1510,1596
COM,Comoros,2000,,10179,,12652,,1486,1548
COM,Comoros,2001,,10198,,12749,,1663,1721
COM,Comoros,2002,,10208,,12863,,1761,1770
COM,Comoros,2003,,10149,,12869,,1728,1765
COM,Comoros,2004,,10127,,12920,,1704,1757
COM,Comoros,2005,,10124,,13058,,1955,2005
COM,Comoros,2006,,10177,,12996,,1959,1988
COM,Comoros,2007,,10160,,12531,,1599,1612
COM,Comoros,2008,,10213,,12030,,1693,1736
COM,Comoros,2009,,10244,,11459,,1752,1772
COM,Comoros,2010,,10277,,10905,,1717,1719
COM,Comoros,2011,,10373,,10540,,1883,1916
COM,Comoros,2012,,10514,,10077,,2040,2101
COM,Comoros,2013,,10615,,10922,,2124,2183
COM,Comoros,2014,,10713,,10449,,2193,2248
COM,Comoros,2015,,10805,,9212,,2211,2308
COM,Comoros,2016,,10849,,10012,,2370,2450
COM,Comoros,2017,,10902,,10902,,2503,2553
COM,Comoros,2018,,11042,,11012,,2576,2657
COM,Comoros,2019,,11211,,11196,,2658,2747
CPV,Cabo Verde,1950,,,,,,,
CPV,Cabo Verde,1951,,,,,,,
CPV,Cabo Verde,1952,,,,,,,
CPV,Cabo Verde,1953,,,,,,,
CPV,Cabo Verde,1954,,,,,,,
CPV,Cabo Verde,1955,,,,,,,
CPV,Cabo Verde,1956,,,,,,,
CPV,Cabo Verde,1957,,,,,,,
CPV,Cabo Verde,1958,,,,,,,
CPV,Cabo Verde,1959,,,,,,,
CPV,Cabo Verde,1960,,1031,,1022,,235,243
CPV,Cabo Verde,1961,,1140,,1126,,278,287
CPV,Cabo Verde,1962,,1205,,1187,,235,246
CPV,Cabo Verde,1963,,1231,,1207,,195,206
CPV,Cabo Verde,1964,,1260,,1231,,211,223
CPV,Cabo Verde,1965,,1303,,1269,,221,236
CPV,Cabo Verde,1966,,1370,,1331,,280,296
CPV,Cabo Verde,1967,,1417,,1373,,312,333
CPV,Cabo Verde,1968,,1489,,1439,,348,371
CPV,Cabo Verde,1969,,1601,,1546,,378,407
CPV,Cabo Verde,1970,,1736,,1693,,431,463
CPV,Cabo Verde,1971,,1875,,1832,,455,490
CPV,Cabo Verde,1972,,2015,,1971,,466,504
CPV,Cabo Verde,1973,,2153,,2105,,473,509
CPV,Cabo Verde,1974,,2292,,2246,,492,517
CPV,Cabo Verde,1975,,2387,,2340,,414,436
CPV,Cabo Verde,1976,,2484,,2430,,418,441
CPV,Cabo Verde,1977,,2574,,2519,,397,419
CPV,Cabo Verde,1978,,2678,,2619,,433,459
CPV,Cabo Verde,1979,,2784,,2726,,446,476
CPV,Cabo Verde,1980,,2872,0.147497728,2810,0.00006681452941848,483,510
CPV,Cabo Verde,1981,,3002,0.15514572,2953,0.00007002428174019,502,549
CPV,Cabo Verde,1982,,3151,0.165482074,3112,0.00007527169509558,537,597
CPV,Cabo Verde,1983,,3294,0.175782248,3250,0.00008043203706620,575,642
CPV,Cabo Verde,1984,,3426,0.185621947,3385,0.00008295971201733,592,613
CPV,Cabo Verde,1985,,3566,0.196689606,3543,0.00008651477401145,619,636
CPV,Cabo Verde,1986,,3705,0.205349892,3680,0.00008829392754706,693,728
CPV,Cabo Verde,1987,,3849,0.21354942,3823,0.00008856446220307,736,756
CPV,Cabo Verde,1988,,3993,0.221271381,3975,0.00008915365469875,758,769
CPV,Cabo Verde,1989,,4137,0.229262531,4131,0.00009043742466019,804,815
CPV,Cabo Verde,1990,,4295,0.237822577,4280,0.00009266044071410,782,776
CPV,Cabo Verde,1991,,4447,0.246244282,4416,0.00009413997031515,807,808
CPV,Cabo Verde,1992,,4597,0.254215717,4569,0.00009546892397339,871,850
CPV,Cabo Verde,1993,,4798,0.265429705,4779,0.00009794408106245,924,909
CPV,Cabo Verde,1994,,5084,0.28222546,5070,0.00010026602103608,1029,1071
CPV,Cabo Verde,1995,,5302,0.301495463,5319,0.00010489716078155,1039,992
CPV,Cabo Verde,1996,,5589,0.325371474,5630,0.00010945502435789,1178,1190
CPV,Cabo Verde,1997,,5813,0.341290325,5878,0.00011097035894636,1179,1154
CPV,Cabo Verde,1998,,6024,0.356748909,6122,0.00011082296259701,1325,1313
CPV,Cabo Verde,1999,,6326,0.378764063,6449,0.00011297308810754,1546,1544
CPV,Cabo Verde,2000,,6556,0.395324826,6690,0.00011108972103102,1586,1655
CPV,Cabo Verde,2001,,6817,0.415358901,6994,0.00011238345905440,1678,1738
CPV,Cabo Verde,2002,,7176,0.443489224,7428,0.00011961046402575,1783,1829
CPV,Cabo Verde,2003,,7506,0.465629339,7829,0.00012334618077148,1991,1954
CPV,Cabo Verde,2004,,7988,0.501970708,8420,0.00013110155123286,2130,2134
CPV,Cabo Verde,2005,,8386,0.526402533,8939,0.00013576856872533,2175,2142
CPV,Cabo Verde,2006,,8916,0.561873555,9666,0.00014230031229090,2380,2287
CPV,Cabo Verde,2007,,9766,0.624942362,10844,0.00015570761752315,2701,2646
CPV,Cabo Verde,2008,,10605,0.679698646,12105,0.00016814735135995,2956,2884
CPV,Cabo Verde,2009,,11298,0.718269229,13231,0.00018161967454944,3043,3013
CPV,Cabo Verde,2010,,12214,0.774888933,14568,0.00019911797426175,3154,3197
CPV,Cabo Verde,2011,,13187,0.834928572,15716,0.00020925101125613,3363,3466
CPV,Cabo Verde,2012,,13765,0.862311006,15164,0.00019543663074728,3267,3340
CPV,Cabo Verde,2013,,14194,0.878178716,14738,0.00018350870232098,3219,3211
CPV,Cabo Verde,2014,,14790,0.909074247,15110,0.00018386068404652,3179,3187
CPV,Cabo Verde,2015,,15188,0.92515856,15553,0.00018308965081815,3279,3388
CPV,Cabo Verde,2016,,15795,0.958985031,16397,0.00018746295245364,3417,3563
CPV,Cabo Verde,2017,,16465,1,16465,0.00018599732720759,3549,3703
CPV,Cabo Verde,2018,,17341,1.046818256,17294,0.00019087511464022,3699,3730
CPV,Cabo Verde,2019,,18106,1.086262941,18063,0.00019157299539074,3942,4044
CRI,Costa Rica,1950,1.600823283,5848,,6187,,3200,3240
CRI,Costa Rica,1951,1.602663398,6028,,6368,,3376,3338
CRI,Costa Rica,1952,1.60450542,6326,,6699,,3951,3787
CRI,Costa Rica,1953,1.606349707,6654,,7052,,4807,4564
CRI,Costa Rica,1954,1.60819602,6926,0.024808688,7347,0.00068037997698411,5068,4757
CRI,Costa Rica,1955,1.610044479,7257,0.02608333,7707,0.00069138820981607,5402,5171
CRI,Costa Rica,1956,1.615920782,7631,0.027512949,8118,0.00070574606070295,5206,4995
CRI,Costa Rica,1957,1.621818542,8067,0.029182835,8582,0.00072469905717298,5587,5338
CRI,Costa Rica,1958,1.627737761,8378,0.030232484,8908,0.00072298920713365,6210,6037
CRI,Costa Rica,1959,1.633678675,8868,0.032012962,9442,0.00073882157448679,6121,6043
CRI,Costa Rica,1960,1.639641166,9305,0.033635475,9883,0.00074013572884724,6607,6490
CRI,Costa Rica,1961,1.646567464,9790,0.035373025,10371,0.00074581761145964,6586,6458
CRI,Costa Rica,1962,1.653522849,10360,0.037604414,10968,0.00075409241253510,7058,6986
CRI,Costa Rica,1963,1.660507798,10925,0.039980635,11551,0.00076144700869918,7452,7405
CRI,Costa Rica,1964,1.667522192,11329,0.041706163,11968,0.00074007554212585,7888,7779
CRI,Costa Rica,1965,1.67456615,12021,0.044660427,12678,0.00075354869477451,8497,8620
CRI,Costa Rica,1966,1.664423108,12738,0.047897734,13395,0.00076262239599600,9094,9161
CRI,Costa Rica,1967,1.654341459,13493,0.05117593,14158,0.00077038491144776,9573,9673
CRI,Costa Rica,1968,1.644320965,14180,0.053959459,14845,0.00076862401328981,10174,10329
CRI,Costa Rica,1969,1.634361148,15037,0.057707034,15727,0.00078683899482712,10709,10892
CRI,Costa Rica,1970,1.624461651,16036,0.062285531,16821,0.00081314443377778,11644,11835
CRI,Costa Rica,1971,1.662910342,17244,0.06795188,18079,0.00086072809062898,11949,12393
CRI,Costa Rica,1972,1.702269077,18478,0.073726743,19362,0.00090474972967058,12777,13217
CRI,Costa Rica,1973,1.734273314,19787,0.079902142,20641,0.00094980694120750,13590,14039
CRI,Costa Rica,1974,1.765123129,21210,0.086651109,22053,0.00097183568868786,13355,14317
CRI,Costa Rica,1975,1.796521544,22485,0.092377633,23373,0.00101392634678632,14218,14787
CRI,Costa Rica,1976,1.826508522,24260,0.100467764,25090,0.00106740533374250,15804,15979
CRI,Costa Rica,1977,1.85699594,26286,0.109892629,27118,0.00111630279570818,18196,17850
CRI,Costa Rica,1978,1.887992263,28475,0.120645419,29174,0.00116560957394540,18813,18715
CRI,Costa Rica,1979,1.919505954,31043,0.133306578,31665,0.00123049214016646,19313,19465
CRI,Costa Rica,1980,1.951545715,33061,0.142269105,33507,0.00120419799350202,19541,19463
CRI,Costa Rica,1981,1.980352998,34059,0.146584794,34884,0.00121890043374151,18338,19295
CRI,Costa Rica,1982,2.009585619,34163,0.145787761,35281,0.00120108481496572,17750,18083
CRI,Costa Rica,1983,2.039249659,34489,0.146469995,35569,0.00116583541966975,18118,18408
CRI,Costa Rica,1984,2.069351673,35491,0.151235431,36602,0.00114274385850877,19550,19776
CRI,Costa Rica,1985,2.099897861,36611,0.156423271,37775,0.00114004360511899,20267,20317
CRI,Costa Rica,1986,2.129098654,38041,0.163318068,39162,0.00114173220936209,22527,22545
CRI,Costa Rica,1987,2.158705473,39736,0.172263116,40830,0.00114221253897995,22219,22519
CRI,Costa Rica,1988,2.188724041,41169,0.179249093,42367,0.00113565975334495,22948,23159
CRI,Costa Rica,1989,2.21916008,43066,0.188848704,44351,0.00115436967462301,24060,24721
CRI,Costa Rica,1990,2.250019312,45410,0.20180428,46816,0.00119287089910358,24650,25623
CRI,Costa Rica,1991,2.270538807,46973,0.209649175,48357,0.00120107282418758,25356,26289
CRI,Costa Rica,1992,2.291245461,49657,0.224461839,50928,0.00125036761164665,27980,28764
CRI,Costa Rica,1993,2.312140942,52929,0.24222286,54262,0.00130278326105326,30229,30744
CRI,Costa Rica,1994,2.333227158,56189,0.258887678,57769,0.00135355116799474,31945,32418
CRI,Costa Rica,1995,2.354505301,59628,0.275946081,61249,0.00138105021324009,33729,33771
CRI,Costa Rica,1996,2.368276119,62538,0.291593432,64169,0.00138149689882994,33828,33175
CRI,Costa Rica,1997,2.382127285,66476,0.314493358,68299,0.00140140822622925,35965,34659
CRI,Costa Rica,1998,2.396059752,72199,0.349652231,74371,0.00147943675983697,38711,38501
CRI,Costa Rica,1999,2.410073519,77362,0.379743248,79765,0.00150641461368650,39964,38814
CRI,Costa Rica,2000,2.424169064,81814,0.403290004,84650,0.00148007983807474,40932,40298
CRI,Costa Rica,2001,2.448333025,86411,0.426658124,90234,0.00149159447755665,42738,42045
CRI,Costa Rica,2002,2.472737551,91292,0.452428728,96438,0.00155346107203513,43837,42551
CRI,Costa Rica,2003,2.497385502,96530,0.478557289,103352,0.00160748802591115,45772,44016
CRI,Costa Rica,2004,2.522279263,101678,0.504292846,110406,0.00166027469094843,47499,46217
CRI,Costa Rica,2005,2.547420979,107126,0.534364581,118163,0.00173605512827635,49860,48909
CRI,Costa Rica,2006,2.541922569,113231,0.567341208,126969,0.00181092089042068,52061,50764
CRI,Costa Rica,2007,2.536435843,121402,0.608092904,138020,0.00189770816359669,55789,54127
CRI,Costa Rica,2008,2.530961037,130629,0.65322876,150910,0.00201863655820489,58179,56655
CRI,Costa Rica,2009,2.525498152,137512,0.68284595,160962,0.00214843149296939,62160,60992
CRI,Costa Rica,2010,2.520046949,144697,0.716463149,170761,0.00229287263937294,64845,61793
CRI,Costa Rica,2011,2.545922041,152177,0.751639843,179937,0.00237689609639347,68002,65147
CRI,Costa Rica,2012,2.568109274,160861,0.792301893,187376,0.00242418702691793,72870,68364
CRI,Costa Rica,2013,2.585832596,169060,0.832440019,192291,0.00243806117214262,73442,67955
CRI,Costa Rica,2014,2.603678465,177446,0.873088717,197018,0.00246017845347524,77101,71974
CRI,Costa Rica,2015,2.621647358,185907,0.913811445,200921,0.00246409792453051,82724,78430
CRI,Costa Rica,2016,2.639740229,194931,0.959538341,204585,0.00249593704938889,88268,84275
CRI,Costa Rica,2017,2.657958031,203055,1,203055,0.00246056425385177,93173,89732
CRI,Costa Rica,2018,2.676301718,211337,1.040420175,210749,0.00252937083132565,94494,91244
CRI,Costa Rica,2019,2.694771767,218054,1.073033333,217205,0.00253154477104545,97073,93967
CUW,Curaçao,1950,,,,,,,
CUW,Curaçao,1951,,,,,,,
CUW,Curaçao,1952,,,,,,,
CUW,Curaçao,1953,,,,,,,
CUW,Curaçao,1954,,,,,,,
CUW,Curaçao,1955,,,,,,,
CUW,Curaçao,1956,,,,,,,
CUW,Curaçao,1957,,,,,,,
CUW,Curaçao,1958,,,,,,,
CUW,Curaçao,1959,,,,,,,
CUW,Curaçao,1960,,,,,,,
CUW,Curaçao,1961,,,,,,,
CUW,Curaçao,1962,,,,,,,
CUW,Curaçao,1963,,,,,,,
CUW,Curaçao,1964,,,,,,,
CUW,Curaçao,1965,,,,,,,
CUW,Curaçao,1966,,,,,,,
CUW,Curaçao,1967,,,,,,,
CUW,Curaçao,1968,,,,,,,
CUW,Curaçao,1969,,,,,,,
CUW,Curaçao,1970,,,,,,,
CUW,Curaçao,1971,,,,,,,
CUW,Curaçao,1972,,,,,,,
CUW,Curaçao,1973,,,,,,,
CUW,Curaçao,1974,,,,,,,
CUW,Curaçao,1975,,,,,,,
CUW,Curaçao,1976,,,,,,,
CUW,Curaçao,1977,,,,,,,
CUW,Curaçao,1978,,,,,,,
CUW,Curaçao,1979,,,,,,,
CUW,Curaçao,1980,,,,,,,
CUW,Curaçao,1981,,,,,,,
CUW,Curaçao,1982,,,,,,,
CUW,Curaçao,1983,,,,,,,
CUW,Curaçao,1984,,,,,,,
CUW,Curaçao,1985,,,,,,,
CUW,Curaçao,1986,,,,,,,
CUW,Curaçao,1987,,,,,,,
CUW,Curaçao,1988,,,,,,,
CUW,Curaçao,1989,,,,,,,
CUW,Curaçao,1990,,,,,,,
CUW,Curaçao,1991,,,,,,,
CUW,Curaçao,1992,,,,,,,
CUW,Curaçao,1993,,,,,,,
CUW,Curaçao,1994,,,,,,,
CUW,Curaçao,1995,,,,,,,
CUW,Curaçao,1996,,,,,,,
CUW,Curaçao,1997,,,,,,,
CUW,Curaçao,1998,,,,,,,
CUW,Curaçao,1999,,,,,,,
CUW,Curaçao,2000,,,,,,,
CUW,Curaçao,2001,,,,,,,
CUW,Curaçao,2002,,,,,,,
CUW,Curaçao,2003,,,,,,,
CUW,Curaçao,2004,,,,,,,
CUW,Curaçao,2005,,,,,,4069,4034
CUW,Curaçao,2006,,,,,,4097,4121
CUW,Curaçao,2007,,,,,,4185,4036
CUW,Curaçao,2008,,,,,,4315,4010
CUW,Curaçao,2009,,,,,,4234,3783
CUW,Curaçao,2010,,,,,,4242,3746
CUW,Curaçao,2011,,,,,,4328,3726
CUW,Curaçao,2012,,,,,,4326,3696
CUW,Curaçao,2013,,,,,,4178,3665
CUW,Curaçao,2014,,,,,,4082,3586
CUW,Curaçao,2015,,,,,,4046,3748
CUW,Curaçao,2016,,,,,,3968,3741
CUW,Curaçao,2017,,,,,,3892,3577
CUW,Curaçao,2018,,,,,,3825,3499
CUW,Curaçao,2019,,,,,,3687,3484
CYM,Cayman Islands,1950,,,,,,,
CYM,Cayman Islands,1951,,,,,,,
CYM,Cayman Islands,1952,,,,,,,
CYM,Cayman Islands,1953,,,,,,,
CYM,Cayman Islands,1954,,,,,,,
CYM,Cayman Islands,1955,,,,,,,
CYM,Cayman Islands,1956,,,,,,,
CYM,Cayman Islands,1957,,,,,,,
CYM,Cayman Islands,1958,,,,,,,
CYM,Cayman Islands,1959,,,,,,,
CYM,Cayman Islands,1960,,,,,,,
CYM,Cayman Islands,1961,,,,,,,
CYM,Cayman Islands,1962,,,,,,,
CYM,Cayman Islands,1963,,,,,,,
CYM,Cayman Islands,1964,,,,,,,
CYM,Cayman Islands,1965,,,,,,,
CYM,Cayman Islands,1966,,,,,,,
CYM,Cayman Islands,1967,,,,,,,
CYM,Cayman Islands,1968,,,,,,,
CYM,Cayman Islands,1969,,,,,,,
CYM,Cayman Islands,1970,,383,,430,,324,289
CYM,Cayman Islands,1971,,427,,478,,334,305
CYM,Cayman Islands,1972,,476,,530,,361,330
CYM,Cayman Islands,1973,,532,,591,,411,392
CYM,Cayman Islands,1974,,594,,660,,457,447
CYM,Cayman Islands,1975,,662,,734,,505,481
CYM,Cayman Islands,1976,,737,,814,,552,534
CYM,Cayman Islands,1977,,820,,902,,606,557
CYM,Cayman Islands,1978,,910,,998,,664,635
CYM,Cayman Islands,1979,,1012,,1109,,732,734
CYM,Cayman Islands,1980,,1121,,1227,,808,807
CYM,Cayman Islands,1981,,1241,,1362,,889,871
CYM,Cayman Islands,1982,,1371,,1505,,981,952
CYM,Cayman Islands,1983,,1521,,1658,,1105,1095
CYM,Cayman Islands,1984,,1704,,1852,,1197,1189
CYM,Cayman Islands,1985,,1839,,2002,,1206,1109
CYM,Cayman Islands,1986,,2016,,2194,,1325,1202
CYM,Cayman Islands,1987,,2198,,2391,,1438,1387
CYM,Cayman Islands,1988,,2451,,2669,,1671,1493
CYM,Cayman Islands,1989,,2696,,2944,,1795,1666
CYM,Cayman Islands,1990,,2944,,3208,,2020,2167
CYM,Cayman Islands,1991,,3196,0.226425901,3470,0.00006274155748542,2047,2059
CYM,Cayman Islands,1992,,3451,0.244532868,3752,0.00006676881457679,2110,1961
CYM,Cayman Islands,1993,,3716,0.263319045,4047,0.00007067327533150,2211,2219
CYM,Cayman Islands,1994,,3992,0.282950997,4353,0.00007211074262159,2312,2142
CYM,Cayman Islands,1995,,4280,0.304428101,4667,0.00007582770922454,2417,2199
CYM,Cayman Islands,1996,,4576,0.326218396,4998,0.00007873633148847,2530,2216
CYM,Cayman Islands,1997,,4886,0.349014848,5355,0.00008121008431772,2655,2616
CYM,Cayman Islands,1998,,5328,0.382145554,5866,0.00008957319369074,3433,3084
CYM,Cayman Islands,1999,,5774,0.415585607,6362,0.00009480638982495,3552,3139
CYM,Cayman Islands,2000,,6211,0.447493434,6829,0.00009664770186646,3593,3433
CYM,Cayman Islands,2001,,6639,0.479318976,7308,0.00010038351319963,3624,3432
CYM,Cayman Islands,2002,,7065,0.511043727,7805,0.00010643037239788,3700,3367
CYM,Cayman Islands,2003,,7499,0.545828223,8332,0.00011267833906459,3768,3350
CYM,Cayman Islands,2004,,7926,0.582427204,8879,0.00011785465176217,3795,3235
CYM,Cayman Islands,2005,,8380,0.619359195,9493,0.00012410902127158,4100,3612
CYM,Cayman Islands,2006,,8849,0.655388057,10099,0.00012932076060679,4256,4069
CYM,Cayman Islands,2007,,9313,0.691583276,10690,0.00013240776024759,4274,4277
CYM,Cayman Islands,2008,,9780,0.729796469,11281,0.00013849599054083,4382,4163
CYM,Cayman Islands,2009,,10174,0.762024701,11766,0.00014522118726745,4039,3845
CYM,Cayman Islands,2010,,10535,0.792740703,12200,0.00015272574091796,3930,3481
CYM,Cayman Islands,2011,,10892,0.821938515,12599,0.00015635997988284,3986,3524
CYM,Cayman Islands,2012,,11245,0.850373447,12765,0.00015400246775243,4010,3393
CYM,Cayman Islands,2013,,11597,0.878378451,12842,0.00015058378630783,3852,3406
CYM,Cayman Islands,2014,,11968,0.907871068,12922,0.00014860693772789,3855,3528
CYM,Cayman Islands,2015,,12329,0.936246872,13053,0.00014709107927047,3938,3973
CYM,Cayman Islands,2016,,12723,0.967159569,12905,0.00014296788140200,4039,3430
CYM,Cayman Islands,2017,,13144,1,13144,0.00014312568237074,4120,4270
CYM,Cayman Islands,2018,,13689,1.042348385,13646,0.00014575716340914,4365,3993
CYM,Cayman Islands,2019,,14296,1.088946939,14250,0.00014648283831775,4548,4036
CYP,Cyprus,1950,1.523304701,18056,,13325,,1472,1533
CYP,Cyprus,1951,1.548522353,18645,,13687,,1591,1623
CYP,Cyprus,1952,1.574157476,19292,,14138,,1822,1827
CYP,Cyprus,1953,1.600217104,20166,,14729,,2061,2068
CYP,Cyprus,1954,1.626708031,21640,0.093358643,15758,0.00137036200612783,2300,2308
CYP,Cyprus,1955,1.653637528,23282,0.102364205,16909,0.00147615489549935,2327,2361
CYP,Cyprus,1956,1.683791399,24890,0.111136444,18051,0.00154255877714604,2643,2656
CYP,Cyprus,1957,1.713178873,26338,0.118797533,19066,0.00160360638983548,2588,2705
CYP,Cyprus,1958,1.736672759,26757,0.11999584,19361,0.00157485064119101,2340,2412
CYP,Cyprus,1959,1.760488749,27359,0.122342691,19812,0.00153541937470436,2479,2572
CYP,Cyprus,1960,1.784631371,27689,0.123061694,19953,0.00146207120269537,2399,2364
CYP,Cyprus,1961,1.802437425,28478,0.125986859,20449,0.00141942256595939,2661,2640
CYP,Cyprus,1962,1.8204211,30075,0.134823874,21562,0.00145132630132139,3093,3126
CYP,Cyprus,1963,1.838584185,31445,0.142160073,22475,0.00143211218528450,3148,3186
CYP,Cyprus,1964,1.856928587,31902,0.143548191,22856,0.00136689527425915,2751,2738
CYP,Cyprus,1965,1.875455976,33412,0.152781367,23710,0.00136040442157537,3508,3522
CYP,Cyprus,1966,1.894168258,34790,0.160693944,24621,0.00132639147341251,3744,3702
CYP,Cyprus,1967,1.913067222,36438,0.169156775,25752,0.00131324853282422,4110,4124
CYP,Cyprus,1968,1.932154775,38055,0.176935419,26864,0.00131884100846946,4271,4281
CYP,Cyprus,1969,1.951432705,40463,0.189973488,28458,0.00133051164448261,4804,4902
CYP,Cyprus,1970,1.970903039,42801,0.202553928,29934,0.00135430600494146,4902,5120
CYP,Cyprus,1971,1.985480547,45094,0.213994622,31553,0.00136887223925442,5375,5655
CYP,Cyprus,1972,2.000165939,47497,0.225798309,33248,0.00138965691439807,5684,5960
CYP,Cyprus,1973,2.014959812,49755,0.235341176,35030,0.00137778837233782,5624,5850
CYP,Cyprus,1974,2.029863358,50627,0.237641156,35673,0.00129352055955678,4235,4357
CYP,Cyprus,1975,2.044877052,50263,0.229961261,35461,0.00121397676412016,3425,3506
CYP,Cyprus,1976,2.060001612,50478,0.227001533,35476,0.00116500200238079,4332,4402
CYP,Cyprus,1977,2.075238228,52476,0.238999262,36796,0.00119324424304068,5251,5523
CYP,Cyprus,1978,2.090587378,55331,0.256181091,38695,0.00120203534606844,5789,6144
CYP,Cyprus,1979,2.106050253,58835,0.276639283,41217,0.00123283104039729,6644,6974
CYP,Cyprus,1980,2.121627331,62406,0.297403991,43770,0.00123997416812927,7150,7320
CYP,Cyprus,1981,2.139385462,65375,0.3138071,46156,0.00127274089027196,7247,7354
CYP,Cyprus,1982,2.157291889,68377,0.333389282,48497,0.00133806571830064,7894,8037
CYP,Cyprus,1983,2.175348282,71099,0.348034114,50295,0.00138676841743290,8180,8490
CYP,Cyprus,1984,2.193555832,74880,0.376895487,53013,0.00144834374077618,9116,9479
CYP,Cyprus,1985,2.21191597,77824,0.394647211,55146,0.00146912038326263,9480,9502
CYP,Cyprus,1986,2.230429649,80208,0.403867573,56748,0.00145079288631678,9843,9910
CYP,Cyprus,1987,2.249098063,82862,0.415356845,58540,0.00143127981573343,10652,10758
CYP,Cyprus,1988,2.267923117,86095,0.43345812,61008,0.00144875596743077,11443,11380
CYP,Cyprus,1989,2.286905527,90465,0.464328885,64324,0.00151627976447344,12424,12661
CYP,Cyprus,1990,2.306046724,94243,0.486741573,66974,0.00155900325626135,13253,13102
CYP,Cyprus,1991,2.329377174,97763,0.504465938,69183,0.00157645903527737,13172,13212
CYP,Cyprus,1992,2.35294342,102440,0.536796331,72620,0.00163347623310983,14580,13583
CYP,Cyprus,1993,2.376748085,105744,0.553938925,75013,0.00163610884919763,14437,13465
CYP,Cyprus,1994,2.400793552,108583,0.566313565,77056,0.00161230785306543,15358,14329
CYP,Cyprus,1995,2.425082445,111350,0.578803837,79021,0.00158504489809275,16336,15232
CYP,Cyprus,1996,2.449617147,113825,0.588364303,80794,0.00155034626368433,16363,15066
CYP,Cyprus,1997,2.474399805,116658,0.603017926,82859,0.00151778594590724,16640,15565
CYP,Cyprus,1998,2.499433279,118371,0.60702914,84380,0.00145869830157608,17479,15592
CYP,Cyprus,1999,2.524719954,121182,0.621768057,86455,0.00143270508851856,18525,16844
CYP,Cyprus,2000,2.55026269,123866,0.636275113,87543,0.00135650904849172,19705,19038
CYP,Cyprus,2001,2.569844723,126522,0.648723781,89320,0.00129405362531543,20740,19437
CYP,Cyprus,2002,2.586360693,130009,0.667841434,87515,0.00124000874347985,21012,18906
CYP,Cyprus,2003,2.602983236,133599,0.683679879,81608,0.00112352881114930,21407,18433
CYP,Cyprus,2004,2.619712353,137658,0.702062249,88973,0.00119292724411935,22860,18795
CYP,Cyprus,2005,2.636548996,142305,0.722340524,97478,0.00126353232190013,24929,20797
CYP,Cyprus,2006,2.653493881,148812,0.757622838,110770,0.00138176081236452,26472,21711
CYP,Cyprus,2007,2.670547724,155940,0.793479025,122838,0.00146773399319500,29127,23621
CYP,Cyprus,2008,2.687711,163819,0.839415967,136404,0.00159984920173883,31346,25081
CYP,Cyprus,2009,2.704984903,169662,0.872113109,144122,0.00173464370891452,30855,26025
CYP,Cyprus,2010,2.722369432,175131,0.903815269,162018,0.00198159459978342,31425,26272
CYP,Cyprus,2011,2.742017269,179115,0.924084961,159995,0.00197867699898779,31166,25796
CYP,Cyprus,2012,2.761806965,181069,0.932159185,171762,0.00203873799182475,30461,26249
CYP,Cyprus,2013,2.781739473,181777,0.933752298,177744,0.00199171900749207,27438,23752
CYP,Cyprus,2014,2.801815748,181832,0.931287289,168991,0.00181924761272967,26199,22205
CYP,Cyprus,2015,2.822036982,181985,0.930658698,181331,0.00192641676403582,27366,23732
CYP,Cyprus,2016,2.842404366,184996,0.959262133,185084,0.00193132390268147,30258,26274
CYP,Cyprus,2017,2.862918377,189673,1,189673,0.00200960878282785,32195,26716
CYP,Cyprus,2018,2.883580685,193181,1.020689607,192596,0.00205688993446529,33228,26989
CYP,Cyprus,2019,2.904392004,196604,1.035446763,195446,0.00202122819609940,33543,28377
CZE,Czech Republic,1950,,,,,,,
CZE,Czech Republic,1951,,,,,,,
CZE,Czech Republic,1952,,,,,,,
CZE,Czech Republic,1953,,,,,,,
CZE,Czech Republic,1954,,,,,,,
CZE,Czech Republic,1955,,,,,,,
CZE,Czech Republic,1956,,,,,,,
CZE,Czech Republic,1957,,,,,,,
CZE,Czech Republic,1958,,,,,,,
CZE,Czech Republic,1959,,,,,,,
CZE,Czech Republic,1960,,,,,,,
CZE,Czech Republic,1961,,,,,,,
CZE,Czech Republic,1962,,,,,,,
CZE,Czech Republic,1963,,,,,,,
CZE,Czech Republic,1964,,,,,,,
CZE,Czech Republic,1965,,,,,,,
CZE,Czech Republic,1966,,,,,,,
CZE,Czech Republic,1967,,,,,,,
CZE,Czech Republic,1968,,,,,,,
CZE,Czech Republic,1969,,,,,,,
CZE,Czech Republic,1970,,,,,,,
CZE,Czech Republic,1971,,,,,,,
CZE,Czech Republic,1972,,,,,,,
CZE,Czech Republic,1973,,,,,,,
CZE,Czech Republic,1974,,,,,,,
CZE,Czech Republic,1975,,,,,,,
CZE,Czech Republic,1976,,,,,,,
CZE,Czech Republic,1977,,,,,,,
CZE,Czech Republic,1978,,,,,,,
CZE,Czech Republic,1979,,,,,,,
CZE,Czech Republic,1980,,,,,,,
CZE,Czech Republic,1981,,,,,,,
CZE,Czech Republic,1982,,,,,,,
CZE,Czech Republic,1983,,,,,,,
CZE,Czech Republic,1984,,,,,,,
CZE,Czech Republic,1985,,,,,,,
CZE,Czech Republic,1986,,,,,,,
CZE,Czech Republic,1987,,,,,,,
CZE,Czech Republic,1988,,,,,,,
CZE,Czech Republic,1989,,,,,,,
CZE,Czech Republic,1990,3.114391804,1492636,,1092141,,244773,235157
CZE,Czech Republic,1991,3.165006638,1514734,,1092488,,205213,198304
CZE,Czech Republic,1992,3.216443539,1544643,,1170655,,198371,198276
CZE,Czech Republic,1993,3.268716812,1562538,,1283282,,202474,199971
CZE,Czech Republic,1994,3.321839333,1579200,0.502279937,1391261,0.01585044153034690,209824,210738
CZE,Czech Republic,1995,3.375825405,1608112,0.534167647,1416321,0.01643063500523570,215333,217060
CZE,Czech Republic,1996,3.414501905,1641953,0.575437307,1448728,0.02037970907986160,223293,224107
CZE,Czech Republic,1997,3.453621149,1666629,0.608122468,1396850,0.02230229601264000,218656,218850
CZE,Czech Republic,1998,3.493188858,1686517,0.632179737,1355395,0.02341708354651930,216893,213332
CZE,Czech Republic,1999,3.533209801,1701863,0.651860297,1313617,0.02260178886353970,216223,213250
CZE,Czech Republic,2000,3.573689222,1720887,0.676456511,1291099,0.02086788788437840,220689,220586
CZE,Czech Republic,2001,3.582052469,1741833,0.701729774,1281624,0.01940672844648360,233195,231908
CZE,Czech Republic,2002,3.590435266,1760798,0.722500145,1262344,0.01860164478421210,233614,229168
CZE,Czech Republic,2003,3.598837614,1779304,0.741090238,1318750,0.01949497312307360,244254,239724
CZE,Czech Republic,2004,3.60725975,1799458,0.760971069,1329179,0.01955027319490910,257171,247737
CZE,Czech Republic,2005,3.615701437,1822856,0.783352673,1350191,0.01974654383957390,274315,264352
CZE,Czech Republic,2006,3.619832277,1848645,0.8083722,1472608,0.02090589329600330,288827,276696
CZE,Czech Republic,2007,3.623967886,1884566,0.840929329,1577415,0.02175370417535310,314773,301574
CZE,Czech Republic,2008,3.628108501,1917497,0.871045947,1720896,0.02306706644594670,331436,309210
CZE,Czech Republic,2009,3.632253408,1936199,0.886482835,1780355,0.02422877959907050,328215,306901
CZE,Czech Republic,2010,3.636403322,1954053,0.901281655,1715475,0.02397458814084530,329485,307695
CZE,Czech Republic,2011,3.64057374,1971427,0.917347312,1875168,0.02577252127230170,338853,313085
CZE,Czech Republic,2012,3.64475441,1983903,0.928668857,1931983,0.02610647492110730,339288,311801
CZE,Czech Republic,2013,3.648944855,1992604,0.93750155,1941344,0.02580075711011890,338922,309189
CZE,Czech Republic,2014,3.65314579,2003524,0.948209643,1980104,0.02547845989465710,353833,323371
CZE,Czech Republic,2015,3.657356977,2023414,0.96823138,1976403,0.02510430663824080,374995,344465
CZE,Czech Republic,2016,3.661578178,2036327,0.983059883,2064920,0.02626238204538820,388598,356663
CZE,Czech Republic,2017,3.665810108,2053145,1,2053145,0.02603179775178430,412431,378600
CZE,Czech Republic,2018,3.670051813,2079011,1.023568511,2081672,0.02644352614879610,424189,391277
CZE,Czech Republic,2019,3.674304247,2104493,1.044607759,2112987,0.02646866068243980,434262,401744
DEU,Germany,1950,2.426997185,1514742,,1538636,,348547,357998
DEU,Germany,1951,2.469304085,1620344,,1643601,,387113,399758
DEU,Germany,1952,2.512348175,1744896,,1771959,,430855,439733
DEU,Germany,1953,2.556143045,1869394,,1897288,,470415,478234
DEU,Germany,1954,2.587325811,2015616,0.07886871,2045487,0.16644124686718000,507743,517335
DEU,Germany,1955,2.617605448,2218325,0.087186575,2251933,0.17800599336624100,574006,586749
DEU,Germany,1956,2.61976862,2418936,0.095228232,2458419,0.18743552267551400,619274,633720
DEU,Germany,1957,2.62193346,2616619,0.102972284,2656654,0.19596144556999200,656552,670471
DEU,Germany,1958,2.624100208,2809027,0.110420674,2849990,0.20370848476886700,687590,697559
DEU,Germany,1959,2.626268625,3038630,0.119455568,3083932,0.21305014193058000,745631,756829
DEU,Germany,1960,2.62843895,3321992,0.130797759,3370310,0.22176831960678100,817615,814019
DEU,Germany,1961,2.655714035,3600910,0.142080411,3652228,0.23159106075763700,845030,840633
DEU,Germany,1962,2.683272123,3879829,0.153609872,3937262,0.24046914279460900,874201,875999
DEU,Germany,1963,2.711116076,4140539,0.164389744,4202909,0.24607510864734600,893476,897609
DEU,Germany,1964,2.739248991,4446449,0.177416116,4513018,0.25194311141967800,959987,964675
DEU,Germany,1965,2.767673969,4768212,0.191232651,4835929,0.25812068581581100,1007784,1014528
DEU,Germany,1966,2.796393871,5067440,0.203968674,5130896,0.25989004969596900,1038705,1046369
DEU,Germany,1967,2.825411558,5298977,0.212785944,5355003,0.25680521130561800,1033708,1041135
DEU,Germany,1968,2.854730606,5571299,0.223724946,5620836,0.25665724277496300,1094570,1104640
DEU,Germany,1969,2.884353876,5895914,0.237995952,5944163,0.26031613349914600,1181523,1190581
DEU,Germany,1970,2.914284468,6255862,0.255161256,6332789,0.26883637905120800,1264814,1253854
DEU,Germany,1971,2.939688444,6633716,0.273195624,6534339,0.27012863755226100,1314419,1296873
DEU,Germany,1972,2.965313673,7009818,0.290483743,6482682,0.26009002327919000,1379409,1360295
DEU,Germany,1973,2.991162539,7370951,0.306249648,6344135,0.24621383845806100,1446049,1427259
DEU,Germany,1974,3.017236471,7662538,0.318606555,6237017,0.23225288093090100,1465079,1439266
DEU,Germany,1975,3.043537855,7915187,0.329406172,6272469,0.22969903051853200,1481839,1445838
DEU,Germany,1976,3.070068359,8179124,0.341570437,6446552,0.23050580918788900,1551972,1521274
DEU,Germany,1977,3.09683013,8459396,0.355558664,6678729,0.23281191289424900,1609352,1574319
DEU,Germany,1978,3.123825312,8759330,0.372265816,6927019,0.23526757955551100,1673410,1624750
DEU,Germany,1979,3.151055813,9082789,0.390467227,7199955,0.23912453651428200,1738907,1689692
DEU,Germany,1980,3.17852354,9405265,0.408833176,7419949,0.23712967336177800,1753247,1697499
DEU,Germany,1981,3.202843189,9679897,0.424225062,7514233,0.23490658402442900,1696184,1656873
DEU,Germany,1982,3.227349043,9911905,0.4360511,7444911,0.22986583411693600,1669072,1630394
DEU,Germany,1983,3.252042294,10154795,0.449599385,7324781,0.22526432573795300,1672167,1631234
DEU,Germany,1984,3.276924372,10390023,0.463169575,7266572,0.21503834426403000,1672904,1639937
DEU,Germany,1985,3.301996708,10619198,0.477970511,7341513,0.21357798576355000,1687000,1652195
DEU,Germany,1986,3.327261209,10856632,0.492635578,7528734,0.21514420211315200,1803603,1766938
DEU,Germany,1987,3.35271883,11096055,0.507670045,7776826,0.21511766314506500,1868967,1832597
DEU,Germany,1988,3.378371477,11357135,0.5241642,8115495,0.21815522015094800,1968531,1932585
DEU,Germany,1989,3.404220104,11654764,0.543012142,8541500,0.22555698454380000,2063139,2024105
DEU,Germany,1990,3.430266619,11994386,0.565532506,9037278,0.23458780348300900,2209463,2161114
DEU,Germany,1991,3.443635225,12352928,0.589913905,9599782,0.24408723413944200,2346184,2307449
DEU,Germany,1992,3.457055569,12723940,0.612470508,10178882,0.25254857540130600,2440202,2365788
DEU,Germany,1993,3.470528126,13036701,0.627156615,10686260,0.25710785388946500,2453189,2386080
DEU,Germany,1994,3.484053373,13370675,0.641883254,11144825,0.25686582922935500,2534442,2485637
DEU,Germany,1995,3.49763155,13694340,0.65725553,11489487,0.25203689932823200,2607603,2559321
DEU,Germany,1996,3.511262178,14006530,0.673956156,11756135,0.24704340100288400,2625138,2586794
DEU,Germany,1997,3.524946213,14313491,0.692013979,11598417,0.23314428329467800,2724250,2702434
DEU,Germany,1998,3.538683653,14640344,0.714652777,11466787,0.22077760100364700,2833726,2839404
DEU,Germany,1999,3.552474499,14985024,0.739374936,11298718,0.21010494232177700,2952646,2957202
DEU,Germany,2000,3.566318989,15329394,0.765129864,11159206,0.19729292392730700,2979410,3026260
DEU,Germany,2001,3.574926376,15626026,0.78586036,10977366,0.18495500087738000,3025723,3077438
DEU,Germany,2002,3.583554506,15849997,0.799590528,10721438,0.17674107849597900,3012431,3073666
DEU,Germany,2003,3.592203379,16049977,0.809964538,10983600,0.17934165894985200,3029814,3118041
DEU,Germany,2004,3.600873232,16240581,0.820299625,11230304,0.17891311645507800,3094666,3207703
DEU,Germany,2005,3.609564066,16430068,0.83297646,11485836,0.18080277740955400,3171630,3328034
DEU,Germany,2006,3.618275642,16668043,0.850191295,12392154,0.18824185431003600,3289767,3453487
DEU,Germany,2007,3.627008438,16914972,0.868198991,13264774,0.19419679045677200,3441686,3630573
DEU,Germany,2008,3.635762215,17154732,0.885181248,14136853,0.20251709222793600,3525126,3636695
DEU,Germany,2009,3.64453721,17295962,0.891182065,14736058,0.21441368758678400,3362922,3466081
DEU,Germany,2010,3.653333187,17477198,0.9021101,15333157,0.22392573952674900,3547486,3612951
DEU,Germany,2011,3.655776262,17712054,0.916826844,15976713,0.22902290523052200,3727164,3764469
DEU,Germany,2012,3.65822053,17933932,0.929218113,16828486,0.23527622222900400,3751672,3734986
DEU,Germany,2013,3.660666704,18135414,0.939749122,17598588,0.23718106746673600,3716178,3743100
DEU,Germany,2014,3.663114548,18358108,0.952482224,18351772,0.24014510214328800,3818017,3853406
DEU,Germany,2015,3.66556406,18586276,0.966946721,18590536,0.23893342912197100,3905049,3920028
DEU,Germany,2016,3.668015003,18837422,0.982746005,18847752,0.24113909900188400,4020469,4066406
DEU,Germany,2017,3.670467615,19098608,1,19098608,0.24429489672184000,4237503,4236519
DEU,Germany,2018,3.672922134,19377568,1.019034863,19315682,0.24724566936492900,4269388,4256178
DEU,Germany,2019,3.675377846,19665420,1.037984133,19606062,0.24575974047184000,4297892,4274168
DJI,Djibouti,1950,,,,,,,
DJI,Djibouti,1951,,,,,,,
DJI,Djibouti,1952,,,,,,,
DJI,Djibouti,1953,,,,,,,
DJI,Djibouti,1954,,,,,,,
DJI,Djibouti,1955,,,,,,,
DJI,Djibouti,1956,,,,,,,
DJI,Djibouti,1957,,,,,,,
DJI,Djibouti,1958,,,,,,,
DJI,Djibouti,1959,,,,,,,
DJI,Djibouti,1960,,,,,,,
DJI,Djibouti,1961,,,,,,,
DJI,Djibouti,1962,,,,,,,
DJI,Djibouti,1963,,,,,,,
DJI,Djibouti,1964,,,,,,,
DJI,Djibouti,1965,,,,,,,
DJI,Djibouti,1966,,,,,,,
DJI,Djibouti,1967,,,,,,,
DJI,Djibouti,1968,,,,,,,
DJI,Djibouti,1969,,,,,,,
DJI,Djibouti,1970,,427,,517,,1130,1100
DJI,Djibouti,1971,,440,,535,,1200,1176
DJI,Djibouti,1972,,454,,553,,1240,1227
DJI,Djibouti,1973,,470,,574,,1294,1280
DJI,Djibouti,1974,,484,,592,,1254,1218
DJI,Djibouti,1975,,500,,612,,1398,1384
DJI,Djibouti,1976,,528,,646,,1509,1450
DJI,Djibouti,1977,,539,,660,,1339,1264
DJI,Djibouti,1978,,548,,671,,1233,1326
DJI,Djibouti,1979,,570,,701,,1282,1316
DJI,Djibouti,1980,,599,0.057108071,737,0.00001873044129752,1336,1366
DJI,Djibouti,1981,,628,0.059619699,775,0.00001899752533063,1359,1383
DJI,Djibouti,1982,,709,0.067709319,878,0.00002137503361155,1347,1495
DJI,Djibouti,1983,,793,0.076067068,978,0.00002380846672168,1335,1516
DJI,Djibouti,1984,,874,0.084089361,1077,0.00002550509088906,1332,1498
DJI,Djibouti,1985,,939,0.089779317,1158,0.00002641221726662,1348,1451
DJI,Djibouti,1986,,969,0.091637239,1194,0.00002617884820211,1345,1459
DJI,Djibouti,1987,,1011,0.094926953,1244,0.00002598862192826,1334,1495
DJI,Djibouti,1988,,1060,0.098931715,1307,0.00002618935650389,1350,1519
DJI,Djibouti,1989,,1096,0.101626076,1355,0.00002612615389808,1328,1450
DJI,Djibouti,1990,,1140,0.105082661,1404,0.00002654936361068,1347,1366
DJI,Djibouti,1991,,1217,0.111761972,1491,0.00002800521906465,1305,1357
DJI,Djibouti,1992,,1299,0.119674675,1595,0.00002969938032038,1470,1610
DJI,Djibouti,1993,,1394,0.129240051,1716,0.00003192044096068,1903,2073
DJI,Djibouti,1994,,1472,0.136983991,1815,0.00003200205537723,1388,1452
DJI,Djibouti,1995,,1534,0.142722085,1890,0.00003236983684474,1651,1766
DJI,Djibouti,1996,,1583,0.147149593,1953,0.00003198385093128,1478,1517
DJI,Djibouti,1997,,1656,0.154070571,2047,0.00003226434273529,1627,1667
DJI,Djibouti,1998,,1737,0.162966818,2164,0.00003306674261694,1602,1680
DJI,Djibouti,1999,,1728,0.161157608,2158,0.00003094681233051,1728,1795
DJI,Djibouti,2000,,1738,0.161750019,2172,0.00002953239345516,1740,1806
DJI,Djibouti,2001,,1771,0.164652407,2218,0.00002937139106507,1825,1813
DJI,Djibouti,2002,,1861,0.173717558,2344,0.00003103401468252,1787,1778
DJI,Djibouti,2003,,2061,0.194891065,2615,0.00003516147990013,1908,1949
DJI,Djibouti,2004,,2220,0.211546019,2842,0.00003777890378842,1987,2035
DJI,Djibouti,2005,,2489,0.240073636,3217,0.00004327889473643,2137,2172
DJI,Djibouti,2006,,3086,0.318093598,4041,0.00005804305328638,2506,2649
DJI,Djibouti,2007,,3664,0.398486823,5114,0.00007815187564120,2543,2803
DJI,Djibouti,2008,,4140,0.440882266,6407,0.00009100224997383,2809,3126
DJI,Djibouti,2009,,4517,0.473020852,7908,0.00010839628521353,2549,2653
DJI,Djibouti,2010,,4642,0.479158729,9182,0.00012385169975460,2379,2295
DJI,Djibouti,2011,,4877,0.501072645,10430,0.00013398974260781,3004,2972
DJI,Djibouti,2012,,5182,0.5322299,11550,0.00014487584121525,3354,3214
DJI,Djibouti,2013,,5866,0.609330475,7996,0.00010019487672253,3726,3288
DJI,Djibouti,2014,,6675,0.700213909,8380,0.00010572166502243,3968,3490
DJI,Djibouti,2015,,7623,0.807747364,9101,0.00011524299043231,4407,4309
DJI,Djibouti,2016,,8514,0.90884155,9033,0.00011527777678566,4417,4318
DJI,Djibouti,2017,,9334,1,9334,0.00011952086060774,4561,4092
DJI,Djibouti,2018,,10178,1.093549013,10161,0.00012875598622486,6440,5807
DJI,Djibouti,2019,,10997,1.186707854,10992,0.00013636931544170,6892,6096
DMA,Dominica,1950,,,,,,,
DMA,Dominica,1951,,,,,,,
DMA,Dominica,1952,,,,,,,
DMA,Dominica,1953,,,,,,,
DMA,Dominica,1954,,,,,,,
DMA,Dominica,1955,,,,,,,
DMA,Dominica,1956,,,,,,,
DMA,Dominica,1957,,,,,,,
DMA,Dominica,1958,,,,,,,
DMA,Dominica,1959,,,,,,,
DMA,Dominica,1960,,,,,,,
DMA,Dominica,1961,,,,,,,
DMA,Dominica,1962,,,,,,,
DMA,Dominica,1963,,,,,,,
DMA,Dominica,1964,,,,,,,
DMA,Dominica,1965,,,,,,,
DMA,Dominica,1966,,,,,,,
DMA,Dominica,1967,,,,,,,
DMA,Dominica,1968,,,,,,,
DMA,Dominica,1969,,,,,,,
DMA,Dominica,1970,,514,,137,,246,286
DMA,Dominica,1971,,564,,163,,260,312
DMA,Dominica,1972,,597,,178,,287,336
DMA,Dominica,1973,,614,,183,,318,359
DMA,Dominica,1974,,610,,179,,302,324
DMA,Dominica,1975,,629,,185,,318,342
DMA,Dominica,1976,,644,,188,,335,359
DMA,Dominica,1977,,660,,193,,335,359
DMA,Dominica,1978,,683,,200,,373,403
DMA,Dominica,1979,,701,,205,,322,340
DMA,Dominica,1980,,772,,231,,336,364
DMA,Dominica,1981,,815,,247,,389,418
DMA,Dominica,1982,,851,,260,,416,442
DMA,Dominica,1983,,879,,269,,434,458
DMA,Dominica,1984,,935,,288,,436,471
DMA,Dominica,1985,,965,,298,,443,450
DMA,Dominica,1986,,980,,302,,488,493
DMA,Dominica,1987,,1002,,307,,510,527
DMA,Dominica,1988,,1058,,327,,530,550
DMA,Dominica,1989,,1139,,361,,518,547
DMA,Dominica,1990,,1220,,401,,545,572
DMA,Dominica,1991,,1294,,425,,543,568
DMA,Dominica,1992,,1317,,429,,588,592
DMA,Dominica,1993,,1335,,430,,608,602
DMA,Dominica,1994,,1355,,433,,600,591
DMA,Dominica,1995,,1402,,451,,615,629
DMA,Dominica,1996,,1440,,463,,626,668
DMA,Dominica,1997,,1489,,480,,611,613
DMA,Dominica,1998,,1524,,488,,613,546
DMA,Dominica,1999,,1563,,507,,594,552
DMA,Dominica,2000,,1605,,536,,592,611
DMA,Dominica,2001,,1619,,562,,588,494
DMA,Dominica,2002,,1609,,587,,569,482
DMA,Dominica,2003,,1632,,635,,592,504
DMA,Dominica,2004,,1670,,710,,604,502
DMA,Dominica,2005,,1726,,822,,617,528
DMA,Dominica,2006,,1779,,971,,645,554
DMA,Dominica,2007,,1843,,1173,,690,612
DMA,Dominica,2008,,1930,,1461,,748,687
DMA,Dominica,2009,,1998,,1800,,744,624
DMA,Dominica,2010,,2057,,2135,,759,693
DMA,Dominica,2011,,2100,,2306,,769,655
DMA,Dominica,2012,,2132,,2273,,759,694
DMA,Dominica,2013,,2155,,2218,,764,685
DMA,Dominica,2014,,2195,,2226,,796,720
DMA,Dominica,2015,,2218,,2250,,824,710
DMA,Dominica,2016,,2264,,2250,,868,771
DMA,Dominica,2017,,2314,,2314,,798,723
DMA,Dominica,2018,,2509,,2503,,805,710
DMA,Dominica,2019,,2604,,2592,,839,754
DNK,Denmark,1950,2.842176199,203498,,164647,,44044,44726
DNK,Denmark,1951,2.76105547,206159,,166545,,42556,43645
DNK,Denmark,1952,2.682250023,208901,,168575,,44352,44865
DNK,Denmark,1953,2.605693817,214274,,172765,,47557,48077
DNK,Denmark,1954,2.517530441,220242,0.105121464,177509,0.01436471380293370,49182,49612
DNK,Denmark,1955,2.411547661,224170,0.106391408,180361,0.01403394155204300,49079,49300
DNK,Denmark,1956,2.443898201,229794,0.108751796,184960,0.01381021551787850,50035,50228
DNK,Denmark,1957,2.476682901,236846,0.111989498,190465,0.01374484226107600,52157,52652
DNK,Denmark,1958,2.509907246,242210,0.114116967,194510,0.01353366021066900,53747,54169
DNK,Denmark,1959,2.543577433,253100,0.119692706,203576,0.01367812883108850,58781,58632
DNK,Denmark,1960,2.571896791,266627,0.126832962,214827,0.01383218541741370,62302,60326
DNK,Denmark,1961,2.589850664,280517,0.134091347,226366,0.01408782694488760,66079,64412
DNK,Denmark,1962,2.607929945,296390,0.14261663,239678,0.01440198160707950,69689,68890
DNK,Denmark,1963,2.626135349,308810,0.148699611,249805,0.01437219232320790,71011,70217
DNK,Denmark,1964,2.644467831,327463,0.158804849,265290,0.01450247876346110,77169,75940
DNK,Denmark,1965,2.662928343,347703,0.169701502,281997,0.01479127630591390,80936,79500
DNK,Denmark,1966,2.681517601,366773,0.179839358,297087,0.01481715124100450,83692,82164
DNK,Denmark,1967,2.700236797,386514,0.189993441,312811,0.01484324783086780,88682,87164
DNK,Denmark,1968,2.719086409,407701,0.200911716,329569,0.01496010366827250,93826,92603
DNK,Denmark,1969,2.738067865,433576,0.213925347,350238,0.01519946567714210,100991,98838
DNK,Denmark,1970,2.757181644,458623,0.226656303,372146,0.01548747066408400,103103,100476
DNK,Denmark,1971,2.775222301,483244,0.23908931,392399,0.01571973599493500,105669,103585
DNK,Denmark,1972,2.793380976,511135,0.253006458,415167,0.01593909971416000,110397,108264
DNK,Denmark,1973,2.811658382,540517,0.267607599,439514,0.01607237569987770,115883,111613
DNK,Denmark,1974,2.830055475,565338,0.280546218,460552,0.01603902690112590,112218,107063
DNK,Denmark,1975,2.848572731,584859,0.290561914,476687,0.01623978465795520,111763,105830
DNK,Denmark,1976,2.867211342,610327,0.304582417,492330,0.01634855568408970,119161,111793
DNK,Denmark,1977,2.885971785,634305,0.317937702,502194,0.01622533239424230,121876,114387
DNK,Denmark,1978,2.904855251,658215,0.33205992,507852,0.01589756458997730,125946,117482
DNK,Denmark,1979,2.92386198,681154,0.345387578,512804,0.01558986771851780,129657,120827
DNK,Denmark,1980,2.942993164,698407,0.356709391,512183,0.01491936855018140,128014,119332
DNK,Denmark,1981,2.958743095,707356,0.363246828,503359,0.01438373979181050,122989,114809
DNK,Denmark,1982,2.97457695,718675,0.371686935,490928,0.01404382381588220,124740,117610
DNK,Denmark,1983,2.990495682,731000,0.381852031,476436,0.01377009972929950,125405,119285
DNK,Denmark,1984,3.006499529,746679,0.394775897,470373,0.01328992936760190,128039,121653
DNK,Denmark,1985,3.022589207,766690,0.410561532,477354,0.01330643892288210,131545,125290
DNK,Denmark,1986,3.038764954,793218,0.430164754,495708,0.01366985496133570,140264,134359
DNK,Denmark,1987,3.055027246,819179,0.448502123,516355,0.01382725313305850,140462,136779
DNK,Denmark,1988,3.071376324,840295,0.462915957,537783,0.01397510524839160,139609,136917
DNK,Denmark,1989,3.087813139,861370,0.479770094,562961,0.01438698172569270,140848,138080
DNK,Denmark,1990,3.104337931,880297,0.495454788,587138,0.01486152037978170,142334,139331
DNK,Denmark,1991,3.12348175,896235,0.51034224,611133,0.01525197830051180,143347,141363
DNK,Denmark,1992,3.142743587,910231,0.5224424,634059,0.01544329244643450,147313,145668
DNK,Denmark,1993,3.162124395,921282,0.534175754,653864,0.01570405438542370,145434,144260
DNK,Denmark,1994,3.181624651,934759,0.547712803,673275,0.01578274928033350,152461,152667
DNK,Denmark,1995,3.201244831,952296,0.564884186,691007,0.01581894792616370,157281,156206
DNK,Denmark,1996,3.220986605,971622,0.584762275,703727,0.01570868119597430,161985,160882
DNK,Denmark,1997,3.240849733,995462,0.610383034,699358,0.01520264614373450,174573,171864
DNK,Denmark,1998,3.260835648,1021406,0.638807535,695287,0.01481939014047380,182862,181803
DNK,Denmark,1999,3.280944347,1044748,0.665582061,686914,0.01417998503893610,188489,190787
DNK,Denmark,2000,3.301177502,1071186,0.690734148,682733,0.01314936205744740,197998,202640
DNK,Denmark,2001,3.314718723,1095497,0.713926494,695044,0.01294094696640970,198304,202800
DNK,Denmark,2002,3.328315735,1116560,0.734871209,682321,0.01260049082338810,200240,204244
DNK,Denmark,2003,3.341968536,1137350,0.752886593,700790,0.01285551115870480,198346,206070
DNK,Denmark,2004,3.355677128,1159359,0.772127092,731272,0.01337001658976080,209516,217072
DNK,Denmark,2005,3.369441986,1184294,0.792801023,748700,0.01356326229870320,220232,230740
DNK,Denmark,2006,3.383263588,1217829,0.823328197,829215,0.01451484672725200,235327,243850
DNK,Denmark,2007,3.397141695,1249992,0.85176754,864096,0.01476728543639180,244786,249106
DNK,Denmark,2008,3.411076784,1277722,0.876464427,987240,0.01606965065002440,256167,255939
DNK,Denmark,2009,3.425069094,1293353,0.889575362,1057899,0.01778708398342130,246467,250668
DNK,Denmark,2010,3.439118624,1303745,0.898624957,1166865,0.01893791742622850,260797,265459
DNK,Denmark,2011,3.45655489,1314237,0.905411541,1268594,0.01970785111188890,264490,269974
DNK,Denmark,2012,3.47407937,1327064,0.91552794,1262973,0.01888609863817690,267629,267052
DNK,Denmark,2013,3.49169302,1341263,0.927730501,1283871,0.01869609579443930,265701,261746
DNK,Denmark,2014,3.509395599,1356723,0.941951096,1288003,0.01830656453967090,267289,261725
DNK,Denmark,2015,3.527188301,1374837,0.957746327,1292897,0.01817086711525920,277028,268966
DNK,Denmark,2016,3.545071125,1397733,0.978757143,1381088,0.01932069286704060,287780,280381
DNK,Denmark,2017,3.56304431,1422378,1,1422378,0.01964473351836200,308119,296196
DNK,Denmark,2018,3.581108809,1449596,1.024289489,1443952,0.01987994089722630,312982,298318
DNK,Denmark,2019,3.59926486,1477716,1.046926856,1473616,0.01988982222974300,321614,312004
DOM,Dominican Republic,1950,,,,,,,
DOM,Dominican Republic,1951,1.37953043,22228,,10388,,5879,6103
DOM,Dominican Republic,1952,1.379714489,23751,,13680,,5584,6380
DOM,Dominican Republic,1953,1.379898429,24571,,14180,,5450,6430
DOM,Dominican Republic,1954,1.380082369,25271,,14265,,6016,7057
DOM,Dominican Republic,1955,1.380266428,26379,0.015967676,14615,0.00103944842703640,5958,7123
DOM,Dominican Republic,1956,1.380366325,27620,0.016803822,15304,0.00114496110472828,6506,7634
DOM,Dominican Republic,1957,1.380466104,28929,0.017627252,15845,0.00115008908323944,7439,8130
DOM,Dominican Republic,1958,1.380565882,30300,0.018537246,16809,0.00108101475052536,7235,8041
DOM,Dominican Republic,1959,1.38066566,31040,0.019119557,18147,0.00111981679219753,7298,8994
DOM,Dominican Republic,1960,1.380765557,31466,0.019358171,17726,0.00113293109461665,8347,10366
DOM,Dominican Republic,1961,1.388776302,31353,0.019317091,15386,0.00097015971550718,8219,10164
DOM,Dominican Republic,1962,1.396833539,32139,0.019880109,18265,0.00092717935331166,10244,11371
DOM,Dominican Republic,1963,1.404937506,33564,0.020990837,19392,0.00104946875944734,10944,11122
DOM,Dominican Republic,1964,1.41308856,35432,0.022220535,20732,0.00099138438235968,11476,11470
DOM,Dominican Republic,1965,1.421286821,35639,0.022289557,18546,0.00085127056809142,10109,10749
DOM,Dominican Republic,1966,1.437371254,36991,0.023211753,21243,0.00088189786765724,10984,11157
DOM,Dominican Republic,1967,1.453637719,38419,0.024118138,21332,0.00090562691912055,11285,11607
DOM,Dominican Republic,1968,1.470088243,39788,0.024988562,21820,0.00088341819355264,11316,11430
DOM,Dominican Republic,1969,1.486724973,42007,0.026497262,23604,0.00083592307055369,12475,12365
DOM,Dominican Republic,1970,1.503550053,44811,0.028485371,25748,0.00094103277660906,14591,14198
DOM,Dominican Republic,1971,1.519996524,49073,0.031414852,26649,0.00096010614652187,15898,15328
DOM,Dominican Republic,1972,1.53662312,54052,0.035059538,31000,0.00100350042339414,17479,18495
DOM,Dominican Republic,1973,1.553431392,59952,0.039208423,33912,0.00108329218346626,19280,20277
DOM,Dominican Republic,1974,1.570423603,66326,0.043609962,37908,0.00114979897625744,21461,19678
DOM,Dominican Republic,1975,1.587601662,73365,0.048561934,42198,0.00125099637079984,23736,20563
DOM,Dominican Republic,1976,1.609865546,79547,0.052687053,44369,0.00135496968869120,23140,23498
DOM,Dominican Republic,1977,1.632441759,86415,0.057196468,48189,0.00140143744647503,24293,23255
DOM,Dominican Republic,1978,1.655334473,93126,0.061476633,50828,0.00139333005063236,23948,23339
DOM,Dominican Republic,1979,1.678548217,100902,0.066757441,57028,0.00145605090074241,25061,24003
DOM,Dominican Republic,1980,1.702087522,109025,0.072252199,61884,0.00153119431342930,28583,22682
DOM,Dominican Republic,1981,1.722701073,116170,0.077450462,62773,0.00161137641407549,30559,25787
DOM,Dominican Republic,1982,1.741785526,119969,0.080666773,60843,0.00163322780281305,30840,26541
DOM,Dominican Republic,1983,1.761081457,124010,0.084971488,59595,0.00120801094453782,32502,28271
DOM,Dominican Republic,1984,1.78059113,127306,0.090410151,57434,0.00160837511066347,31603,31614
DOM,Dominican Republic,1985,1.80031693,130105,0.093450613,71142,0.00139936397317797,31753,32551
DOM,Dominican Republic,1986,1.823145747,135262,0.096515253,80788,0.00156546535436064,33601,34784
DOM,Dominican Republic,1987,1.846263885,143444,0.102115504,83872,0.00170840788632631,35206,38935
DOM,Dominican Republic,1988,1.869675159,153158,0.108201347,80379,0.00154655613005161,38028,41413
DOM,Dominican Republic,1989,1.893383384,163588,0.114205882,85904,0.00174694729503244,37993,38891
DOM,Dominican Republic,1990,1.917392254,173998,0.251460195,89952,0.00180430791806430,35624,36245
DOM,Dominican Republic,1991,1.942229748,177110,0.259863198,76200,0.00179797993041575,36513,37189
DOM,Dominican Republic,1992,1.967388749,178523,0.264976561,82510,0.00085802242392674,40800,42992
DOM,Dominican Republic,1993,1.992873907,182777,0.270641655,88556,0.00093918398488313,44733,47205
DOM,Dominican Republic,1994,2.018688917,190332,0.28093031,100229,0.00106773560401052,46995,49794
DOM,Dominican Republic,1995,2.044838428,198494,0.28947112,106591,0.00181042798794806,49174,50851
DOM,Dominican Republic,1996,2.067142963,209368,0.301357865,115226,0.00195291975978762,52504,52708
DOM,Dominican Republic,1997,2.089690447,224265,0.323931068,124323,0.00221853144466877,58004,58325
DOM,Dominican Republic,1998,2.112484217,247242,0.365815014,140899,0.00256323255598545,64447,65593
DOM,Dominican Republic,1999,2.135526419,264924,0.394302547,153109,0.00261965813115239,68177,70038
DOM,Dominican Republic,2000,2.158819914,285994,0.428079784,168848,0.00289538898505270,71614,70769
DOM,Dominican Republic,2001,2.175164223,304998,0.459044605,182889,0.00303400959819555,74938,78552
DOM,Dominican Republic,2002,2.191632509,324610,0.488555729,203953,0.00323583907447755,79436,79272
DOM,Dominican Republic,2003,2.20822525,336804,0.506981015,216012,0.00338580878451467,75615,73386
DOM,Dominican Republic,2004,2.224943638,348420,0.523070216,233295,0.00346626411192119,78471,76286
DOM,Dominican Republic,2005,2.241788626,363698,0.548158944,261779,0.00369497411884367,86680,86539
DOM,Dominican Republic,2006,2.277109623,384317,0.577271223,287173,0.00395994726568460,96468,97458
DOM,Dominican Republic,2007,2.312987328,408720,0.611011624,321651,0.00412337202578783,105341,107146
DOM,Dominican Republic,2008,2.349430084,435258,0.646938086,360405,0.00451003573834896,107688,109755
DOM,Dominican Republic,2009,2.386446953,455163,0.674115598,384340,0.00485674990341067,113097,117283
DOM,Dominican Republic,2010,2.424047232,480257,0.710767508,417298,0.00501553714275360,122252,127443
DOM,Dominican Republic,2011,2.470310211,504267,0.742221475,446473,0.00526266684755683,125250,129847
DOM,Dominican Republic,2012,2.517455816,528040,0.77574873,473901,0.00536647718399763,128320,131445
DOM,Dominican Republic,2013,2.563696623,550321,0.805811405,499812,0.00529298512265086,131475,133847
DOM,Dominican Republic,2014,2.596536398,575896,0.839603961,531488,0.00548141635954380,140193,141573
DOM,Dominican Republic,2015,2.629796743,609376,0.887655973,587712,0.00601914618164301,153845,155511
DOM,Dominican Republic,2016,2.663483381,648301,0.944096029,635833,0.00654755113646388,165749,168125
DOM,Dominican Republic,2017,2.697601318,685853,1,685853,0.00695775263011456,170902,174066
DOM,Dominican Republic,2018,2.732156277,729583,1.065410733,728106,0.00735544506460428,179348,182310
DOM,Dominican Republic,2019,2.767153978,776864,1.136427522,775810,0.00765922106802464,190204,192886
DZA,Algeria,1950,,,,,,,
DZA,Algeria,1951,,,,,,,
DZA,Algeria,1952,,,,,,,
DZA,Algeria,1953,,,,,,,
DZA,Algeria,1954,,,,,,,
DZA,Algeria,1955,,,,,,,
DZA,Algeria,1956,,,,,,,
DZA,Algeria,1957,,,,,,,
DZA,Algeria,1958,,,,,,,
DZA,Algeria,1959,,,,,,,
DZA,Algeria,1960,1.137280583,262812,,350420,,64907,119033
DZA,Algeria,1961,1.140638232,273902,,363614,,57718,100861
DZA,Algeria,1962,1.144005775,275436,,365830,,44649,52486
DZA,Algeria,1963,1.147383332,278768,,369840,,54245,62272
DZA,Algeria,1964,1.150770783,278989,,370303,,57767,65276
DZA,Algeria,1965,1.154168248,279839,,370918,,62904,69741
DZA,Algeria,1966,1.157575846,277878,,368321,,55905,63045
DZA,Algeria,1967,1.160993338,280544,,371254,,64706,70165
DZA,Algeria,1968,1.164421082,286030,,377675,,69924,79195
DZA,Algeria,1969,1.167858839,295078,,388493,,75957,85981
DZA,Algeria,1970,1.171306729,308768,,406246,,86291,99427
DZA,Algeria,1971,1.179180861,319597,,419677,,84673,96588
DZA,Algeria,1972,1.187107921,332312,,436274,,96268,109763
DZA,Algeria,1973,1.195088148,347318,,454662,,104614,120252
DZA,Algeria,1974,1.203122139,367946,,479330,,150863,154625
DZA,Algeria,1975,1.211210132,395276,,512832,,146542,166685
DZA,Algeria,1976,1.219352484,425057,,548436,,157276,168050
DZA,Algeria,1977,1.227549553,462976,,593018,,171348,185922
DZA,Algeria,1978,1.235801816,508050,,646316,,185516,209207
DZA,Algeria,1979,1.244109511,545100,,691623,,217672,224950
DZA,Algeria,1980,1.252472997,580518,,733567,,240643,228371
DZA,Algeria,1981,1.276362181,616461,,781525,,259710,251713
DZA,Algeria,1982,1.300706983,653063,,831882,,262572,263497
DZA,Algeria,1983,1.325516224,692112,,879884,,274889,276362
DZA,Algeria,1984,1.350798607,732706,,931822,,285433,285711
DZA,Algeria,1985,1.376563311,774056,,987297,,300712,301859
DZA,Algeria,1986,1.402819276,810174,,1038457,,250453,256790
DZA,Algeria,1987,1.429576159,834536,,1072998,,241952,246501
DZA,Algeria,1988,1.456843257,856070,,1104007,,220622,222903
DZA,Algeria,1989,1.484630585,880462,,1141074,,224482,228090
DZA,Algeria,1990,1.512947917,903491,,1172779,,232893,236370
DZA,Algeria,1991,1.551546216,917830,,1190070,,240279,225748
DZA,Algeria,1992,1.591129184,933191,,1213251,,234894,236503
DZA,Algeria,1993,1.631722093,946888,,1237234,,219449,221539
DZA,Algeria,1994,1.673350573,960692,,1258538,,213923,221378
DZA,Algeria,1995,1.714343071,975651,,1278825,,219606,229568
DZA,Algeria,1996,1.747206092,991595,,1300368,,241002,238995
DZA,Algeria,1997,1.780699015,1007399,,1323543,,243581,232656
DZA,Algeria,1998,1.814833999,1025058,,1357583,,239312,243906
DZA,Algeria,1999,1.849623203,1043421,,1385951,,258346,256097
DZA,Algeria,2000,1.885079503,1063877,,1412961,,322710,287647
DZA,Algeria,2001,1.900014639,1087187,,1451823,,313130,288548
DZA,Algeria,2002,1.915068269,1114822,,1500260,,321209,306327
DZA,Algeria,2003,1.930240989,1144415,,1553178,,355456,335290
DZA,Algeria,2004,1.94553411,1177760,,1612906,,375367,356246
DZA,Algeria,2005,1.960948229,1214497,,1680906,,441174,404565
DZA,Algeria,2006,1.976484537,1254648,,1752150,,485222,440115
DZA,Algeria,2007,1.992143989,1302238,,1832375,,480362,451934
DZA,Algeria,2008,2.007927418,1359704,,1929020,,514266,481885
DZA,Algeria,2009,2.023835897,1424795,,2032260,,443476,449178
DZA,Algeria,2010,2.039870501,1493481,,2139252,,510198,512949
DZA,Algeria,2011,2.075508595,1563324,,2235085,,566175,556660
DZA,Algeria,2012,2.111769199,1636603,,2091271,,548297,541910
DZA,Algeria,2013,2.148663521,1719062,,2138249,,517822,522077
DZA,Algeria,2014,2.186202288,1808026,,2229106,,511422,520381
DZA,Algeria,2015,2.224396706,1902996,,2254579,,466176,492455
DZA,Algeria,2016,2.263258696,1999681,,2187065,,447193,474045
DZA,Algeria,2017,2.302799463,2097518,,2097518,,452337,472188
DZA,Algeria,2018,2.34303093,2197308,,2191623,,480473,496910
DZA,Algeria,2019,2.383965492,2295365,,2290438,,487571,503848
ECU,Ecuador,1950,1.502681613,66824,,28017,,11421,11353
ECU,Ecuador,1951,1.515230775,71424,,29676,,11894,11806
ECU,Ecuador,1952,1.527884603,74974,,31249,,13076,12976
ECU,Ecuador,1953,1.540644169,80488,,33384,,13859,13773
ECU,Ecuador,1954,1.553510308,88016,0.067072295,36257,0.00300643686205149,15353,15277
ECU,Ecuador,1955,1.566483855,95886,0.073463343,39281,0.00320828449912369,15919,15768
ECU,Ecuador,1956,1.585570574,103293,0.079401568,42176,0.00336004607379436,16375,16215
ECU,Ecuador,1957,1.60488987,110164,0.084833957,44738,0.00345938536338508,16974,16724
ECU,Ecuador,1958,1.624444604,116336,0.089622907,47211,0.00351375993341208,17304,17071
ECU,Ecuador,1959,1.644237518,123209,0.094984367,50049,0.00362873938865960,18224,17971
ECU,Ecuador,1960,1.664271712,130993,0.101122007,52998,0.00368053768761456,19491,19135
ECU,Ecuador,1961,1.677158356,138794,0.1072708,55936,0.00372699461877346,20324,20002
ECU,Ecuador,1962,1.690144777,145565,0.112484112,58824,0.00372291542589664,21137,20737
ECU,Ecuador,1963,1.703231812,152428,0.117936693,61617,0.00371810095384717,21510,21216
ECU,Ecuador,1964,1.714628458,159775,0.124024741,64467,0.00375828449614346,23108,22896
ECU,Ecuador,1965,1.724625945,167016,0.129831865,67179,0.00372377550229430,23798,23650
ECU,Ecuador,1966,1.734681726,174547,0.13596569,70517,0.00371236749924719,24630,24468
ECU,Ecuador,1967,1.744796157,184483,0.144572377,75096,0.00376654556021094,26570,26415
ECU,Ecuador,1968,1.754969597,194691,0.153485924,79491,0.00382249034009874,27970,27799
ECU,Ecuador,1969,1.765202284,203370,0.160547137,82943,0.00380283966660500,28651,28599
ECU,Ecuador,1970,1.775494576,212675,0.16814141,87068,0.00376950064674020,31033,30846
ECU,Ecuador,1971,1.794371843,226393,0.179369628,91451,0.00392508553341031,32671,32937
ECU,Ecuador,1972,1.81344986,238420,0.189483285,96688,0.00409137224778533,32978,33295
ECU,Ecuador,1973,1.832730651,249995,0.199856251,102744,0.00412768591195345,35645,37145
ECU,Ecuador,1974,1.852216482,261808,0.210728407,106921,0.00410475628450513,44593,45392
ECU,Ecuador,1975,1.871909618,278176,0.225456953,113434,0.00432543316856027,48437,49810
ECU,Ecuador,1976,1.891811967,294865,0.240278512,120354,0.00445746397599578,52402,53256
ECU,Ecuador,1977,1.911926031,313397,0.256758571,128075,0.00458213454112411,55164,55015
ECU,Ecuador,1978,1.932253838,333391,0.275555193,136702,0.00469724368304014,56846,58152
ECU,Ecuador,1979,1.95279789,351779,0.292579979,143766,0.00476740580052137,60616,60800
ECU,Ecuador,1980,1.973560214,370472,0.310572207,150187,0.00475964788347483,64120,63807
ECU,Ecuador,1981,1.996592402,386916,0.32627517,159364,0.00485310144722462,65812,65792
ECU,Ecuador,1982,2.019893408,401955,0.340382785,167052,0.00508353719487786,64745,64939
ECU,Ecuador,1983,2.043466091,410842,0.346930951,166417,0.00507965870201588,62766,63042
ECU,Ecuador,1984,2.067314148,419039,0.354605496,169211,0.00499388342723250,63291,63196
ECU,Ecuador,1985,2.091440439,429208,0.364286542,174246,0.00502067757770419,66351,65315
ECU,Ecuador,1986,2.115848303,440364,0.37615326,181025,0.00521567696705461,62914,62675
ECU,Ecuador,1987,2.140541077,451468,0.391642481,184662,0.00511728320270777,61601,61827
ECU,Ecuador,1988,2.16552186,459997,0.400100917,191781,0.00497820926830173,60017,59330
ECU,Ecuador,1989,2.19079423,467477,0.406191796,197284,0.00488934339955449,60886,60161
ECU,Ecuador,1990,2.216361523,473372,0.411186785,203163,0.00481755146756768,64687,63377
ECU,Ecuador,1991,2.239013672,481008,0.418377906,209868,0.00480047194287181,66589,65362
ECU,Ecuador,1992,2.261897087,488490,0.4264355,216865,0.00487534794956446,67969,68153
ECU,Ecuador,1993,2.285014391,495479,0.434126019,224154,0.00494979368522763,63054,62634
ECU,Ecuador,1994,2.308368206,503598,0.443180889,230439,0.00502920430153608,64425,64189
ECU,Ecuador,1995,2.33196044,510993,0.45084548,236384,0.00502588879317045,64470,64473
ECU,Ecuador,1996,2.355793953,517316,0.456833065,241051,0.00496345805004239,64825,64347
ECU,Ecuador,1997,2.37987113,525709,0.46614179,250059,0.00495195481926203,68164,67878
ECU,Ecuador,1998,2.404194117,535342,0.476718754,264345,0.00509427255019546,68630,69627
ECU,Ecuador,1999,2.428765774,536444,0.476398855,275895,0.00515953684225678,66959,66061
ECU,Ecuador,2000,2.453588724,540919,0.47907415,293672,0.00512756640091538,71351,70227
ECU,Ecuador,2001,2.484276533,550807,0.488440394,319964,0.00545785296708345,73872,75101
ECU,Ecuador,2002,2.515348196,566169,0.503815949,351586,0.00606616167351604,81452,83044
ECU,Ecuador,2003,2.546808481,581052,0.519213796,386026,0.00663519231602550,87192,87782
ECU,Ecuador,2004,2.572543621,597252,0.536081254,424654,0.00724485469982028,96435,97765
ECU,Ecuador,2005,2.594162464,616727,0.557000697,462319,0.00796984415501356,109603,110989
ECU,Ecuador,2006,2.615962982,637215,0.579408705,497167,0.00859815813601017,118094,119249
ECU,Ecuador,2007,2.637946844,658347,0.604380429,528951,0.00910387933254242,124956,126027
ECU,Ecuador,2008,2.660115242,685858,0.640715003,569672,0.00990545842796564,138892,139591
ECU,Ecuador,2009,2.682470083,709843,0.667262137,608415,0.01081347092986110,135568,136766
ECU,Ecuador,2010,2.70501256,738240,0.706475377,644770,0.01184781361371280,144441,147647
ECU,Ecuador,2011,2.71133709,773267,0.754163563,684917,0.01267075538635250,160904,163852
ECU,Ecuador,2012,2.71767664,813833,0.805099905,719100,0.01308934390544890,171616,173432
ECU,Ecuador,2013,2.724030972,859932,0.860455513,768557,0.01291322428733110,182068,187079
ECU,Ecuador,2014,2.730400085,905776,0.912044823,826511,0.01307793054729700,190250,191870
ECU,Ecuador,2015,2.736783981,945003,0.949673057,875818,0.01296558976173400,182704,183885
ECU,Ecuador,2016,2.743182898,976122,0.967607737,938969,0.01275565568357710,181166,181099
ECU,Ecuador,2017,2.749596596,1010834,1,1010834,0.01301216706633570,191678,191573
ECU,Ecuador,2018,2.756025553,1046194,1.037197351,1043321,0.01274096965789790,194713,195984
ECU,Ecuador,2019,2.76246953,1077958,1.061523914,1075764,0.01251560542732480,194528,194288
EGY,Egypt,1950,1.078403831,14573,,4735,,14012,13537
EGY,Egypt,1951,1.080399752,15036,,4873,,14551,13969
EGY,Egypt,1952,1.082399368,15615,,5060,,13472,13545
EGY,Egypt,1953,1.084402561,16355,,5289,,13538,13643
EGY,Egypt,1954,1.086409569,17113,0.010775661,5523,0.00042612742981874,14368,14159
EGY,Egypt,1955,1.088420272,17888,0.011302927,5771,0.00043317550444044,15009,14622
EGY,Egypt,1956,1.09310782,18291,0.011570989,5900,0.00042511540232226,15460,15073
EGY,Egypt,1957,1.097815394,18756,0.011882409,6039,0.00042133667739108,16113,15659
EGY,Egypt,1958,1.102543354,19298,0.012245778,6206,0.00041858549229801,16353,16137
EGY,Egypt,1959,1.107291698,20125,0.012802403,6468,0.00041822940693237,18021,17565
EGY,Egypt,1960,1.112060428,20884,0.01330838,6668,0.00041446796967648,18857,18414
EGY,Egypt,1961,1.118068337,21944,0.014024281,6993,0.00042030320037156,19917,19572
EGY,Egypt,1962,1.124108672,23260,0.014906363,7411,0.00042838184162974,21057,20812
EGY,Egypt,1963,1.13018167,25026,0.01609903,7977,0.00044550947495736,22818,22533
EGY,Egypt,1964,1.136287332,26950,0.017397702,8586,0.00045368820428848,25811,25480
EGY,Egypt,1965,1.142426133,29263,0.018967597,9316,0.00047458760673180,26948,26454
EGY,Egypt,1966,1.148598075,30784,0.019976517,9780,0.00047439293120988,28058,27518
EGY,Egypt,1967,1.154803276,31843,0.020633081,10132,0.00046977610327303,29270,28640
EGY,Egypt,1968,1.161042094,32681,0.021144051,10410,0.00045892494381405,32496,31775
EGY,Egypt,1969,1.167314649,34198,0.022130618,10902,0.00046144271618687,34973,34314
EGY,Egypt,1970,1.173620939,35922,0.023280744,11459,0.00046656111953780,39655,39606
EGY,Egypt,1971,1.183831334,37124,0.024094498,11847,0.00047903883387335,40483,40696
EGY,Egypt,1972,1.194130659,38260,0.024854908,12223,0.00049465574556962,43162,43400
EGY,Egypt,1973,1.20451951,40488,0.02636485,12889,0.00052286358550191,43350,43461
EGY,Egypt,1974,1.214998722,43048,0.028154079,13673,0.00055656261974946,48015,45065
EGY,Egypt,1975,1.225569129,46485,0.030580418,14705,0.00062253983924165,50027,50260
EGY,Egypt,1976,1.236231446,53739,0.03569223,16921,0.00074317376129329,51421,52022
EGY,Egypt,1977,1.246986508,60529,0.040530473,18870,0.00084753503324464,54609,55069
EGY,Egypt,1978,1.257835269,67699,0.045701046,20919,0.00095201988006011,57049,58616
EGY,Egypt,1979,1.268778324,79298,0.053935189,24350,0.00112152530346066,56417,58804
EGY,Egypt,1980,1.279816628,93788,0.064108931,28795,0.00130662124138325,58528,60951
EGY,Egypt,1981,1.315551639,109097,0.075895503,33290,0.00150282378308475,67535,71318
EGY,Egypt,1982,1.352284431,127344,0.089247368,39028,0.00175898137968034,68131,73001
EGY,Egypt,1983,1.390042901,142872,0.10055612,43881,0.00196485966444016,78261,84129
EGY,Egypt,1984,1.428855658,155952,0.109785236,48298,0.00204153358936310,88120,93090
EGY,Egypt,1985,1.468752146,168193,0.116680227,52538,0.00208378839306533,94769,96671
EGY,Egypt,1986,1.509762645,179188,0.123038188,57044,0.00212621805258095,96289,100167
EGY,Egypt,1987,1.551918268,199323,0.136352345,65660,0.00230690208263695,99365,102290
EGY,Egypt,1988,1.595250845,219338,0.149569869,75826,0.00254497607238591,98463,101005
EGY,Egypt,1989,1.639793396,241037,0.162943035,89576,0.00282138260081410,110097,112342
EGY,Egypt,1990,1.685579658,262564,0.176625594,106791,0.00321504240855575,124444,130444
EGY,Egypt,1991,1.716922879,283092,0.189588457,126450,0.00365486205555499,144135,152453
EGY,Egypt,1992,1.742876768,300861,0.200795934,149600,0.00411044200882316,159701,169108
EGY,Egypt,1993,1.769222856,323326,0.215168357,180072,0.00476743513718247,187038,196588
EGY,Egypt,1994,1.795967221,350997,0.233511448,218328,0.00558729749172926,213208,225212
EGY,Egypt,1995,1.823115945,378109,0.252202123,258689,0.00635869568213820,251554,269681
EGY,Egypt,1996,1.850674987,406640,0.272203594,292906,0.00684564327821136,303415,326086
EGY,Egypt,1997,1.878650665,439853,0.295401216,319293,0.00705547491088510,315583,334296
EGY,Egypt,1998,1.907049179,480610,0.323988169,350060,0.00740322005003691,316384,338435
EGY,Egypt,1999,1.935877085,520003,0.35075137,379229,0.00764609593898058,334144,355102
EGY,Egypt,2000,1.9651407,560637,0.377779603,410781,0.00775516033172607,349713,364626
EGY,Egypt,2001,2.001130819,597690,0.40166235,443685,0.00799446273595095,367377,383772
EGY,Egypt,2002,2.037780046,637726,0.427413225,482009,0.00856778305023909,378529,396251
EGY,Egypt,2003,2.075100422,674505,0.45086652,519581,0.00904761906713247,394343,411483
EGY,Egypt,2004,2.113104343,713266,0.474877298,562100,0.00938333384692669,412447,431321
EGY,Egypt,2005,2.151804447,760059,0.505156159,615195,0.01021649222821000,434076,461372
EGY,Egypt,2006,2.191213131,815861,0.5428195,687778,0.01112280227243900,477622,497284
EGY,Egypt,2007,2.231343746,889011,0.592853963,793658,0.01227061077952380,546713,574792
EGY,Egypt,2008,2.272209167,977487,0.657512009,932308,0.01419906038790940,625460,691868
EGY,Egypt,2009,2.313822985,1045412,0.704286873,1069812,0.01638958789408210,705590,749498
EGY,Egypt,2010,2.356199026,1119461,0.757332146,1214617,0.01891243271529670,800276,858850
EGY,Egypt,2011,2.395590305,1174976,0.795954406,1317533,0.02048896998167040,895599,971614
EGY,Egypt,2012,2.435640097,1222942,0.827653289,1381673,0.02042440138757230,1029295,1120482
EGY,Egypt,2013,2.476359606,1259184,0.851394057,1381457,0.01977061480283740,1028737,1117041
EGY,Egypt,2014,2.5177598,1294754,0.875364184,1307645,0.01787684857845310,1023232,1110124
EGY,Egypt,2015,2.559852123,1341898,0.909143031,1469065,0.01947528496384620,1067189,1162537
EGY,Egypt,2016,2.588629961,1401094,0.953191459,1503705,0.01931896619498730,1031618,1140697
EGY,Egypt,2017,2.617687941,1465420,1,1465420,0.01799196004867550,1005486,1158246
EGY,Egypt,2018,2.647072315,1549322,1.062539935,1540310,0.01850169152021410,1055879,1209516
EGY,Egypt,2019,2.676786423,1651277,1.136604548,1635932,0.01910340599715710,1100661,1212398
ESP,Spain,1950,1.871699572,640898,,339169,,110010,109208
ESP,Spain,1951,1.871073842,670740,,353050,,128734,128593
ESP,Spain,1952,1.870448351,694462,,366338,,134835,135437
ESP,Spain,1953,1.869823098,719758,,380665,,129930,130734
ESP,Spain,1954,1.869198084,758051,0.048459541,401422,0.03136846423149110,146587,147424
ESP,Spain,1955,1.868573189,801295,0.051640645,423765,0.03212126716971400,153589,154754
ESP,Spain,1956,1.882970691,850275,0.0551579,451823,0.03310385346412660,164302,165414
ESP,Spain,1957,1.897479177,901391,0.058935642,477018,0.03435017913579940,171831,172341
ESP,Spain,1958,1.912099361,958375,0.06307026,505961,0.03564501553773880,179379,180165
ESP,Spain,1959,1.926832318,990160,0.065207183,523579,0.03547691553831100,174406,175171
ESP,Spain,1960,1.941678643,1031462,0.068192422,545601,0.03529303893446920,194625,195454
ESP,Spain,1961,1.952596903,1097892,0.073125057,578894,0.03659187257289890,217137,219146
ESP,Spain,1962,1.963576436,1186316,0.080171868,623636,0.03857928514480590,238132,241519
ESP,Spain,1963,1.97461772,1282822,0.088014416,672815,0.04013580456376080,260323,263998
ESP,Spain,1964,1.985721231,1384216,0.095700026,725777,0.04089136794209480,273276,277118
ESP,Spain,1965,1.996887088,1506267,0.105251119,786422,0.04274007305502890,288814,293117
ESP,Spain,1966,2.00811553,1644526,0.116352245,854655,0.04403591528534890,312978,315906
ESP,Spain,1967,2.019407511,1775669,0.125996351,918795,0.04462038725614550,331831,333149
ESP,Spain,1968,2.030762672,1915862,0.135698467,990116,0.04546790570020680,355410,357069
ESP,Spain,1969,2.04218173,2086380,0.148254499,1075882,0.04730160534381870,388360,390010
ESP,Spain,1970,2.053665161,2245715,0.159956798,1155468,0.04866702854633330,404801,406010
ESP,Spain,1971,2.068417549,2390138,0.170337543,1230933,0.04942387714982030,425417,425191
ESP,Spain,1972,2.083275795,2563363,0.18367137,1318767,0.05037418007850650,460887,459406
ESP,Spain,1973,2.098241091,2763127,0.199504793,1429933,0.05202660337090490,493709,490597
ESP,Spain,1974,2.113313675,2970636,0.216740951,1540575,0.05278955772519110,510766,510035
ESP,Spain,1975,2.128494501,3151051,0.231312588,1651009,0.05450474098324780,519909,515116
ESP,Spain,1976,2.143784523,3319837,0.244612589,1783906,0.05707746744155880,542847,537583
ESP,Spain,1977,2.159184217,3478565,0.257001221,1984042,0.06095060706138610,566057,560766
ESP,Spain,1978,2.174694538,3623816,0.268630713,2235281,0.06408487260341640,588513,577321
ESP,Spain,1979,2.190316439,3751188,0.27824375,2502622,0.06902375072240830,599581,582282
ESP,Spain,1980,2.206050396,3876986,0.28818503,2662028,0.07009362429380420,613131,602433
ESP,Spain,1981,2.227530479,3994109,0.297404975,2648897,0.06801702827215190,575943,572464
ESP,Spain,1982,2.249219418,4109549,0.306592286,2520224,0.06548231095075610,561682,557666
ESP,Spain,1983,2.271119595,4217587,0.315740496,2344946,0.06233387812972070,545797,546756
ESP,Spain,1984,2.293233156,4309228,0.323390782,2229827,0.05769678950309750,536642,536353
ESP,Spain,1985,2.315562248,4413386,0.332844228,2215102,0.05529425665736200,534378,532047
ESP,Spain,1986,2.338108301,4539508,0.344556034,2306792,0.05566685646772380,572329,566630
ESP,Spain,1987,2.360873938,4692446,0.359903544,2436140,0.05669162049889560,615227,607110
ESP,Spain,1988,2.383861542,4876376,0.378791839,2612497,0.05938258767127990,661753,650334
ESP,Spain,1989,2.407072783,5088940,0.400883794,2834208,0.06343062967062000,707370,693256
ESP,Spain,1990,2.430510044,5312206,0.423301071,3082660,0.06897200644016270,752516,728702
ESP,Spain,1991,2.453719139,5528980,0.444031566,3352775,0.07445254176855090,790415,770102
ESP,Spain,1992,2.477149487,5718562,0.461244375,3624829,0.07904677838087080,814755,781969
ESP,Spain,1993,2.500803947,5866663,0.472845227,3874717,0.08268284052610400,813791,790362
ESP,Spain,1994,2.524683952,6017057,0.485393703,4109572,0.08449692279100420,843055,823722
ESP,Spain,1995,2.548792124,6189095,0.501338303,4325210,0.08581320196390150,886706,863383
ESP,Spain,1996,2.568826914,6362834,0.519353628,4499852,0.08591763675212860,913050,889926
ESP,Spain,1997,2.58531642,6548293,0.540045619,4495347,0.08275916427373890,979493,962653
ESP,Spain,1998,2.601911545,6765435,0.565264702,4527054,0.08027032762765880,1054741,1034531
ESP,Spain,1999,2.618613243,7011161,0.594246089,4559097,0.07788567990064620,1100466,1082305
ESP,Spain,2000,2.635422468,7275641,0.623944879,4550493,0.07340146601200100,1160623,1152032
ESP,Spain,2001,2.6517241,7545500,0.652502,4342541,0.06648628413677220,1206257,1187937
ESP,Spain,2002,2.668126583,7823400,0.679611206,4424054,0.06549169868230820,1259098,1232836
ESP,Spain,2003,2.684630632,8124990,0.709362686,4692765,0.06827747821807860,1290380,1249263
ESP,Spain,2004,2.701236725,8439837,0.740365148,5193777,0.07371467351913450,1355759,1294657
ESP,Spain,2005,2.717945814,8782042,0.774859667,5669476,0.07950852811336520,1469593,1414336
ESP,Spain,2006,2.734758139,9153330,0.81256479,7181496,0.09538918733596800,1608295,1550471
ESP,Spain,2007,2.751674175,9534233,0.852446139,8701185,0.11014598608017000,1718184,1652941
ESP,Spain,2008,2.768695116,9868220,0.886522174,9223727,0.11533461511135100,1754463,1666344
ESP,Spain,2009,2.785821199,10076962,0.903652847,9565092,0.12139043956995000,1685956,1627700
ESP,Spain,2010,2.803053141,10251348,0.920048654,10037753,0.13031618297100100,1667059,1610515
ESP,Spain,2011,2.82275176,10379542,0.93250227,10087425,0.13126805424690200,1661607,1596815
ESP,Spain,2012,2.842588425,10466117,0.941668272,10325998,0.13194733858108500,1638127,1584274
ESP,Spain,2013,2.862564802,10531074,0.949113846,10032682,0.12510079145431500,1608673,1554870
ESP,Spain,2014,2.88268137,10610865,0.958803594,10367225,0.12436963617801700,1612164,1553683
ESP,Spain,2015,2.902939558,10707766,0.971105814,10462132,0.12115818262100200,1700789,1663266
ESP,Spain,2016,2.923339844,10807956,0.983906925,10963548,0.12359349429607400,1771253,1737725
ESP,Spain,2017,2.943883657,10934969,1,10934969,0.12095028162002600,1853309,1815915
ESP,Spain,2018,2.964571714,11086746,1.018407941,11095898,0.12051954865455600,1895817,1850084
ESP,Spain,2019,2.985405207,11244754,1.03731811,11333968,0.11952134966850300,1926702,1889427
EST,Estonia,1950,,,,,,,
EST,Estonia,1951,,,,,,,
EST,Estonia,1952,,,,,,,
EST,Estonia,1953,,,,,,,
EST,Estonia,1954,,,,,,,
EST,Estonia,1955,,,,,,,
EST,Estonia,1956,,,,,,,
EST,Estonia,1957,,,,,,,
EST,Estonia,1958,,,,,,,
EST,Estonia,1959,,,,,,,
EST,Estonia,1960,,,,,,,
EST,Estonia,1961,,,,,,,
EST,Estonia,1962,,,,,,,
EST,Estonia,1963,,,,,,,
EST,Estonia,1964,,,,,,,
EST,Estonia,1965,,,,,,,
EST,Estonia,1966,,,,,,,
EST,Estonia,1967,,,,,,,
EST,Estonia,1968,,,,,,,
EST,Estonia,1969,,,,,,,
EST,Estonia,1970,,,,,,,
EST,Estonia,1971,,,,,,,
EST,Estonia,1972,,,,,,,
EST,Estonia,1973,,,,,,,
EST,Estonia,1974,,,,,,,
EST,Estonia,1975,,,,,,,
EST,Estonia,1976,,,,,,,
EST,Estonia,1977,,,,,,,
EST,Estonia,1978,,,,,,,
EST,Estonia,1979,,,,,,,
EST,Estonia,1980,,,,,,,
EST,Estonia,1981,,,,,,,
EST,Estonia,1982,,,,,,,
EST,Estonia,1983,,,,,,,
EST,Estonia,1984,,,,,,,
EST,Estonia,1985,,,,,,,
EST,Estonia,1986,,,,,,,
EST,Estonia,1987,,,,,,,
EST,Estonia,1988,,,,,,,
EST,Estonia,1989,,,,,,,
EST,Estonia,1990,2.798409939,94979,,66532,,17103,17423
EST,Estonia,1991,2.843561411,96552,,67475,,18003,17697
EST,Estonia,1992,2.88944149,95693,,67097,,14039,14033
EST,Estonia,1993,2.936061382,95099,,66812,,13435,13318
EST,Estonia,1994,2.983433962,94827,0.39974618,66699,0.00121940241660923,12953,13060
EST,Estonia,1995,3.031570673,94751,0.402262121,66648,0.00127467885613441,14262,14179
EST,Estonia,1996,3.083890438,95362,0.404889196,67251,0.00123490288387984,14818,15032
EST,Estonia,1997,3.137112856,96909,0.41872403,65766,0.00118265312630683,15737,15545
EST,Estonia,1998,3.191254139,99606,0.444168299,62970,0.00113357359077781,16023,15880
EST,Estonia,1999,3.246329546,101315,0.459278554,60549,0.00106733711436391,16053,15839
EST,Estonia,2000,3.302355528,103626,0.478063345,59505,0.00100509286858141,17601,17469
EST,Estonia,2001,3.3172369,106550,0.500948727,60162,0.00096737447893247,18583,18314
EST,Estonia,2002,3.332185507,110838,0.530692041,57993,0.00092485832283273,19981,19691
EST,Estonia,2003,3.347201347,116243,0.569523335,66097,0.00105067843105644,21675,21004
EST,Estonia,2004,3.362284899,121657,0.605060637,72411,0.00114322989247739,23462,22090
EST,Estonia,2005,3.377436399,128291,0.643783808,81681,0.00127388758119196,26996,25694
EST,Estonia,2006,3.396261215,137137,0.700874984,97973,0.00148701132275164,30106,28654
EST,Estonia,2007,3.415191174,146647,0.762287617,111481,0.00164252670947462,34080,32106
EST,Estonia,2008,3.434226513,153469,0.801255763,128714,0.00184217025525868,34612,31490
EST,Estonia,2009,3.453367949,155004,0.799808562,144187,0.00205013132654130,31184,29006
EST,Estonia,2010,3.472615957,156428,0.803342879,152235,0.00213145487941802,32938,30270
EST,Estonia,2011,3.492361784,160792,0.829740703,168838,0.00232321675866842,37046,33329
EST,Estonia,2012,3.51235342,166208,0.864883184,171680,0.00236001843586564,38793,35087
EST,Estonia,2013,3.532593727,171385,0.896977901,177135,0.00238056620582938,38881,35568
EST,Estonia,2014,3.553087234,175911,0.923261583,179884,0.00237141759134829,40025,36253
EST,Estonia,2015,3.573837519,179918,0.945620775,175450,0.00227383757010102,40601,37123
EST,Estonia,2016,3.59484911,184361,0.969494939,180466,0.00230431929230690,42233,38739
EST,Estonia,2017,3.616125584,189562,1,189562,0.00239715934731066,45161,40877
EST,Estonia,2018,3.637671471,194931,1.034155726,194453,0.00243806722573936,46982,42765
EST,Estonia,2019,3.659491062,201493,1.077201843,201316,0.00247061811387539,49077,45079
ETH,Ethiopia,1950,,12633,,5063,,7692,7835
ETH,Ethiopia,1951,,12472,,4968,,8770,8881
ETH,Ethiopia,1952,,12390,,4905,,9143,9172
ETH,Ethiopia,1953,,12654,,4992,,9770,9842
ETH,Ethiopia,1954,,13179,,5195,,9813,9908
ETH,Ethiopia,1955,,13790,,5436,,9988,10104
ETH,Ethiopia,1956,,14257,,5619,,10413,10525
ETH,Ethiopia,1957,,14853,,5853,,10330,10410
ETH,Ethiopia,1958,,16197,,6410,,10382,10497
ETH,Ethiopia,1959,,16813,,6645,,11009,11127
ETH,Ethiopia,1960,1.015876055,18042,,7147,,11642,11653
ETH,Ethiopia,1961,1.015908957,19347,,7685,,12231,12239
ETH,Ethiopia,1962,1.015941858,20753,,8257,,12688,12821
ETH,Ethiopia,1963,1.01597476,22212,,8849,,13019,13128
ETH,Ethiopia,1964,1.016007781,23574,,9388,,13929,13904
ETH,Ethiopia,1965,1.016040683,25082,,9989,,14921,14935
ETH,Ethiopia,1966,1.016073585,26799,,10663,,15419,15521
ETH,Ethiopia,1967,1.016106486,28966,,11526,,15660,15858
ETH,Ethiopia,1968,1.016139507,31142,,12390,,16418,16669
ETH,Ethiopia,1969,1.016172409,33060,,13148,,17648,17688
ETH,Ethiopia,1970,1.016205311,34398,,13737,,17395,17643
ETH,Ethiopia,1971,1.017558575,35881,,14360,,18119,18387
ETH,Ethiopia,1972,1.018913507,37677,,15111,,19006,19234
ETH,Ethiopia,1973,1.020270348,39169,,15689,,19416,19614
ETH,Ethiopia,1974,1.021628976,40297,,16149,,19793,19974
ETH,Ethiopia,1975,1.022989392,41552,,16669,,20395,20584
ETH,Ethiopia,1976,1.024351716,42309,,16951,,21098,21351
ETH,Ethiopia,1977,1.025715709,43006,,17233,,21471,21701
ETH,Ethiopia,1978,1.027081609,43472,,17422,,21721,22089
ETH,Ethiopia,1979,1.028449297,44354,,17824,,22300,22577
ETH,Ethiopia,1980,1.029818773,45684,,18395,,23711,23963
ETH,Ethiopia,1981,1.034170032,47106,,18811,,26447,26831
ETH,Ethiopia,1982,1.038539529,48899,,19137,,28946,29530
ETH,Ethiopia,1983,1.042927623,50558,,19418,,33472,34494
ETH,Ethiopia,1984,1.047334194,53202,,20395,,33789,34870
ETH,Ethiopia,1985,1.051759362,54609,,21190,,36336,37147
ETH,Ethiopia,1986,1.056203365,56359,,22293,,35708,36668
ETH,Ethiopia,1987,1.060665965,58820,,23863,,35205,36438
ETH,Ethiopia,1988,1.065147519,61876,,25691,,34759,35987
ETH,Ethiopia,1989,1.069648027,64522,,27664,,32720,33501
ETH,Ethiopia,1990,1.07416749,66113,,29347,,37272,38419
ETH,Ethiopia,1991,1.085184574,66935,,30910,,34603,34861
ETH,Ethiopia,1992,1.096314669,67069,,32613,,30956,31428
ETH,Ethiopia,1993,1.107558966,67904,,35096,,33259,34620
ETH,Ethiopia,1994,1.118918538,69627,,38523,,31092,32422
ETH,Ethiopia,1995,1.130394578,70270,,41995,,34659,36660
ETH,Ethiopia,1996,1.141988397,72313,,46942,,35680,37432
ETH,Ethiopia,1997,1.153701067,73380,,52197,,39291,40821
ETH,Ethiopia,1998,1.1655339,74933,,59029,,35428,37644
ETH,Ethiopia,1999,1.177488089,76529,,66752,,36306,39073
ETH,Ethiopia,2000,1.189564943,79414,,76646,,36619,38465
ETH,Ethiopia,2001,1.198455572,83176,,89282,,40839,45022
ETH,Ethiopia,2002,1.20741272,86562,,103490,,37197,40100
ETH,Ethiopia,2003,1.216436863,89423,,117794,,37319,42961
ETH,Ethiopia,2004,1.225528359,95268,,135902,,44803,50929
ETH,Ethiopia,2005,1.234687805,100905,,152424,,53126,61247
ETH,Ethiopia,2006,1.243915796,107467,,168805,,54797,62097
ETH,Ethiopia,2007,1.25321269,114166,,185151,,66378,74285
ETH,Ethiopia,2008,1.262579083,122172,,203587,,71991,81371
ETH,Ethiopia,2009,1.272015452,134942,,227712,,79367,86478
ETH,Ethiopia,2010,1.281522393,150835,,254679,,90240,101705
ETH,Ethiopia,2011,1.299747348,173545,,287235,,103267,114627
ETH,Ethiopia,2012,1.318231583,207680,,292316,,114180,123944
ETH,Ethiopia,2013,1.336978674,242422,,294005,,121083,133359
ETH,Ethiopia,2014,1.355992317,287462,,344160,,142613,163323
ETH,Ethiopia,2015,1.375276327,342242,,386713,,160869,177017
ETH,Ethiopia,2016,1.394834638,402692,,413581,,187330,203808
ETH,Ethiopia,2017,1.414671063,470385,,470385,,201765,215542
ETH,Ethiopia,2018,1.434789658,539104,,539754,,228577,247309
ETH,Ethiopia,2019,1.455194354,628308,,630307,,284914,304723
FIN,Finland,1950,2.119247437,95756,,103052,,25721,25995
FIN,Finland,1951,2.12714982,103384,,110489,,30931,29410
FIN,Finland,1952,2.13508153,112087,,119546,,31493,30379
FIN,Finland,1953,2.143043041,118136,,125608,,30298,30269
FIN,Finland,1954,2.151034117,126647,0.088637695,134378,0.01137217227369550,33804,33416
FIN,Finland,1955,2.159054756,136294,0.096259832,144389,0.01192385517060760,36898,35955
FIN,Finland,1956,2.166758776,146069,0.104096979,154675,0.01242186781018970,37621,36690
FIN,Finland,1957,2.174490213,155038,0.110766619,163760,0.01278820168226960,37506,37017
FIN,Finland,1958,2.182249308,163035,0.116816156,171980,0.01311199553310870,37597,37370
FIN,Finland,1959,2.190036058,172409,0.124496326,181982,0.01361232716590170,40464,40254
FIN,Finland,1960,2.197850704,184723,0.135140762,195551,0.01410296652466060,44672,43335
FIN,Finland,1961,2.218259096,198143,0.146549493,209541,0.01470614317804570,48765,47268
FIN,Finland,1962,2.238857031,210258,0.156621292,222593,0.01507978513836860,49290,48542
FIN,Finland,1963,2.259646416,220086,0.163755387,232904,0.01511447597295050,50422,49225
FIN,Finland,1964,2.280628681,231110,0.172155946,244374,0.01515691261738540,52985,50854
FIN,Finland,1965,2.301805735,245718,0.183793873,259975,0.01528540253639220,56626,54116
FIN,Finland,1966,2.323179722,259491,0.194676131,274162,0.01535655558109280,58221,56155
FIN,Finland,1967,2.344751835,271443,0.202878177,286386,0.01508955005556340,59500,58082
FIN,Finland,1968,2.366524458,283096,0.210962132,298595,0.01489108335226770,62074,61479
FIN,Finland,1969,2.388499022,297069,0.221749529,313151,0.01487635541707280,68795,67839
FIN,Finland,1970,2.41067791,316436,0.237346247,336332,0.01540054753422740,74868,73423
FIN,Finland,1971,2.446342707,335903,0.253310084,357619,0.01568645238876340,76270,75178
FIN,Finland,1972,2.482534885,356532,0.27020207,380314,0.01611081324517730,81161,80492
FIN,Finland,1973,2.519262791,379169,0.288004905,404434,0.01640886999666690,87161,85734
FIN,Finland,1974,2.556534052,401895,0.306055456,429750,0.01813514344394210,91157,87457
FIN,Finland,1975,2.58307457,425203,0.325190246,451778,0.01809583231806760,91635,85954
FIN,Finland,1976,2.608741999,444340,0.341632545,471356,0.01722261309623720,90979,85635
FIN,Finland,1977,2.634664297,461323,0.354302555,489372,0.01710259728133680,89735,85753
FIN,Finland,1978,2.660844326,474931,0.362705022,502556,0.01654843427240850,91188,89047
FIN,Finland,1979,2.68728447,489571,0.372992098,518626,0.01564061641693120,99028,95646
FIN,Finland,1980,2.713987112,507521,0.387045175,537177,0.01538403425365690,103921,100164
FIN,Finland,1981,2.73764205,525660,0.402041018,545043,0.01529340632259850,103990,101225
FIN,Finland,1982,2.761502981,545347,0.418207467,535833,0.01507118064910170,106024,103023
FIN,Finland,1983,2.78557229,565824,0.434703261,520673,0.01473611313849690,106898,104712
FIN,Finland,1984,2.809850931,585097,0.450300038,512182,0.01415560301393270,109156,107318
FIN,Finland,1985,2.834341288,605593,0.46797514,519094,0.01417701225727800,110815,108888
FIN,Finland,1986,2.859045267,625804,0.486524373,537666,0.01447558123618360,115494,114132
FIN,Finland,1987,2.883964539,647329,0.50747025,563402,0.01476498879492280,120574,118766
FIN,Finland,1988,2.909101009,672440,0.532321036,598940,0.01541895419359210,130217,128082
FIN,Finland,1989,2.934456348,701885,0.562024117,644431,0.01628076098859310,137713,133279
FIN,Finland,1990,2.96003294,727526,0.586769342,690268,0.01727961003780360,135875,131803
FIN,Finland,1991,2.976764202,742722,0.597258866,728592,0.01781559176743030,123648,120567
FIN,Finland,1992,2.993590355,751055,0.602962554,761790,0.01774711534380910,118854,118622
FIN,Finland,1993,3.010511398,753729,0.60469234,786503,0.01784058846533300,117385,117072
FIN,Finland,1994,3.027528048,756730,0.607361257,804058,0.01772047951817510,124165,124312
FIN,Finland,1995,3.044640779,764228,0.617025495,815457,0.01736720092594620,134983,137479
FIN,Finland,1996,3.061850548,775358,0.628186107,786147,0.01643061637878420,136076,135996
FIN,Finland,1997,3.079157591,790534,0.643759847,768056,0.01547475717961790,150322,150801
FIN,Finland,1998,3.096562386,809771,0.664787591,767791,0.01480758655816320,164577,166728
FIN,Finland,1999,3.114065409,829946,0.685776949,760059,0.01413671392947440,172863,175505
FIN,Finland,2000,3.131667376,852070,0.706843615,761066,0.01338661368936300,182375,186014
FIN,Finland,2001,3.151494026,873879,0.727223992,750238,0.01245618984103200,184287,187687
FIN,Finland,2002,3.171446562,892966,0.743669033,717219,0.01169460732489820,183634,187719
FIN,Finland,2003,3.191524982,912896,0.762265265,725139,0.01180443540215490,184573,190083
FIN,Finland,2004,3.21173048,934748,0.782389522,759303,0.01224347017705440,194297,199195
FIN,Finland,2005,3.232064009,957543,0.80375427,801728,0.01283551752567290,204071,208794
FIN,Finland,2006,3.252526522,980225,0.824320614,869539,0.01344821415841580,211943,216734
FIN,Finland,2007,3.273118258,1008114,0.851057649,912416,0.01360986381769180,230654,234936
FIN,Finland,2008,3.293840408,1034946,0.876518965,1034809,0.01499519776552920,242504,239389
FIN,Finland,2009,3.314693928,1052343,0.891095638,1138785,0.01680748909711840,228117,224016
FIN,Finland,2010,3.335679293,1070677,0.904604077,1161521,0.01717172376811500,234696,229752
FIN,Finland,2011,3.354023218,1090967,0.919911265,1204597,0.01757909730076790,244524,231741
FIN,Finland,2012,3.372467756,1110666,0.934839249,1277441,0.01811790838837620,241846,230129
FIN,Finland,2013,3.391013861,1127063,0.945499897,1258443,0.01731164753437040,235588,220234
FIN,Finland,2014,3.409662008,1142203,0.955622435,1221669,0.01648828759789470,232105,218635
FIN,Finland,2015,3.428412676,1157448,0.9657076,1195239,0.01572710834443570,236364,226714
FIN,Finland,2016,3.44726634,1177995,0.981511414,1228461,0.01586455851793290,243870,234376
FIN,Finland,2017,3.466223955,1201276,1,1201276,0.01530259754508730,253666,241548
FIN,Finland,2018,3.485285759,1226582,1.021607876,1223086,0.01542172953486440,257947,244253
FIN,Finland,2019,3.50445199,1250437,1.041321993,1246926,0.01531369891017680,260316,249283
FJI,Fiji,1950,,,,,,,
FJI,Fiji,1951,,,,,,,
FJI,Fiji,1952,,,,,,,
FJI,Fiji,1953,,,,,,,
FJI,Fiji,1954,,,,,,,
FJI,Fiji,1955,,,,,,,
FJI,Fiji,1956,,,,,,,
FJI,Fiji,1957,,,,,,,
FJI,Fiji,1958,,,,,,,
FJI,Fiji,1959,,,,,,,
FJI,Fiji,1960,1.536492467,1371,,772,,1086,1114
FJI,Fiji,1961,1.553309917,1715,,971,,1116,1142
FJI,Fiji,1962,1.570311427,1950,,1105,,1134,1172
FJI,Fiji,1963,1.587499022,2223,,1261,,1356,1349
FJI,Fiji,1964,1.604874849,2546,,1442,,1548,1562
FJI,Fiji,1965,1.622440696,2851,,1614,,1245,1337
FJI,Fiji,1966,1.640198946,3127,,1762,,1295,1383
FJI,Fiji,1967,1.658151507,3398,,1914,,1385,1590
FJI,Fiji,1968,1.676300526,3881,,2186,,1546,1787
FJI,Fiji,1969,1.694648266,4280,,2408,,1625,1860
FJI,Fiji,1970,1.71220088,4640,,2592,,1816,2083
FJI,Fiji,1971,1.733141184,5125,,2867,,1948,2312
FJI,Fiji,1972,1.754337549,5661,,3162,,2105,2497
FJI,Fiji,1973,1.775793195,6249,,3472,,2339,2769
FJI,Fiji,1974,1.79751122,6652,,3697,,2576,2769
FJI,Fiji,1975,1.819494843,7134,,3979,,2841,2826
FJI,Fiji,1976,1.841747284,7579,,4220,,2837,2854
FJI,Fiji,1977,1.864271998,7994,,4427,,3010,3058
FJI,Fiji,1978,1.887072086,8460,,4657,,3086,3193
FJI,Fiji,1979,1.910151005,9136,,4992,,3543,3722
FJI,Fiji,1980,1.933512211,9940,0.3957344,5405,0.00020400357607286,3614,3660
FJI,Fiji,1981,1.95838356,10728,0.431319505,5850,0.00021939762518741,3366,3569
FJI,Fiji,1982,1.983574867,11217,0.448369652,6172,0.00023356915335171,3330,3489
FJI,Fiji,1983,2.009089947,11484,0.457304835,6349,0.00024111926904880,3264,3292
FJI,Fiji,1984,2.034933567,11554,0.458241373,6410,0.00023476073693018,3438,3538
FJI,Fiji,1985,2.061109304,11684,0.463196099,6502,0.00023105645959731,3547,3567
FJI,Fiji,1986,2.087622166,11663,0.461937547,6496,0.00022438679297920,3604,3653
FJI,Fiji,1987,2.114475727,11500,0.453986138,6387,0.00021983600163367,3606,3640
FJI,Fiji,1988,2.141674757,11257,0.443987966,6262,0.00019973801681772,3716,3825
FJI,Fiji,1989,2.169223785,11251,0.445193082,6279,0.00019181543029845,4027,4200
FJI,Fiji,1990,2.197127104,11849,0.473375767,6681,0.00020138046238571,4343,4709
FJI,Fiji,1991,2.218671322,12116,0.486328781,6815,0.00020299565221649,4230,4444
FJI,Fiji,1992,2.240427017,12108,0.486784905,6807,0.00019682876882143,4413,4518
FJI,Fiji,1993,2.262395859,12432,0.501996458,6991,0.00019914332369808,4476,4523
FJI,Fiji,1994,2.284580231,12524,0.507134736,7044,0.00019952066941187,4649,4799
FJI,Fiji,1995,2.30698204,12706,0.514017045,7149,0.00019345276814420,4744,4682
FJI,Fiji,1996,2.329603672,12663,0.510963798,7128,0.00018300574447494,4973,4845
FJI,Fiji,1997,2.352447033,12635,0.509041369,7061,0.00017385871615261,4791,4741
FJI,Fiji,1998,2.375514269,13140,0.533495486,7177,0.00017129688058049,4750,4691
FJI,Fiji,1999,2.398807764,13565,0.552797079,7188,0.00016210619651247,5058,5057
FJI,Fiji,2000,2.422329664,14183,0.581627548,7290,0.00015550332318526,4919,5188
FJI,Fiji,2001,2.442860126,14765,0.610486805,7406,0.00015193493163679,4969,5140
FJI,Fiji,2002,2.463564634,15317,0.637833118,7535,0.00015504693146795,5077,5111
FJI,Fiji,2003,2.484444618,15744,0.659361899,7591,0.00015474106476177,5066,4808
FJI,Fiji,2004,2.50550127,16026,0.666408122,7652,0.00014834744797554,5245,4828
FJI,Fiji,2005,2.526736736,16706,0.687216401,8003,0.00014804999227636,5294,4564
FJI,Fiji,2006,2.54815197,17135,0.699478209,8551,0.00015094509581104,5630,5287
FJI,Fiji,2007,2.566553354,17125,0.691642463,9296,0.00015529476513621,5816,5515
FJI,Fiji,2008,2.581178665,18102,0.730167687,11093,0.00017964195285458,6164,5938
FJI,Fiji,2009,2.595887184,18449,0.739195585,12993,0.00020945200230926,6384,6609
FJI,Fiji,2010,2.610679388,18842,0.752391696,15131,0.00023950320610311,6962,7260
FJI,Fiji,2011,2.620628595,19562,0.782184064,16854,0.00025911303237081,7638,7674
FJI,Fiji,2012,2.630615473,19870,0.79328686,17239,0.00025646082940511,8144,8087
FJI,Fiji,2013,2.640640259,21754,0.875015259,19212,0.00028145211399533,8518,9028
FJI,Fiji,2014,2.65070343,22285,0.895521581,21506,0.00030618091113865,9913,10418
FJI,Fiji,2015,2.660804987,23100,0.928969502,23807,0.00033380641252734,10789,11167
FJI,Fiji,2016,2.670945168,23823,0.9589082,24632,0.00034028265508823,10761,11094
FJI,Fiji,2017,2.681123972,24811,1,24811,0.00033741520019248,11277,11404
FJI,Fiji,2018,2.6913414,25876,1.047446609,25719,0.00034652868635021,11865,12479
FJI,Fiji,2019,2.701597691,26986,1.095475435,26759,0.00035127662704326,12212,12363
FRA,France,1950,2.183597565,2147401,,1665636,,319062,317924
FRA,France,1951,2.191972017,2198802,,1691041,,336091,336082
FRA,France,1952,2.200378656,2248201,,1747304,,349077,347803
FRA,France,1953,2.208817482,2297528,,1785370,,365964,363270
FRA,France,1954,2.217288733,2364219,0.095105782,1841774,0.13993959128856700,385173,382674
FRA,France,1955,2.225792408,2442440,0.098044686,1904574,0.13940845429897300,405144,402249
FRA,France,1956,2.203723192,2534366,0.101734705,1977476,0.14012569189071700,425124,422147
FRA,France,1957,2.181872845,2640623,0.10618712,2057909,0.14094758033752400,449469,445596
FRA,France,1958,2.16023922,2758898,0.111183986,2148920,0.14356464147567700,464607,462416
FRA,France,1959,2.138820171,2868154,0.115518548,2228635,0.14374282956123400,478995,474598
FRA,France,1960,2.117613316,3011395,0.121752761,2337711,0.14420363306999200,520538,508479
FRA,France,1961,2.136182785,3155985,0.128117383,2448993,0.14563319087028500,544614,532654
FRA,France,1962,2.154915094,3316787,0.13565664,2582985,0.14650218188762700,578636,571775
FRA,France,1963,2.173811674,3487499,0.143996075,2729029,0.14808823168277700,615060,608212
FRA,France,1964,2.192873955,3685281,0.153853104,2895058,0.15035933256149300,656694,648111
FRA,France,1965,2.212103605,3881235,0.163552418,3053636,0.15187063813209500,687931,679365
FRA,France,1966,2.231501579,4096383,0.17480807,3226894,0.15317381918430300,725656,718351
FRA,France,1967,2.251069784,4320085,0.186341181,3405476,0.15502086281776400,763437,756496
FRA,France,1968,2.27080965,4551324,0.19854483,3601870,0.15783511102199600,797889,790993
FRA,France,1969,2.290722609,4814120,0.213276491,3818031,0.16233532130718200,855988,848505
FRA,France,1970,2.310810089,5084455,0.228292421,4048165,0.16718626022338900,908321,902698
FRA,France,1971,2.338173866,5367814,0.244545281,4263204,0.17028431594371800,964117,957984
FRA,France,1972,2.365861654,5658842,0.260955721,4458198,0.17003226280212400,1018262,1009347
FRA,France,1973,2.393877268,5963603,0.278564215,4666003,0.17000967264175400,1091706,1077391
FRA,France,1974,2.422224522,6263353,0.295682847,4885877,0.16903764009475700,1129200,1123291
FRA,France,1975,2.450907707,6519772,0.310366094,5079784,0.17153614759445200,1140165,1125142
FRA,France,1976,2.479930401,6771663,0.326693714,5295688,0.17499099671840700,1191442,1177582
FRA,France,1977,2.509296656,7004841,0.341668427,5566905,0.17942172288894700,1235556,1224649
FRA,France,1978,2.539011002,7240845,0.356701434,5836406,0.18215693533420600,1299224,1279008
FRA,France,1979,2.566101551,7480060,0.371987343,6109782,0.18512128293514300,1351002,1327219
FRA,France,1980,2.586520672,7723489,0.388065606,6268923,0.18244446814060200,1373381,1347289
FRA,France,1981,2.607220411,7949945,0.402563393,6251870,0.17976623773574800,1334283,1318136
FRA,France,1982,2.628085852,8160763,0.416032821,6091588,0.17445904016494800,1338640,1324084
FRA,France,1983,2.649118185,8347086,0.42787081,5871084,0.16871853172779100,1321368,1305935
FRA,France,1984,2.67031908,8521468,0.439159393,5723049,0.16006413102150000,1297106,1288069
FRA,France,1985,2.691689253,8698795,0.451126695,5708965,0.15654784440994300,1292081,1275418
FRA,France,1986,2.713230848,8887169,0.463721395,5781998,0.15474137663841200,1351843,1339403
FRA,France,1987,2.73494482,9092141,0.477564514,5884943,0.15260669589042700,1386857,1373032
FRA,France,1988,2.756832361,9331721,0.494004726,6041235,0.15218450129032100,1463385,1443792
FRA,France,1989,2.77889514,9600979,0.512736917,6233176,0.15413360297679900,1523176,1500913
FRA,France,1990,2.801134348,9881229,0.532724857,6432617,0.15654119849205000,1564913,1535613
FRA,France,1991,2.810061455,10141223,0.550725102,6642136,0.15887008607387500,1575199,1553607
FRA,France,1992,2.819016933,10378971,0.567464232,6828188,0.15993206202983900,1601474,1572490
FRA,France,1993,2.828001022,10569411,0.579811275,6987829,0.16024702787399300,1585818,1563944
FRA,France,1994,2.837013483,10762340,0.592705607,7139610,0.15853995084762600,1615865,1599833
FRA,France,1995,2.846054792,10953105,0.605656624,7275161,0.15654323995113400,1642595,1626451
FRA,France,1996,2.855125189,11140189,0.619432688,7368295,0.15341612696647600,1662725,1654350
FRA,France,1997,2.864224195,11323192,0.633773088,7246787,0.14518480002880100,1766385,1766050
FRA,France,1998,2.873352289,11534435,0.651663423,7124163,0.13648919761180900,1885403,1887981
FRA,France,1999,2.88250947,11779616,0.672871351,7006718,0.13065332174301100,1977072,1981796
FRA,France,2000,2.891695738,12052053,0.695312917,6962127,0.12326792627573000,2087297,2105389
FRA,France,2001,2.907761812,12322481,0.717565,6877292,0.11713010072708100,2159788,2168643
FRA,France,2002,2.923917294,12568634,0.735884666,6834511,0.11404232680797600,2184165,2186888
FRA,France,2003,2.94016242,12813933,0.753540039,6823246,0.11313541233539600,2124139,2127981
FRA,France,2004,2.956497908,13072357,0.77207762,7761343,0.12528303265571600,2180486,2172882
FRA,France,2005,2.972923994,13341555,0.791285157,8548550,0.13539257645607000,2333724,2339122
FRA,France,2006,2.989441156,13627169,0.811667442,9794697,0.14910621941089600,2420215,2415135
FRA,France,2007,3.006050348,13941623,0.834351838,10812035,0.15710321068763700,2536418,2524260
FRA,France,2008,3.022751808,14244773,0.856925547,11633671,0.16440163552761100,2582490,2518677
FRA,France,2009,3.039546251,14461299,0.869618893,12120916,0.17351877689361600,2521018,2474868
FRA,France,2010,3.056433678,14687638,0.884911239,13083475,0.18821759521961200,2620077,2563625
FRA,France,2011,3.075263262,14921119,0.901175916,13734435,0.19537426531314800,2699753,2626632
FRA,France,2012,3.094208956,15147027,0.917714834,13871869,0.19338928163051600,2734094,2657192
FRA,France,2013,3.113271475,15357736,0.932444811,14650625,0.19566360116004900,2707165,2632050
FRA,France,2014,3.132451296,15560292,0.94724983,15092760,0.19460314512252800,2702653,2633556
FRA,France,2015,3.151749134,15760554,0.962830186,15219803,0.19132465124130200,2762439,2716355
FRA,France,2016,3.171165943,15971412,0.979997277,15654266,0.19553975760936700,2803517,2763681
FRA,France,2017,3.190702438,16207717,1,16207717,0.20056661963462800,2922007,2869817
FRA,France,2018,3.210359335,16456631,1.021526694,16414001,0.20375028252601600,2961146,2901338
FRA,France,2019,3.230137348,16726649,1.044841409,16697563,0.20501388609409300,3010224,2950146
GAB,Gabon,1950,,,,,,,
GAB,Gabon,1951,,,,,,,
GAB,Gabon,1952,,,,,,,
GAB,Gabon,1953,,,,,,,
GAB,Gabon,1954,,,,,,,
GAB,Gabon,1955,,,,,,,
GAB,Gabon,1956,,,,,,,
GAB,Gabon,1957,,,,,,,
GAB,Gabon,1958,,,,,,,
GAB,Gabon,1959,,,,,,,
GAB,Gabon,1960,1.072033048,9625,,3423,,1439,1747
GAB,Gabon,1961,1.076209426,10899,,3852,,1538,1855
GAB,Gabon,1962,1.080402255,12135,,4280,,1731,1969
GAB,Gabon,1963,1.084611297,13033,,4594,,2092,2427
GAB,Gabon,1964,1.088836789,13753,0.102872312,4849,0.00029784039361402,2309,2692
GAB,Gabon,1965,1.093078732,14421,0.107260756,5082,0.00029510242165998,2610,2930
GAB,Gabon,1966,1.103046775,15577,0.115984514,5479,0.00030330335721374,2366,2762
GAB,Gabon,1967,1.113105774,16170,0.120069005,5693,0.00029904878465459,2713,2975
GAB,Gabon,1968,1.123256564,16790,0.124560796,5909,0.00029512963374145,2742,3074
GAB,Gabon,1969,1.133499861,17510,0.129835486,6160,0.00029512093169615,2912,3222
GAB,Gabon,1970,1.143836617,18357,0.135507286,6526,0.00029757892480120,3380,3824
GAB,Gabon,1971,1.155475736,19395,0.143088743,6909,0.00032609174377285,3773,4036
GAB,Gabon,1972,1.167233348,20734,0.153369427,7413,0.00036287610419095,3650,3977
GAB,Gabon,1973,1.179110527,22331,0.165250048,7955,0.00038099996163510,4180,4778
GAB,Gabon,1974,1.191108584,28164,0.210060492,9970,0.00044468266423792,5617,6810
GAB,Gabon,1975,1.203228712,35343,0.263976663,12563,0.00058324571000412,5730,7410
GAB,Gabon,1976,1.235135198,45821,0.341368735,16279,0.00071381439920515,6934,8919
GAB,Gabon,1977,1.267887831,53233,0.40063712,18811,0.00086976517923176,6739,8178
GAB,Gabon,1978,1.301509023,54549,0.41296941,19330,0.00092133431462571,7541,9046
GAB,Gabon,1979,1.336021662,56585,0.432642996,19884,0.00092317734379321,8342,9638
GAB,Gabon,1980,1.37144959,58409,0.448784262,20413,0.00087338569574058,9679,10225
GAB,Gabon,1981,1.404826403,61721,0.480938822,21535,0.00088304787641391,9853,9603
GAB,Gabon,1982,1.439015627,64464,0.506829262,22479,0.00088813080219552,9073,9082
GAB,Gabon,1983,1.474036932,67394,0.535666704,23396,0.00090223411098123,10003,10002
GAB,Gabon,1984,1.509910583,69902,0.560428202,24173,0.00089559884509072,9816,10975
GAB,Gabon,1985,1.546657205,72945,0.589157283,25254,0.00090425572125241,9052,10549
GAB,Gabon,1986,1.591485858,74945,0.60319227,26139,0.00089661608217284,7331,7867
GAB,Gabon,1987,1.637613893,74107,0.591140509,25916,0.00085256458260119,6803,7734
GAB,Gabon,1988,1.685078859,75667,0.611801863,26363,0.00086172361625359,6404,7002
GAB,Gabon,1989,1.727788091,75274,0.607045472,26408,0.00085150543600321,8714,9086
GAB,Gabon,1990,1.765400767,74933,0.599533856,26349,0.00085004587890580,8781,10859
GAB,Gabon,1991,1.797724485,75238,0.600615978,26434,0.00085778132779524,9437,9719
GAB,Gabon,1992,1.830639958,75061,0.596327841,26423,0.00085115933325142,9055,11777
GAB,Gabon,1993,1.864158154,75099,0.594662607,26569,0.00085496780229732,8987,10904
GAB,Gabon,1994,1.898289919,74998,0.595007539,26588,0.00084279139991850,9667,9824
GAB,Gabon,1995,1.933046699,75132,0.592934489,26706,0.00082671060226858,9949,10800
GAB,Gabon,1996,1.969570994,75609,0.601033866,26791,0.00081924331607297,11090,12078
GAB,Gabon,1997,2.006785393,77506,0.622537673,28218,0.00085626274812967,9557,10511
GAB,Gabon,1998,2.044702768,79950,0.65160197,31468,0.00094819028163329,8584,9333
GAB,Gabon,1999,2.083336592,80006,0.652878821,35387,0.00104744615964592,9942,11340
GAB,Gabon,2000,2.122700691,79706,0.654937267,41114,0.00117804086767137,12799,13895
GAB,Gabon,2001,2.15596962,79806,0.661601961,50185,0.00142112071625888,12672,12342
GAB,Gabon,2002,2.189760208,80582,0.670709431,63917,0.00187570543494076,13103,13489
GAB,Gabon,2003,2.224080324,80694,0.668966413,82307,0.00248947762884200,14997,15248
GAB,Gabon,2004,2.258938313,80649,0.663873136,102813,0.00300112413242459,18378,18590
GAB,Gabon,2005,2.294342518,80694,0.664877534,114516,0.00316436309367418,26537,25139
GAB,Gabon,2006,2.324808359,81009,0.670695722,115920,0.00319713656790555,24615,23878
GAB,Gabon,2007,2.355678558,81709,0.679494083,116400,0.00315849599428475,24165,24722
GAB,Gabon,2008,2.386958838,82830,0.691716313,116328,0.00310699408873916,24958,29012
GAB,Gabon,2009,2.418654203,84012,0.705240488,115118,0.00310531980358064,20274,18821
GAB,Gabon,2010,2.450770617,86740,0.738390625,114988,0.00310641666874290,24032,21657
GAB,Gabon,2011,2.510474682,90649,0.773829937,114816,0.00296093476936221,28777,30945
GAB,Gabon,2012,2.567820549,95356,0.816435218,104423,0.00251734582707286,28877,27630
GAB,Gabon,2013,2.609771252,100517,0.862679362,109116,0.00247598509304225,28876,28422
GAB,Gabon,2014,2.652407408,106303,0.916409671,126609,0.00271486304700375,29493,29000
GAB,Gabon,2015,2.695739985,110239,0.950209618,128678,0.00253768265247345,29658,29620
GAB,Gabon,2016,2.739780664,114346,0.985401392,115025,0.00211273878812790,29251,29114
GAB,Gabon,2017,2.784540892,116469,1,116469,0.00201145303435624,31121,30508
GAB,Gabon,2018,2.83003211,118960,1.016717315,118657,0.00191864487715065,32525,32381
GAB,Gabon,2019,2.876266956,121667,1.036393404,121402,0.00189104839228094,33328,33140
GBR,United Kingdom,1950,2.434504271,1619238,,1330191,,489860,503021
GBR,United Kingdom,1951,2.444693804,1728061,,1419656,,499639,518355
GBR,United Kingdom,1952,2.454926014,1795796,,1476983,,508423,520745
GBR,United Kingdom,1953,2.465200901,1878176,,1545315,,539571,550405
GBR,United Kingdom,1954,2.475518942,1962946,0.11421556,1615829,0.13671329617500300,558228,570293
GBR,United Kingdom,1955,2.485880136,2065067,0.120908879,1702176,0.14062206447124500,578483,588935
GBR,United Kingdom,1956,2.49860096,2163178,0.127293795,1784444,0.14300662279129000,592272,599575
GBR,United Kingdom,1957,2.511386871,2263838,0.133930877,1867226,0.14628142118454000,603895,609784
GBR,United Kingdom,1958,2.524238586,2349770,0.139497086,1936081,0.14830496907234200,611599,615616
GBR,United Kingdom,1959,2.537155628,2449120,0.145962045,2017196,0.15079648792743700,630232,634981
GBR,United Kingdom,1960,2.55013895,2580788,0.154742435,2116586,0.15271784365177200,663360,657586
GBR,United Kingdom,1961,2.571570158,2712983,0.163464904,2220715,0.15591722726821900,682126,676165
GBR,United Kingdom,1962,2.589919567,2826336,0.170574397,2309218,0.15535145998001100,691715,689228
GBR,United Kingdom,1963,2.608399868,2945149,0.178267434,2402670,0.15498095750808700,715871,716702
GBR,United Kingdom,1964,2.627012014,3130285,0.190471813,2548647,0.15600709617137900,757225,758725
GBR,United Kingdom,1965,2.64575696,3306248,0.201865569,2686644,0.15727888047695200,779325,778928
GBR,United Kingdom,1966,2.664635658,3471608,0.212610155,2811044,0.15637184679508200,799290,799774
GBR,United Kingdom,1967,2.683649302,3653942,0.224325463,2952181,0.15649916231632200,821449,821557
GBR,United Kingdom,1968,2.702798367,3856676,0.237362117,3109283,0.15722991526126900,852906,858732
GBR,United Kingdom,1969,2.722084284,4046189,0.249290302,3255464,0.15729300677776300,870502,875414
GBR,United Kingdom,1970,2.74150753,4227484,0.260977358,3401047,0.15789523720741300,896192,900147
GBR,United Kingdom,1971,2.763754129,4407585,0.272623777,3409443,0.15369434654712700,912980,916807
GBR,United Kingdom,1972,2.78618145,4577448,0.283617437,3248369,0.14359983801841700,943061,946076
GBR,United Kingdom,1973,2.808790445,4766246,0.295956105,3073526,0.13362230360508000,985723,1008146
GBR,United Kingdom,1974,2.831583261,4936887,0.306357443,2947561,0.12506608664989500,932858,973146
GBR,United Kingdom,1975,2.854560852,5090930,0.315193325,2908284,0.12245697528123900,934465,956727
GBR,United Kingdom,1976,2.877724648,5246908,0.324568957,2939362,0.12130218744278000,973191,1003536
GBR,United Kingdom,1977,2.901076794,5388121,0.333776802,2997737,0.12099944055080400,1022500,1046106
GBR,United Kingdom,1978,2.924618244,5533851,0.344246298,3079085,0.12169280648231500,1098381,1118683
GBR,United Kingdom,1979,2.948350906,5682264,0.354922175,3174296,0.12309759855270400,1163501,1183203
GBR,United Kingdom,1980,2.972275972,5801164,0.361869365,3223615,0.11974742263555500,1198582,1198470
GBR,United Kingdom,1981,2.994034052,5878170,0.36581865,3240605,0.11409318447113000,1178469,1172274
GBR,United Kingdom,1982,3.015951633,5979037,0.37185815,3287652,0.11196273565292400,1184333,1178598
GBR,United Kingdom,1983,3.038029432,6099057,0.379733056,3315999,0.11178516596555700,1210837,1206987
GBR,United Kingdom,1984,3.060268641,6256941,0.391131341,3370075,0.11004842072725300,1216568,1216731
GBR,United Kingdom,1985,3.082670927,6426021,0.404268205,3441630,0.10996435582637800,1254154,1252303
GBR,United Kingdom,1986,3.105237246,6596319,0.417103291,3514269,0.11090521514415700,1273613,1262715
GBR,United Kingdom,1987,3.12796855,6806586,0.432687879,3625410,0.11144080013036700,1326893,1318379
GBR,United Kingdom,1988,3.15086627,7087939,0.453989178,3771961,0.11359953135252000,1393600,1368325
GBR,United Kingdom,1989,3.173931837,7390802,0.478260934,3949547,0.12158293277025200,1423273,1395969
GBR,United Kingdom,1990,3.197166204,7647216,0.501646519,4052510,0.12262991070747400,1436922,1406169
GBR,United Kingdom,1991,3.227114201,7835371,0.517888546,4235583,0.12197881191968900,1400324,1371917
GBR,United Kingdom,1992,3.257342815,8027693,0.532458425,4437698,0.12176804244518300,1400465,1366830
GBR,United Kingdom,1993,3.287854671,8219691,0.546444118,4638598,0.11896234750747700,1434985,1397271
GBR,United Kingdom,1994,3.318652153,8452176,0.564200163,4939056,0.11842241883277900,1469469,1441264
GBR,United Kingdom,1995,3.349738359,8693445,0.582493424,5152431,0.12544439733028400,1606654,1579337
GBR,United Kingdom,1996,3.381115437,8959383,0.604429066,5453878,0.13985477387905100,1690833,1668737
GBR,United Kingdom,1997,3.412786484,9163011,0.622076869,6110674,0.14500865340232800,1797785,1780884
GBR,United Kingdom,1998,3.444754601,9404180,0.64471364,6148161,0.13561667501926400,1870316,1850465
GBR,United Kingdom,1999,3.477021933,9640411,0.666232407,6006644,0.12847700715065000,1949541,1931921
GBR,United Kingdom,2000,3.509591341,9890288,0.689695537,5987333,0.12074147164821600,2057960,2041667
GBR,United Kingdom,2001,3.528481245,10140705,0.711956918,5899284,0.10773210227489500,2111827,2088243
GBR,United Kingdom,2002,3.547472715,10387785,0.73254782,5825549,0.10415544360876100,2144578,2105030
GBR,United Kingdom,2003,3.566566467,10635793,0.75165683,5956338,0.10430249571800200,2209300,2149070
GBR,United Kingdom,2004,3.585762978,10881525,0.769362748,6250318,0.10609065741300600,2298173,2210853
GBR,United Kingdom,2005,3.605062723,11144025,0.789127827,6797018,0.11133518815040600,2389002,2335020
GBR,United Kingdom,2006,3.624466658,11415205,0.81092447,7366976,0.11524118483066600,2472596,2394115
GBR,United Kingdom,2007,3.643974781,11698124,0.833720565,7667142,0.11523471027612700,2528118,2398741
GBR,United Kingdom,2008,3.663587809,11934048,0.852432609,8823651,0.12641532719135300,2568484,2452381
GBR,United Kingdom,2009,3.683306456,12079841,0.863704205,9774453,0.13865506649017300,2430517,2320974
GBR,United Kingdom,2010,3.703131437,12244237,0.877792478,10976813,0.15463665127754200,2559553,2460576
GBR,United Kingdom,2011,3.7108953,12393157,0.889253497,10501493,0.14735385775566100,2588467,2483984
GBR,United Kingdom,2012,3.718675613,12549945,0.901835203,11539438,0.15631979703903200,2660004,2535152
GBR,United Kingdom,2013,3.726472139,12724573,0.915981472,12954237,0.16974753141403200,2710015,2636544
GBR,United Kingdom,2014,3.734284878,12936150,0.933825493,12899374,0.16624455153942100,2769869,2651425
GBR,United Kingdom,2015,3.742114305,13176753,0.954061329,13923109,0.17558154463768000,2905722,2790772
GBR,United Kingdom,2016,3.749960184,13438341,0.976912975,13473861,0.16872225701808900,2961023,2825248
GBR,United Kingdom,2017,3.757822275,13706323,1,13706323,0.16892221570015000,3037791,2942276
GBR,United Kingdom,2018,3.765700817,13962962,1.021452188,13915238,0.17095716297626500,3076048,2974427
GBR,United Kingdom,2019,3.773596048,14219198,1.042256236,14146595,0.16872659325599700,3110495,2994406
GEO,Georgia,1950,,,,,,,
GEO,Georgia,1951,,,,,,,
GEO,Georgia,1952,,,,,,,
GEO,Georgia,1953,,,,,,,
GEO,Georgia,1954,,,,,,,
GEO,Georgia,1955,,,,,,,
GEO,Georgia,1956,,,,,,,
GEO,Georgia,1957,,,,,,,
GEO,Georgia,1958,,,,,,,
GEO,Georgia,1959,,,,,,,
GEO,Georgia,1960,,,,,,,
GEO,Georgia,1961,,,,,,,
GEO,Georgia,1962,,,,,,,
GEO,Georgia,1963,,,,,,,
GEO,Georgia,1964,,,,,,,
GEO,Georgia,1965,,,,,,,
GEO,Georgia,1966,,,,,,,
GEO,Georgia,1967,,,,,,,
GEO,Georgia,1968,,,,,,,
GEO,Georgia,1969,,,,,,,
GEO,Georgia,1970,,,,,,,
GEO,Georgia,1971,,,,,,,
GEO,Georgia,1972,,,,,,,
GEO,Georgia,1973,,,,,,,
GEO,Georgia,1974,,,,,,,
GEO,Georgia,1975,,,,,,,
GEO,Georgia,1976,,,,,,,
GEO,Georgia,1977,,,,,,,
GEO,Georgia,1978,,,,,,,
GEO,Georgia,1979,,,,,,,
GEO,Georgia,1980,,,,,,,
GEO,Georgia,1981,,,,,,,
GEO,Georgia,1982,,,,,,,
GEO,Georgia,1983,,,,,,,
GEO,Georgia,1984,,,,,,,
GEO,Georgia,1985,,,,,,,
GEO,Georgia,1986,,,,,,,
GEO,Georgia,1987,,,,,,,
GEO,Georgia,1988,,,,,,,
GEO,Georgia,1989,,,,,,,
GEO,Georgia,1990,,217572,,88837,,63799,61025
GEO,Georgia,1991,,219328,,89246,,54243,52132
GEO,Georgia,1992,,215882,,87623,,23630,23276
GEO,Georgia,1993,,207685,,84072,,13755,14134
GEO,Georgia,1994,,202189,0.760213554,81622,0.00151655054651201,12346,12347
GEO,Georgia,1995,,198954,0.726857245,80125,0.00140110263600945,12688,13085
GEO,Georgia,1996,,196366,0.708527565,79042,0.00132871093228459,14217,15150
GEO,Georgia,1997,,194418,0.696666956,78576,0.00126050610560924,15335,16556
GEO,Georgia,1998,,194516,0.699786663,79834,0.00122634437866509,14952,16085
GEO,Georgia,1999,,194965,0.704071105,81330,0.00120106001850218,15128,16126
GEO,Georgia,2000,,195327,0.706066251,82959,0.00114968162961304,15193,16082
GEO,Georgia,2001,,196512,0.711910307,85450,0.00113099324516952,16013,17067
GEO,Georgia,2002,,197318,0.712698877,88072,0.00114162906538695,17253,18321
GEO,Georgia,2003,,199679,0.720445156,91477,0.00115868495777249,18859,20373
GEO,Georgia,2004,,202659,0.739550412,94990,0.00119219266343862,20176,22180
GEO,Georgia,2005,,206401,0.763181746,98352,0.00123471149709076,22595,24714
GEO,Georgia,2006,,209660,0.787469208,98459,0.00123859697487205,25321,28495
GEO,Georgia,2007,,213821,0.815172374,95830,0.00120980304200202,28700,32128
GEO,Georgia,2008,,215826,0.83046174,91610,0.00116603029891849,30855,33419
GEO,Georgia,2009,,214506,0.822521627,86523,0.00112074939534068,31279,34391
GEO,Georgia,2010,,215740,0.829001129,84135,0.00110852054785937,32760,35882
GEO,Georgia,2011,,218334,0.841272593,84555,0.00110981927718967,35725,38906
GEO,Georgia,2012,,221570,0.856586874,108846,0.00136679667048156,38237,41392
GEO,Georgia,2013,,223432,0.866560757,125618,0.00150294252671301,40543,43422
GEO,Georgia,2014,,227912,0.889875293,142201,0.00163998338393867,42606,46548
GEO,Georgia,2015,,234165,0.923095405,169610,0.00189542141743004,44720,50569
GEO,Georgia,2016,,241138,0.960876524,210339,0.00229850388132036,46712,53175
GEO,Georgia,2017,,248033,1,248033,0.00263966084457934,50644,57610
GEO,Georgia,2018,,254810,1.03223145,254090,0.00267489417456090,53302,60727
GEO,Georgia,2019,,264126,1.078908801,263192,0.00269976863637567,59277,68546
GHA,Ghana,1950,,,,,,,
GHA,Ghana,1951,,,,,,,
GHA,Ghana,1952,,,,,,,
GHA,Ghana,1953,,,,,,,
GHA,Ghana,1954,,,,,,,
GHA,Ghana,1955,1.092463851,68435,,82718,,24546,24299
GHA,Ghana,1956,1.093910933,72921,,88541,,24638,25020
GHA,Ghana,1957,1.095359921,75422,,91510,,23968,24463
GHA,Ghana,1958,1.096810818,78124,,94790,,26488,25982
GHA,Ghana,1959,1.098263741,83189,,101183,,29971,30177
GHA,Ghana,1960,1.099718571,89295,,108352,,32099,32567
GHA,Ghana,1961,1.113522172,92860,,112650,,30391,31300
GHA,Ghana,1962,1.127498984,95648,,115791,,30729,31580
GHA,Ghana,1963,1.141651273,100001,,120923,,33478,34569
GHA,Ghana,1964,1.155981183,105893,,127235,,36333,37006
GHA,Ghana,1965,1.17049098,110850,,132818,,35008,36473
GHA,Ghana,1966,1.190120578,114399,,136118,,35023,36149
GHA,Ghana,1967,1.210079551,114532,,136396,,32874,33785
GHA,Ghana,1968,1.230373144,113883,,135252,,33723,34115
GHA,Ghana,1969,1.251007199,114628,,135750,,36467,36917
GHA,Ghana,1970,1.2719872,117760,,138446,,40511,40567
GHA,Ghana,1971,1.292719722,121754,,142870,,41455,42419
GHA,Ghana,1972,1.313790321,119682,,141586,,35704,35961
GHA,Ghana,1973,1.335204244,120084,,139837,,40417,40390
GHA,Ghana,1974,1.356967211,124115,,145338,,45331,46150
GHA,Ghana,1975,1.379084826,126087,,147785,,41016,41211
GHA,Ghana,1976,1.404536724,125900,,147553,,36688,37247
GHA,Ghana,1977,1.430458426,129329,,148775,,42664,42677
GHA,Ghana,1978,1.456858516,130076,,148943,,42527,42589
GHA,Ghana,1979,1.483745813,129886,,149755,,40002,39988
GHA,Ghana,1980,1.51112926,129171,,148564,,40610,40377
GHA,Ghana,1981,1.54982698,128036,,146170,,38219,37918
GHA,Ghana,1982,1.589515805,125683,,143050,,32506,32600
GHA,Ghana,1983,1.63022089,123752,,140894,,32256,32273
GHA,Ghana,1984,1.67196846,122900,,144864,,34963,35129
GHA,Ghana,1985,1.713397145,123615,,147126,,37822,37710
GHA,Ghana,1986,1.744399071,124064,,148179,,38761,38482
GHA,Ghana,1987,1.775961757,124372,,149707,,39631,39225
GHA,Ghana,1988,1.808095694,125901,,151680,,43522,43076
GHA,Ghana,1989,1.840810895,128927,,156175,,43191,42927
GHA,Ghana,1990,1.87411809,132171,,160290,,44912,44483
GHA,Ghana,1991,1.902661681,137054,,165117,,49060,48857
GHA,Ghana,1992,1.93163991,138570,,168664,,46639,47578
GHA,Ghana,1993,1.96105969,140340,,173346,,44764,44853
GHA,Ghana,1994,1.990927458,144167,,177713,,47172,46753
GHA,Ghana,1995,2.02125001,147107,,181576,,48647,48653
GHA,Ghana,1996,2.040380001,152645,,187754,,49803,49126
GHA,Ghana,1997,2.059690952,157919,,194927,,52050,53994
GHA,Ghana,1998,2.079184771,162333,,201228,,52324,53708
GHA,Ghana,1999,2.098862886,162385,,202627,,55191,56536
GHA,Ghana,2000,2.118727446,175085,,216613,,62932,67176
GHA,Ghana,2001,2.130792618,186135,,231960,,59126,62550
GHA,Ghana,2002,2.142926216,187626,,236010,,61059,63182
GHA,Ghana,2003,2.155129194,194822,,246328,,66404,67050
GHA,Ghana,2004,2.167401552,206498,,263065,,70180,71858
GHA,Ghana,2005,2.179743528,218117,,280575,,72882,74252
GHA,Ghana,2006,2.195398808,233395,,308143,,76017,75888
GHA,Ghana,2007,2.21116662,252142,,353259,,89248,90672
GHA,Ghana,2008,2.227047443,273260,,425558,,98784,102036
GHA,Ghana,2009,2.243042469,284344,,511800,,97038,97100
GHA,Ghana,2010,2.259152174,289033,,599239,,107260,108217
GHA,Ghana,2011,2.287447214,299147,,663513,,127765,123395
GHA,Ghana,2012,2.316096544,320101,,698791,,141133,138446
GHA,Ghana,2013,2.345104694,331067,,730454,,150033,148621
GHA,Ghana,2014,2.374476433,341978,,717745,,155052,157424
GHA,Ghana,2015,2.404215574,352159,,670275,,148295,148891
GHA,Ghana,2016,2.434327602,365135,,489194,,143630,142605
GHA,Ghana,2017,2.46481657,377763,,377763,,149987,147959
GHA,Ghana,2018,2.495687485,394175,,392538,,156490,152216
GHA,Ghana,2019,2.526944876,406724,,404696,,168337,162526
GIN,Guinea,1950,,,,,,,
GIN,Guinea,1951,,,,,,,
GIN,Guinea,1952,,,,,,,
GIN,Guinea,1953,,,,,,,
GIN,Guinea,1954,,,,,,,
GIN,Guinea,1955,,,,,,,
GIN,Guinea,1956,,,,,,,
GIN,Guinea,1957,,,,,,,
GIN,Guinea,1958,,,,,,,
GIN,Guinea,1959,,2019,,4594,,9598,10097
GIN,Guinea,1960,,2130,,4849,,10676,11154
GIN,Guinea,1961,,2296,,5215,,11218,12040
GIN,Guinea,1962,,2530,,5741,,11582,12549
GIN,Guinea,1963,,2641,,5999,,12707,12956
GIN,Guinea,1964,,2776,,6307,,11565,12011
GIN,Guinea,1965,,2947,,6685,,12014,12442
GIN,Guinea,1966,,3156,,7147,,11980,12695
GIN,Guinea,1967,,3309,,7484,,12068,12381
GIN,Guinea,1968,,3451,,7798,,12179,12443
GIN,Guinea,1969,,3573,,8073,,11900,12278
GIN,Guinea,1970,,3708,,8380,,11389,11890
GIN,Guinea,1971,,3853,,8711,,11935,12458
GIN,Guinea,1972,,4000,,9050,,12135,12682
GIN,Guinea,1973,,4147,,9374,,12232,12767
GIN,Guinea,1974,,4304,,9743,,12887,13313
GIN,Guinea,1975,,4464,,10107,,13242,13655
GIN,Guinea,1976,,4645,,10500,,14250,14722
GIN,Guinea,1977,,4809,,10875,,13798,14278
GIN,Guinea,1978,,4992,,11274,,14696,15213
GIN,Guinea,1979,,5160,,11671,,14524,15001
GIN,Guinea,1980,,5329,0.096029289,12055,0.00043409131467342,15352,15629
GIN,Guinea,1981,,5505,0.099223956,12509,0.00043984520016238,15039,15451
GIN,Guinea,1982,,5682,0.102418356,12947,0.00045118096750230,15364,15904
GIN,Guinea,1983,,5858,0.105595119,13296,0.00046392480726354,15579,16014
GIN,Guinea,1984,,6007,0.108217962,13610,0.00046730891335756,15808,16279
GIN,Guinea,1985,,6171,0.111135572,13999,0.00047172035556287,16654,17093
GIN,Guinea,1986,,6419,0.115791187,14552,0.00048488794709556,17041,17451
GIN,Guinea,1987,,6714,0.121406034,15201,0.00047991052269936,17557,18235
GIN,Guinea,1988,,7055,0.127936482,15981,0.00048141353181563,18643,19614
GIN,Guinea,1989,,7403,0.134566009,16781,0.00048568981583230,19487,20216
GIN,Guinea,1990,,7972,0.145896852,18065,0.00050945911789313,20136,21232
GIN,Guinea,1991,,8395,0.154360756,18942,0.00051832915050909,20955,21775
GIN,Guinea,1992,,8778,0.161941513,19787,0.00052383024012670,20793,21918
GIN,Guinea,1993,,9179,0.169967219,20714,0.00053012411808595,21770,23102
GIN,Guinea,1994,,9557,0.177149743,21578,0.00052409386262298,23012,24346
GIN,Guinea,1995,,9957,0.185184509,22404,0.00052440579747781,24448,25593
GIN,Guinea,1996,,10342,0.192711383,23268,0.00052371557103470,26999,27979
GIN,Guinea,1997,,10766,0.201347515,23770,0.00051423400873318,24606,25407
GIN,Guinea,1998,,11131,0.209317297,23605,0.00049230095464736,24323,25571
GIN,Guinea,1999,,11542,0.217820629,22948,0.00046484443009831,22819,23859
GIN,Guinea,2000,,11992,0.227226064,22250,0.00043237942736596,21305,22201
GIN,Guinea,2001,,12354,0.234685138,21385,0.00040409964276478,19895,20807
GIN,Guinea,2002,,12991,0.246836051,21160,0.00039841412217356,18875,20000
GIN,Guinea,2003,,13748,0.260803968,21211,0.00039340343209915,16951,17673
GIN,Guinea,2004,,14751,0.278790593,21782,0.00039404598646797,16394,17019
GIN,Guinea,2005,,16107,0.30547446,23092,0.00041592671186663,16293,17413
GIN,Guinea,2006,,17552,0.33359316,24462,0.00044042669469491,16498,18079
GIN,Guinea,2007,,19607,0.374090105,26335,0.00046618917258456,16868,18269
GIN,Guinea,2008,,21571,0.415147245,27942,0.00049099448369816,17558,18717
GIN,Guinea,2009,,23143,0.447257757,29096,0.00052699336083606,16772,17983
GIN,Guinea,2010,,24762,0.477437198,30450,0.00055627577239648,19222,20081
GIN,Guinea,2011,,27191,0.524905384,33070,0.00059389736270532,19810,21373
GIN,Guinea,2012,,29898,0.578203499,36036,0.00063666363712400,20819,22147
GIN,Guinea,2013,,32472,0.627920032,34732,0.00061144254868850,21089,22904
GIN,Guinea,2014,,35119,0.678683817,34100,0.00059091806178913,21170,22470
GIN,Guinea,2015,,38030,0.734968543,36055,0.00062365661142394,21892,23574
GIN,Guinea,2016,,47479,0.933684945,45729,0.00077617180068046,22707,26217
GIN,Guinea,2017,,51071,1,51071,0.00088090827921405,28846,29232
GIN,Guinea,2018,,53594,1.039832354,53527,0.00092234049225226,27371,27717
GIN,Guinea,2019,,55170,1.048690796,55245,0.00089752837084234,29377,29424
GMB,Gambia,1950,,,,,,,
GMB,Gambia,1951,,,,,,,
GMB,Gambia,1952,,,,,,,
GMB,Gambia,1953,,,,,,,
GMB,Gambia,1954,,,,,,,
GMB,Gambia,1955,,,,,,,
GMB,Gambia,1956,,,,,,,
GMB,Gambia,1957,,,,,,,
GMB,Gambia,1958,,,,,,,
GMB,Gambia,1959,,,,,,,
GMB,Gambia,1960,1.051955938,783,,916,,923,905
GMB,Gambia,1961,1.052300096,796,,930,,865,856
GMB,Gambia,1962,1.052644372,823,,962,,874,873
GMB,Gambia,1963,1.052988768,839,,982,,919,921
GMB,Gambia,1964,1.053333282,869,,1016,,1020,1025
GMB,Gambia,1965,1.053677917,917,,1071,,1142,1147
GMB,Gambia,1966,1.054758549,972,,1135,,1174,1171
GMB,Gambia,1967,1.055840373,1027,,1198,,1196,1170
GMB,Gambia,1968,1.056923151,1097,,1278,,1227,1253
GMB,Gambia,1969,1.058007121,1180,,1373,,1226,1226
GMB,Gambia,1970,1.059092283,1258,,1459,,1389,1400
GMB,Gambia,1971,1.060117006,1352,,1568,,1379,1399
GMB,Gambia,1972,1.061142802,1366,,1587,,1398,1415
GMB,Gambia,1973,1.062169552,1394,,1620,,1513,1532
GMB,Gambia,1974,1.063197255,1405,,1636,,1613,1615
GMB,Gambia,1975,1.064226031,1440,,1678,,1701,1702
GMB,Gambia,1976,1.07026279,1544,,1797,,1663,1675
GMB,Gambia,1977,1.076333761,1668,,1943,,1691,1702
GMB,Gambia,1978,1.082439303,1762,,2055,,1781,1800
GMB,Gambia,1979,1.088579297,1860,,2175,,1724,1737
GMB,Gambia,1980,1.094754219,1965,,2300,,1737,1742
GMB,Gambia,1981,1.102729797,2026,,2383,,2065,2068
GMB,Gambia,1982,1.110763431,2070,,2440,,2219,2223
GMB,Gambia,1983,1.118855596,2136,,2509,,2137,2140
GMB,Gambia,1984,1.12700665,2185,,2563,,2194,2198
GMB,Gambia,1985,1.13521719,2223,,2611,,2279,2283
GMB,Gambia,1986,1.144090295,2269,,2664,,2332,2387
GMB,Gambia,1987,1.153032899,2410,,2826,,2372,2407
GMB,Gambia,1988,1.16204536,2656,,3113,,2469,2485
GMB,Gambia,1989,1.171128154,2899,,3397,,2571,2577
GMB,Gambia,1990,1.180282116,3125,,3660,,2699,2681
GMB,Gambia,1991,1.19813168,3396,,3960,,2759,2769
GMB,Gambia,1992,1.216251135,3753,,4372,,2827,2806
GMB,Gambia,1993,1.234644771,4039,,4710,,2932,2920
GMB,Gambia,1994,1.253316402,4256,,4967,,2957,2934
GMB,Gambia,1995,1.27227056,4507,,5254,,2980,3023
GMB,Gambia,1996,1.278727055,4788,,5583,,3094,3101
GMB,Gambia,1997,1.285216212,4972,,5803,,3125,3155
GMB,Gambia,1998,1.291738391,5183,,6079,,3200,3178
GMB,Gambia,1999,1.298293591,5398,,6342,,3426,3460
GMB,Gambia,2000,1.304882169,5613,,6609,,3649,3732
GMB,Gambia,2001,1.318159223,6039,,7153,,3757,3872
GMB,Gambia,2002,1.331571341,6976,,8333,,3520,3696
GMB,Gambia,2003,1.345119953,7788,,9353,,3741,4086
GMB,Gambia,2004,1.358806372,8005,,9664,,4431,5070
GMB,Gambia,2005,1.372632146,8153,,9904,,4676,5467
GMB,Gambia,2006,1.389354229,8308,,10309,,4420,5066
GMB,Gambia,2007,1.406280041,8455,,10985,,4548,5218
GMB,Gambia,2008,1.423412085,8573,,11938,,4538,4942
GMB,Gambia,2009,1.440752864,8695,,13084,,4763,5089
GMB,Gambia,2010,1.458304763,8778,,14041,,5009,5309
GMB,Gambia,2011,1.478025556,8877,,14454,,4432,4768
GMB,Gambia,2012,1.498729587,8996,,13249,,4501,4880
GMB,Gambia,2013,1.52047646,9121,,12068,,4405,4783
GMB,Gambia,2014,1.543330312,9244,,12117,,4105,4615
GMB,Gambia,2015,1.567360044,9522,,11803,,4278,4728
GMB,Gambia,2016,1.592639685,10000,,11073,,4254,4636
GMB,Gambia,2017,1.619249225,10417,,10417,,4314,4853
GMB,Gambia,2018,1.647274852,10802,,10742,,4860,5440
GMB,Gambia,2019,1.676809788,11325,,11225,,5105,5679
GNB,Guinea-Bissau,1950,,,,,,,
GNB,Guinea-Bissau,1951,,,,,,,
GNB,Guinea-Bissau,1952,,,,,,,
GNB,Guinea-Bissau,1953,,,,,,,
GNB,Guinea-Bissau,1954,,,,,,,
GNB,Guinea-Bissau,1955,,,,,,,
GNB,Guinea-Bissau,1956,,,,,,,
GNB,Guinea-Bissau,1957,,,,,,,
GNB,Guinea-Bissau,1958,,,,,,,
GNB,Guinea-Bissau,1959,,,,,,,
GNB,Guinea-Bissau,1960,,417,,452,,609,506
GNB,Guinea-Bissau,1961,,530,,578,,620,538
GNB,Guinea-Bissau,1962,,647,,709,,616,546
GNB,Guinea-Bissau,1963,,751,,826,,680,594
GNB,Guinea-Bissau,1964,,857,,946,,701,610
GNB,Guinea-Bissau,1965,,944,,1043,,724,644
GNB,Guinea-Bissau,1966,,1029,,1139,,663,592
GNB,Guinea-Bissau,1967,,1126,,1247,,755,684
GNB,Guinea-Bissau,1968,,1219,,1352,,791,723
GNB,Guinea-Bissau,1969,,1333,,1478,,885,799
GNB,Guinea-Bissau,1970,,1542,,1705,,972,872
GNB,Guinea-Bissau,1971,,1725,,1910,,946,847
GNB,Guinea-Bissau,1972,,1876,,2082,,1007,907
GNB,Guinea-Bissau,1973,,2011,,2236,,1024,891
GNB,Guinea-Bissau,1974,,2116,,2361,,1077,849
GNB,Guinea-Bissau,1975,,2219,,2477,,1172,1016
GNB,Guinea-Bissau,1976,,2335,,2608,,1261,1098
GNB,Guinea-Bissau,1977,,2471,,2769,,1070,878
GNB,Guinea-Bissau,1978,,2649,,2974,,1249,1024
GNB,Guinea-Bissau,1979,,2816,,3176,,1270,966
GNB,Guinea-Bissau,1980,,2999,,3390,,1199,929
GNB,Guinea-Bissau,1981,,3092,,3532,,1099,1045
GNB,Guinea-Bissau,1982,,3204,,3664,,1141,1078
GNB,Guinea-Bissau,1983,,3283,,3729,,1112,1075
GNB,Guinea-Bissau,1984,,3423,,3880,,1127,1078
GNB,Guinea-Bissau,1985,,3522,,4006,,985,900
GNB,Guinea-Bissau,1986,,3598,,4082,,1223,1240
GNB,Guinea-Bissau,1987,,3701,,4200,,1255,1287
GNB,Guinea-Bissau,1988,,3863,,4394,,1322,1469
GNB,Guinea-Bissau,1989,,4008,,4546,,1377,1467
GNB,Guinea-Bissau,1990,,4147,,4689,,1447,1531
GNB,Guinea-Bissau,1991,,4286,,4799,,1503,1573
GNB,Guinea-Bissau,1992,,4497,,5096,,1320,1226
GNB,Guinea-Bissau,1993,,4620,,5272,,1474,1473
GNB,Guinea-Bissau,1994,,4733,,5397,,1632,1663
GNB,Guinea-Bissau,1995,,4811,,5497,,1673,1702
GNB,Guinea-Bissau,1996,,4873,,5578,,1721,1800
GNB,Guinea-Bissau,1997,,4986,,5673,,1975,2083
GNB,Guinea-Bissau,1998,,4961,,5677,,1674,1750
GNB,Guinea-Bissau,1999,,4942,,5669,,1982,2015
GNB,Guinea-Bissau,2000,,4976,,5724,,1939,1973
GNB,Guinea-Bissau,2001,,4999,,5785,,1964,2013
GNB,Guinea-Bissau,2002,,5049,,5891,,1933,1968
GNB,Guinea-Bissau,2003,,5122,,6008,,1936,2000
GNB,Guinea-Bissau,2004,,5150,,6074,,2011,2089
GNB,Guinea-Bissau,2005,,5166,,6127,,2052,2115
GNB,Guinea-Bissau,2006,,5198,,6159,,1975,2083
GNB,Guinea-Bissau,2007,,5254,,6162,,2025,2095
GNB,Guinea-Bissau,2008,,5286,,6124,,2064,2098
GNB,Guinea-Bissau,2009,,5317,,6069,,2012,2075
GNB,Guinea-Bissau,2010,,5363,,5995,,2120,2210
GNB,Guinea-Bissau,2011,,5398,,5949,,2413,2406
GNB,Guinea-Bissau,2012,,5459,,5855,,2306,2338
GNB,Guinea-Bissau,2013,,5492,,5652,,2341,2373
GNB,Guinea-Bissau,2014,,5526,,5681,,2407,2433
GNB,Guinea-Bissau,2015,,5568,,5672,,2859,2871
GNB,Guinea-Bissau,2016,,5600,,5672,,3143,3147
GNB,Guinea-Bissau,2017,,5695,,5695,,3475,3487
GNB,Guinea-Bissau,2018,,5804,,5797,,3440,3439
GNB,Guinea-Bissau,2019,,5857,,5861,,3266,3582
GNQ,Equatorial Guinea,1950,,,,,,,
GNQ,Equatorial Guinea,1951,,,,,,,
GNQ,Equatorial Guinea,1952,,,,,,,
GNQ,Equatorial Guinea,1953,,,,,,,
GNQ,Equatorial Guinea,1954,,,,,,,
GNQ,Equatorial Guinea,1955,,,,,,,
GNQ,Equatorial Guinea,1956,,,,,,,
GNQ,Equatorial Guinea,1957,,,,,,,
GNQ,Equatorial Guinea,1958,,,,,,,
GNQ,Equatorial Guinea,1959,,,,,,,
GNQ,Equatorial Guinea,1960,,,,,,343,289
GNQ,Equatorial Guinea,1961,,,,,,354,295
GNQ,Equatorial Guinea,1962,,,,,,363,304
GNQ,Equatorial Guinea,1963,,,,,,477,345
GNQ,Equatorial Guinea,1964,,,,,,455,348
GNQ,Equatorial Guinea,1965,,491,,127,,415,378
GNQ,Equatorial Guinea,1966,,525,,139,,482,421
GNQ,Equatorial Guinea,1967,,568,,152,,522,473
GNQ,Equatorial Guinea,1968,,617,,171,,589,505
GNQ,Equatorial Guinea,1969,,665,,186,,617,531
GNQ,Equatorial Guinea,1970,,709,,198,,498,546
GNQ,Equatorial Guinea,1971,,755,,210,,552,570
GNQ,Equatorial Guinea,1972,,800,,223,,532,585
GNQ,Equatorial Guinea,1973,,848,,236,,542,626
GNQ,Equatorial Guinea,1974,,895,,250,,554,647
GNQ,Equatorial Guinea,1975,,945,,263,,639,690
GNQ,Equatorial Guinea,1976,,993,,274,,654,691
GNQ,Equatorial Guinea,1977,,1048,,283,,703,744
GNQ,Equatorial Guinea,1978,,1109,,296,,499,699
GNQ,Equatorial Guinea,1979,,1158,,310,,495,662
GNQ,Equatorial Guinea,1980,,1209,,323,,480,701
GNQ,Equatorial Guinea,1981,,1262,,339,,459,726
GNQ,Equatorial Guinea,1982,,1327,,362,,480,769
GNQ,Equatorial Guinea,1983,,1363,,388,,789,801
GNQ,Equatorial Guinea,1984,,1397,,398,,799,804
GNQ,Equatorial Guinea,1985,,1445,,407,,885,913
GNQ,Equatorial Guinea,1986,,1499,,412,,776,857
GNQ,Equatorial Guinea,1987,,1561,,423,,859,906
GNQ,Equatorial Guinea,1988,,1622,,437,,883,954
GNQ,Equatorial Guinea,1989,,1667,,451,,987,946
GNQ,Equatorial Guinea,1990,,1740,,468,,860,986
GNQ,Equatorial Guinea,1991,,1786,,480,,858,1050
GNQ,Equatorial Guinea,1992,,1816,,487,,1027,1085
GNQ,Equatorial Guinea,1993,,1845,,494,,1067,1080
GNQ,Equatorial Guinea,1994,,1972,,535,,728,675
GNQ,Equatorial Guinea,1995,,2528,,703,,848,1007
GNQ,Equatorial Guinea,1996,,3984,,1132,,1306,1773
GNQ,Equatorial Guinea,1997,,5872,,1683,,3306,3348
GNQ,Equatorial Guinea,1998,,8068,,2323,,2671,3344
GNQ,Equatorial Guinea,1999,,10585,,3069,,4183,4483
GNQ,Equatorial Guinea,2000,,13686,,4007,,6461,6060
GNQ,Equatorial Guinea,2001,,19064,,5609,,9202,8553
GNQ,Equatorial Guinea,2002,,20863,,6185,,8169,8458
GNQ,Equatorial Guinea,2003,,26207,,7772,,8732,9770
GNQ,Equatorial Guinea,2004,,31116,,9259,,11776,13567
GNQ,Equatorial Guinea,2005,,36685,,10967,,17694,19863
GNQ,Equatorial Guinea,2006,,42676,,13543,,17146,20443
GNQ,Equatorial Guinea,2007,,50591,,18681,,19788,24300
GNQ,Equatorial Guinea,2008,,61576,,28886,,29168,32325
GNQ,Equatorial Guinea,2009,,77101,,49851,,22485,24380
GNQ,Equatorial Guinea,2010,,88271,,83619,,26754,33145
GNQ,Equatorial Guinea,2011,,100214,,118810,,38505,42291
GNQ,Equatorial Guinea,2012,,117514,,137484,,42545,44370
GNQ,Equatorial Guinea,2013,,123676,,138072,,39453,41259
GNQ,Equatorial Guinea,2014,,128190,,140572,,39387,40802
GNQ,Equatorial Guinea,2015,,127193,,136710,,30549,31409
GNQ,Equatorial Guinea,2016,,122781,,122371,,27690,28093
GNQ,Equatorial Guinea,2017,,118439,,118439,,32469,32179
GNQ,Equatorial Guinea,2018,,115386,,115232,,34921,35075
GNQ,Equatorial Guinea,2019,,111229,,111423,,30225,33079
GRC,Greece,1950,,,,,,,
GRC,Greece,1951,1.530985475,395774,,244154,,27371,26709
GRC,Greece,1952,1.571549773,387207,,239985,,26917,26353
GRC,Greece,1953,1.613188744,382238,,237192,,30201,30118
GRC,Greece,1954,1.655930996,375472,,233657,,30735,30702
GRC,Greece,1955,1.699805737,371344,0.136306778,231173,0.01583150960505010,32946,32719
GRC,Greece,1956,1.751953483,370143,0.135044232,230853,0.01520824339240790,35724,35512
GRC,Greece,1957,1.803263187,370726,0.134631827,230587,0.01460611633956430,38355,38242
GRC,Greece,1958,1.856075406,373662,0.135225147,232656,0.01420371048152450,40485,40360
GRC,Greece,1959,1.910434484,378334,0.136528641,236336,0.01382724288851020,41797,41869
GRC,Greece,1960,1.966385484,385343,0.138729244,241694,0.01332301460206510,42665,42308
GRC,Greece,1961,1.978132963,399744,0.143719077,251047,0.01315609458833930,48487,48165
GRC,Greece,1962,1.989950657,411889,0.147857085,259281,0.01292352471500640,47645,47692
GRC,Greece,1963,2.001838923,432052,0.155408204,272214,0.01312293205410240,53827,53857
GRC,Greece,1964,2.013798237,456078,0.164596781,288595,0.01333073247224090,57704,57766
GRC,Greece,1965,2.025828838,486539,0.176280305,309325,0.01362698711454870,63931,64144
GRC,Greece,1966,2.037931442,515624,0.187444001,330972,0.01394524518400430,69247,69389
GRC,Greece,1967,2.050106525,544459,0.198564529,349485,0.01425519678741690,73215,73166
GRC,Greece,1968,2.062354088,577601,0.210787401,370618,0.01445890869945290,77965,78244
GRC,Greece,1969,2.074674845,621897,0.227828339,401665,0.01506603695452210,87094,87342
GRC,Greece,1970,2.087069273,669410,0.246571481,435402,0.01595013029873370,95304,95915
GRC,Greece,1971,2.106049776,723074,0.267302334,468270,0.01660932227969170,102847,103868
GRC,Greece,1972,2.125202894,793073,0.293281019,515637,0.01735904999077320,112992,114499
GRC,Greece,1973,2.144530296,866085,0.321050018,569843,0.01831229589879510,121513,122382
GRC,Greece,1974,2.164033413,904260,0.336748302,602474,0.01842860691249370,114383,114527
GRC,Greece,1975,2.183713913,948485,0.352762997,628204,0.01880683563649650,120933,122411
GRC,Greece,1976,2.203573227,996357,0.370363683,661303,0.01910675503313540,128176,129776
GRC,Greece,1977,2.223613262,1052458,0.390223533,706319,0.01940198428928850,131706,131957
GRC,Greece,1978,2.243835449,1118018,0.412946194,759542,0.01974533125758170,140936,141342
GRC,Greece,1979,2.264241695,1186593,0.437416226,820557,0.02015413902699950,144087,143540
GRC,Greece,1980,2.284833431,1238392,0.456862926,863519,0.02012781612575050,146010,145528
GRC,Greece,1981,2.308234215,1280919,0.472906321,871800,0.02018802985548970,147660,145795
GRC,Greece,1982,2.331874847,1319810,0.488209456,846627,0.01985442824661730,143891,142376
GRC,Greece,1983,2.355757236,1362370,0.503612936,813047,0.01937251910567280,142743,140807
GRC,Greece,1984,2.379884481,1391464,0.514878452,787803,0.01847600378096100,144242,143784
GRC,Greece,1985,2.404258728,1425736,0.52833432,792492,0.01803292706608770,149465,150588
GRC,Greece,1986,2.428882599,1459384,0.540232122,819884,0.01797775179147720,156441,158218
GRC,Greece,1987,2.453758717,1488738,0.549903452,861776,0.01792874373495580,155712,157193
GRC,Greece,1988,2.478889465,1519410,0.561395884,920602,0.01842994987964630,167859,168538
GRC,Greece,1989,2.504277706,1553375,0.575710893,998578,0.01937492378056050,175493,176550
GRC,Greece,1990,2.529926062,1589164,0.590837836,1092081,0.02067010849714280,179518,178152
GRC,Greece,1991,2.557112932,1626446,0.607186556,1204329,0.02249106951057910,191432,191429
GRC,Greece,1992,2.576524973,1659745,0.622846365,1315896,0.02412537485361100,196962,192733
GRC,Greece,1993,2.595133305,1688574,0.636555314,1435006,0.02550106309354310,199429,196849
GRC,Greece,1994,2.613876104,1713829,0.648642063,1532467,0.02604310587048530,208961,207605
GRC,Greece,1995,2.632754564,1740668,0.661952794,1587347,0.02619869261980060,218571,214879
GRC,Greece,1996,2.651769161,1772265,0.679501295,1609724,0.02567042596638200,226279,220574
GRC,Greece,1997,2.670921087,1804503,0.698887646,1580985,0.02446501515805720,244980,240674
GRC,Greece,1998,2.690211296,1851321,0.728529334,1567156,0.02351932227611540,260192,255862
GRC,Greece,1999,2.70964098,1901425,0.758698642,1554665,0.02267466112971310,265975,262171
GRC,Greece,2000,2.729210854,1950916,0.789619029,1532618,0.02141544781625270,273551,273906
GRC,Greece,2001,2.749764442,2002580,0.82137686,1427796,0.01937725581228730,287112,284401
GRC,Greece,2002,2.770472527,2049999,0.851192832,1438109,0.01916836760938170,302806,297745
GRC,Greece,2003,2.791336775,2109743,0.888009071,1499148,0.01993934623897080,314584,302168
GRC,Greece,2004,2.812358141,2169116,0.918779731,1578222,0.02069444768130780,335491,317180
GRC,Greece,2005,2.833537817,2211403,0.939828455,1558742,0.02024647407233720,339352,320626
GRC,Greece,2006,2.854876995,2272129,0.974987388,1820472,0.02296003513038160,367808,346783
GRC,Greece,2007,2.876376629,2348543,1.022998452,1965786,0.02432502619922160,377043,348773
GRC,Greece,2008,2.898038626,2409201,1.059660673,2070362,0.02534610964357850,390115,356578
GRC,Greece,2009,2.919863701,2447700,1.079483271,2135407,0.02651525661349300,378254,350554
GRC,Greece,2010,2.941852808,2461732,1.085909009,1916700,0.02409538440406320,346454,321650
GRC,Greece,2011,2.962745428,2451916,1.074679136,1839909,0.02264575846493240,315637,290583
GRC,Greece,2012,2.983786583,2429525,1.054126143,2203488,0.02553716488182540,298132,275916
GRC,Greece,2013,3.004976749,2406969,1.036116004,2419922,0.02691084146499630,293430,278328
GRC,Greece,2014,3.026317596,2385308,1.023711681,2478459,0.02658060379326340,292936,273828
GRC,Greece,2015,3.047810316,2365268,1.01456058,2418983,0.02543916739523410,293156,278531
GRC,Greece,2016,3.069455385,2347956,1.004473805,2305880,0.02393938228487970,288694,274133
GRC,Greece,2017,3.091254234,2336322,1,2336322,0.02376809529960160,295748,279853
GRC,Greece,2018,3.113207817,2321537,0.993787467,2316142,0.02319877967238430,297630,280592
GRC,Greece,2019,3.135317564,2304946,0.987002671,2300538,0.02239718660712240,301897,286885
GRD,Grenada,1950,,,,,,,
GRD,Grenada,1951,,,,,,,
GRD,Grenada,1952,,,,,,,
GRD,Grenada,1953,,,,,,,
GRD,Grenada,1954,,,,,,,
GRD,Grenada,1955,,,,,,,
GRD,Grenada,1956,,,,,,,
GRD,Grenada,1957,,,,,,,
GRD,Grenada,1958,,,,,,,
GRD,Grenada,1959,,,,,,,
GRD,Grenada,1960,,,,,,,
GRD,Grenada,1961,,,,,,,
GRD,Grenada,1962,,,,,,,
GRD,Grenada,1963,,,,,,,
GRD,Grenada,1964,,,,,,,
GRD,Grenada,1965,,,,,,,
GRD,Grenada,1966,,,,,,,
GRD,Grenada,1967,,,,,,,
GRD,Grenada,1968,,,,,,,
GRD,Grenada,1969,,,,,,,
GRD,Grenada,1970,,529,,201,,175,185
GRD,Grenada,1971,,545,,206,,187,195
GRD,Grenada,1972,,563,,212,,203,216
GRD,Grenada,1973,,587,,221,,214,231
GRD,Grenada,1974,,610,,230,,231,196
GRD,Grenada,1975,,629,,236,,253,229
GRD,Grenada,1976,,665,,249,,273,248
GRD,Grenada,1977,,691,,259,,271,228
GRD,Grenada,1978,,704,,265,,289,258
GRD,Grenada,1979,,792,,298,,296,250
GRD,Grenada,1980,,868,,327,,278,260
GRD,Grenada,1981,,1010,,383,,270,241
GRD,Grenada,1982,,1168,,444,,285,261
GRD,Grenada,1983,,1311,,497,,295,280
GRD,Grenada,1984,,1391,,527,,320,310
GRD,Grenada,1985,,1485,,565,,345,315
GRD,Grenada,1986,,1600,,602,,348,325
GRD,Grenada,1987,,1736,,632,,395,390
GRD,Grenada,1988,,1877,,655,,406,391
GRD,Grenada,1989,,2020,,676,,453,439
GRD,Grenada,1990,,2193,,714,,475,452
GRD,Grenada,1991,,2356,,750,,483,486
GRD,Grenada,1992,,2448,,772,,562,563
GRD,Grenada,1993,,2541,,804,,558,519
GRD,Grenada,1994,,2670,,860,,587,570
GRD,Grenada,1995,,2773,,909,,593,600
GRD,Grenada,1996,,2922,,985,,647,691
GRD,Grenada,1997,,3083,,1075,,666,661
GRD,Grenada,1998,,3273,,1198,,735,714
GRD,Grenada,1999,,3516,,1361,,774,740
GRD,Grenada,2000,,3701,,1503,,804,775
GRD,Grenada,2001,,3792,,1643,,814,650
GRD,Grenada,2002,,3866,,1801,,854,721
GRD,Grenada,2003,,4055,,2045,,935,631
GRD,Grenada,2004,,4244,,2336,,954,820
GRD,Grenada,2005,,4642,,2825,,1102,924
GRD,Grenada,2006,,4862,,3342,,1080,928
GRD,Grenada,2007,,5108,,4025,,1172,1012
GRD,Grenada,2008,,5292,,4822,,1226,1062
GRD,Grenada,2009,,5352,,5620,,1169,1037
GRD,Grenada,2010,,5393,,6332,,1194,1111
GRD,Grenada,2011,,5413,,6622,,1238,1192
GRD,Grenada,2012,,5390,,6358,,1263,1217
GRD,Grenada,2013,,5430,,6191,,1307,1265
GRD,Grenada,2014,,5470,,6009,,1425,1376
GRD,Grenada,2015,,5524,,5873,,1547,1426
GRD,Grenada,2016,,5612,,5769,,1624,1513
GRD,Grenada,2017,,5775,,5775,,1691,1571
GRD,Grenada,2018,,6007,,5991,,1749,1670
GRD,Grenada,2019,,6169,,6141,,1799,1733
GTM,Guatemala,1950,1.178068995,23169,,8755,,7679,7084
GTM,Guatemala,1951,1.179066181,24486,,9195,,7764,7117
GTM,Guatemala,1952,1.180064201,25260,,9413,,7967,7341
GTM,Guatemala,1953,1.181063056,26201,,9708,,8312,7646
GTM,Guatemala,1954,1.182062745,27081,0.062902264,9981,0.00085708149708808,8567,7791
GTM,Guatemala,1955,1.183063388,28990,0.067358389,10663,0.00088117644190788,8608,7826
GTM,Guatemala,1956,1.182812333,32092,0.074662864,11833,0.00092593819135800,9261,8322
GTM,Guatemala,1957,1.182561517,35317,0.082141832,12976,0.00098538235761225,9637,8741
GTM,Guatemala,1958,1.182310581,37770,0.087703869,13840,0.00100787926930934,9921,9297
GTM,Guatemala,1959,1.182059765,39783,0.092385709,14541,0.00100007071159780,10361,9835
GTM,Guatemala,1960,1.181809068,41471,0.096279964,15195,0.00099288753699511,10695,9884
GTM,Guatemala,1961,1.182670951,42744,0.099109612,15638,0.00098014506511390,11164,10524
GTM,Guatemala,1962,1.183533549,44040,0.102074392,16105,0.00096669740742073,11629,11053
GTM,Guatemala,1963,1.184396744,46263,0.107506506,16955,0.00097468006424606,12437,11775
GTM,Guatemala,1964,1.185260534,49172,0.114627719,18070,0.00096789991948754,12985,12178
GTM,Guatemala,1965,1.186124921,52054,0.12157198,19141,0.00098296767100692,13393,12622
GTM,Guatemala,1966,1.188632369,54201,0.126689091,19897,0.00097170146182180,14090,13393
GTM,Guatemala,1967,1.191145062,57159,0.134016812,20999,0.00098367128521204,14567,14014
GTM,Guatemala,1968,1.19366312,61430,0.144857123,22606,0.00102091848384589,15737,15144
GTM,Guatemala,1969,1.196186423,63879,0.150882632,23504,0.00102211686316878,16557,16003
GTM,Guatemala,1970,1.198715091,67251,0.159320638,24965,0.00103737809695303,17794,16942
GTM,Guatemala,1971,1.204928756,70957,0.16881749,26427,0.00106356455944479,18281,17703
GTM,Guatemala,1972,1.211174488,74446,0.177464783,27799,0.00107831624336541,19371,19035
GTM,Guatemala,1973,1.217452765,78550,0.187502995,29297,0.00109323253855109,20526,20082
GTM,Guatemala,1974,1.223763466,82344,0.197103977,30769,0.00109097291715443,21088,20776
GTM,Guatemala,1975,1.23010695,86635,0.207925379,32443,0.00112799135968089,21656,21358
GTM,Guatemala,1976,1.257236004,93805,0.225893989,35075,0.00118981092236936,22855,22459
GTM,Guatemala,1977,1.284963369,101635,0.245142877,37900,0.00123464362695813,25870,24368
GTM,Guatemala,1978,1.313302279,110045,0.266283602,40897,0.00126756995450705,26235,25439
GTM,Guatemala,1979,1.342266083,117432,0.283934355,43546,0.00131861562840641,27173,26842
GTM,Guatemala,1980,1.37186873,123333,0.296922028,45589,0.00128851912450045,28454,28066
GTM,Guatemala,1981,1.385056734,129982,0.311121643,48239,0.00131314923055470,28662,29041
GTM,Guatemala,1982,1.398371577,135165,0.321644247,50465,0.00134381395764649,28411,28741
GTM,Guatemala,1983,1.411814451,137244,0.32429269,51390,0.00134219811297953,28659,28920
GTM,Guatemala,1984,1.425386548,138704,0.326675743,52385,0.00131419475656003,29098,29405
GTM,Guatemala,1985,1.439088941,139768,0.328820109,53316,0.00130173854995519,28941,28908
GTM,Guatemala,1986,1.452094078,140983,0.331405163,54570,0.00129755586385727,30582,30451
GTM,Guatemala,1987,1.465216756,143538,0.338093728,56528,0.00129404198378325,30239,31473
GTM,Guatemala,1988,1.478458047,147117,0.347095191,59293,0.00130962079856545,31885,31716
GTM,Guatemala,1989,1.491818905,151218,0.357061505,62528,0.00134091381914914,33447,34501
GTM,Guatemala,1990,1.505300522,154146,0.363882035,65306,0.00137545249890536,35451,36794
GTM,Guatemala,1991,1.519857049,157296,0.371123195,68302,0.00140445318538696,37815,39403
GTM,Guatemala,1992,1.534554243,163420,0.386577517,73243,0.00147680169902742,38677,40712
GTM,Guatemala,1993,1.549393535,170108,0.40405643,78980,0.00156026787590235,41071,43262
GTM,Guatemala,1994,1.564376473,175977,0.419418603,84684,0.00162079383153468,43788,45445
GTM,Guatemala,1995,1.579504251,182739,0.43675074,91141,0.00171669328119606,46908,48855
GTM,Guatemala,1996,1.59361434,188848,0.451734155,97884,0.00176639610435814,48833,50298
GTM,Guatemala,1997,1.607850432,198126,0.475441635,106414,0.00184137222822756,51462,52914
GTM,Guatemala,1998,1.62221384,210204,0.50727576,117830,0.00195821025408804,54328,56045
GTM,Guatemala,1999,1.636705518,223103,0.542826593,130136,0.00210342672653496,56574,59164
GTM,Guatemala,2000,1.651326537,233051,0.570740342,141813,0.00215644296258688,59199,62032
GTM,Guatemala,2001,1.644117355,242658,0.596062958,155080,0.00224847276695073,61918,65744
GTM,Guatemala,2002,1.636939645,253821,0.623892248,170715,0.00242649344727397,65186,68519
GTM,Guatemala,2003,1.629793286,264047,0.649843454,186422,0.00256926449947059,67351,71288
GTM,Guatemala,2004,1.622678041,273655,0.677746475,203181,0.00269789644517004,69930,74374
GTM,Guatemala,2005,1.61559391,283676,0.704675198,221855,0.00285991607233882,74180,77959
GTM,Guatemala,2006,1.647152305,296840,0.741311431,243751,0.00303184357471764,78683,82821
GTM,Guatemala,2007,1.67932713,310645,0.777551889,266656,0.00318060978315771,84929,88942
GTM,Guatemala,2008,1.711397648,322358,0.805325329,288731,0.00333502585999668,89796,92791
GTM,Guatemala,2009,1.736534595,330468,0.822391987,306802,0.00357661419548094,94263,96028
GTM,Guatemala,2010,1.762040734,338062,0.840124667,322550,0.00376407988369465,99170,100940
GTM,Guatemala,2011,1.782439232,346915,0.862285614,337740,0.00384288025088608,106681,108414
GTM,Guatemala,2012,1.803074002,356152,0.886845589,345838,0.00379946082830429,113670,115120
GTM,Guatemala,2013,1.823947549,365268,0.910692692,339389,0.00362062524072826,114885,115913
GTM,Guatemala,2014,1.845062852,375041,0.935484707,347922,0.00367126637138426,117357,118286
GTM,Guatemala,2015,1.866422534,384094,0.957867563,385181,0.00394948804751039,125578,125267
GTM,Guatemala,2016,1.888029575,392461,0.977811515,404293,0.00405741250142455,126964,126016
GTM,Guatemala,2017,1.909886599,401532,1,401532,0.00396554544568062,128992,126997
GTM,Guatemala,2018,1.931996822,411469,1.023986936,410437,0.00396743044257164,132225,131577
GTM,Guatemala,2019,1.954362869,422957,1.051833034,422017,0.00392140448093414,139007,137258
GUY,Guyana,1950,,,,,,,
GUY,Guyana,1951,,,,,,,
GUY,Guyana,1952,,,,,,,
GUY,Guyana,1953,,,,,,,
GUY,Guyana,1954,,,,,,,
GUY,Guyana,1955,,,,,,,
GUY,Guyana,1956,,,,,,,
GUY,Guyana,1957,,,,,,,
GUY,Guyana,1958,,,,,,,
GUY,Guyana,1959,,,,,,,
GUY,Guyana,1960,,,,,,,
GUY,Guyana,1961,,,,,,,
GUY,Guyana,1962,,,,,,,
GUY,Guyana,1963,,,,,,,
GUY,Guyana,1964,,,,,,,
GUY,Guyana,1965,,,,,,,
GUY,Guyana,1966,,,,,,,
GUY,Guyana,1967,,,,,,,
GUY,Guyana,1968,,,,,,,
GUY,Guyana,1969,,,,,,,
GUY,Guyana,1970,1.92476964,,,,,2437,2554
GUY,Guyana,1971,1.935994744,,,,,2495,2598
GUY,Guyana,1972,1.947285295,,,,,2442,2570
GUY,Guyana,1973,1.958641648,,,,,2491,2665
GUY,Guyana,1974,1.970064402,,,,,2685,2806
GUY,Guyana,1975,1.981553555,,,,,3024,3156
GUY,Guyana,1976,1.993109822,,,,,3097,3297
GUY,Guyana,1977,2.004733562,,,,,2985,3152
GUY,Guyana,1978,2.016424894,,,,,2903,3026
GUY,Guyana,1979,2.028184652,,,,,2892,3024
GUY,Guyana,1980,2.040012598,,,,,2968,3061
GUY,Guyana,1981,2.05984354,,,,,3017,3105
GUY,Guyana,1982,2.079867125,,,,,2606,2678
GUY,Guyana,1983,2.100085258,,,,,2434,2522
GUY,Guyana,1984,2.120500088,,,,,2301,2402
GUY,Guyana,1985,2.141113281,,,,,2367,2336
GUY,Guyana,1986,2.161926985,,,,,2385,2331
GUY,Guyana,1987,2.182942867,,,,,2380,2383
GUY,Guyana,1988,2.204163074,,,,,2271,2245
GUY,Guyana,1989,2.225589514,,,,,2145,2142
GUY,Guyana,1990,2.247224331,,,,,2088,2162
GUY,Guyana,1991,2.265327692,,,,,2209,2216
GUY,Guyana,1992,2.283576727,,,,,2396,2387
GUY,Guyana,1993,2.301972866,,,,,2595,2581
GUY,Guyana,1994,2.320517063,,,,,2793,2690
GUY,Guyana,1995,2.339210749,,,,,2920,2790
GUY,Guyana,1996,2.358054876,,,,,3136,2948
GUY,Guyana,1997,2.377050877,,,,,3330,3152
GUY,Guyana,1998,2.39620018,,,,,3264,3106
GUY,Guyana,1999,2.415503502,,,,,3387,3190
GUY,Guyana,2000,2.434962273,,,,,3361,3316
GUY,Guyana,2001,2.451915979,,,,,3720,3610
GUY,Guyana,2002,2.468987703,,,,,4110,3769
GUY,Guyana,2003,2.486178398,,,,,4451,4177
GUY,Guyana,2004,2.503488779,,,,,4972,4721
GUY,Guyana,2005,2.520919561,,,,,5358,5051
GUY,Guyana,2006,2.538471937,,,,,6045,5559
GUY,Guyana,2007,2.556146383,,,,,6474,6043
GUY,Guyana,2008,2.569373369,,,,,6633,6396
GUY,Guyana,2009,2.581404209,,,,,6868,6327
GUY,Guyana,2010,2.593491316,,,,,7145,6465
GUY,Guyana,2011,2.605488539,,,,,7573,6902
GUY,Guyana,2012,2.617541075,,,,,7995,7184
GUY,Guyana,2013,2.629649401,,,,,8291,7448
GUY,Guyana,2014,2.641813755,,,,,8132,7532
GUY,Guyana,2015,2.654034138,,,,,8618,8423
GUY,Guyana,2016,2.666311264,,,,,8697,8563
GUY,Guyana,2017,2.678645134,,,,,9451,9448
GUY,Guyana,2018,2.691035986,,,,,10002,9741
GUY,Guyana,2019,2.703484297,,,,,10427,10306
HKG,"China, Hong Kong SAR",1950,,,,,,,
HKG,"China, Hong Kong SAR",1951,,,,,,,
HKG,"China, Hong Kong SAR",1952,,,,,,,
HKG,"China, Hong Kong SAR",1953,,,,,,,
HKG,"China, Hong Kong SAR",1954,,,,,,,
HKG,"China, Hong Kong SAR",1955,,,,,,,
HKG,"China, Hong Kong SAR",1956,,,,,,,
HKG,"China, Hong Kong SAR",1957,,,,,,,
HKG,"China, Hong Kong SAR",1958,,,,,,,
HKG,"China, Hong Kong SAR",1959,,,,,,,
HKG,"China, Hong Kong SAR",1960,1.78496623,82956,,29104,,13123,16586
HKG,"China, Hong Kong SAR",1961,1.796324015,89376,,31394,,13903,17410
HKG,"China, Hong Kong SAR",1962,1.807753921,98914,,34756,,15923,20184
HKG,"China, Hong Kong SAR",1963,1.819256663,112633,,39565,,18642,22849
HKG,"China, Hong Kong SAR",1964,1.830832601,127791,0.035720844,44816,0.00246862019412220,20288,24818
HKG,"China, Hong Kong SAR",1965,1.84248209,144637,0.040598333,50651,0.00267158099450171,23670,28171
HKG,"China, Hong Kong SAR",1966,1.857611656,158011,0.044477861,55092,0.00274154660291970,24698,29688
HKG,"China, Hong Kong SAR",1967,1.872865438,167536,0.047273025,58493,0.00274583790451288,26141,30762
HKG,"China, Hong Kong SAR",1968,1.88824451,175189,0.049488515,61407,0.00275205262005329,27888,32529
HKG,"China, Hong Kong SAR",1969,1.903749824,183092,0.051855411,64428,0.00281813694164157,31058,36112
HKG,"China, Hong Kong SAR",1970,1.919382334,192659,0.055030413,67764,0.00291122402995825,33842,39639
HKG,"China, Hong Kong SAR",1971,1.939988971,205530,0.059491877,72431,0.00304656126536429,37154,42563
HKG,"China, Hong Kong SAR",1972,1.96081686,219454,0.064099833,77297,0.00315991323441267,41533,46796
HKG,"China, Hong Kong SAR",1973,1.981868386,235102,0.069236241,82636,0.00325346458703279,45930,52325
HKG,"China, Hong Kong SAR",1974,2.003145933,249680,0.073917739,87519,0.00323453033342957,45302,51539
HKG,"China, Hong Kong SAR",1975,2.024651766,264194,0.078322589,92804,0.00333493994548917,47486,52234
HKG,"China, Hong Kong SAR",1976,2.068368673,281725,0.083762988,98586,0.00345133407972753,55591,59821
HKG,"China, Hong Kong SAR",1977,2.11302948,306150,0.091411971,106777,0.00360688264481723,61898,66560
HKG,"China, Hong Kong SAR",1978,2.158654451,333685,0.100838609,115831,0.00377189973369241,67335,73187
HKG,"China, Hong Kong SAR",1979,2.205264807,365208,0.112672269,126787,0.00405252864584327,74964,80462
HKG,"China, Hong Kong SAR",1980,2.252881527,403098,0.127292231,140239,0.00423978362232447,84064,85216
HKG,"China, Hong Kong SAR",1981,2.294554472,443735,0.141489968,156207,0.00454108370468020,88568,89738
HKG,"China, Hong Kong SAR",1982,2.336998224,484011,0.154582605,171948,0.00486134970560670,92312,92610
HKG,"China, Hong Kong SAR",1983,2.380227327,518338,0.166566014,185962,0.00517051294445992,96046,98422
HKG,"China, Hong Kong SAR",1984,2.424255848,552592,0.177223116,201360,0.00533165456727147,106003,107337
HKG,"China, Hong Kong SAR",1985,2.469098806,585475,0.188105121,217516,0.00561379967257380,110192,105078
HKG,"China, Hong Kong SAR",1986,2.514928102,621203,0.20022203,236982,0.00606850627809763,118206,116807
HKG,"China, Hong Kong SAR",1987,2.561076403,664003,0.215139002,261949,0.00662519177421927,133304,134916
HKG,"China, Hong Kong SAR",1988,2.592984915,709162,0.231647775,293139,0.00724092451855540,143604,142005
HKG,"China, Hong Kong SAR",1989,2.625290871,753417,0.24790673,330650,0.00793474540114403,150907,154092
HKG,"China, Hong Kong SAR",1990,2.657999516,800957,0.265140444,376904,0.00887565314769745,158078,168898
HKG,"China, Hong Kong SAR",1991,2.664968014,853529,0.283683926,432822,0.00988217443227768,169934,186106
HKG,"China, Hong Kong SAR",1992,2.671955109,910824,0.305315495,501003,0.01110147684812550,184168,194064
HKG,"China, Hong Kong SAR",1993,2.678960323,967031,0.32626009,576963,0.01236655842512850,199346,211853
HKG,"China, Hong Kong SAR",1994,2.685983896,1033218,0.351734012,665096,0.01363768335431810,210169,234146
HKG,"China, Hong Kong SAR",1995,2.693025827,1103277,0.380915582,762856,0.01537673268467190,213729,233079
HKG,"China, Hong Kong SAR",1996,2.694955826,1180187,0.413478822,850623,0.01682056300342080,230437,242068
HKG,"China, Hong Kong SAR",1997,2.696887255,1267645,0.45056048,930409,0.01756074838340280,246803,261447
HKG,"China, Hong Kong SAR",1998,2.698820114,1339307,0.480630666,986139,0.01770774088799950,236534,261619
HKG,"China, Hong Kong SAR",1999,2.700754166,1387954,0.500326872,1014012,0.01738538220524790,239372,264161
HKG,"China, Hong Kong SAR",2000,2.702689648,1442973,0.528070509,1045653,0.01681793481111530,260575,291741
HKG,"China, Hong Kong SAR",2001,2.773824692,1497681,0.555505991,1079449,0.01673125848174100,267290,310726
HKG,"China, Hong Kong SAR",2002,2.84683156,1543437,0.573993027,1108845,0.01677552051842210,281048,328465
HKG,"China, Hong Kong SAR",2003,2.921760321,1588291,0.592834294,1142736,0.01672128401696680,288202,331294
HKG,"China, Hong Kong SAR",2004,2.998661041,1635171,0.611797333,1190817,0.01679162494838240,305830,376460
HKG,"China, Hong Kong SAR",2005,3.077585936,1683769,0.635715365,1252094,0.01729862205684190,334206,368229
HKG,"China, Hong Kong SAR",2006,3.090467453,1736366,0.665510237,1333904,0.01791333034634590,345801,370590
HKG,"China, Hong Kong SAR",2007,3.103402853,1786710,0.692106664,1426972,0.01853542588651180,367327,390430
HKG,"China, Hong Kong SAR",2008,3.116392374,1833861,0.719967842,1532767,0.01948957890272140,370903,347555
HKG,"China, Hong Kong SAR",2009,3.129436255,1873587,0.745798826,1640367,0.02084673196077350,360193,335559
HKG,"China, Hong Kong SAR",2010,3.142534733,1920616,0.776521802,1744682,0.02242866903543470,376886,356225
HKG,"China, Hong Kong SAR",2011,3.155913353,1976215,0.825509548,1831419,0.02369717136025430,392484,356800
HKG,"China, Hong Kong SAR",2012,3.169425249,2032687,0.873190999,1874670,0.02430099621415140,404711,374147
HKG,"China, Hong Kong SAR",2013,3.18307209,2079208,0.913053095,2110987,0.02596877515316010,406577,421796
HKG,"China, Hong Kong SAR",2014,3.196855545,2122207,0.942268372,2135729,0.02596438676118850,409561,370459
HKG,"China, Hong Kong SAR",2015,3.210777521,2159760,0.964045823,2172517,0.02568923495709900,412465,368404
HKG,"China, Hong Kong SAR",2016,3.224839449,2196074,0.981048703,2190647,0.02526374533772470,414371,386772
HKG,"China, Hong Kong SAR",2017,3.239043474,2235143,1,2235143,0.02506665512919430,434867,364783
HKG,"China, Hong Kong SAR",2018,3.253390789,2275672,1.021877408,2267211,0.02490817569196220,447601,403826
HKG,"China, Hong Kong SAR",2019,3.267883778,2302624,1.032615542,2284303,0.02409468591213230,438957,408096
HND,Honduras,1950,1.240260601,9738,,3822,,3370,3314
HND,Honduras,1951,1.242161989,10489,,4119,,3479,3392
HND,Honduras,1952,1.244066238,11454,,4507,,3541,3415
HND,Honduras,1953,1.245973349,12352,,4863,,3825,3689
HND,Honduras,1954,1.247883558,12878,,5064,,3559,3433
HND,Honduras,1955,1.24979651,13515,,5314,,3587,3489
HND,Honduras,1956,1.251035929,14187,,5583,,4037,3925
HND,Honduras,1957,1.25227654,14950,,5882,,4040,3998
HND,Honduras,1958,1.253518343,15471,,6078,,4201,4193
HND,Honduras,1959,1.254761457,15950,,6264,,4275,4317
HND,Honduras,1960,1.256005764,16538,,6494,,4286,4234
HND,Honduras,1961,1.275664806,16983,,6664,,4560,4459
HND,Honduras,1962,1.295631409,17771,,6985,,4841,4755
HND,Honduras,1963,1.315910578,18738,,7379,,4972,4871
HND,Honduras,1964,1.336507201,19650,,7742,,5323,5172
HND,Honduras,1965,1.357426167,20658,,8147,,5737,5591
HND,Honduras,1966,1.378672481,21854,,8622,,5883,5827
HND,Honduras,1967,1.400251389,23600,,9331,,6175,6107
HND,Honduras,1968,1.422168136,25217,,9977,,6637,6571
HND,Honduras,1969,1.444427848,26754,,10595,,6585,6589
HND,Honduras,1970,1.467036009,28334,0.127063796,11301,0.00054117600666359,6662,6771
HND,Honduras,1971,1.481350183,29570,0.132802457,11818,0.00054763647494838,6709,6893
HND,Honduras,1972,1.495803952,30574,0.137117013,12219,0.00054343079682440,7144,7330
HND,Honduras,1973,1.510398865,32128,0.144643039,12823,0.00054940010886639,7689,7861
HND,Honduras,1974,1.525136113,33994,0.154078722,13592,0.00056028942344710,7347,7533
HND,Honduras,1975,1.540017128,36041,0.163832739,14436,0.00058279046788812,7486,7750
HND,Honduras,1976,1.555043459,38049,0.1738493,15231,0.00059652223717421,8924,8856
HND,Honduras,1977,1.570216298,40599,0.186880156,16238,0.00061038596322760,10362,9922
HND,Honduras,1978,1.585537195,43976,0.204309925,17552,0.00063156313262880,11015,10642
HND,Honduras,1979,1.601007581,46967,0.219662547,18708,0.00065045827068389,11111,10864
HND,Honduras,1980,1.616629004,50005,0.234701544,19862,0.00065404950873926,11395,11004
HND,Honduras,1981,1.632923245,51606,0.241267249,20588,0.00065187504515052,11315,11281
HND,Honduras,1982,1.649381757,52656,0.243224367,21110,0.00064680812647566,11402,11443
HND,Honduras,1983,1.666006088,53833,0.24571456,21574,0.00064145692158490,11167,11405
HND,Honduras,1984,1.682797909,55606,0.252266705,22365,0.00063578144181520,11803,11989
HND,Honduras,1985,1.699759126,57194,0.258535504,23128,0.00063698948360980,12269,12228
HND,Honduras,1986,1.714983225,57922,0.260806471,23548,0.00062950613209978,13089,13121
HND,Honduras,1987,1.727995753,58884,0.264954567,24108,0.00062044779770076,13682,13763
HND,Honduras,1988,1.741107106,60626,0.272910684,25102,0.00062678463291377,14703,14805
HND,Honduras,1989,1.75431788,63251,0.284526408,26509,0.00064563180785626,15223,15285
HND,Honduras,1990,1.767628908,65495,0.295822978,27813,0.00067428883630782,15398,16256
HND,Honduras,1991,1.778764367,67605,0.30572924,28956,0.00069225399056450,16246,17141
HND,Honduras,1992,1.789969802,71048,0.322689295,30866,0.00072634546086192,16984,17565
HND,Honduras,1993,1.801246047,76710,0.352015167,33921,0.00079144875053316,17604,19007
HND,Honduras,1994,1.812593222,81914,0.380695075,36851,0.00084662390872836,17799,19501
HND,Honduras,1995,1.824011922,85381,0.399808824,39087,0.00087349547538906,19152,21714
HND,Honduras,1996,1.835502505,89072,0.421115428,41550,0.00090226833708584,19700,20730
HND,Honduras,1997,1.847065568,93744,0.449239433,44631,0.00093695113901049,20422,21467
HND,Honduras,1998,1.858701468,99010,0.480907589,48294,0.00098221166990697,20978,22173
HND,Honduras,1999,1.870410562,104520,0.512912512,52159,0.00102529488503933,20219,21811
HND,Honduras,2000,1.882193446,108725,0.535893083,55605,0.00102566811256111,21659,23186
HND,Honduras,2001,1.899813294,112338,0.554816961,59220,0.00104819342959672,22411,23606
HND,Honduras,2002,1.91759789,115002,0.567938626,62750,0.00109122076537460,23332,24876
HND,Honduras,2003,1.93554914,118237,0.584352672,66750,0.00113256496842951,24242,26200
HND,Honduras,2004,1.953668475,123713,0.61779952,72451,0.00119225273374468,25492,27819
HND,Honduras,2005,1.971957326,128610,0.64682889,78357,0.00125489453785121,27458,30465
HND,Honduras,2006,1.990417361,134905,0.685781837,85628,0.00133751123212278,29096,31598
HND,Honduras,2007,2.009050369,144199,0.744944096,95164,0.00145879876799881,30692,33763
HND,Honduras,2008,2.027857542,154193,0.788224638,106395,0.00157649861648679,31419,31971
HND,Honduras,2009,2.046840906,157149,0.796283484,113332,0.00166984449606389,31884,32598
HND,Honduras,2010,2.066002131,160438,0.807338655,120599,0.00176646024920046,33674,34305
HND,Honduras,2011,2.104307413,165893,0.831961632,129939,0.00185599096585065,35879,36799
HND,Honduras,2012,2.143322706,171796,0.85866034,141755,0.00195712619461119,38116,38980
HND,Honduras,2013,2.1830616,177296,0.882112682,149486,0.00200481712818146,37854,37777
HND,Honduras,2014,2.223537445,182817,0.904908776,161791,0.00211496092379093,40804,40368
HND,Honduras,2015,2.264763355,190169,0.938756704,178097,0.00226849154569209,44623,45304
HND,Honduras,2016,2.306754112,196204,0.964599729,193508,0.00241492735221982,47641,48562
HND,Honduras,2017,2.349523067,203948,1,203948,0.00249765836633742,50134,50417
HND,Honduras,2018,2.393085003,212613,1.039800406,211844,0.00254963128827512,50488,51436
HND,Honduras,2019,2.4374547,219992,1.072330952,219022,0.00254282145760953,51408,53133
HRV,Croatia,1950,,,,,,,
HRV,Croatia,1951,,,,,,,
HRV,Croatia,1952,,,,,,,
HRV,Croatia,1953,,,,,,,
HRV,Croatia,1954,,,,,,,
HRV,Croatia,1955,,,,,,,
HRV,Croatia,1956,,,,,,,
HRV,Croatia,1957,,,,,,,
HRV,Croatia,1958,,,,,,,
HRV,Croatia,1959,,,,,,,
HRV,Croatia,1960,,,,,,,
HRV,Croatia,1961,,,,,,,
HRV,Croatia,1962,,,,,,,
HRV,Croatia,1963,,,,,,,
HRV,Croatia,1964,,,,,,,
HRV,Croatia,1965,,,,,,,
HRV,Croatia,1966,,,,,,,
HRV,Croatia,1967,,,,,,,
HRV,Croatia,1968,,,,,,,
HRV,Croatia,1969,,,,,,,
HRV,Croatia,1970,,,,,,,
HRV,Croatia,1971,,,,,,,
HRV,Croatia,1972,,,,,,,
HRV,Croatia,1973,,,,,,,
HRV,Croatia,1974,,,,,,,
HRV,Croatia,1975,,,,,,,
HRV,Croatia,1976,,,,,,,
HRV,Croatia,1977,,,,,,,
HRV,Croatia,1978,,,,,,,
HRV,Croatia,1979,,,,,,,
HRV,Croatia,1980,,,,,,,
HRV,Croatia,1981,,,,,,,
HRV,Croatia,1982,,,,,,,
HRV,Croatia,1983,,,,,,,
HRV,Croatia,1984,,,,,,,
HRV,Croatia,1985,,,,,,,
HRV,Croatia,1986,,,,,,,
HRV,Croatia,1987,,,,,,,
HRV,Croatia,1988,,,,,,,
HRV,Croatia,1989,,,,,,,
HRV,Croatia,1990,2.680584192,322298,,180160,,62364,61449
HRV,Croatia,1991,2.703680754,319982,,178030,,49034,48889
HRV,Croatia,1992,2.726976156,317083,,176470,,43751,42980
HRV,Croatia,1993,2.750472546,314647,,175508,,39800,39662
HRV,Croatia,1994,2.774171352,312622,0.490332425,174536,0.00321656512096524,43111,42912
HRV,Croatia,1995,2.798074245,312706,0.491659641,174699,0.00313711282797158,45254,45134
HRV,Croatia,1996,2.820119858,316802,0.501514018,177143,0.00309288268908858,47215,46216
HRV,Croatia,1997,2.842339516,324540,0.521748066,183234,0.00309829437173903,51078,50406
HRV,Croatia,1998,2.864733934,332323,0.538767099,192576,0.00311956461519003,53644,52368
HRV,Croatia,1999,2.887305021,339196,0.557485819,203128,0.00316458148881793,53910,53711
HRV,Croatia,2000,2.91005373,345057,0.574157715,214385,0.00317032705061138,56524,57320
HRV,Croatia,2001,2.937701941,351645,0.596073508,227473,0.00325731071643531,59710,59924
HRV,Croatia,2002,2.965612888,360449,0.621921659,241906,0.00347006809897721,64845,64822
HRV,Croatia,2003,2.993788958,373834,0.658093095,257195,0.00366917951032519,70925,69761
HRV,Croatia,2004,3.022232771,387741,0.695072234,269587,0.00386172789148986,74779,72102
HRV,Croatia,2005,3.050946951,401870,0.730702341,280594,0.00402525439858437,79142,76530
HRV,Croatia,2006,3.085830212,418177,0.771522582,342571,0.00474883196875453,87580,84613
HRV,Croatia,2007,3.121112585,435761,0.816683769,392391,0.00523699680343270,96061,92067
HRV,Croatia,2008,3.156798363,455348,0.867599905,408801,0.00540743721649051,101195,96567
HRV,Croatia,2009,3.192892075,468076,0.892849982,428116,0.00572030618786812,96973,93597
HRV,Croatia,2010,3.229398489,475259,0.904291153,429728,0.00575292389839888,95193,91728
HRV,Croatia,2011,3.268047333,481505,0.916128635,480624,0.00620487052947283,98211,94327
HRV,Croatia,2012,3.307761908,486679,0.925481975,517767,0.00637886067852378,97365,93972
HRV,Croatia,2013,3.348578691,492061,0.936714172,507459,0.00607008393853903,95542,89917
HRV,Croatia,2014,3.390536547,496534,0.946353793,502629,0.00587866688147187,94510,89232
HRV,Croatia,2015,3.433675289,501831,0.959842563,518960,0.00594652257859707,98559,94516
HRV,Croatia,2016,3.478036404,508541,0.978852451,516332,0.00589336361736059,101601,98183
HRV,Croatia,2017,3.523664236,516122,1,516122,0.00584691017866135,106673,106076
HRV,Croatia,2018,3.570603371,524323,1.022562504,522401,0.00588864227756858,109896,104501
HRV,Croatia,2019,3.618901968,534134,1.048821568,531401,0.00585955427959561,113384,108095
HTI,Haiti,1950,,,,,,,
HTI,Haiti,1951,,,,,,,
HTI,Haiti,1952,,,,,,,
HTI,Haiti,1953,,,,,,,
HTI,Haiti,1954,,,,,,,
HTI,Haiti,1955,,,,,,,
HTI,Haiti,1956,,,,,,,
HTI,Haiti,1957,,,,,,,
HTI,Haiti,1958,,,,,,,
HTI,Haiti,1959,,,,,,,
HTI,Haiti,1960,1.14414537,17014,,19197,,5511,5822
HTI,Haiti,1961,1.145784378,16862,,19104,,5129,5696
HTI,Haiti,1962,1.147425771,16794,,19163,,5635,6092
HTI,Haiti,1963,1.149069548,16764,,19237,,5596,6031
HTI,Haiti,1964,1.15071559,16718,,19297,,5631,5972
HTI,Haiti,1965,1.152364135,16702,,19342,,5606,6020
HTI,Haiti,1966,1.154014945,16659,,19385,,5650,6047
HTI,Haiti,1967,1.15566802,16641,,19427,,5625,5950
HTI,Haiti,1968,1.157323599,16681,,19530,,5785,6119
HTI,Haiti,1969,1.158981562,16818,,19774,,5941,6325
HTI,Haiti,1970,1.160641789,17238,,20388,,6232,6581
HTI,Haiti,1971,1.165189743,17682,,21035,,6308,6782
HTI,Haiti,1972,1.169755459,18277,,21870,,6326,6914
HTI,Haiti,1973,1.174339175,19104,,22978,,6696,7299
HTI,Haiti,1974,1.178940654,20210,,24479,,7272,7942
HTI,Haiti,1975,1.183560252,21391,,26029,,7391,8071
HTI,Haiti,1976,1.18819797,22780,,27804,,8693,9135
HTI,Haiti,1977,1.192853928,24310,,29833,,8831,9422
HTI,Haiti,1978,1.197528005,25915,,31993,,9066,9805
HTI,Haiti,1979,1.20222044,27899,,34646,,9573,10449
HTI,Haiti,1980,1.206931353,29892,,37326,,10315,11102
HTI,Haiti,1981,1.220424891,31871,,40035,,9652,10689
HTI,Haiti,1982,1.234069228,33650,,42366,,9434,10184
HTI,Haiti,1983,1.247866154,35526,,44478,,9735,10462
HTI,Haiti,1984,1.261817336,37488,,46705,,10094,10620
HTI,Haiti,1985,1.275924444,39716,,49556,,10388,10559
HTI,Haiti,1986,1.290189266,41674,,52017,,10619,10830
HTI,Haiti,1987,1.30461359,43635,,54616,,10555,11158
HTI,Haiti,1988,1.319199204,45399,,57069,,10627,11346
HTI,Haiti,1989,1.333947897,46959,,59274,,10015,10660
HTI,Haiti,1990,1.348861456,48744,,61615,,10185,11037
HTI,Haiti,1991,1.363873959,50634,,63891,,10247,11160
HTI,Haiti,1992,1.379053473,52495,,66281,,9884,10740
HTI,Haiti,1993,1.394402027,53661,,67771,,9273,10662
HTI,Haiti,1994,1.409921288,54150,,68532,,8510,9291
HTI,Haiti,1995,1.425613403,56200,,71379,,11062,12179
HTI,Haiti,1996,1.44148016,58559,,74493,,12862,14073
HTI,Haiti,1997,1.457523465,61137,,77804,,13464,14576
HTI,Haiti,1998,1.473745227,63582,,81570,,13514,14487
HTI,Haiti,1999,1.49014771,66790,,85798,,15041,16283
HTI,Haiti,2000,1.506732702,70707,,90868,,17310,19327
HTI,Haiti,2001,1.517064571,74519,,96262,,16586,18774
HTI,Haiti,2002,1.527467251,78408,,102020,,16446,18774
HTI,Haiti,2003,1.537941337,82403,,108023,,15790,19106
HTI,Haiti,2004,1.548487186,86188,,113387,,15454,18115
HTI,Haiti,2005,1.559105396,90000,,119150,,15749,18328
HTI,Haiti,2006,1.569796324,93874,,124551,,15620,18096
HTI,Haiti,2007,1.580560684,97858,,129412,,17583,19810
HTI,Haiti,2008,1.591398835,101950,,134279,,16649,18416
HTI,Haiti,2009,1.602311254,106177,,138635,,17497,19092
HTI,Haiti,2010,1.613298416,109993,,141110,,16311,18661
HTI,Haiti,2011,1.625331879,114261,,145434,,17085,18776
HTI,Haiti,2012,1.637644172,118828,,145743,,17441,18823
HTI,Haiti,2013,1.650243282,123707,,144486,,17740,19027
HTI,Haiti,2014,1.663137197,128659,,144550,,18228,19574
HTI,Haiti,2015,1.676334739,133789,,161410,,19523,20587
HTI,Haiti,2016,1.68984437,138930,,154292,,18669,19963
HTI,Haiti,2017,1.703675389,144071,,144071,,17451,18162
HTI,Haiti,2018,1.715695381,149310,,149179,,17186,17630
HTI,Haiti,2019,1.726601243,154625,,154609,,17141,17677
HUN,Hungary,1950,,,,,,,
HUN,Hungary,1951,,,,,,,
HUN,Hungary,1952,,,,,,,
HUN,Hungary,1953,,,,,,,
HUN,Hungary,1954,,,,,,,
HUN,Hungary,1955,,,,,,,
HUN,Hungary,1956,,,,,,,
HUN,Hungary,1957,,,,,,,
HUN,Hungary,1958,,,,,,,
HUN,Hungary,1959,,,,,,,
HUN,Hungary,1960,,,,,,,
HUN,Hungary,1961,,,,,,,
HUN,Hungary,1962,,,,,,,
HUN,Hungary,1963,,,,,,,
HUN,Hungary,1964,,,,,,,
HUN,Hungary,1965,,,,,,,
HUN,Hungary,1966,,,,,,,
HUN,Hungary,1967,,,,,,,
HUN,Hungary,1968,,,,,,,
HUN,Hungary,1969,,,,,,,
HUN,Hungary,1970,2.436416149,264961,,193806,,58914,57846
HUN,Hungary,1971,2.460979223,292101,,208684,,62405,62147
HUN,Hungary,1972,2.485789776,316554,,215267,,65798,63985
HUN,Hungary,1973,2.51085043,340341,,218882,,69360,66671
HUN,Hungary,1974,2.536163807,366926,0.250562131,226461,0.00882484298199415,70391,69897
HUN,Hungary,1975,2.561160326,396782,0.275332451,240912,0.00941047724336386,72653,73451
HUN,Hungary,1976,2.578515768,424577,0.297751158,259286,0.01000485569238660,80434,80342
HUN,Hungary,1977,2.595989227,456783,0.324320257,284578,0.01089046522974970,89485,89894
HUN,Hungary,1978,2.613580704,489813,0.352295756,313195,0.01185905281454320,98531,100756
HUN,Hungary,1979,2.631291628,521106,0.377806187,342481,0.01277279295027260,107787,108306
HUN,Hungary,1980,2.649122477,547018,0.397632629,363585,0.01304753776639700,118389,117528
HUN,Hungary,1981,2.664178371,569271,0.413461447,378590,0.01313907559961080,120649,119069
HUN,Hungary,1982,2.679319859,589708,0.427170366,389691,0.01328280195593830,122052,120258
HUN,Hungary,1983,2.694547415,607668,0.438563377,396068,0.01338387932628390,120093,118799
HUN,Hungary,1984,2.709861517,623267,0.44784379,401953,0.01301409862935540,120157,119037
HUN,Hungary,1985,2.725262403,637035,0.455431134,408204,0.01281935162842270,118555,119189
HUN,Hungary,1986,2.740751028,653709,0.466227144,415949,0.01262181717902420,121495,123971
HUN,Hungary,1987,2.756327629,674761,0.481292427,425306,0.01224723737686870,129473,131785
HUN,Hungary,1988,2.771992922,689671,0.4896864,430690,0.01175479218363760,133114,133048
HUN,Hungary,1989,2.787747145,707708,0.501235485,438267,0.01142658106982710,137684,137056
HUN,Hungary,1990,2.803590775,721125,0.50825417,443218,0.01105890795588490,136406,135684
HUN,Hungary,1991,2.819054842,729120,0.510207593,444387,0.01073762029409410,122159,122966
HUN,Hungary,1992,2.834604263,736163,0.511548936,446241,0.01029447466135030,124108,123770
HUN,Hungary,1993,2.850239515,744217,0.514254808,449984,0.00995153188705444,129764,131209
HUN,Hungary,1994,2.865960836,757965,0.522798717,457438,0.00975344423204660,136946,138047
HUN,Hungary,1995,2.881768942,769424,0.529503107,463510,0.00943781714886427,142003,139392
HUN,Hungary,1996,2.897664309,783186,0.539139092,471642,0.00914931483566761,144868,141797
HUN,Hungary,1997,2.913647413,800606,0.552912414,455417,0.00850668922066689,147688,142965
HUN,Hungary,1998,2.929718494,823298,0.574840963,446455,0.00813884567469358,149265,146051
HUN,Hungary,1999,2.945878029,848713,0.600914896,438654,0.00790941156446934,152196,149097
HUN,Hungary,2000,2.962127209,876055,0.627542377,459546,0.00781070627272129,160939,159434
HUN,Hungary,2001,2.991988659,902918,0.652603745,517432,0.00836310721933842,175292,169200
HUN,Hungary,2002,3.02215147,932682,0.677531898,504475,0.00807445868849754,186052,178982
HUN,Hungary,2003,3.052618265,961146,0.702264905,549124,0.00861396640539169,192306,185156
HUN,Hungary,2004,3.083392143,993342,0.729875565,564009,0.00877184513956308,196519,184182
HUN,Hungary,2005,3.114476204,1026284,0.757855356,573763,0.00887626502662897,207908,196620
HUN,Hungary,2006,3.145873785,1057876,0.786381006,651423,0.00959082972258329,216780,203479
HUN,Hungary,2007,3.177587986,1090316,0.817933083,729630,0.01034590881317850,222170,206131
HUN,Hungary,2008,3.209621668,1120922,0.846253633,854051,0.01153615768998860,236159,215920
HUN,Hungary,2009,3.241978407,1142814,0.862544537,965683,0.01287220604717730,234806,216479
HUN,Hungary,2010,3.274661064,1156943,0.872548759,1004132,0.01356074493378400,246870,226659
HUN,Hungary,2011,3.290193796,1169552,0.883027077,1054190,0.01413531322032210,253549,228588
HUN,Hungary,2012,3.305800438,1179746,0.892331243,1127180,0.01470286492258310,252036,225018
HUN,Hungary,2013,3.321480989,1195436,0.907698691,1192516,0.01493473444134000,255933,227322
HUN,Hungary,2014,3.337235928,1218304,0.930399299,1185640,0.01449815370142460,263602,232390
HUN,Hungary,2015,3.353065491,1243319,0.955177188,1231289,0.01481118146330120,277528,244542
HUN,Hungary,2016,3.368970156,1257657,0.971518993,1308307,0.01558834966272120,282091,248149
HUN,Hungary,2017,3.384950399,1284190,1,1284190,0.01530457567423580,296142,261819
HUN,Hungary,2018,3.401006222,1321653,1.037840009,1317190,0.01573657989501950,308274,271111
HUN,Hungary,2019,3.417138577,1367536,1.083265781,1359223,0.01599586755037310,321531,284590
IDN,Indonesia,1950,,,,,,,
IDN,Indonesia,1951,,,,,,,
IDN,Indonesia,1952,,,,,,,
IDN,Indonesia,1953,,,,,,,
IDN,Indonesia,1954,,,,,,,
IDN,Indonesia,1955,,,,,,,
IDN,Indonesia,1956,,,,,,,
IDN,Indonesia,1957,,,,,,,
IDN,Indonesia,1958,,,,,,,
IDN,Indonesia,1959,,,,,,,
IDN,Indonesia,1960,1.158581376,626933,,309845,,99623,132178
IDN,Indonesia,1961,1.176857114,629516,,309651,,102280,144871
IDN,Indonesia,1962,1.19542098,628833,,309228,,112143,136917
IDN,Indonesia,1963,1.214277864,622854,,306983,,108146,126130
IDN,Indonesia,1964,1.233432055,619725,0.036280643,305696,0.01616503112018110,108365,120191
IDN,Indonesia,1965,1.252888441,616748,0.036121991,302963,0.01563757471740250,107266,140325
IDN,Indonesia,1966,1.272651792,616666,0.036149237,301563,0.01501496229320760,101857,118231
IDN,Indonesia,1967,1.292726755,612400,0.035904799,300384,0.01398813538253310,108057,125850
IDN,Indonesia,1968,1.313118458,615852,0.036271852,300899,0.01355750113725660,117718,131599
IDN,Indonesia,1969,1.333831906,623510,0.036902186,303626,0.01313555240631100,115195,134252
IDN,Indonesia,1970,1.354871988,640921,0.038225573,309822,0.01306463126093150,127220,143916
IDN,Indonesia,1971,1.370381713,665908,0.040095922,319487,0.01368626765906810,135772,155324
IDN,Indonesia,1972,1.386069059,698673,0.042519849,332969,0.01435960922390220,149292,173843
IDN,Indonesia,1973,1.401935935,738791,0.045385882,348566,0.01522101648151870,171076,199273
IDN,Indonesia,1974,1.417984366,789321,0.048900098,369020,0.01613696292042730,204595,226183
IDN,Indonesia,1975,1.434216619,848596,0.053009875,393491,0.01741544902324680,209338,236425
IDN,Indonesia,1976,1.450634718,909095,0.057211377,417710,0.01855491474270820,224340,256119
IDN,Indonesia,1977,1.467240691,981729,0.062233686,446779,0.01973640732467170,250314,275220
IDN,Indonesia,1978,1.484036684,1067607,0.068202436,480952,0.02070375345647340,268493,300207
IDN,Indonesia,1979,1.501025081,1153243,0.074094489,517724,0.02157477289438250,316950,328136
IDN,Indonesia,1980,1.518207908,1260628,0.081493691,561577,0.02209202945232390,369591,366510
IDN,Indonesia,1981,1.557517529,1380557,0.089580894,614420,0.02315891534090040,401973,397278
IDN,Indonesia,1982,1.597845078,1518204,0.098610729,665567,0.02441489882767200,410630,404498
IDN,Indonesia,1983,1.639216781,1657014,0.107414663,706300,0.02531830035150050,439232,434782
IDN,Indonesia,1984,1.681659579,1775344,0.114491418,733208,0.02490440383553500,466868,456701
IDN,Indonesia,1985,1.72123611,1905929,0.122163378,760700,0.02461140230298040,482203,468019
IDN,Indonesia,1986,1.754721403,2053959,0.131321862,788170,0.02444181218743320,484102,476154
IDN,Indonesia,1987,1.788858056,2209569,0.141263783,813994,0.02402501553297040,505977,494220
IDN,Indonesia,1988,1.823658824,2387992,0.15299806,847075,0.02407518588006500,527627,512551
IDN,Indonesia,1989,1.859136701,2600559,0.167367205,891090,0.02469643764197830,579373,567374
IDN,Indonesia,1990,1.895304561,2854605,0.184952646,949567,0.02581484615802760,646296,641637
IDN,Indonesia,1991,1.922513962,3141597,0.204566315,1016624,0.02715174481272700,700429,691197
IDN,Indonesia,1992,1.950114012,3424272,0.223645553,1079590,0.02849668078124520,757807,752054
IDN,Indonesia,1993,1.978110194,3716906,0.243141055,1144836,0.02939528599381450,808383,794267
IDN,Indonesia,1994,2.00650835,4057875,0.265776038,1235212,0.03066795133054260,861843,851283
IDN,Indonesia,1995,2.035314083,4458559,0.292577147,1349345,0.03232814744114880,931281,926213
IDN,Indonesia,1996,2.06453371,4934485,0.325712293,1491746,0.03467315062880520,1008394,999373
IDN,Indonesia,1997,2.094172478,5439314,0.36068809,1631225,0.03611193969845770,1039877,1018186
IDN,Indonesia,1998,2.124236822,5676320,0.373475552,1694966,0.03545523434877400,956979,824925
IDN,Indonesia,1999,2.154732943,5832050,0.380372047,1738963,0.03381034731864930,915492,834700
IDN,Indonesia,2000,2.185666561,6044185,0.392666578,1806245,0.03244261071085930,881815,811589
IDN,Indonesia,2001,2.20774579,6274087,0.407237023,1923253,0.03262094035744670,902300,832005
IDN,Indonesia,2002,2.230047941,6525894,0.42298916,2082479,0.03452533856034280,898210,851119
IDN,Indonesia,2003,2.252575397,6780884,0.437704206,2293762,0.03651642426848410,899527,861196
IDN,Indonesia,2004,2.275330544,7118550,0.459302634,2587819,0.03884148225188260,975792,941024
IDN,Indonesia,2005,2.298315287,7512384,0.485705346,2959394,0.04316283017396930,1074786,1035491
IDN,Indonesia,2006,2.321532726,7909506,0.510682762,3466065,0.04919283837080000,1186132,1143614
IDN,Indonesia,2007,2.344984293,8358782,0.539543986,4305349,0.05885494872927670,1317021,1273085
IDN,Indonesia,2008,2.368672848,8882078,0.576138198,5689963,0.07565043121576310,1536183,1525992
IDN,Indonesia,2009,2.392600536,9410591,0.610474586,7691427,0.10057525336742400,1711001,1693628
IDN,Indonesia,2010,2.41677022,9993085,0.648827434,10173204,0.13298296928405800,2016555,2000498
IDN,Indonesia,2011,2.402131081,10636667,0.692044437,11888735,0.15371388196945200,2436970,2425953
IDN,Indonesia,2012,2.387580633,11349800,0.739841223,12373889,0.15467061102390300,2584321,2596155
IDN,Indonesia,2013,2.373118162,12091684,0.788181841,12850959,0.15573479235172300,2625269,2627956
IDN,Indonesia,2014,2.358743429,12861524,0.837371528,13460486,0.15899020433425900,2654283,2673558
IDN,Indonesia,2015,2.344455719,13669152,0.888952851,14083079,0.16134507954120600,2667797,2654915
IDN,Indonesia,2016,2.330254555,14508334,0.942709506,14656208,0.16489602625370000,2704488,2692363
IDN,Indonesia,2017,2.31613946,15404530,1,15404530,0.16956667602062200,2819441,2816072
IDN,Indonesia,2018,2.302109718,16368868,1.061041117,16328359,0.17310161888599400,2973450,3003737
IDN,Indonesia,2019,2.288165092,17365644,1.129620433,17715404,0.17931126058101700,3087351,3120406
IND,India,1950,1.130546331,598503,,674702,,358102,358789
IND,India,1951,1.132678747,630228,,705966,,372592,372340
IND,India,1952,1.134815216,649041,,726406,,383965,384929
IND,India,1953,1.136955738,675004,,750688,,404576,406354
IND,India,1954,1.139100313,718539,0.016284771,794599,0.06086174771189690,421208,422968
IND,India,1955,1.141248941,769966,0.017491911,841807,0.06296806037425990,428491,430654
IND,India,1956,1.139782548,830587,0.01892033,901033,0.06514456868171690,442573,447110
IND,India,1957,1.138318181,880781,0.020087853,947206,0.06605826318264010,441118,448314
IND,India,1958,1.136855602,929352,0.021196673,1001103,0.06731991469860080,474999,480170
IND,India,1959,1.135394931,976786,0.022268498,1048032,0.06890392303466800,481827,484695
IND,India,1960,1.133936167,1058696,0.02417846,1118031,0.07072596251964570,518491,522234
IND,India,1961,1.140293479,1134858,0.025947558,1201441,0.07210945338010790,540371,542261
IND,India,1962,1.146686435,1221310,0.027938593,1283523,0.07446334511041640,562809,566382
IND,India,1963,1.153115273,1315887,0.03008532,1369868,0.07619175314903260,599737,602450
IND,India,1964,1.159580112,1422160,0.032514654,1483921,0.07872535288333890,641710,644215
IND,India,1965,1.16608119,1527791,0.034962486,1593368,0.08002169430255890,630899,634524
IND,India,1966,1.168996572,1630702,0.037403591,1713730,0.08061352372169490,629058,635244
IND,India,1967,1.171919346,1727338,0.039700255,1826945,0.08139409869909290,680872,687077
IND,India,1968,1.174849272,1810404,0.041648537,1920733,0.08152084797620770,715490,719395
IND,India,1969,1.177786708,1904742,0.043941408,2025418,0.08241076022386550,793002,793896
IND,India,1970,1.180731297,2007558,0.046382237,2131173,0.08368004113435750,805673,805719
IND,India,1971,1.189743876,2125585,0.049134545,2208508,0.08465912938117980,838144,838612
IND,India,1972,1.19882524,2246936,0.051966403,2232148,0.08311861008405690,868862,865522
IND,India,1973,1.207975864,2356271,0.054451618,2225420,0.08014750480651860,911826,912842
IND,India,1974,1.217196345,2469048,0.057008114,2219247,0.07730776071548460,902384,912714
IND,India,1975,1.226487279,2572254,0.059399448,2220413,0.07642927765846250,992974,1002495
IND,India,1976,1.237961531,2694519,0.062423531,2237882,0.07520410418510440,984531,989807
IND,India,1977,1.24954319,2842638,0.066227384,2263010,0.07538743317127230,983377,985823
IND,India,1978,1.261233211,2996301,0.070022978,2267835,0.07347074151039120,956168,964506
IND,India,1979,1.273032665,3141638,0.073487058,2259201,0.07143609970808030,885768,896980
IND,India,1980,1.284942389,3287425,0.076852553,2228539,0.07049208879470830,904354,925824
IND,India,1981,1.302978396,3425595,0.080045894,2162242,0.06696895509958270,904289,919980
IND,India,1982,1.321267605,3573908,0.083836272,2062466,0.06382573395967480,894902,901674
IND,India,1983,1.339813471,3736219,0.088202134,1969460,0.06215737387537960,923267,927746
IND,India,1984,1.358619809,3893198,0.092679687,1928896,0.06013735756278040,917365,926311
IND,India,1985,1.377689958,4055480,0.097341396,1966784,0.05984400212764740,933464,945219
IND,India,1986,1.39887464,4241473,0.102850787,2060004,0.06153944879770280,976915,988126
IND,India,1987,1.420385122,4455748,0.109584756,2173086,0.06236524879932400,1029025,1040215
IND,India,1988,1.442226291,4668445,0.116059564,2297784,0.06312518566846850,1112784,1123940
IND,India,1989,1.464403391,4903968,0.123512767,2443464,0.06495445966720580,1193231,1205337
IND,India,1990,1.48692143,5197480,0.13273114,2624343,0.06801986694335940,1267487,1283710
IND,India,1991,1.509102702,5432178,0.140391648,2782678,0.07025565207004550,1316296,1324646
IND,India,1992,1.5316149,5704981,0.14925532,2973217,0.07320664823055270,1381692,1398623
IND,India,1993,1.55446291,5955224,0.15667215,3174301,0.07520143687725070,1464103,1471519
IND,India,1994,1.577651739,6222264,0.165271848,3396754,0.07768575102090840,1542304,1554786
IND,India,1995,1.601186395,6544260,0.175445735,3664915,0.08036541193723680,1663443,1682469
IND,India,1996,1.640303254,6877184,0.186213627,3962103,0.08332674205303190,1794213,1814061
IND,India,1997,1.680375576,7246153,0.199641645,4311112,0.08690204471349720,1872409,1893258
IND,India,1998,1.718397021,7660627,0.214118227,4738111,0.09037281572818760,2017839,2047888
IND,India,1999,1.749944568,8201082,0.233968869,5277173,0.09642337262630460,2156807,2197552
IND,India,2000,1.782071352,8682468,0.251104414,5799616,0.10010242462158200,2274921,2305846
IND,India,2001,1.796781659,9323320,0.273239166,6503467,0.10767702013254200,2418001,2437321
IND,India,2002,1.811613441,9916184,0.292756528,7245019,0.11768402904272100,2558580,2579105
IND,India,2003,1.82656765,10550977,0.313084781,8097120,0.12818001210689500,2775802,2812779
IND,India,2004,1.841645241,11291206,0.338643968,9147686,0.13987979292869600,3019805,3072820
IND,India,2005,1.856847286,12177142,0.3705872,10322284,0.15644788742065400,3435672,3538032
IND,India,2006,1.878200769,13214575,0.407644182,11712631,0.17365269362926500,3794950,3942002
IND,India,2007,1.899799585,14455985,0.452832729,13433789,0.19376619160175300,4242954,4394169
IND,India,2008,1.921646833,15664624,0.495568186,15470290,0.21876962482929200,4390494,4668518
IND,India,2009,1.943745375,16981898,0.541335166,17740868,0.25166475772857700,4821723,4983383
IND,India,2010,1.96609807,18487850,0.593633711,20219374,0.28841578960418700,5520395,5737298
IND,India,2011,1.987891555,20172132,0.651969969,22608038,0.31630814075470000,5960417,6227856
IND,India,2012,2.009926558,21863598,0.711385667,24331510,0.32932293415069600,6383270,6760591
IND,India,2013,2.03220582,23393342,0.762721479,25655264,0.33540606498718300,6547277,6794392
IND,India,2014,2.054732084,24953404,0.813500345,26698186,0.34012308716774000,6775479,7053126
IND,India,2015,2.077507973,26605918,0.870078862,27473748,0.34538260102272000,7189762,7413800
IND,India,2016,2.100536346,28367374,0.932158947,28649930,0.35686582326889000,7636912,7806553
IND,India,2017,2.123820066,30257410,1,30257410,0.37235999107360800,8069978,8284343
IND,India,2018,2.147361755,32325540,1.072868466,32223104,0.39259478449821500,8587871,8881577
IND,India,2019,2.171164513,34201480,1.135934711,34101256,0.40523290634155300,8900328,9142121
IRL,Ireland,1950,2.15882659,64128,,26187,,16698,16794
IRL,Ireland,1951,2.16804409,69715,,28684,,16273,16539
IRL,Ireland,1952,2.177300692,73426,,30277,,17485,17384
IRL,Ireland,1953,2.186597109,77656,,32106,,18401,18069
IRL,Ireland,1954,2.195933104,81116,0.042153712,33570,0.00309011409990489,18556,18295
IRL,Ireland,1955,2.205308914,85796,0.044809151,35661,0.00320467492565513,18778,18698
IRL,Ireland,1956,2.217155457,88266,0.046110865,36731,0.00319573422893882,18376,18422
IRL,Ireland,1957,2.229065418,89395,0.046593223,37207,0.00313867442309856,18277,18282
IRL,Ireland,1958,2.241039515,90319,0.046956908,37506,0.00307805766351521,18278,18187
IRL,Ireland,1959,2.253077984,93847,0.048918452,38980,0.00315305404365063,19135,18885
IRL,Ireland,1960,2.265181065,96714,0.050473284,39996,0.00310029741376638,20099,19165
IRL,Ireland,1961,2.278236628,100596,0.052654482,41621,0.00312770740129054,21199,20321
IRL,Ireland,1962,2.291367531,105437,0.055433519,43634,0.00316570978611708,21845,21485
IRL,Ireland,1963,2.304574251,111097,0.058725521,46011,0.00322454213164747,22777,22483
IRL,Ireland,1964,2.317857027,117623,0.062500797,48702,0.00332719599828124,23792,23158
IRL,Ireland,1965,2.331216335,125027,0.066793784,51782,0.00341030396521091,24137,23625
IRL,Ireland,1966,2.344652653,130965,0.07014364,54095,0.00336260232143104,24780,24165
IRL,Ireland,1967,2.358166456,137125,0.073594667,56564,0.00333601469174027,26558,25865
IRL,Ireland,1968,2.371757984,145288,0.078273982,59886,0.00338786258362234,28454,28008
IRL,Ireland,1969,2.385427952,156368,0.084733307,64482,0.00352411787025630,30014,29445
IRL,Ireland,1970,2.399176836,166435,0.090487562,68659,0.00362963671796024,30461,29940
IRL,Ireland,1971,2.418650389,177593,0.096796453,73315,0.00375102483667433,31797,31008
IRL,Ireland,1972,2.438282013,189667,0.103743635,78333,0.00386439822614193,34771,33497
IRL,Ireland,1973,2.458073139,204534,0.11248,84306,0.00402003526687622,37269,34975
IRL,Ireland,1974,2.47802496,215425,0.118284717,88800,0.00408604973927140,35735,34249
IRL,Ireland,1975,2.498138666,224905,0.12324997,92728,0.00413218140602112,37257,36006
IRL,Ireland,1976,2.518415451,236966,0.130177766,99468,0.00429650722071528,39225,37691
IRL,Ireland,1977,2.538856983,249292,0.137440801,109699,0.00457129161804914,42819,41410
IRL,Ireland,1978,2.559464455,265907,0.147677407,124104,0.00507500534877181,47210,45238
IRL,Ireland,1979,2.573602676,285561,0.159524798,140487,0.00559077365323901,48950,46954
IRL,Ireland,1980,2.587648153,302138,0.169037014,151536,0.00582116842269897,50104,47779
IRL,Ireland,1981,2.601450682,320896,0.180254057,159174,0.00590468151494861,50780,48300
IRL,Ireland,1982,2.615326643,337216,0.188968271,162493,0.00583444070070982,52342,49394
IRL,Ireland,1983,2.629276752,349416,0.195504993,162218,0.00569547712802887,52171,48810
IRL,Ireland,1984,2.643301249,360343,0.201439679,162321,0.00539795588701963,52975,49874
IRL,Ireland,1985,2.65740037,368413,0.205139294,164081,0.00523907737806439,53922,50434
IRL,Ireland,1986,2.671574831,375519,0.20816873,168035,0.00517416372895241,55477,52755
IRL,Ireland,1987,2.685824871,382330,0.211127505,175066,0.00515433913096786,57735,55538
IRL,Ireland,1988,2.700150967,390483,0.215460896,185448,0.00520952139049768,60982,58144
IRL,Ireland,1989,2.714553356,401212,0.221651196,200832,0.00548163242638111,66108,62819
IRL,Ireland,1990,2.729032755,415466,0.229933947,220680,0.00581710087135434,70778,66491
IRL,Ireland,1991,2.741504431,426610,0.235542804,241863,0.00611556181684136,71862,69181
IRL,Ireland,1992,2.754033327,437654,0.240958393,265253,0.00638851197436452,74311,72061
IRL,Ireland,1993,2.766619682,446832,0.245431304,287712,0.00669647520408034,78335,76375
IRL,Ireland,1994,2.779263258,459449,0.252317846,309642,0.00694536045193672,83286,82072
IRL,Ireland,1995,2.791964769,477228,0.263063461,327446,0.00702737458050251,93682,92638
IRL,Ireland,1996,2.804724216,500635,0.277460039,343550,0.00708280690014362,100853,99235
IRL,Ireland,1997,2.817542076,529856,0.295128196,347978,0.00683130091056228,113514,114505
IRL,Ireland,1998,2.830418587,564433,0.317851543,361434,0.00675295572727919,127835,131039
IRL,Ireland,1999,2.843353748,604679,0.344992787,374101,0.00672712270170450,138786,143132
IRL,Ireland,2000,2.856348038,645530,0.370881557,383262,0.00649436097592115,151952,162844
IRL,Ireland,2001,2.873432398,687983,0.397412717,401311,0.00650867680087686,160964,176133
IRL,Ireland,2002,2.890618801,731838,0.424348354,429169,0.00678476924076676,171115,198054
IRL,Ireland,2003,2.907907963,779231,0.452824652,451079,0.00700206588953733,176009,211510
IRL,Ireland,2004,2.925300598,832019,0.484617501,495199,0.00751858530566096,185261,222137
IRL,Ireland,2005,2.942797184,896093,0.524764776,525759,0.00796656031161547,202448,241790
IRL,Ireland,2006,2.960398436,963535,0.56784004,695719,0.00993276201188564,222593,252588
IRL,Ireland,2007,2.978105068,1027490,0.608413815,862037,0.01182692963629960,241541,270291
IRL,Ireland,2008,2.995917559,1076924,0.637248158,887347,0.01208983268588780,228280,249439
IRL,Ireland,2009,3.013836384,1108211,0.657062173,873540,0.01214264333248140,212523,239864
IRL,Ireland,2010,3.031862736,1125465,0.669095397,1015874,0.01409988198429350,220665,243394
IRL,Ireland,2011,3.048562765,1140887,0.681044817,1071746,0.01475915499031540,228280,247907
IRL,Ireland,2012,3.065354586,1165582,0.700698555,1130007,0.01569095812737940,239986,253863
IRL,Ireland,2013,3.082239151,1183974,0.714798152,1181196,0.01648151874542240,236847,249574
IRL,Ireland,2014,3.099216461,1214377,0.73977381,1223319,0.01696882769465450,254485,266564
IRL,Ireland,2015,3.11628747,1284664,0.800315619,1263070,0.01788644678890710,353144,356099
IRL,Ireland,2016,3.133452415,1409849,0.908917606,1443716,0.02324917539954190,380435,383632
IRL,Ireland,2017,3.150712013,1516154,1,1516154,0.02594688348472120,409848,412626
IRL,Ireland,2018,3.16806674,1597037,1.062216401,1588531,0.02666261792182920,433610,438976
IRL,Ireland,2019,3.185516834,1799626,1.238478899,1805561,0.03411883488297460,496191,496384
IRN,Iran (Islamic Republic of),1950,,,,,,,
IRN,Iran (Islamic Republic of),1951,,,,,,,
IRN,Iran (Islamic Republic of),1952,,,,,,,
IRN,Iran (Islamic Republic of),1953,,,,,,,
IRN,Iran (Islamic Republic of),1954,,,,,,,
IRN,Iran (Islamic Republic of),1955,1.052387834,190362,,145735,,39518,49512
IRN,Iran (Islamic Republic of),1956,1.05563879,201596,,154072,,41617,53709
IRN,Iran (Islamic Republic of),1957,1.058899879,216586,,164663,,46357,61852
IRN,Iran (Islamic Republic of),1958,1.062170982,236613,,179449,,51546,69003
IRN,Iran (Islamic Republic of),1959,1.065452218,256746,0.037264951,194690,0.01518252678215500,57720,77066
IRN,Iran (Islamic Republic of),1960,1.068743587,276289,0.040216111,209446,0.01542822085320950,58224,82184
IRN,Iran (Islamic Republic of),1961,1.072606683,298041,0.043315969,224343,0.01575455255806450,60084,86020
IRN,Iran (Islamic Republic of),1962,1.076483727,323328,0.046895418,243371,0.01606887765228750,62652,84966
IRN,Iran (Islamic Republic of),1963,1.080374718,350822,0.050680678,264397,0.01648217998445030,64709,90315
IRN,Iran (Islamic Republic of),1964,1.084279895,391707,0.056670718,295148,0.01805256493389610,66268,96791
IRN,Iran (Islamic Republic of),1965,1.088199139,441666,0.063948438,331149,0.01919138431549070,73976,103698
IRN,Iran (Islamic Republic of),1966,1.092132568,500798,0.072697192,373776,0.02044744230806830,80326,112264
IRN,Iran (Islamic Republic of),1967,1.096080184,562924,0.082082435,419178,0.02185887843370440,88371,129408
IRN,Iran (Islamic Republic of),1968,1.100042105,647347,0.094843484,479706,0.02405708655714990,97145,140344
IRN,Iran (Islamic Republic of),1969,1.104018331,725438,0.106213689,537558,0.02568709850311280,101644,146869
IRN,Iran (Islamic Republic of),1970,1.108008981,782751,0.113846764,579425,0.02634132280945780,112512,171457
IRN,Iran (Islamic Republic of),1971,1.117898703,854315,0.12397375,619806,0.02790166623890400,129974,181498
IRN,Iran (Islamic Republic of),1972,1.127876759,941280,0.137340233,655220,0.02889790572226050,146965,212321
IRN,Iran (Islamic Republic of),1973,1.137943864,1041018,0.152473733,686563,0.02991137281060220,178281,228073
IRN,Iran (Islamic Republic of),1974,1.148100734,1163785,0.170804426,732361,0.03169360011816020,264712,293110
IRN,Iran (Islamic Republic of),1975,1.158348441,1341086,0.201257855,821348,0.03484360501170160,273987,280969
IRN,Iran (Islamic Republic of),1976,1.168687463,1598205,0.243165389,923700,0.03859319165349010,287974,302862
IRN,Iran (Islamic Republic of),1977,1.179118752,1796214,0.272937477,942025,0.03751480579376220,265491,340012
IRN,Iran (Islamic Republic of),1978,1.189643264,1968445,0.295069039,915860,0.03393300995230670,228300,240711
IRN,Iran (Islamic Republic of),1979,1.200261712,2052225,0.303326905,858373,0.02956183254718780,220342,227191
IRN,Iran (Islamic Republic of),1980,1.210974813,2136915,0.312322468,820415,0.02589877136051650,158437,155815
IRN,Iran (Islamic Republic of),1981,1.229807854,2202165,0.320010841,790465,0.02313398383557800,146895,140464
IRN,Iran (Islamic Republic of),1982,1.248933792,2282783,0.330208033,772665,0.02120485156774520,166106,172941
IRN,Iran (Islamic Republic of),1983,1.268357038,2429181,0.350404203,786330,0.02053433284163480,168734,178926
IRN,Iran (Islamic Republic of),1984,1.28808248,2543994,0.3671709,802358,0.01960673369467260,154572,167427
IRN,Iran (Islamic Republic of),1985,1.308114648,2620253,0.376605809,817359,0.01905124820768830,156264,161430
IRN,Iran (Islamic Republic of),1986,1.328458428,2683679,0.382472873,834281,0.01874460093677040,142967,145591
IRN,Iran (Islamic Republic of),1987,1.349118471,2734161,0.385092735,867819,0.01825820468366150,149807,154466
IRN,Iran (Islamic Republic of),1988,1.370099902,2748472,0.381525666,927468,0.01833070442080500,140187,141994
IRN,Iran (Islamic Republic of),1989,1.391407609,2782214,0.382596195,1002627,0.01942439191043380,152865,155533
IRN,Iran (Islamic Republic of),1990,1.413046718,2824978,0.387137771,1088283,0.02058031596243380,183468,185687
IRN,Iran (Islamic Republic of),1991,1.43984735,2937572,0.411664456,1218167,0.02362123876810070,214794,215022
IRN,Iran (Islamic Republic of),1992,1.467156291,3034286,0.429735094,1364319,0.02760681882500650,235439,236887
IRN,Iran (Islamic Republic of),1993,1.494983196,3099809,0.438092291,1514154,0.03046786785125730,288479,299866
IRN,Iran (Islamic Republic of),1994,1.523337841,3143458,0.44187355,1656936,0.03341198340058330,311118,316709
IRN,Iran (Islamic Republic of),1995,1.552230358,3174878,0.443852186,1793167,0.03503045439720150,324254,325798
IRN,Iran (Islamic Republic of),1996,1.58167088,3247809,0.453553319,1942317,0.03589668124914170,392459,393429
IRN,Iran (Islamic Republic of),1997,1.61166966,3333243,0.467505336,2069543,0.03676597401499750,413312,415469
IRN,Iran (Islamic Republic of),1998,1.642237544,3418554,0.483225912,2203444,0.03822785243391990,418891,424279
IRN,Iran (Islamic Republic of),1999,1.673385143,3510822,0.499964595,2331370,0.03704463690519330,481182,480027
IRN,Iran (Islamic Republic of),2000,1.705123544,3617997,0.519865155,2473220,0.03647420182824130,536513,530212
IRN,Iran (Islamic Republic of),2001,1.743741035,3778261,0.554109931,2683380,0.03753967955708500,606734,604201
IRN,Iran (Islamic Republic of),2002,1.782196045,3941395,0.58725363,2915050,0.03836980089545250,705990,704034
IRN,Iran (Islamic Republic of),2003,1.82149899,4111448,0.623555958,3157895,0.03993145376443860,784491,781508
IRN,Iran (Islamic Republic of),2004,1.861668825,4290836,0.665088654,3420384,0.04186203703284260,898177,893778
IRN,Iran (Islamic Republic of),2005,1.902724385,4467332,0.703749001,3686570,0.04499543085694310,1082041,1049600
IRN,Iran (Islamic Republic of),2006,1.94468534,4624725,0.733413756,3954276,0.04615215957164760,1154995,1122143
IRN,Iran (Islamic Republic of),2007,1.987571836,4821833,0.768975437,4276211,0.04656625539064410,1296289,1271763
IRN,Iran (Islamic Republic of),2008,2.031404018,5053409,0.809320331,4636939,0.04906632378697400,1300653,1271911
IRN,Iran (Islamic Republic of),2009,2.076202869,5279174,0.847385168,4973684,0.05137439072132110,1297531,1313152
IRN,Iran (Islamic Republic of),2010,2.121989489,5507795,0.886053443,5287025,0.05397807061672210,1419118,1398690
IRN,Iran (Islamic Republic of),2011,2.162694931,5744759,0.92706418,5615804,0.05419668927788730,1516492,1490460
IRN,Iran (Islamic Republic of),2012,2.204181433,5886019,0.944840968,5811320,0.05209216475486760,1275242,1278926
IRN,Iran (Islamic Republic of),2013,2.246463537,5994502,0.955540121,5766075,0.04843486845493320,1218745,1220548
IRN,Iran (Islamic Republic of),2014,2.289556742,6127763,0.972920477,5854895,0.04659195989370350,1190812,1193054
IRN,Iran (Islamic Republic of),2015,2.333476543,6211518,0.981910229,5977918,0.04533350840210910,1060235,1053757
IRN,Iran (Islamic Republic of),2016,2.378238916,6284532,0.990541041,6103152,0.04284861311316490,1104674,1093335
IRN,Iran (Islamic Republic of),2017,2.423860073,6365145,1,6365145,0.04149331152439120,1144473,1132717
IRN,Iran (Islamic Republic of),2018,2.470356226,6435005,1.005833268,6426267,0.04085161909461020,1103969,1076344
IRN,Iran (Islamic Republic of),2019,2.517744303,6499791,1.011253834,6499501,0.03881395235657690,1078874,1087768
IRQ,Iraq,1950,,,,,,,
IRQ,Iraq,1951,,,,,,,
IRQ,Iraq,1952,,,,,,,
IRQ,Iraq,1953,,,,,,,
IRQ,Iraq,1954,,,,,,,
IRQ,Iraq,1955,,,,,,,
IRQ,Iraq,1956,,,,,,,
IRQ,Iraq,1957,,,,,,,
IRQ,Iraq,1958,,,,,,,
IRQ,Iraq,1959,,,,,,,
IRQ,Iraq,1960,,,,,,,
IRQ,Iraq,1961,,,,,,,
IRQ,Iraq,1962,,,,,,,
IRQ,Iraq,1963,,,,,,,
IRQ,Iraq,1964,,,,,,,
IRQ,Iraq,1965,,,,,,,
IRQ,Iraq,1966,,,,,,,
IRQ,Iraq,1967,,,,,,,
IRQ,Iraq,1968,,,,,,,
IRQ,Iraq,1969,,,,,,,
IRQ,Iraq,1970,1.091543198,81359,,44619,,47291,44136
IRQ,Iraq,1971,1.102233171,86462,,47759,,50595,46683
IRQ,Iraq,1972,1.11302793,91620,,50836,,49182,51731
IRQ,Iraq,1973,1.123928428,100271,,55800,,59235,63206
IRQ,Iraq,1974,1.134935617,109987,0.109531842,61505,0.00462099397554994,66434,74767
IRQ,Iraq,1975,1.146050692,127768,0.129742831,71938,0.00587845267727971,76160,85929
IRQ,Iraq,1976,1.164471865,147239,0.151531935,82971,0.00697122188284993,89875,99490
IRQ,Iraq,1977,1.183189154,164289,0.169977725,92381,0.00759562198072672,90515,82029
IRQ,Iraq,1978,1.202207327,189572,0.197052777,106224,0.00810977537184954,106444,97597
IRQ,Iraq,1979,1.221531153,216102,0.22448802,120500,0.00833985861390829,135788,122602
IRQ,Iraq,1980,1.241165638,239947,0.248087183,133014,0.00805927254259586,138485,126179
IRQ,Iraq,1981,1.263196111,296448,0.3052091,165192,0.00942018628120422,115006,119339
IRQ,Iraq,1982,1.285617471,347171,0.353318155,195183,0.01017702836543320,112478,115314
IRQ,Iraq,1983,1.308436871,362340,0.362371534,204509,0.00968017522245646,99383,100321
IRQ,Iraq,1984,1.331661463,367332,0.360781342,207878,0.00863998755812645,99726,98435
IRQ,Iraq,1985,1.355298042,371474,0.358913332,210181,0.00783320236951113,101222,100417
IRQ,Iraq,1986,1.389054656,377568,0.359723657,212801,0.00718484213575721,108087,108291
IRQ,Iraq,1987,1.423652172,383901,0.361855924,215432,0.00658200634643435,129442,128264
IRQ,Iraq,1988,1.459111214,394089,0.368464947,220773,0.00629609217867255,133640,133265
IRQ,Iraq,1989,1.495453596,412918,0.383616924,231048,0.00632560905069113,120658,119252
IRQ,Iraq,1990,1.532701135,427963,0.394556373,238157,0.00636356230825186,119642,118904
IRQ,Iraq,1991,1.573645353,416534,0.378730595,230186,0.00626959046348929,40316,40334
IRQ,Iraq,1992,1.615683436,410144,0.367392808,226274,0.00601130584254861,50507,50527
IRQ,Iraq,1993,1.658844471,410112,0.363910884,226299,0.00597168039530516,75149,75158
IRQ,Iraq,1994,1.703158617,399974,0.351683885,220502,0.00570912659168243,70557,70559
IRQ,Iraq,1995,1.738844872,388794,0.338500261,213965,0.00564366392791271,57667,57668
IRQ,Iraq,1996,1.769734621,376799,0.325190455,207244,0.00559062929823995,86233,86234
IRQ,Iraq,1997,1.801173091,368967,0.317062467,203136,0.00570472655817866,105131,105124
IRQ,Iraq,1998,1.833169937,364466,0.313013792,201949,0.00635447772219777,141414,141404
IRQ,Iraq,1999,1.865735292,360249,0.309403211,200228,0.00627409433946013,165331,165322
IRQ,Iraq,2000,1.89887917,359295,0.309720635,200057,0.00631889421492815,170223,170219
IRQ,Iraq,2001,1.929774761,369907,0.322711349,207227,0.00753595260903239,175718,175717
IRQ,Iraq,2002,1.961173058,374651,0.326809943,211410,0.00875099562108517,165769,165768
IRQ,Iraq,2003,1.993082285,390198,0.343443096,222785,0.01078038848936560,109007,106303
IRQ,Iraq,2004,2.02551055,397160,0.353490531,229769,0.01248385757207870,173528,164646
IRQ,Iraq,2005,2.058466434,438617,0.404653758,257603,0.01339093782007690,177802,176079
IRQ,Iraq,2006,2.081059456,485509,0.460565001,298270,0.01592735014855860,201408,196922
IRQ,Iraq,2007,2.103900433,487423,0.459774345,329116,0.01640617847442630,228851,224881
IRQ,Iraq,2008,2.126991987,526774,0.500878096,406970,0.01953748241066930,272463,271578
IRQ,Iraq,2009,2.150337219,544812,0.517400384,489044,0.02790612727403640,318457,319784
IRQ,Iraq,2010,2.173938513,592510,0.561069489,606313,0.02802791446447370,382946,376352
IRQ,Iraq,2011,2.18642211,644781,0.610708654,697888,0.02905729599297050,477578,462766
IRQ,Iraq,2012,2.198977232,696912,0.660589874,723586,0.02697013691067700,557989,529122
IRQ,Iraq,2013,2.211604595,779514,0.74309051,805450,0.02731317095458510,566953,549337
IRQ,Iraq,2014,2.224304438,863794,0.827981591,996537,0.03000876680016520,504866,497419
IRQ,Iraq,2015,2.237076998,968459,0.929651439,821630,0.02312151901423930,359719,371803
IRQ,Iraq,2016,2.249923229,1012777,0.966814101,740959,0.01960869319736960,352791,361335
IRQ,Iraq,2017,2.262843132,1053409,1,1053409,0.02585794962942600,428659,432711
IRQ,Iraq,2018,2.275836945,1081868,1.021288395,1080583,0.02509640157222750,431673,445491
IRQ,Iraq,2019,2.288905859,1125806,1.059066534,1126580,0.02525336854159830,450835,458890
ISL,Iceland,1950,1.969313622,7432,,6237,,1273,1360
ISL,Iceland,1951,1.978893518,7678,,6449,,1231,1332
ISL,Iceland,1952,1.988520026,7959,,6670,,1234,1326
ISL,Iceland,1953,1.998193502,8325,,6946,,1441,1540
ISL,Iceland,1954,2.007913828,8747,0.064650461,7295,0.00054915767395869,1594,1699
ISL,Iceland,1955,2.017681599,9441,0.06994658,7885,0.00058140465989709,1829,1920
ISL,Iceland,1956,2.024759531,10008,0.073706008,8356,0.00058761081891134,1823,1922
ISL,Iceland,1957,2.031862259,10598,0.077703021,8837,0.00059982406673953,1841,1926
ISL,Iceland,1958,2.038989782,11312,0.082813919,9397,0.00061629613628611,2038,2154
ISL,Iceland,1959,2.04614234,12055,0.088318028,10050,0.00063436030177400,2144,2219
ISL,Iceland,1960,2.053320169,12728,0.093604706,10534,0.00064038130221888,2096,2185
ISL,Iceland,1961,2.066788673,13351,0.098085091,11051,0.00064334616763517,2217,2273
ISL,Iceland,1962,2.080345154,13850,0.10154698,11473,0.00063350884011015,2286,2401
ISL,Iceland,1963,2.093991041,14669,0.10821338,12190,0.00065013580024242,2562,2715
ISL,Iceland,1964,2.107726097,15804,0.11835476,13180,0.00066200044238940,2949,3054
ISL,Iceland,1965,2.121551275,17028,0.127898589,14252,0.00067875749664381,3289,3339
ISL,Iceland,1966,2.137511253,18323,0.13875787,15410,0.00069254491245374,3540,3593
ISL,Iceland,1967,2.153591156,19753,0.150544688,16712,0.00070878316182643,3474,3483
ISL,Iceland,1968,2.169791937,20786,0.157487988,17669,0.00071495259180665,3165,3220
ISL,Iceland,1969,2.18611455,21540,0.161109015,18144,0.00070907862391323,3248,3390
ISL,Iceland,1970,2.202560186,22272,0.165960386,18771,0.00069865171099082,3565,3650
ISL,Iceland,1971,2.222362041,23597,0.178944856,20066,0.00073565065395087,4365,4386
ISL,Iceland,1972,2.242342234,24858,0.188773334,21166,0.00075367576209828,4347,4345
ISL,Iceland,1973,2.262501955,26534,0.203350052,22591,0.00076208519749343,4965,4825
ISL,Iceland,1974,2.282843113,28312,0.220696315,24388,0.00077386957127601,5385,5042
ISL,Iceland,1975,2.303366899,29770,0.232093185,25795,0.00079574482515454,5201,5107
ISL,Iceland,1976,2.32758832,31118,0.240470782,27027,0.00081371678970754,5276,5116
ISL,Iceland,1977,2.352064371,32706,0.253655642,28224,0.00083007168723270,6085,5758
ISL,Iceland,1978,2.376797915,34096,0.263925582,29355,0.00082578731235117,6324,6013
ISL,Iceland,1979,2.401791334,35400,0.273779452,30660,0.00082508078776300,6416,6248
ISL,Iceland,1980,2.427047729,36994,0.287437975,32335,0.00082902266876772,6824,6539
ISL,Iceland,1981,2.45095706,38548,0.300906748,33903,0.00084371533012018,7172,6814
ISL,Iceland,1982,2.475102186,40050,0.312378883,35330,0.00086892332183197,7481,7135
ISL,Iceland,1983,2.499485016,41167,0.31956628,36131,0.00089062115876004,6628,6489
ISL,Iceland,1984,2.524107933,42483,0.32940042,37189,0.00090244493912906,7270,7152
ISL,Iceland,1985,2.54897356,43784,0.34067741,38353,0.00091637251898646,7251,7191
ISL,Iceland,1986,2.570004225,44993,0.351079226,39430,0.00092707417206839,7687,7811
ISL,Iceland,1987,2.587562561,46640,0.365166515,40908,0.00093184853903949,8654,8677
ISL,Iceland,1988,2.605240822,48216,0.378413737,42414,0.00093742948956788,8832,8880
ISL,Iceland,1989,2.623039722,49505,0.387517422,43604,0.00093550747260451,8480,8470
ISL,Iceland,1990,2.640960455,50840,0.399552345,44732,0.00094646401703358,8401,8292
ISL,Iceland,1991,2.65797019,52191,0.411064565,45839,0.00095309567404911,8643,8524
ISL,Iceland,1992,2.675089598,53187,0.418622106,46724,0.00094902078853920,8267,8078
ISL,Iceland,1993,2.692319155,53919,0.421771824,47345,0.00093621574342251,8301,8136
ISL,Iceland,1994,2.709659815,54651,0.4261944,47977,0.00091210467508063,8462,8460
ISL,Iceland,1995,2.727112055,55342,0.431034535,48633,0.00088706158567220,8567,8401
ISL,Iceland,1996,2.746340275,56578,0.444369972,47566,0.00087915052426979,8830,8543
ISL,Iceland,1997,2.765704155,57996,0.515327036,56347,0.00096576957730576,9786,9459
ISL,Iceland,1998,2.785204649,59831,0.567621291,56529,0.00094440940301865,10713,10110
ISL,Iceland,1999,2.804842472,61391,0.598789632,56123,0.00092191604198888,11288,10859
ISL,Iceland,2000,2.824618816,63216,0.635077059,56147,0.00088890304323286,11354,10720
ISL,Iceland,2001,2.847474337,64763,0.661404014,57708,0.00085371301975101,11743,11246
ISL,Iceland,2002,2.87051487,65746,0.674032629,58278,0.00083283422281966,11600,11257
ISL,Iceland,2003,2.893741846,66992,0.690597653,60066,0.00086773239308968,11710,11187
ISL,Iceland,2004,2.917156458,69070,0.72136277,62402,0.00088663498172537,12827,11770
ISL,Iceland,2005,2.940760851,72296,0.784079373,65392,0.00094489852199331,14359,12335
ISL,Iceland,2006,2.96282053,76566,0.854139149,63833,0.00096150656463578,15065,12339
ISL,Iceland,2007,2.985045433,79908,0.898070276,58658,0.00086246622959152,15487,13110
ISL,Iceland,2008,3.007437229,82022,0.922794998,74521,0.00100505782756954,17549,16436
ISL,Iceland,2009,3.029996872,81409,0.914999366,80210,0.00108948943670839,14888,14412
ISL,Iceland,2010,3.052725792,80470,0.905204952,64046,0.00086301745614037,13768,13207
ISL,Iceland,2011,3.076369286,79985,0.905343175,62367,0.00083002197789028,14318,13548
ISL,Iceland,2012,3.100452423,79737,0.905272961,66536,0.00086551782442257,14680,13964
ISL,Iceland,2013,3.124985218,79594,0.904522419,71496,0.00091692170826718,14954,13973
ISL,Iceland,2014,3.149977922,79919,0.910818756,74403,0.00092376780230552,15446,14245
ISL,Iceland,2015,3.175441742,80887,0.933396995,76060,0.00093335274141282,16790,15465
ISL,Iceland,2016,3.201387644,82415,0.965960801,82126,0.00100997078698128,18028,16104
ISL,Iceland,2017,3.227826834,84250,1,84250,0.00103928521275520,19232,16668
ISL,Iceland,2018,3.254771233,85932,1.028345108,85884,0.00104824081063271,19620,17066
ISL,Iceland,2019,3.282233,87283,1.041932106,87042,0.00102292397059500,19837,18182
ISR,Israel,1950,2.376390934,45188,,41302,,7672,6254
ISR,Israel,1951,2.381784201,49131,,44682,,9887,8184
ISR,Israel,1952,2.387189627,52175,,47407,,9111,8122
ISR,Israel,1953,2.39260745,54288,,49204,,9093,8281
ISR,Israel,1954,2.398037434,56815,0.039119452,51431,0.00423841597512364,10609,9882
ISR,Israel,1955,2.403479815,60314,0.041620795,54543,0.00436063017696142,11768,11227
ISR,Israel,1956,2.406593561,63348,0.043867368,57341,0.00442096637561917,13057,12500
ISR,Israel,1957,2.409711361,67138,0.046660546,60739,0.00454714894294739,14102,13494
ISR,Israel,1958,2.412833214,71188,0.049709301,64448,0.00471783010289073,15519,14748
ISR,Israel,1959,2.41595912,75661,0.052935001,68562,0.00488376524299383,17344,16635
ISR,Israel,1960,2.41908884,80302,0.056499023,72722,0.00498126866295934,18513,17029
ISR,Israel,1961,2.434493542,86140,0.061220143,77997,0.00517491810023785,20969,19104
ISR,Israel,1962,2.449996233,92787,0.066370532,84022,0.00540096685290337,21881,21240
ISR,Israel,1963,2.465597868,99482,0.071538083,89968,0.00555394543334842,24374,23783
ISR,Israel,1964,2.481298685,108039,0.078579664,97843,0.00578264612704515,26825,26043
ISR,Israel,1965,2.4970994,116059,0.084560797,105028,0.00582408718764782,27429,26260
ISR,Israel,1966,2.523218632,123779,0.09015815,111839,0.00583545397967100,30386,29282
ISR,Israel,1967,2.54961133,129116,0.093746506,116243,0.00577142927795649,29718,29670
ISR,Israel,1968,2.570943117,132232,0.096441865,118800,0.00571562722325325,31031,31308
ISR,Israel,1969,2.589017868,139157,0.102569312,124927,0.00585693726316094,35912,36262
ISR,Israel,1970,2.607219219,148959,0.111278504,133211,0.00608687801286578,40298,40963
ISR,Israel,1971,2.635802746,161585,0.1230755,144815,0.00642502680420876,45099,45892
ISR,Israel,1972,2.664699793,175906,0.135181516,158074,0.00668700924143195,50195,51139
ISR,Israel,1973,2.69391346,190725,0.148219213,171614,0.00711529841646552,54173,55160
ISR,Israel,1974,2.723447561,203874,0.159125462,183793,0.00707295117899776,57358,56601
ISR,Israel,1975,2.753305435,217451,0.169861794,195253,0.00735786650329828,59377,59544
ISR,Israel,1976,2.785604239,227656,0.177576929,203463,0.00740435533225536,59684,59596
ISR,Israel,1977,2.818281651,236013,0.183833137,210441,0.00731290457770228,59972,59528
ISR,Israel,1978,2.851342916,244905,0.191650569,217957,0.00728581286966801,61436,62102
ISR,Israel,1979,2.884791613,255740,0.201755419,229814,0.00734238838776946,63771,64183
ISR,Israel,1980,2.918632984,263256,0.206676647,237974,0.00707732187584043,64901,65070
ISR,Israel,1981,2.937754869,270146,0.211530015,247259,0.00709236878901720,69209,68989
ISR,Israel,1982,2.957001925,279310,0.219636694,256590,0.00736336270347238,72737,71436
ISR,Israel,1983,2.976375341,290093,0.230975345,267485,0.00774746434763074,76808,74550
ISR,Israel,1984,2.995875359,298775,0.239060998,278590,0.00783405825495720,76265,75544
ISR,Israel,1985,3.015503407,304736,0.244360223,287515,0.00799435097724199,78441,77818
ISR,Israel,1986,3.041048527,311635,0.250783592,299197,0.00809341762214899,83665,83226
ISR,Israel,1987,3.066810131,319509,0.258752316,313773,0.00819482654333115,90291,90097
ISR,Israel,1988,3.09278965,326982,0.265610605,327764,0.00832170248031616,95119,93570
ISR,Israel,1989,3.118989706,333708,0.270520657,342314,0.00837395992130041,94318,92735
ISR,Israel,1990,3.145411491,345466,0.281815171,365109,0.00867370981723070,102107,100253
ISR,Israel,1991,3.161450863,367271,0.30198729,397480,0.00927866064012051,113502,110355
ISR,Israel,1992,3.17757225,390395,0.323263198,432049,0.00983557570725679,123431,118411
ISR,Israel,1993,3.193775654,414735,0.3471466,470118,0.01056638918817040,129543,124392
ISR,Israel,1994,3.210061789,440967,0.374144375,511269,0.01139252167195080,138851,133321
ISR,Israel,1995,3.226430893,470966,0.402653933,555018,0.01181067153811450,150392,143055
ISR,Israel,1996,3.243877888,504029,0.434515268,603272,0.01248457748442890,159920,152215
ISR,Israel,1997,3.261418819,535988,0.464473784,638471,0.01272430364042520,169916,162745
ISR,Israel,1998,3.27905488,564938,0.491925359,670655,0.01263859868049620,179291,173546
ISR,Israel,1999,3.29678607,593344,0.521000504,701143,0.01253870688378810,190326,184339
ISR,Israel,2000,3.314613342,621368,0.550051033,720360,0.01247203629463910,209358,202848
ISR,Israel,2001,3.325874805,645795,0.574435174,733099,0.01234451588243250,213645,206653
ISR,Israel,2002,3.337174177,665786,0.592600644,740003,0.01252467464655640,216152,209240
ISR,Israel,2003,3.348512173,681884,0.606187642,723735,0.01194182783365250,208080,201828
ISR,Israel,2004,3.359888792,698705,0.622569144,715027,0.01145989634096620,208144,202176
ISR,Israel,2005,3.371303797,716265,0.641505599,711690,0.01116475276649000,211567,203529
ISR,Israel,2006,3.404242754,736046,0.663002431,723955,0.01098047289997340,216972,208652
ISR,Israel,2007,3.437503338,759805,0.691455126,741351,0.01087243854999540,223046,212543
ISR,Israel,2008,3.471088886,784248,0.719263852,759893,0.01096699759364130,224756,210671
ISR,Israel,2009,3.505002737,805658,0.74071151,780430,0.01130495499819520,234138,226311
ISR,Israel,2010,3.53924799,830351,0.765295446,801229,0.01166059449315070,249343,237184
ISR,Israel,2011,3.575046062,861417,0.797694802,829235,0.01199200656265020,263749,247550
ISR,Israel,2012,3.611627579,894307,0.8313241,909346,0.01293927617371080,276816,260715
ISR,Israel,2013,3.649014235,927501,0.862668395,987402,0.01370555255562070,290910,273860
ISR,Israel,2014,3.687227964,960080,0.892386794,1069554,0.01457020547240970,293966,278471
ISR,Israel,2015,3.726292372,991785,0.920206189,1047821,0.01389392931014300,305230,295728
ISR,Israel,2016,3.766230583,1032060,0.959467292,1093064,0.01428656745702030,328649,316825
ISR,Israel,2017,3.807067633,1073635,1,1073635,0.01398518960922960,337804,321337
ISR,Israel,2018,3.848828554,1117631,1.044632554,1115188,0.01446478068828580,347092,320643
ISR,Israel,2019,3.891540051,1160329,1.08672142,1157853,0.01465445570647720,363184,329783
ITA,Italy,1950,1.793517709,1495849,,958956,,221763,214977
ITA,Italy,1951,1.805324912,1555738,,994042,,240612,233771
ITA,Italy,1952,1.817209721,1613009,,1031161,,249221,243275
ITA,Italy,1953,1.82917285,1684929,,1074962,,269281,262611
ITA,Italy,1954,1.841214776,1763782,0.085155264,1124939,0.08754820376634600,281778,273421
ITA,Italy,1955,1.853335977,1864913,0.090448268,1188462,0.09011754393577580,300173,291162
ITA,Italy,1956,1.865009069,1969696,0.095779382,1255059,0.09172774106264110,311751,302123
ITA,Italy,1957,1.876755714,2082288,0.101257935,1323152,0.09338714927434920,327178,315016
ITA,Italy,1958,1.888576388,2196199,0.106794514,1394227,0.09508606046438220,345354,331895
ITA,Italy,1959,1.900471449,2324072,0.113163002,1475865,0.09693641215562820,368137,355380
ITA,Italy,1960,1.912441492,2480656,0.121225573,1571940,0.09860937297344210,394602,384018
ITA,Italy,1961,1.92709136,2659573,0.130569667,1682258,0.10190383344888700,428000,415976
ITA,Italy,1962,1.941853642,2849065,0.140217528,1804014,0.10475211590528500,451895,442910
ITA,Italy,1963,1.956728816,3047096,0.149980441,1930479,0.10699127614498100,475480,463448
ITA,Italy,1964,1.971718192,3211880,0.157591969,2036674,0.10570967197418200,488027,476458
ITA,Italy,1965,1.986822128,3352025,0.163936943,2121898,0.10451038181781800,502075,490879
ITA,Italy,1966,2.002041817,3503019,0.171045884,2214419,0.10341674089431800,531015,520583
ITA,Italy,1967,2.01737833,3686012,0.179957002,2328301,0.10369563847780200,571533,560840
ITA,Italy,1968,2.032832146,3879741,0.189310312,2449090,0.10406070202589000,609228,599277
ITA,Italy,1969,2.048404217,4106258,0.20035328,2594298,0.10544271022081400,648254,636557
ITA,Italy,1970,2.064095736,4459543,0.219115108,2829848,0.11124207824468600,740624,723979
ITA,Italy,1971,2.085773468,4804467,0.238327563,3002599,0.11534747481346100,759016,743496
ITA,Italy,1972,2.10767889,5149789,0.257754564,3117081,0.11579775065183600,798198,781142
ITA,Italy,1973,2.129814386,5515093,0.278531283,3232638,0.11505445837974500,849449,844063
ITA,Italy,1974,2.152182341,5879902,0.29878518,3374315,0.11437248438596700,896116,895254
ITA,Italy,1975,2.174785137,6190011,0.314942539,3523226,0.11613970249891300,893902,888660
ITA,Italy,1976,2.197625637,6489709,0.331521213,3717191,0.11898590624332400,971165,975802
ITA,Italy,1977,2.220705748,6792137,0.348568141,3952558,0.12290394306182900,1025120,1025202
ITA,Italy,1978,2.244028091,7088927,0.365765184,4192533,0.12567216157913200,1086271,1084275
ITA,Italy,1979,2.26759553,7408443,0.385469139,4449240,0.12954665720462800,1180530,1179828
ITA,Italy,1980,2.291410685,7753627,0.407944173,4653230,0.13022254407405900,1259350,1255949
ITA,Italy,1981,2.316392183,8067406,0.427711457,4754626,0.13051500916481000,1234454,1233827
ITA,Italy,1982,2.341646194,8343216,0.444159538,4746610,0.12943507730960800,1230212,1222153
ITA,Italy,1983,2.367175341,8599819,0.458292812,4680705,0.12752111256122600,1219975,1208705
ITA,Italy,1984,2.39298296,8872729,0.47490266,4672511,0.12396748363971700,1231374,1220664
ITA,Italy,1985,2.419071913,9142446,0.491071224,4754176,0.12303122133016600,1247466,1239349
ITA,Italy,1986,2.445445299,9418358,0.50814575,4934132,0.12567692995071400,1327938,1319854
ITA,Italy,1987,2.47210598,9708289,0.52692771,5198444,0.12897437810897800,1390247,1381472
ITA,Italy,1988,2.49905777,10026304,0.548270643,5565510,0.13535258173942600,1460233,1443600
ITA,Italy,1989,2.526303053,10359576,0.570110559,6019736,0.14434979856014300,1523724,1503609
ITA,Italy,1990,2.553845406,10703023,0.592333853,6538838,0.15492860972881300,1582945,1560593
ITA,Italy,1991,2.576648712,11036129,0.61335367,7108373,0.16582815349102000,1637384,1620042
ITA,Italy,1992,2.597617865,11347142,0.633306026,7698284,0.17566862702369700,1665566,1640422
ITA,Italy,1993,2.618757963,11561359,0.644295752,8210658,0.18281450867652900,1648482,1635997
ITA,Italy,1994,2.640069723,11775240,0.656879365,8649731,0.18499739468097700,1696840,1688225
ITA,Italy,1995,2.66155529,12025039,0.672925174,8978528,0.18560914695262900,1768316,1757126
ITA,Italy,1996,2.68321538,12280488,0.689951539,9113243,0.18185925483703600,1785663,1780401
ITA,Italy,1997,2.705052137,12537867,0.707733691,8979890,0.17253617942333200,1868801,1863263
ITA,Italy,1998,2.727066278,12811538,0.727741778,8879973,0.16323278844356500,1961535,1961919
ITA,Italy,1999,2.74925971,13101470,0.748955548,8673146,0.15362410247325900,2016371,2019488
ITA,Italy,2000,2.771633625,13428193,0.773009002,8578751,0.14370730519294700,2066660,2079218
ITA,Italy,2001,2.793356895,13757397,0.796202242,8380667,0.13373146951198600,2077644,2083528
ITA,Italy,2002,2.815250397,14102548,0.820017457,8180746,0.12791208922863000,2062696,2061796
ITA,Italy,2003,2.837315559,14426156,0.840768933,8239838,0.12716899812221500,2068127,2066060
ITA,Italy,2004,2.859553576,14752303,0.861660719,8591895,0.12957665324211100,2080206,2075457
ITA,Italy,2005,2.881965876,15079204,0.882799268,8948838,0.13224753737449600,2146046,2150775
ITA,Italy,2006,2.90455389,15414116,0.904545665,10040813,0.14297316968441000,2239115,2237072
ITA,Italy,2007,2.92731905,15747710,0.926395774,10917823,0.14934828877449000,2330726,2331644
ITA,Italy,2008,2.950262547,16035992,0.944254339,11995148,0.15788106620311700,2398679,2355021
ITA,Italy,2009,2.973385811,16227379,0.953658283,13297134,0.17333452403545400,2325476,2283375
ITA,Italy,2010,2.996690273,16418089,0.964852631,12506324,0.16759663820266700,2353152,2297157
ITA,Italy,2011,3.01423955,16591957,0.974902332,13950974,0.18329432606697100,2403389,2342594
ITA,Italy,2012,3.031891584,16686657,0.978868902,15835035,0.19909039139747600,2345849,2291133
ITA,Italy,2013,3.049647331,16734495,0.979520738,15661379,0.19005389511585200,2279599,2230668
ITA,Italy,2014,3.06750679,16771716,0.981089592,15766324,0.18524280190467800,2249162,2205981
ITA,Italy,2015,3.085470676,16822966,0.98492378,16248664,0.18604853749275200,2293957,2239250
ITA,Italy,2016,3.103539944,16899546,0.991596341,17489860,0.19714108109474200,2401284,2357510
ITA,Italy,2017,3.12171483,16992382,1,16992382,0.19191721081733700,2474221,2436383
ITA,Italy,2018,3.139996529,17100004,1.009580612,17058084,0.19217398762702900,2494745,2453527
ITA,Italy,2019,3.158385038,17212204,1.019049287,17168478,0.18933972716331500,2500243,2462820
JAM,Jamaica,1950,,,,,,,
JAM,Jamaica,1951,,,,,,,
JAM,Jamaica,1952,,,,,,,
JAM,Jamaica,1953,1.772690296,55496,,31065,,4992,4966
JAM,Jamaica,1954,1.777715206,55786,,31202,,5623,5521
JAM,Jamaica,1955,1.782754302,56312,,31459,,6086,6043
JAM,Jamaica,1956,1.78817904,57217,,31996,,6573,6696
JAM,Jamaica,1957,1.793620229,58921,0.393847972,32884,0.00258988840505481,7611,7547
JAM,Jamaica,1958,1.799077988,60461,0.402404875,33721,0.00255749002099037,7710,7765
JAM,Jamaica,1959,1.804552436,61655,0.408049107,34416,0.00248642801307142,7884,7986
JAM,Jamaica,1960,1.810043454,63124,0.416107088,35294,0.00241354317404330,8422,8249
JAM,Jamaica,1961,1.827604532,64294,0.421778798,35920,0.00234089372679591,8823,8659
JAM,Jamaica,1962,1.84533608,65230,0.42549932,36471,0.00225805211812258,8768,8894
JAM,Jamaica,1963,1.863239646,66103,0.428819895,36965,0.00218704040162265,9747,9607
JAM,Jamaica,1964,1.8813169,67545,0.438002229,37805,0.00212305854074657,9975,10108
JAM,Jamaica,1965,1.899569511,69260,0.44981125,38750,0.00208797515369952,10126,10409
JAM,Jamaica,1966,1.917999268,71248,0.464409888,39880,0.00205196975730360,10645,10652
JAM,Jamaica,1967,1.936607838,73559,0.481187522,41161,0.00203696568496525,10751,10783
JAM,Jamaica,1968,1.955396891,76856,0.506879449,43007,0.00205312413163483,10639,10924
JAM,Jamaica,1969,1.974368334,80510,0.535703838,45067,0.00208638724870980,11069,11393
JAM,Jamaica,1970,1.993523717,84263,0.563523114,47334,0.00212095305323601,12700,12961
JAM,Jamaica,1971,2.007482052,87282,0.586308241,49097,0.00214925315231085,13091,13415
JAM,Jamaica,1972,2.021537781,90181,0.608366191,50798,0.00217014527879655,14355,14765
JAM,Jamaica,1973,2.035692215,93105,0.630747736,52437,0.00218492513522506,14475,14955
JAM,Jamaica,1974,2.049945831,94812,0.640680909,53486,0.00212826603092253,14132,14381
JAM,Jamaica,1975,2.064299107,96953,0.657970607,54720,0.00217005098238587,14554,14131
JAM,Jamaica,1976,2.078752756,97400,0.654935181,54718,0.00212992937304080,13496,13316
JAM,Jamaica,1977,2.093307734,96810,0.640404761,53932,0.00201028189621866,12926,12597
JAM,Jamaica,1978,2.107964754,96581,0.63235575,53091,0.00183354190085083,12524,11942
JAM,Jamaica,1979,2.122724056,96339,0.628177166,52316,0.00169082707725465,11147,10940
JAM,Jamaica,1980,2.13758707,95518,0.616960466,50855,0.00154954707249999,9989,9730
JAM,Jamaica,1981,2.158854008,95162,0.61418587,49807,0.00147746480070055,9446,9581
JAM,Jamaica,1982,2.180332184,95260,0.615276158,48765,0.00145472388248891,9452,9607
JAM,Jamaica,1983,2.20202446,95338,0.615628898,47447,0.00139542738907039,9694,10076
JAM,Jamaica,1984,2.223932266,95090,0.613698065,46126,0.00128580315504223,9870,9705
JAM,Jamaica,1985,2.246057987,94830,0.613322258,44945,0.00120955600868911,9213,8727
JAM,Jamaica,1986,2.268404245,94332,0.607124269,43055,0.00112659181468189,10006,9578
JAM,Jamaica,1987,2.290972471,94562,0.609458327,41060,0.00103420962113887,10821,10521
JAM,Jamaica,1988,2.313765287,95379,0.615630805,39158,0.00095712888287380,11399,11054
JAM,Jamaica,1989,2.33678484,96847,0.628017187,37553,0.00090250716311857,11515,11207
JAM,Jamaica,1990,2.360033512,98360,0.644450366,36012,0.00086503208149225,12188,11983
JAM,Jamaica,1991,2.380606174,99516,0.656282425,34581,0.00082208454841748,12313,11699
JAM,Jamaica,1992,2.401358128,101914,0.679633319,34185,0.00080913875717670,13317,12532
JAM,Jamaica,1993,2.42229104,104295,0.702947021,34070,0.00079714931780472,13773,13389
JAM,Jamaica,1994,2.443406343,106420,0.72235024,34214,0.00077485002111644,13864,13585
JAM,Jamaica,1995,2.464705706,108725,0.743909955,34761,0.00076289434218779,14116,13701
JAM,Jamaica,1996,2.486191034,111004,0.769738793,35753,0.00076155725400895,14447,13870
JAM,Jamaica,1997,2.507863283,113087,0.796290398,36952,0.00075847044354305,14740,13946
JAM,Jamaica,1998,2.529724598,114257,0.808449149,38345,0.00075199780985713,15022,14514
JAM,Jamaica,1999,2.551776409,115146,0.814361572,40022,0.00073986517963931,15424,14975
JAM,Jamaica,2000,2.569425106,116550,0.828392088,42719,0.00073651631828398,15799,15309
JAM,Jamaica,2001,2.567778349,118547,0.852412999,46647,0.00076923257438466,16357,15258
JAM,Jamaica,2002,2.566132545,120765,0.881112635,51841,0.00084207055624574,16892,15329
JAM,Jamaica,2003,2.564487934,122826,0.90083915,57881,0.00090979895321652,17981,16881
JAM,Jamaica,2004,2.562844515,124969,0.919084907,65790,0.00098263670224696,18591,17243
JAM,Jamaica,2005,2.561201811,127209,0.934298515,75931,0.00108084385283291,19705,17897
JAM,Jamaica,2006,2.559356213,129930,0.95880574,89118,0.00120682164561003,20700,18973
JAM,Jamaica,2007,2.55692029,132121,0.976907074,104819,0.00134407251607627,21748,20310
JAM,Jamaica,2008,2.554486752,133701,0.985978782,123345,0.00150620355270803,21381,19811
JAM,Jamaica,2009,2.552055359,134151,0.979914844,142308,0.00167667004279792,21410,20538
JAM,Jamaica,2010,2.54962635,134567,0.973150194,157858,0.00183108635246754,21946,20798
JAM,Jamaica,2011,2.557239294,135491,0.974444866,165089,0.00187349424231797,22879,21037
JAM,Jamaica,2012,2.56327486,136183,0.972481728,156367,0.00174082093872130,23401,21741
JAM,Jamaica,2013,2.568425417,137231,0.975975335,155014,0.00165650562848896,23282,22458
JAM,Jamaica,2014,2.573586226,138467,0.982867539,150643,0.00157504074741155,23163,22471
JAM,Jamaica,2015,2.578757286,139434,0.985624433,147410,0.00152386608533561,24203,23179
JAM,Jamaica,2016,2.583938837,140424,0.99113065,143962,0.00147469970397651,25042,23547
JAM,Jamaica,2017,2.58913064,141665,1,141665,0.00144520855974406,25654,23969
JAM,Jamaica,2018,2.594333172,143219,1.011106014,142924,0.00144192983862013,26262,24872
JAM,Jamaica,2019,2.599545956,144856,1.022563934,144696,0.00141328817699105,26323,25150
JOR,Jordan,1950,,,,,,,
JOR,Jordan,1951,,,,,,,
JOR,Jordan,1952,,,,,,,
JOR,Jordan,1953,,,,,,,
JOR,Jordan,1954,1.166878939,4311,,2068,,1473,1507
JOR,Jordan,1955,1.175657153,4465,,2136,,1243,1262
JOR,Jordan,1956,1.182326913,4682,,2244,,1745,1754
JOR,Jordan,1957,1.189034581,4910,,2347,,1816,1851
JOR,Jordan,1958,1.195780158,5103,0.016035659,2437,0.00015721032104921,2082,2144
JOR,Jordan,1959,1.20256412,5429,0.017061645,2594,0.00016010635590646,2396,2463
JOR,Jordan,1960,1.209386587,5942,0.018712351,2845,0.00016717294056434,2654,2541
JOR,Jordan,1961,1.221193075,6493,0.020478683,3108,0.00017534403013997,3098,3082
JOR,Jordan,1962,1.233114958,7109,0.022428036,3407,0.00018308586732019,3244,3247
JOR,Jordan,1963,1.245153069,7669,0.024155142,3676,0.00018872333748732,3386,3456
JOR,Jordan,1964,1.257308841,8445,0.026621407,4051,0.00019848615920637,3947,3976
JOR,Jordan,1965,1.269583225,9294,0.029208565,4451,0.00020732074335683,4410,4511
JOR,Jordan,1966,1.285577536,10069,0.031587634,4820,0.00021263664530125,4526,4769
JOR,Jordan,1967,1.301773429,10764,0.033685531,5146,0.00021691365691368,5342,5444
JOR,Jordan,1968,1.318173409,11929,0.03728224,5688,0.00022939320479054,5736,5520
JOR,Jordan,1969,1.334779859,13959,0.043736193,6658,0.00026009438442998,5594,5704
JOR,Jordan,1970,1.351595521,14906,0.046558235,7169,0.00026493769837543,5015,5199
JOR,Jordan,1971,1.370661616,16040,0.050230715,7734,0.00027709020650946,4997,5180
JOR,Jordan,1972,1.389996767,17335,0.054219931,8373,0.00028807541821152,5294,5565
JOR,Jordan,1973,1.409604549,18881,0.058908414,9117,0.00029908146825619,5020,5257
JOR,Jordan,1974,1.429489017,20769,0.06488549,10061,0.00031761778518558,5055,5095
JOR,Jordan,1975,1.449653864,22726,0.071530156,11031,0.00034376111580059,4886,4763
JOR,Jordan,1976,1.460893631,25484,0.080801867,12358,0.00037837220588699,5591,5492
JOR,Jordan,1977,1.472220421,29539,0.094215222,14317,0.00042413370101713,6178,5512
JOR,Jordan,1978,1.483635187,33395,0.106425919,16178,0.00045412263716571,7468,7042
JOR,Jordan,1979,1.495138407,37895,0.120562464,18400,0.00049599161138758,8691,7773
JOR,Jordan,1980,1.506730795,43797,0.139053553,21224,0.00054120062850416,10391,8689
JOR,Jordan,1981,1.548108101,51461,0.164112568,25087,0.00062710104975849,10514,8756
JOR,Jordan,1982,1.590621591,57494,0.183963791,28187,0.00069988094037399,10483,9435
JOR,Jordan,1983,1.634302735,61760,0.196459949,30169,0.00074174738256261,10780,9838
JOR,Jordan,1984,1.679183364,66135,0.209114984,32251,0.00076376250945032,12419,11474
JOR,Jordan,1985,1.721307635,68429,0.21524173,33394,0.00076418166281655,12445,11456
JOR,Jordan,1986,1.762898803,70916,0.221951053,34598,0.00076789502054453,13246,12172
JOR,Jordan,1987,1.805495143,74332,0.232163742,36208,0.00077455333666876,14756,14387
JOR,Jordan,1988,1.849120617,78365,0.245564803,38279,0.00080462807090953,14931,15130
JOR,Jordan,1989,1.893800259,82375,0.258861512,40298,0.00083215866470709,14895,16219
JOR,Jordan,1990,1.93955946,85800,0.27123484,42027,0.00085878442041576,12094,13430
JOR,Jordan,1991,1.997486353,88613,0.280316293,43249,0.00087206746684387,12618,13909
JOR,Jordan,1992,2.05714345,93849,0.298999935,45875,0.00091780122602359,13830,14350
JOR,Jordan,1993,2.118582249,100524,0.322102785,49301,0.00097146607004106,14366,15042
JOR,Jordan,1994,2.181855917,106858,0.343101203,52486,0.00099650723859668,15164,15436
JOR,Jordan,1995,2.247019291,112816,0.362347633,55440,0.00101604021620005,16185,16770
JOR,Jordan,1996,2.293416739,118658,0.379066437,58372,0.00102024606894702,16368,16871
JOR,Jordan,1997,2.340771914,123376,0.396150798,61641,0.00103545421734452,17122,17508
JOR,Jordan,1998,2.389105082,126377,0.407626331,65944,0.00106598914135247,18490,18675
JOR,Jordan,1999,2.438436031,130276,0.421647072,72187,0.00112453312613070,18794,18451
JOR,Jordan,2000,2.488785744,133434,0.433921427,79697,0.00118633615784347,20012,19848
JOR,Jordan,2001,2.528000116,136135,0.443095833,89110,0.00127448304556310,21649,21284
JOR,Jordan,2002,2.565264702,139063,0.452125072,100884,0.00141870614606887,23147,23397
JOR,Jordan,2003,2.592407942,143080,0.464902401,115579,0.00159020465798676,24994,25035
JOR,Jordan,2004,2.619838715,149818,0.489175469,133776,0.00180269416887313,29400,31042
JOR,Jordan,2005,2.647559643,160561,0.533313811,154824,0.00211997958831489,32739,36317
JOR,Jordan,2006,2.673552752,172328,0.575482726,176860,0.00237359828315675,38971,42995
JOR,Jordan,2007,2.699801207,184425,0.617511868,202392,0.00263985176570714,43853,49400
JOR,Jordan,2008,2.726307392,195980,0.654717565,230186,0.00292886537499726,53932,59893
JOR,Jordan,2009,2.753073692,209869,0.695043981,261403,0.00330310803838074,65489,72376
JOR,Jordan,2010,2.78010273,221636,0.726457119,288038,0.00361295929178596,70252,75978
JOR,Jordan,2011,2.793409824,233933,0.762541234,308487,0.00381225929595530,77674,87743
JOR,Jordan,2012,2.806780577,245653,0.789947748,294715,0.00345035549253225,81319,93357
JOR,Jordan,2013,2.820215464,257985,0.820969582,296600,0.00330905336886644,83134,93303
JOR,Jordan,2014,2.833714724,272591,0.860516012,296195,0.00317673315294087,83574,93513
JOR,Jordan,2015,2.847278357,288477,0.904735565,326973,0.00337116839364171,89058,96149
JOR,Jordan,2016,2.860907078,304863,0.950963914,307695,0.00309267872944474,90548,96414
JOR,Jordan,2017,2.874601126,322052,1,322052,0.00313576729968190,95521,103540
JOR,Jordan,2018,2.8883605,338519,1.045863986,337863,0.00319437193684280,99601,108233
JOR,Jordan,2019,2.902185917,354309,1.089494109,353823,0.00319774379022419,102803,109625
JPN,Japan,1950,2.290000677,790521,,783678,,237889,236721
JPN,Japan,1951,2.322519302,833484,,825068,,267093,263308
JPN,Japan,1952,2.355499744,865192,,857562,,293861,292239
JPN,Japan,1953,2.388948441,893952,,885546,,309160,307397
JPN,Japan,1954,2.422872066,929572,0.023670353,920438,0.07230162620544430,327731,323044
JPN,Japan,1955,2.457277298,974815,0.024922017,965033,0.07341624796390530,355148,348957
JPN,Japan,1956,2.484121084,1030793,0.026537856,1021960,0.07532961666584010,378190,372289
JPN,Japan,1957,2.511257887,1103742,0.028755829,1094025,0.07905536144971850,403790,398755
JPN,Japan,1958,2.538691282,1173897,0.030788336,1162791,0.08162005990743640,440877,431091
JPN,Japan,1959,2.564317226,1261520,0.033410151,1249161,0.08510719239711760,483221,470749
JPN,Japan,1960,2.58314395,1387968,0.037348434,1374002,0.09115958958864210,549353,528217
JPN,Japan,1961,2.604007959,1550042,0.042612389,1535518,0.10206548869609800,608256,586466
JPN,Japan,1962,2.625040054,1720351,0.048098922,1704006,0.11086426675319700,665347,645800
JPN,Japan,1963,2.64624238,1909071,0.054082405,1888648,0.11863621324300800,721814,699232
JPN,Japan,1964,2.667615891,2130824,0.060885146,2104431,0.12437903881073000,805009,778517
JPN,Japan,1965,2.689162016,2353237,0.067219593,2317744,0.12969556450843800,858976,829538
JPN,Japan,1966,2.710882187,2607911,0.074849002,2555053,0.13609586656093600,948222,917989
JPN,Japan,1967,2.732777596,2923285,0.084471524,2856251,0.14506919682025900,1049559,1016845
JPN,Japan,1968,2.754850149,3310889,0.096365966,3228528,0.15720996260643000,1183960,1148293
JPN,Japan,1969,2.777100563,3767475,0.11050611,3667363,0.17210854589939100,1329014,1291700
JPN,Japan,1970,2.799531221,4309620,0.128247276,4204760,0.19246444106102000,1476902,1432026
JPN,Japan,1971,2.81945014,4848304,0.145805508,4682139,0.21163448691368100,1578631,1523472
JPN,Japan,1972,2.839510441,5423741,0.164248034,5137251,0.22894197702407800,1725236,1663833
JPN,Japan,1973,2.859714031,6050491,0.18406418,5625218,0.24417179822921800,1857080,1789254
JPN,Japan,1974,2.88006115,6563772,0.200150266,6114490,0.25600662827491800,1831147,1771706
JPN,Japan,1975,2.90055275,7050958,0.214801192,6649087,0.27409180998802200,1914896,1872700
JPN,Japan,1976,2.9211905,7546590,0.229602799,7294459,0.28491377830505400,2023905,1988845
JPN,Japan,1977,2.941975117,8034001,0.245096177,8158217,0.29858532547950700,2153386,2118972
JPN,Japan,1978,2.962907553,8566675,0.263560712,9238424,0.32083645462989800,2326940,2273141
JPN,Japan,1979,2.983988762,9120579,0.28385812,10382350,0.34439066052436800,2450380,2414160
JPN,Japan,1980,3.005220175,9613282,0.303903461,11170168,0.34896612167358400,2534011,2548291
JPN,Japan,1981,3.022063017,10099709,0.323334515,11190964,0.34010130167007400,2535548,2540813
JPN,Japan,1982,3.039000273,10560476,0.341394573,10535288,0.32160717248916600,2501386,2518344
JPN,Japan,1983,3.056032658,11007563,0.359535486,9795500,0.30029270052909900,2442520,2466690
JPN,Japan,1984,3.07316041,11468706,0.3801696,9386256,0.27811640501022300,2433266,2463180
JPN,Japan,1985,3.090384245,11952732,0.401509881,9477341,0.27772483229637100,2493434,2537180
JPN,Japan,1986,3.107704401,12472975,0.423756659,9961012,0.28727591037750200,2660589,2719455
JPN,Japan,1987,3.125121593,13066164,0.449252129,10624072,0.29821270704269400,2826370,2880165
JPN,Japan,1988,3.142636776,13767501,0.480374366,11567118,0.31757172942161600,3105462,3165408
JPN,Japan,1989,3.160249949,14513620,0.514547944,12722543,0.34512755274772600,3333258,3380809
JPN,Japan,1990,3.177961826,15300169,0.550037682,14091262,0.37733715772628800,3564665,3603326
JPN,Japan,1991,3.194382429,16078454,0.585402548,15636018,0.41320654749870300,3782213,3842419
JPN,Japan,1992,3.210887671,16778856,0.617040098,17246230,0.44695720076561000,3913753,3971507
JPN,Japan,1993,3.227478266,17373832,0.641272783,18815982,0.47401633858680700,4016130,4094283
JPN,Japan,1994,3.24415493,17914570,0.661886215,20316632,0.49511286616325400,4118911,4197875
JPN,Japan,1995,3.260917664,18478218,0.687248528,21685722,0.50598692893981900,4323527,4390486
JPN,Japan,1996,3.277766705,19100110,0.719400048,22711292,0.51149713993072500,4544781,4586969
JPN,Japan,1997,3.294703007,19656206,0.750685036,22562694,0.49398419260978700,4562718,4628749
JPN,Japan,1998,3.311726809,20131154,0.776961863,22353710,0.47207978367805500,4496836,4590119
JPN,Japan,1999,3.328838587,20569596,0.802568078,22069982,0.45231738686561600,4476724,4601339
JPN,Japan,2000,3.346038818,20985610,0.826871336,22044038,0.42372158169746400,4601569,4773672
JPN,Japan,2001,3.360867739,21347102,0.848004341,21981310,0.40538203716278100,4642553,4745877
JPN,Japan,2002,3.375762701,21616970,0.862729371,21793576,0.39550969004631000,4660519,4760926
JPN,Japan,2003,3.390723467,21860280,0.876853287,22347352,0.39249724149704000,4738720,4836806
JPN,Japan,2004,3.405750513,22089786,0.891033173,23027874,0.38754823803901700,4841103,4963387
JPN,Japan,2005,3.420844316,22339618,0.907816827,23883890,0.38952314853668200,4984467,5122409
JPN,Japan,2006,3.436004639,22576826,0.923914313,24946208,0.39447319507598900,5020971,5172914
JPN,Japan,2007,3.451232672,22772658,0.939280033,25865040,0.39584800601005600,5106212,5251424
JPN,Japan,2008,3.466527939,22904076,0.950903893,26688098,0.40307387709617600,5044143,5153072
JPN,Japan,2009,3.481890917,22909384,0.951225221,26552734,0.40853944420814500,4806126,4895521
JPN,Japan,2010,3.497322083,22903052,0.952492774,26394024,0.40850660204887400,4977401,5106857
JPN,Japan,2011,3.507932901,22912650,0.954346001,26201022,0.40282210707664500,4941212,5018331
JPN,Japan,2012,3.518575907,22958282,0.958672523,25568170,0.38478919863700900,4995652,5032415
JPN,Japan,2013,3.529251337,23054584,0.964912713,24848968,0.36335042119026200,5042041,5069363
JPN,Japan,2014,3.539958954,23181482,0.973469496,24350860,0.34992393851280200,4963707,4981643
JPN,Japan,2015,3.550699234,23319812,0.982744813,24336802,0.34496185183525100,5074887,5137546
JPN,Japan,2016,3.561472178,23445880,0.990285993,24444186,0.34569528698921200,4954408,5034889
JPN,Japan,2017,3.572277784,23601760,1,23601760,0.33316105604171800,5003368,5048890
JPN,Japan,2018,3.583116055,23756432,1.009931207,23701634,0.33108425140380900,4976960,5000226
JPN,Japan,2019,3.593987226,23917982,1.020337105,23884014,0.32562485337257400,5016027,5031850
KAZ,Kazakhstan,1950,,,,,,,
KAZ,Kazakhstan,1951,,,,,,,
KAZ,Kazakhstan,1952,,,,,,,
KAZ,Kazakhstan,1953,,,,,,,
KAZ,Kazakhstan,1954,,,,,,,
KAZ,Kazakhstan,1955,,,,,,,
KAZ,Kazakhstan,1956,,,,,,,
KAZ,Kazakhstan,1957,,,,,,,
KAZ,Kazakhstan,1958,,,,,,,
KAZ,Kazakhstan,1959,,,,,,,
KAZ,Kazakhstan,1960,,,,,,,
KAZ,Kazakhstan,1961,,,,,,,
KAZ,Kazakhstan,1962,,,,,,,
KAZ,Kazakhstan,1963,,,,,,,
KAZ,Kazakhstan,1964,,,,,,,
KAZ,Kazakhstan,1965,,,,,,,
KAZ,Kazakhstan,1966,,,,,,,
KAZ,Kazakhstan,1967,,,,,,,
KAZ,Kazakhstan,1968,,,,,,,
KAZ,Kazakhstan,1969,,,,,,,
KAZ,Kazakhstan,1970,,,,,,,
KAZ,Kazakhstan,1971,,,,,,,
KAZ,Kazakhstan,1972,,,,,,,
KAZ,Kazakhstan,1973,,,,,,,
KAZ,Kazakhstan,1974,,,,,,,
KAZ,Kazakhstan,1975,,,,,,,
KAZ,Kazakhstan,1976,,,,,,,
KAZ,Kazakhstan,1977,,,,,,,
KAZ,Kazakhstan,1978,,,,,,,
KAZ,Kazakhstan,1979,,,,,,,
KAZ,Kazakhstan,1980,,,,,,,
KAZ,Kazakhstan,1981,,,,,,,
KAZ,Kazakhstan,1982,,,,,,,
KAZ,Kazakhstan,1983,,,,,,,
KAZ,Kazakhstan,1984,,,,,,,
KAZ,Kazakhstan,1985,,,,,,,
KAZ,Kazakhstan,1986,,,,,,,
KAZ,Kazakhstan,1987,,,,,,,
KAZ,Kazakhstan,1988,,,,,,,
KAZ,Kazakhstan,1989,,,,,,,
KAZ,Kazakhstan,1990,2.569330454,631429,,577526,,194556,198134
KAZ,Kazakhstan,1991,2.612156153,662465,,601562,,192972,193598
KAZ,Kazakhstan,1992,2.655695915,683913,,623356,,204231,197805
KAZ,Kazakhstan,1993,2.699960947,692001,,635700,,145915,145625
KAZ,Kazakhstan,1994,2.744964123,696595,0.508141994,640744,0.01343863736838100,115932,115454
KAZ,Kazakhstan,1995,2.790717363,690656,0.505622983,637741,0.01102316752076150,100600,97882
KAZ,Kazakhstan,1996,2.837068796,680492,0.498431981,628804,0.01061811763793230,99093,95385
KAZ,Kazakhstan,1997,2.884190083,671255,0.49524498,622113,0.01111614517867570,93355,89604
KAZ,Kazakhstan,1998,2.932094097,661713,0.491163075,620724,0.01143894717097280,85636,84135
KAZ,Kazakhstan,1999,2.980793715,652636,0.488192409,619591,0.01177435647696260,85766,81127
KAZ,Kazakhstan,2000,3.030302286,645997,0.489567578,620702,0.01282979641109700,99055,92881
KAZ,Kazakhstan,2001,3.082714796,643735,0.50246805,630025,0.01211842615157370,106671,104850
KAZ,Kazakhstan,2002,3.13603425,642993,0.511696756,641589,0.01382008753716950,114386,111735
KAZ,Kazakhstan,2003,3.190275669,643710,0.52309221,655308,0.01522893086075780,129116,126367
KAZ,Kazakhstan,2004,3.245455503,649382,0.542747974,673503,0.01616659015417100,147033,145376
KAZ,Kazakhstan,2005,3.301589489,661819,0.573318481,697449,0.01752780191600320,173051,174046
KAZ,Kazakhstan,2006,3.287169695,683406,0.609031081,721118,0.01788007281720640,210242,211381
KAZ,Kazakhstan,2007,3.272813082,711062,0.649478912,740479,0.02007210068404670,241395,245725
KAZ,Kazakhstan,2008,3.258518934,736540,0.690001786,754068,0.01955250464379790,280720,284271
KAZ,Kazakhstan,2009,3.244287491,759324,0.722830296,762979,0.02049528993666170,269489,274714
KAZ,Kazakhstan,2010,3.230117798,781697,0.758757293,774337,0.02121210470795630,325826,322726
KAZ,Kazakhstan,2011,3.216243505,803771,0.78562212,788165,0.02060882747173310,405574,400769
KAZ,Kazakhstan,2012,3.202505112,830087,0.819265723,824320,0.02029990777373310,413300,414615
KAZ,Kazakhstan,2013,3.188901186,857628,0.854888976,848946,0.01929851435124870,424589,435358
KAZ,Kazakhstan,2014,3.175429821,885702,0.891224444,1046511,0.02188647724688050,461773,457908
KAZ,Kazakhstan,2015,3.162089586,914470,0.927352846,902598,0.01907940395176410,410998,416136
KAZ,Kazakhstan,2016,3.14887929,943021,0.962921679,928873,0.01849261671304700,411183,406132
KAZ,Kazakhstan,2017,3.135796547,972403,1,972403,0.01879551634192470,482052,471401
KAZ,Kazakhstan,2018,3.122840405,1003336,1.039665818,1001707,0.01897177845239640,503906,485648
KAZ,Kazakhstan,2019,3.110008717,1041464,1.091355443,1041814,0.01966608874499800,533052,520080
KEN,Kenya,1950,1.143694043,26846,,18176,,10325,9688
KEN,Kenya,1951,1.149266481,28622,,19275,,12227,11238
KEN,Kenya,1952,1.15486598,30399,,20505,,11206,10494
KEN,Kenya,1953,1.160492897,32239,,21726,,10807,10149
KEN,Kenya,1954,1.166147113,34391,0.058322467,23200,0.00208189105615020,12260,11196
KEN,Kenya,1955,1.171828985,37062,0.06292592,24968,0.00218397681601346,13108,11809
KEN,Kenya,1956,1.176810384,39704,0.067401372,26714,0.00223788688890636,13292,12165
KEN,Kenya,1957,1.181813002,42118,0.07135389,28231,0.00228262646123767,13796,12706
KEN,Kenya,1958,1.186836958,43828,0.073867775,29362,0.00230153650045395,13902,12981
KEN,Kenya,1959,1.191882133,45407,0.076109104,30480,0.00229159696027637,13645,12575
KEN,Kenya,1960,1.196948886,47091,0.078646973,31667,0.00225818320177495,14904,13411
KEN,Kenya,1961,1.205653191,47570,0.078768149,31860,0.00214648665860295,15120,13480
KEN,Kenya,1962,1.214420795,47942,0.0788287,32140,0.00197805021889508,16165,14839
KEN,Kenya,1963,1.223252296,48707,0.079824962,32741,0.00194105948321521,16500,15181
KEN,Kenya,1964,1.232147813,49128,0.080242455,33001,0.00183114572428167,17826,16544
KEN,Kenya,1965,1.241108179,49742,0.081001274,33347,0.00171996490098536,18521,17478
KEN,Kenya,1966,1.250133634,51474,0.084406115,34501,0.00167501263786107,20453,19311
KEN,Kenya,1967,1.259224653,53349,0.088026844,36069,0.00165052013471723,21342,20257
KEN,Kenya,1968,1.268381953,56493,0.093464829,38161,0.00167180178686976,21320,20272
KEN,Kenya,1969,1.277605653,59642,0.098922551,40351,0.00167832209262997,22608,21643
KEN,Kenya,1970,1.286896586,64442,0.108161896,44222,0.00177771656308323,21618,20034
KEN,Kenya,1971,1.304250002,70353,0.119382977,48184,0.00191160698886961,23202,21775
KEN,Kenya,1972,1.321837544,75791,0.128995329,52101,0.00191510969307274,25076,24029
KEN,Kenya,1973,1.339662194,80896,0.137942508,56761,0.00199286523275077,25508,24584
KEN,Kenya,1974,1.35772717,85033,0.145003021,60727,0.00203690258786082,27812,26905
KEN,Kenya,1975,1.37603581,89274,0.152556792,63445,0.00207941513508558,27312,27037
KEN,Kenya,1976,1.394591331,93379,0.160155743,64036,0.00206176633946598,28366,27576
KEN,Kenya,1977,1.413396955,98851,0.171110034,64299,0.00206646649166942,33163,30902
KEN,Kenya,1978,1.432456255,105597,0.186349139,65906,0.00208065262995660,34352,33445
KEN,Kenya,1979,1.451772571,111120,0.19754374,67548,0.00209417636506259,33957,33209
KEN,Kenya,1980,1.471349359,116563,0.208562285,70111,0.00206565693952143,35157,34815
KEN,Kenya,1981,1.493256092,122431,0.220284328,70286,0.00200556544587016,35288,35620
KEN,Kenya,1982,1.515489101,126014,0.226144135,68773,0.00189993251115084,36506,37078
KEN,Kenya,1983,1.538053036,128590,0.230563223,65921,0.00178600312210619,38389,39303
KEN,Kenya,1984,1.560952902,130910,0.234786883,66138,0.00170477735809982,41287,41973
KEN,Kenya,1985,1.584193707,133569,0.239845648,67545,0.00170038721989840,42526,43215
KEN,Kenya,1986,1.607780576,137168,0.247058168,68749,0.00170559121761471,46171,46956
KEN,Kenya,1987,1.631718636,141035,0.254929066,73616,0.00170051038730890,46319,47581
KEN,Kenya,1988,1.656013131,145339,0.263317764,80158,0.00180833751801401,48951,50556
KEN,Kenya,1989,1.680669308,149563,0.271348327,86220,0.00194326951168478,50138,51358
KEN,Kenya,1990,1.70569253,154177,0.280578464,94414,0.00206168228760362,52201,54525
KEN,Kenya,1991,1.728196621,158197,0.288328469,103403,0.00222566816955805,54364,55857
KEN,Kenya,1992,1.750123143,161572,0.294732124,113785,0.00242863688617945,53596,54477
KEN,Kenya,1993,1.772327662,164373,0.300335348,127324,0.00262896041385829,56455,57692
KEN,Kenya,1994,1.794813991,168368,0.310568422,137889,0.00281895394437015,64495,66566
KEN,Kenya,1995,1.817585588,173709,0.324068487,149181,0.00301758828572929,62055,64419
KEN,Kenya,1996,1.840646029,179001,0.335505158,154158,0.00301990401931107,65474,67268
KEN,Kenya,1997,1.863999128,184400,0.34663552,154032,0.00293801142834127,65441,68183
KEN,Kenya,1998,1.887648463,190451,0.359825104,153370,0.00278660375624895,66019,68354
KEN,Kenya,1999,1.911597967,196038,0.372101128,146729,0.00258368882350624,66716,69106
KEN,Kenya,2000,1.935851216,202469,0.385695696,141477,0.00231411005370319,65097,68054
KEN,Kenya,2001,1.957712531,210422,0.402834594,138899,0.00217651715502143,65697,70830
KEN,Kenya,2002,1.979820728,216807,0.416538477,135276,0.00212209695018828,65971,69120
KEN,Kenya,2003,2.002178669,221740,0.426900268,131882,0.00200440338812768,66619,67802
KEN,Kenya,2004,2.024788857,227588,0.439957172,132447,0.00194646650925279,68113,70828
KEN,Kenya,2005,2.047654629,237131,0.4688254,138790,0.00202872487716377,73038,76311
KEN,Kenya,2006,2.070778608,248761,0.50696528,151153,0.00217228732071817,79873,84246
KEN,Kenya,2007,2.094163656,259458,0.539542377,169389,0.00232404097914696,85806,89931
KEN,Kenya,2008,2.117812634,271768,0.572799861,195630,0.00259787938557565,89094,93228
KEN,Kenya,2009,2.141728878,285753,0.60660845,229223,0.00303523335605860,96007,99530
KEN,Kenya,2010,2.165915012,302894,0.648582995,267149,0.00358869112096727,104804,109701
KEN,Kenya,2011,2.185294867,320427,0.689454198,292841,0.00386194745078683,111986,118987
KEN,Kenya,2012,2.204848051,341280,0.736736536,299646,0.00390774803236127,120890,128189
KEN,Kenya,2013,2.224575996,361686,0.781762779,322765,0.00415876228362322,129936,137930
KEN,Kenya,2014,2.24448061,386747,0.843604267,356198,0.00449993973597884,141302,152614
KEN,Kenya,2015,2.264563322,413475,0.906660795,379629,0.00474116159603000,160443,168838
KEN,Kenya,2016,2.284825802,433958,0.948023498,406398,0.00498330360278487,175290,182327
KEN,Kenya,2017,2.30526948,457636,1,457636,0.00553321279585361,195892,203140
KEN,Kenya,2018,2.325896025,480423,1.044081092,480435,0.00566195277497172,206779,212304
KEN,Kenya,2019,2.346707344,504209,1.090141654,504993,0.00574574526399374,217131,223246
KGZ,Kyrgyzstan,1950,,,,,,,
KGZ,Kyrgyzstan,1951,,,,,,,
KGZ,Kyrgyzstan,1952,,,,,,,
KGZ,Kyrgyzstan,1953,,,,,,,
KGZ,Kyrgyzstan,1954,,,,,,,
KGZ,Kyrgyzstan,1955,,,,,,,
KGZ,Kyrgyzstan,1956,,,,,,,
KGZ,Kyrgyzstan,1957,,,,,,,
KGZ,Kyrgyzstan,1958,,,,,,,
KGZ,Kyrgyzstan,1959,,,,,,,
KGZ,Kyrgyzstan,1960,,,,,,,
KGZ,Kyrgyzstan,1961,,,,,,,
KGZ,Kyrgyzstan,1962,,,,,,,
KGZ,Kyrgyzstan,1963,,,,,,,
KGZ,Kyrgyzstan,1964,,,,,,,
KGZ,Kyrgyzstan,1965,,,,,,,
KGZ,Kyrgyzstan,1966,,,,,,,
KGZ,Kyrgyzstan,1967,,,,,,,
KGZ,Kyrgyzstan,1968,,,,,,,
KGZ,Kyrgyzstan,1969,,,,,,,
KGZ,Kyrgyzstan,1970,,,,,,,
KGZ,Kyrgyzstan,1971,,,,,,,
KGZ,Kyrgyzstan,1972,,,,,,,
KGZ,Kyrgyzstan,1973,,,,,,,
KGZ,Kyrgyzstan,1974,,,,,,,
KGZ,Kyrgyzstan,1975,,,,,,,
KGZ,Kyrgyzstan,1976,,,,,,,
KGZ,Kyrgyzstan,1977,,,,,,,
KGZ,Kyrgyzstan,1978,,,,,,,
KGZ,Kyrgyzstan,1979,,,,,,,
KGZ,Kyrgyzstan,1980,,,,,,,
KGZ,Kyrgyzstan,1981,,,,,,,
KGZ,Kyrgyzstan,1982,,,,,,,
KGZ,Kyrgyzstan,1983,,,,,,,
KGZ,Kyrgyzstan,1984,,,,,,,
KGZ,Kyrgyzstan,1985,,,,,,,
KGZ,Kyrgyzstan,1986,,,,,,,
KGZ,Kyrgyzstan,1987,,,,,,,
KGZ,Kyrgyzstan,1988,,,,,,,
KGZ,Kyrgyzstan,1989,,,,,,,
KGZ,Kyrgyzstan,1990,2.659528017,44844,,58848,,34032,34252
KGZ,Kyrgyzstan,1991,2.678925991,46059,,59749,,34101,33916
KGZ,Kyrgyzstan,1992,2.698465586,46068,,59904,,26846,26859
KGZ,Kyrgyzstan,1993,2.718147755,45633,,59630,,22675,23023
KGZ,Kyrgyzstan,1994,2.737973213,44838,0.614907146,58849,0.00101366732269526,17821,17567
KGZ,Kyrgyzstan,1995,2.75794363,44807,0.608165801,58894,0.00081859633792192,13988,14869
KGZ,Kyrgyzstan,1996,2.781903505,44585,0.603210807,58928,0.00057166151236743,13174,14678
KGZ,Kyrgyzstan,1997,2.806071281,43934,0.578629613,56446,0.00084241625154391,11594,12053
KGZ,Kyrgyzstan,1998,2.830449104,43362,0.561609983,52007,0.00074372807284817,9778,11002
KGZ,Kyrgyzstan,1999,2.855038881,43157,0.558437228,46787,0.00066620780853555,10033,10782
KGZ,Kyrgyzstan,2000,2.879842281,43357,0.55750972,42025,0.00058045680634677,10390,10698
KGZ,Kyrgyzstan,2001,2.89928484,43558,0.555025041,38008,0.00050955568440259,10607,10585
KGZ,Kyrgyzstan,2002,2.918858767,43668,0.553210258,34742,0.00046458581346087,10193,10654
KGZ,Kyrgyzstan,2003,2.938565254,43699,0.552326798,32177,0.00043093218118884,11058,11610
KGZ,Kyrgyzstan,2004,2.958404303,43904,0.555459797,30518,0.00041200162377209,11498,12276
KGZ,Kyrgyzstan,2005,2.978377581,44244,0.559867144,29715,0.00040280338726006,11336,12561
KGZ,Kyrgyzstan,2006,3.013251066,45466,0.590973437,29819,0.00042472159839235,12074,14541
KGZ,Kyrgyzstan,2007,3.048532724,46886,0.617833793,30152,0.00043024917249568,13624,16509
KGZ,Kyrgyzstan,2008,3.084227562,48657,0.644716561,30886,0.00044043964589946,15065,19211
KGZ,Kyrgyzstan,2009,3.120340347,50655,0.668122053,31851,0.00046584851224907,15733,19416
KGZ,Kyrgyzstan,2010,3.156876087,52315,0.699179053,32824,0.00050318287685514,16356,19429
KGZ,Kyrgyzstan,2011,3.195667028,53700,0.72693032,33742,0.00052243535174057,20115,24065
KGZ,Kyrgyzstan,2012,3.235574961,56200,0.772745907,38412,0.00060721772024408,20922,26412
KGZ,Kyrgyzstan,2013,3.276640177,58634,0.812564433,43263,0.00065168732544407,21564,28228
KGZ,Kyrgyzstan,2014,3.318904638,61768,0.859838605,68065,0.00092804274754599,23749,41416
KGZ,Kyrgyzstan,2015,3.36241293,65017,0.904563189,55747,0.00079744181130081,23515,28523
KGZ,Kyrgyzstan,2016,3.407210588,68619,0.95059675,63273,0.00089500821195543,25925,31630
KGZ,Kyrgyzstan,2017,3.453345776,72698,1,72698,0.00098996574524790,30388,37361
KGZ,Kyrgyzstan,2018,3.50086832,77138,1.06128943,76953,0.00103846413549036,31161,39812
KGZ,Kyrgyzstan,2019,3.54983139,81616,1.1235255,81435,0.00106366595719010,32202,39531
KHM,Cambodia,1950,,,,,,,
KHM,Cambodia,1951,,,,,,,
KHM,Cambodia,1952,,,,,,,
KHM,Cambodia,1953,,,,,,,
KHM,Cambodia,1954,,,,,,,
KHM,Cambodia,1955,,,,,,,
KHM,Cambodia,1956,,,,,,,
KHM,Cambodia,1957,,,,,,,
KHM,Cambodia,1958,,,,,,,
KHM,Cambodia,1959,,,,,,,
KHM,Cambodia,1960,,,,,,,
KHM,Cambodia,1961,,,,,,,
KHM,Cambodia,1962,,,,,,,
KHM,Cambodia,1963,,,,,,,
KHM,Cambodia,1964,,,,,,,
KHM,Cambodia,1965,,,,,,,
KHM,Cambodia,1966,,,,,,,
KHM,Cambodia,1967,,,,,,,
KHM,Cambodia,1968,,,,,,,
KHM,Cambodia,1969,,,,,,,
KHM,Cambodia,1970,1.180511594,11219,,11102,,12226,12740
KHM,Cambodia,1971,1.193359613,11807,,11603,,11556,13942
KHM,Cambodia,1972,1.206347346,12298,,12040,,10862,11747
KHM,Cambodia,1973,1.219476461,12575,,12268,,8744,9435
KHM,Cambodia,1974,1.232748508,12796,,12488,,8307,8589
KHM,Cambodia,1975,1.246165037,12997,,12655,,8167,8230
KHM,Cambodia,1976,1.262043715,13188,,12800,,8155,8158
KHM,Cambodia,1977,1.278124571,13273,,12829,,6975,6990
KHM,Cambodia,1978,1.294410348,13358,,12867,,6968,6978
KHM,Cambodia,1979,1.310903788,13364,,12862,,6089,6104
KHM,Cambodia,1980,1.327607274,13343,,12841,,5787,5914
KHM,Cambodia,1981,1.342157722,13328,,12885,,5785,5856
KHM,Cambodia,1982,1.356867552,13317,,12906,,5796,5846
KHM,Cambodia,1983,1.371738672,13334,,12878,,6076,6124
KHM,Cambodia,1984,1.386772752,13380,,12901,,6356,6390
KHM,Cambodia,1985,1.401971698,13453,,13001,,6648,6680
KHM,Cambodia,1986,1.408187866,13546,,13088,,6964,6965
KHM,Cambodia,1987,1.414431572,14127,,13534,,8360,8359
KHM,Cambodia,1988,1.420703053,14394,,13825,,9470,9471
KHM,Cambodia,1989,1.427002311,14556,,13837,,10137,10155
KHM,Cambodia,1990,1.433329463,14684,,14088,,10380,10333
KHM,Cambodia,1991,1.443412066,15076,,14397,,11335,11262
KHM,Cambodia,1992,1.453565598,15507,,14764,,12142,14301
KHM,Cambodia,1993,1.463790536,16341,,15655,,11460,12791
KHM,Cambodia,1994,1.474087477,17074,,16239,,12377,14354
KHM,Cambodia,1995,1.484456778,18563,,17600,,13555,15867
KHM,Cambodia,1996,1.495499492,19831,,18671,,13116,15134
KHM,Cambodia,1997,1.50662446,21385,,20144,,13958,15531
KHM,Cambodia,1998,1.517832041,22737,,21419,,14264,14988
KHM,Cambodia,1999,1.529123187,24911,,23386,,16024,16146
KHM,Cambodia,2000,1.540498137,27724,,25952,,17129,17423
KHM,Cambodia,2001,1.552787423,30194,,28594,,18548,18713
KHM,Cambodia,2002,1.565174699,33570,,32133,,20511,20077
KHM,Cambodia,2003,1.577660799,37184,,35727,,22210,21650
KHM,Cambodia,2004,1.590246558,41236,,39924,,24365,22979
KHM,Cambodia,2005,1.602932692,46237,,45319,,27887,27372
KHM,Cambodia,2006,1.627782941,52198,,51289,,29731,29085
KHM,Cambodia,2007,1.653018355,58775,,57044,,32095,32457
KHM,Cambodia,2008,1.678645015,66403,,63346,,36182,35797
KHM,Cambodia,2009,1.704669118,74233,,70318,,36300,33896
KHM,Cambodia,2010,1.725667357,80724,,75300,,37618,35875
KHM,Cambodia,2011,1.747694492,88001,,81272,,40706,39148
KHM,Cambodia,2012,1.770691395,96913,,89892,,44513,42707
KHM,Cambodia,2013,1.794710159,107442,,100732,,46571,46617
KHM,Cambodia,2014,1.819806457,118962,,114301,,48370,48225
KHM,Cambodia,2015,1.846039653,131744,,128158,,52308,54407
KHM,Cambodia,2016,1.873473048,145852,,143448,,56549,58696
KHM,Cambodia,2017,1.902174592,160637,,160637,,60747,63252
KHM,Cambodia,2018,1.932216287,176171,,175796,,65182,69229
KHM,Cambodia,2019,1.963675737,192676,,192253,,69184,74428
KNA,Saint Kitts and Nevis,1950,,,,,,,
KNA,Saint Kitts and Nevis,1951,,,,,,,
KNA,Saint Kitts and Nevis,1952,,,,,,,
KNA,Saint Kitts and Nevis,1953,,,,,,,
KNA,Saint Kitts and Nevis,1954,,,,,,,
KNA,Saint Kitts and Nevis,1955,,,,,,,
KNA,Saint Kitts and Nevis,1956,,,,,,,
KNA,Saint Kitts and Nevis,1957,,,,,,,
KNA,Saint Kitts and Nevis,1958,,,,,,,
KNA,Saint Kitts and Nevis,1959,,,,,,,
KNA,Saint Kitts and Nevis,1960,,,,,,,
KNA,Saint Kitts and Nevis,1961,,,,,,,
KNA,Saint Kitts and Nevis,1962,,,,,,,
KNA,Saint Kitts and Nevis,1963,,,,,,,
KNA,Saint Kitts and Nevis,1964,,,,,,,
KNA,Saint Kitts and Nevis,1965,,,,,,,
KNA,Saint Kitts and Nevis,1966,,,,,,,
KNA,Saint Kitts and Nevis,1967,,,,,,,
KNA,Saint Kitts and Nevis,1968,,,,,,,
KNA,Saint Kitts and Nevis,1969,,,,,,,
KNA,Saint Kitts and Nevis,1970,,1548,,545,,141,169
KNA,Saint Kitts and Nevis,1971,,1566,,544,,155,180
KNA,Saint Kitts and Nevis,1972,,1590,,544,,168,191
KNA,Saint Kitts and Nevis,1973,,1618,,548,,149,198
KNA,Saint Kitts and Nevis,1974,,1655,,556,,199,199
KNA,Saint Kitts and Nevis,1975,,1688,,565,,212,206
KNA,Saint Kitts and Nevis,1976,,1732,,584,,218,222
KNA,Saint Kitts and Nevis,1977,,1790,,606,,222,225
KNA,Saint Kitts and Nevis,1978,,1820,,611,,243,247
KNA,Saint Kitts and Nevis,1979,,1884,,636,,267,268
KNA,Saint Kitts and Nevis,1980,,1969,,668,,291,282
KNA,Saint Kitts and Nevis,1981,,2023,,689,,304,297
KNA,Saint Kitts and Nevis,1982,,2088,,718,,296,291
KNA,Saint Kitts and Nevis,1983,,2161,,747,,299,302
KNA,Saint Kitts and Nevis,1984,,2216,,763,,322,327
KNA,Saint Kitts and Nevis,1985,,2278,,785,,338,323
KNA,Saint Kitts and Nevis,1986,,2342,,809,,365,362
KNA,Saint Kitts and Nevis,1987,,2447,,851,,391,395
KNA,Saint Kitts and Nevis,1988,,2692,,963,,395,381
KNA,Saint Kitts and Nevis,1989,,2961,,1080,,420,409
KNA,Saint Kitts and Nevis,1990,,3208,,1180,,433,420
KNA,Saint Kitts and Nevis,1991,,3366,,1234,,451,449
KNA,Saint Kitts and Nevis,1992,,3504,,1280,,469,435
KNA,Saint Kitts and Nevis,1993,,3701,,1350,,489,431
KNA,Saint Kitts and Nevis,1994,,3853,,1413,,532,491
KNA,Saint Kitts and Nevis,1995,,4074,,1500,,540,494
KNA,Saint Kitts and Nevis,1996,,4308,,1590,,581,563
KNA,Saint Kitts and Nevis,1997,,4545,,1667,,593,533
KNA,Saint Kitts and Nevis,1998,,4777,,1748,,614,568
KNA,Saint Kitts and Nevis,1999,,4955,,1844,,677,647
KNA,Saint Kitts and Nevis,2000,,5293,,2041,,691,764
KNA,Saint Kitts and Nevis,2001,,5674,,2295,,654,471
KNA,Saint Kitts and Nevis,2002,,5986,,2574,,735,551
KNA,Saint Kitts and Nevis,2003,,6293,,2913,,713,587
KNA,Saint Kitts and Nevis,2004,,6577,,3323,,772,669
KNA,Saint Kitts and Nevis,2005,,6907,,3886,,925,828
KNA,Saint Kitts and Nevis,2006,,7248,,4574,,955,809
KNA,Saint Kitts and Nevis,2007,,7628,,5441,,983,833
KNA,Saint Kitts and Nevis,2008,,7964,,6435,,1086,949
KNA,Saint Kitts and Nevis,2009,,8264,,7515,,1076,944
KNA,Saint Kitts and Nevis,2010,,8474,,8474,,1115,958
KNA,Saint Kitts and Nevis,2011,,8615,,9151,,1188,1024
KNA,Saint Kitts and Nevis,2012,,8729,,9382,,1165,1003
KNA,Saint Kitts and Nevis,2013,,8885,,9401,,1181,1013
KNA,Saint Kitts and Nevis,2014,,9085,,9585,,1271,1086
KNA,Saint Kitts and Nevis,2015,,9308,,9875,,1286,1039
KNA,Saint Kitts and Nevis,2016,,9554,,10334,,1331,1023
KNA,Saint Kitts and Nevis,2017,,9815,,9815,,1349,1112
KNA,Saint Kitts and Nevis,2018,,10151,,10080,,1399,1175
KNA,Saint Kitts and Nevis,2019,,10458,,10354,,1454,1224
KOR,Republic of Korea,1950,,,,,,,
KOR,Republic of Korea,1951,,,,,,,
KOR,Republic of Korea,1952,,,,,,,
KOR,Republic of Korea,1953,1.826601982,160310,,213333,,25334,24681
KOR,Republic of Korea,1954,1.84198463,158642,,213615,,25867,25566
KOR,Republic of Korea,1955,1.857496738,157510,,210166,,27733,27446
KOR,Republic of Korea,1956,1.806920886,156184,,209273,,27863,28012
KOR,Republic of Korea,1957,1.757722259,157284,0.010510669,208809,0.01340891141444440,30877,30511
KOR,Republic of Korea,1958,1.709863186,157564,0.010501911,209457,0.01318973675370220,31842,31856
KOR,Republic of Korea,1959,1.648594856,156411,0.010365736,207249,0.01252028625458480,31943,32308
KOR,Republic of Korea,1960,1.589307308,155619,0.010277526,204603,0.01171371806412940,32225,32589
KOR,Republic of Korea,1961,1.632086873,156174,0.010320065,203337,0.01101856119930740,34096,35297
KOR,Republic of Korea,1962,1.676018,156587,0.010355465,206408,0.01075082737952470,34559,35941
KOR,Republic of Korea,1963,1.718174696,163285,0.010929575,212279,0.01097389869391920,39054,39955
KOR,Republic of Korea,1964,1.752919197,166620,0.011168146,215378,0.01036571804434060,42247,43478
KOR,Republic of Korea,1965,1.788366318,170130,0.011421886,219957,0.01004174165427680,44363,45845
KOR,Republic of Korea,1966,1.824530244,180691,0.012425159,233466,0.01037407014518980,50173,52229
KOR,Republic of Korea,1967,1.861425519,192246,0.013593068,247223,0.01060472335666420,53323,55379
KOR,Republic of Korea,1968,1.899066687,209066,0.015260144,267766,0.01121538877487180,59681,62089
KOR,Republic of Korea,1969,1.937469244,225544,0.016886689,287913,0.01165566407144070,68490,70803
KOR,Republic of Korea,1970,1.976648331,240588,0.017974837,308757,0.01190940942615270,74946,76989
KOR,Republic of Korea,1971,2.014972687,256247,0.01922784,327807,0.01229758746922020,87696,90904
KOR,Republic of Korea,1972,2.054040194,271727,0.020502156,347983,0.01269044633954760,99905,102550
KOR,Republic of Korea,1973,2.093865156,293684,0.02227602,375750,0.01335418503731490,121376,124734
KOR,Republic of Korea,1974,2.134462357,319526,0.024406968,411227,0.01413384545594450,138946,147292
KOR,Republic of Korea,1975,2.175846577,347851,0.026727561,443770,0.01522172801196580,160585,170593
KOR,Republic of Korea,1976,2.218033075,386304,0.030044248,456768,0.01565855927765370,181193,185410
KOR,Republic of Korea,1977,2.261037588,439825,0.034742299,464445,0.01594941876828670,199682,201868
KOR,Republic of Korea,1978,2.304875851,514800,0.041644357,491343,0.01695084758102890,218447,220491
KOR,Republic of Korea,1979,2.349564314,592600,0.048953939,526812,0.01826048642396930,228634,230542
KOR,Republic of Korea,1980,2.395118952,652970,0.054226302,560492,0.01841096021234990,209628,215315
KOR,Republic of Korea,1981,2.44942379,707388,0.058999833,598113,0.01895743794739250,221516,228231
KOR,Republic of Korea,1982,2.504959822,769583,0.064304754,631730,0.01960648223757740,241543,246585
KOR,Republic of Korea,1983,2.561175346,845125,0.070673585,670677,0.02033656649291520,273604,277450
KOR,Republic of Korea,1984,2.600128412,930187,0.078059725,724540,0.02092844620347020,300665,303882
KOR,Republic of Korea,1985,2.639673948,1018893,0.085851848,797200,0.02248812094330790,322341,320049
KOR,Republic of Korea,1986,2.679821014,1122557,0.095410042,897738,0.02488557994365690,371505,372966
KOR,Republic of Korea,1987,2.720578432,1249065,0.106919736,1031116,0.02793193794786930,428748,429896
KOR,Republic of Korea,1988,2.761955976,1393028,0.120159812,1198623,0.03197471052408220,490699,490413
KOR,Republic of Korea,1989,2.803962708,1560776,0.135509282,1411262,0.03739081695675850,538319,541912
KOR,Republic of Korea,1990,2.8466084,1778664,0.155189231,1703955,0.04487355798482890,598065,604408
KOR,Republic of Korea,1991,2.879410267,2026416,0.17785418,2051665,0.05374692752957340,681761,692207
KOR,Republic of Korea,1992,2.912590265,2267532,0.20002991,2441263,0.06223040819168090,741819,746186
KOR,Republic of Korea,1993,2.946152449,2524120,0.222755894,2893917,0.07176785916090010,817713,817945
KOR,Republic of Korea,1994,2.980101347,2819790,0.251015335,3413992,0.08336563408374790,915508,917215
KOR,Republic of Korea,1995,3.014441252,3152983,0.28318119,3966521,0.09330453723669050,1017669,1016817
KOR,Republic of Korea,1996,3.04917717,3507887,0.318226039,4478995,0.10239455103874200,1117659,1123965
KOR,Republic of Korea,1997,3.084313393,3839851,0.35024941,4308283,0.09358816593885420,1102873,1111065
KOR,Republic of Korea,1998,3.119854212,4050120,0.368027747,3722072,0.07600233703851700,1007138,987286
KOR,Republic of Korea,1999,3.155804634,4289879,0.392510056,3534997,0.06849686056375500,1098734,1099547
KOR,Republic of Korea,2000,3.192169428,4579601,0.425442666,3730456,0.06918324530124660,1168641,1201642
KOR,Republic of Korea,2001,3.218729019,4859549,0.454433709,3904355,0.07026018202304840,1221686,1236126
KOR,Republic of Korea,2002,3.245509624,5160626,0.485001504,4093876,0.07321701198816300,1331442,1338376
KOR,Republic of Korea,2003,3.272512913,5477403,0.515687048,4533372,0.07892703264951710,1385924,1392265
KOR,Republic of Korea,2004,3.29974103,5797558,0.547086358,5070357,0.08462844789028170,1468961,1479112
KOR,Republic of Korea,2005,3.327195644,6112620,0.578528345,5724578,0.09217456728219990,1557025,1581887
KOR,Republic of Korea,2006,3.354878664,6436058,0.612131417,6221793,0.09689873456954960,1602275,1642122
KOR,Republic of Korea,2007,3.382791996,6772679,0.648337841,6731400,0.10148221999406800,1688965,1729751
KOR,Republic of Korea,2008,3.410937548,7087414,0.682459295,7237983,0.10685456544160800,1704452,1717246
KOR,Republic of Korea,2009,3.439317226,7388595,0.713332117,7205280,0.10796699672937400,1692098,1681452
KOR,Republic of Korea,2010,3.467933178,7710554,0.749657989,7213039,0.11002363264560700,1782490,1784490
KOR,Republic of Korea,2011,3.49846077,8019770,0.785420418,7190925,0.10961656272411300,1777945,1764806
KOR,Republic of Korea,2012,3.529577255,8307872,0.818952262,7693654,0.11391562223434400,1809467,1789599
KOR,Republic of Korea,2013,3.561296463,8596805,0.85078907,8144688,0.11696843802928900,1757736,1740678
KOR,Republic of Korea,2014,3.593633175,8891433,0.883693516,8675896,0.12108329683542300,1811204,1805885
KOR,Republic of Korea,2015,3.626602411,9208201,0.917996407,9110202,0.12472584098577500,1928564,1947443
KOR,Republic of Korea,2016,3.660219908,9560242,0.95489645,9397864,0.12797684967517900,1991840,2012040
KOR,Republic of Korea,2017,3.694501162,9973875,1,9973875,0.13425767421722400,2070936,2088577
KOR,Republic of Korea,2018,3.7294631,10344492,1.040251493,10309477,0.13809613883495300,2096605,2112982
KOR,Republic of Korea,2019,3.76512289,10672451,1.075440884,10635833,0.13990215957164800,2080973,2156917
KWT,Kuwait,1950,,,,,,,
KWT,Kuwait,1951,,,,,,,
KWT,Kuwait,1952,,,,,,,
KWT,Kuwait,1953,,,,,,,
KWT,Kuwait,1954,,,,,,,
KWT,Kuwait,1955,,,,,,,
KWT,Kuwait,1956,,,,,,,
KWT,Kuwait,1957,,,,,,,
KWT,Kuwait,1958,,,,,,,
KWT,Kuwait,1959,,,,,,,
KWT,Kuwait,1960,,,,,,,
KWT,Kuwait,1961,,,,,,,
KWT,Kuwait,1962,,,,,,,
KWT,Kuwait,1963,,,,,,,
KWT,Kuwait,1964,,,,,,,
KWT,Kuwait,1965,,,,,,,
KWT,Kuwait,1966,,,,,,,
KWT,Kuwait,1967,,,,,,,
KWT,Kuwait,1968,,,,,,,
KWT,Kuwait,1969,,,,,,,
KWT,Kuwait,1970,1.475311399,23474,,23905,,26197,70816
KWT,Kuwait,1971,1.480122685,26851,,27394,,33280,77026
KWT,Kuwait,1972,1.484949708,30033,,30614,,35104,79564
KWT,Kuwait,1973,1.489792466,33115,,33708,,35743,81825
KWT,Kuwait,1974,1.49465096,36995,0.039797258,37685,0.00460765976458788,75061,89347
KWT,Kuwait,1975,1.499525309,44543,0.048788995,45376,0.00610124133527279,64763,77206
KWT,Kuwait,1976,1.550978184,54439,0.060398277,55229,0.00763059360906482,69311,85189
KWT,Kuwait,1977,1.604196548,68979,0.078111939,69595,0.00946644507348537,70305,82078
KWT,Kuwait,1978,1.65924108,80767,0.091407388,80828,0.01002691686153410,67449,86805
KWT,Kuwait,1979,1.714443207,90241,0.100926273,89864,0.00947334989905357,95587,110484
KWT,Kuwait,1980,1.758598566,100973,0.112288021,100058,0.00895121786743402,98960,90313
KWT,Kuwait,1981,1.79393363,111690,0.12382447,111009,0.00860303733497858,82205,75887
KWT,Kuwait,1982,1.829978585,124448,0.138133198,124235,0.00857066642493010,68444,68818
KWT,Kuwait,1983,1.866747856,139636,0.155551091,139148,0.00864144414663315,69157,70473
KWT,Kuwait,1984,1.904255986,152600,0.171548828,151967,0.00837005674839020,70121,71533
KWT,Kuwait,1985,1.942517638,163262,0.18408969,162692,0.00807491689920425,66743,67604
KWT,Kuwait,1986,1.951903343,169734,0.192327186,169967,0.00785342697054148,51716,54953
KWT,Kuwait,1987,1.961334467,174741,0.198442355,175658,0.00738693587481976,60929,65817
KWT,Kuwait,1988,1.970811248,175364,0.198512569,176837,0.00689285434782505,53538,57832
KWT,Kuwait,1989,1.980333686,174657,0.198394552,176937,0.00653974292799830,61761,66125
KWT,Kuwait,1990,1.989902139,175284,0.200133845,178190,0.00641052331775427,45316,48356
KWT,Kuwait,1991,1.997148991,180383,0.206748247,182521,0.00680508511140943,26521,27097
KWT,Kuwait,1992,2.004422188,183047,0.209107712,185181,0.00643931794911623,50901,58401
KWT,Kuwait,1993,2.011722088,188022,0.214299455,190531,0.00642681913450360,67679,72090
KWT,Kuwait,1994,2.019048452,192238,0.217578351,194834,0.00646852748468518,72879,75302
KWT,Kuwait,1995,2.02640152,197386,0.222932324,200631,0.00652614748105407,72700,75053
KWT,Kuwait,1996,2.042160749,203163,0.227740094,206541,0.00655554048717022,74150,79648
KWT,Kuwait,1997,2.058042765,208917,0.232671708,212268,0.00646665273234248,75466,79626
KWT,Kuwait,1998,2.074048281,221682,0.247733891,226405,0.00675979768857360,78980,83817
KWT,Kuwait,1999,2.090178013,228099,0.254372537,232990,0.00677879666909575,77082,80414
KWT,Kuwait,2000,2.106433392,230395,0.254925102,235178,0.00654630642384291,80635,91392
KWT,Kuwait,2001,2.102227688,235064,0.26076138,241298,0.00659480318427086,74679,82313
KWT,Kuwait,2002,2.098030329,244041,0.270352542,253663,0.00700531667098403,80789,89744
KWT,Kuwait,2003,2.093841314,257434,0.286169708,270138,0.00759175838902593,98236,111017
KWT,Kuwait,2004,2.089660645,272013,0.30329895,288480,0.00823080353438854,121489,137713
KWT,Kuwait,2005,2.085488319,293153,0.32713747,315161,0.00904326513409615,161996,177350
KWT,Kuwait,2006,2.097772121,325532,0.365517259,338540,0.00946773122996092,198121,213050
KWT,Kuwait,2007,2.110128403,364936,0.409857154,346802,0.01004179008305070,214824,226826
KWT,Kuwait,2008,2.122557402,414736,0.467141688,358171,0.01029044203460220,246726,271608
KWT,Kuwait,2009,2.135059834,445584,0.508624136,357910,0.01119442097842690,188432,200045
KWT,Kuwait,2010,2.147635698,478842,0.552125037,369999,0.01216345280408860,213529,220453
KWT,Kuwait,2011,2.160651684,510703,0.592779219,388447,0.01260112412273880,274241,282567
KWT,Kuwait,2012,2.173871994,543701,0.625270128,403312,0.01126395631581540,294269,313322
KWT,Kuwait,2013,2.18730092,582770,0.66557461,451761,0.01175674051046370,291489,300994
KWT,Kuwait,2014,2.200942039,629381,0.716814041,521105,0.01210359670221810,268290,282756
KWT,Kuwait,2015,2.214799881,689536,0.787718236,595327,0.01293397322297100,195741,209301
KWT,Kuwait,2016,2.228878736,755144,0.904957056,661775,0.01366469170898200,191131,204340
KWT,Kuwait,2017,2.243182898,812928,1,812928,0.01538048684597020,217780,228240
KWT,Kuwait,2018,2.257716894,868987,1.084469557,866746,0.01517117209732530,251344,265175
KWT,Kuwait,2019,2.272485018,914230,1.149460793,911087,0.01530219428241250,234498,253743
LAO,Lao People's DR,1950,,,,,,,
LAO,Lao People's DR,1951,,,,,,,
LAO,Lao People's DR,1952,,,,,,,
LAO,Lao People's DR,1953,,,,,,,
LAO,Lao People's DR,1954,,,,,,,
LAO,Lao People's DR,1955,,,,,,,
LAO,Lao People's DR,1956,,,,,,,
LAO,Lao People's DR,1957,,,,,,,
LAO,Lao People's DR,1958,,,,,,,
LAO,Lao People's DR,1959,,,,,,,
LAO,Lao People's DR,1960,,,,,,,
LAO,Lao People's DR,1961,,,,,,,
LAO,Lao People's DR,1962,,,,,,,
LAO,Lao People's DR,1963,,,,,,,
LAO,Lao People's DR,1964,,,,,,,
LAO,Lao People's DR,1965,,,,,,,
LAO,Lao People's DR,1966,,,,,,,
LAO,Lao People's DR,1967,,,,,,,
LAO,Lao People's DR,1968,,,,,,,
LAO,Lao People's DR,1969,,,,,,,
LAO,Lao People's DR,1970,1.205937147,5939,,4816,,1931,2005
LAO,Lao People's DR,1971,1.216405511,6081,,4903,,2026,2103
LAO,Lao People's DR,1972,1.226964831,6216,,4988,,2092,2173
LAO,Lao People's DR,1973,1.237615705,6373,,5084,,2266,2352
LAO,Lao People's DR,1974,1.248359084,6524,,5191,,2361,2437
LAO,Lao People's DR,1975,1.259195805,6686,,5294,,2521,2603
LAO,Lao People's DR,1976,1.273338556,6840,,5388,,2588,2672
LAO,Lao People's DR,1977,1.287640214,6968,,5482,,2543,2626
LAO,Lao People's DR,1978,1.302102566,7098,,5565,,2570,2661
LAO,Lao People's DR,1979,1.316727161,7186,,5635,,2496,2574
LAO,Lao People's DR,1980,1.331516266,7306,0.048016779,5714,0.00018219486810267,2772,2849
LAO,Lao People's DR,1981,1.34512341,7488,0.049310014,5870,0.00018503844330553,3211,3297
LAO,Lao People's DR,1982,1.358869672,7735,0.051052693,6070,0.00019192694162484,3467,3571
LAO,Lao People's DR,1983,1.372756481,8075,0.053452864,6313,0.00020201101142447,3678,3836
LAO,Lao People's DR,1984,1.38678515,8181,0.054150589,6416,0.00020084333664272,3687,3756
LAO,Lao People's DR,1985,1.400957227,8397,0.055726796,6593,0.00020683821639977,4081,4205
LAO,Lao People's DR,1986,1.422651529,8612,0.057188671,6772,0.00021125173952896,4295,4406
LAO,Lao People's DR,1987,1.444681764,9146,0.060960945,7166,0.00022198136139195,4323,4546
LAO,Lao People's DR,1988,1.467053175,9951,0.066655189,7768,0.00024057821428869,4462,5034
LAO,Lao People's DR,1989,1.489771008,11389,0.076984443,8781,0.00027515081455931,5010,5641
LAO,Lao People's DR,1990,1.512840629,12686,0.086219303,9792,0.00030710539431311,5334,5820
LAO,Lao People's DR,1991,1.532318711,13920,0.094918407,10668,0.00033341260859743,5560,6019
LAO,Lao People's DR,1992,1.552047491,15106,0.103170834,11546,0.00035657093394548,5870,6231
LAO,Lao People's DR,1993,1.572030306,16338,0.111590922,12498,0.00037819129647687,6220,6574
LAO,Lao People's DR,1994,1.592270494,17771,0.121271558,13607,0.00039742712397128,6648,7171
LAO,Lao People's DR,1995,1.612771153,19253,0.131115809,14725,0.00041454462916590,7103,7647
LAO,Lao People's DR,1996,1.627397656,21096,0.143551573,16091,0.00043666479177773,7604,8400
LAO,Lao People's DR,1997,1.64215672,22808,0.155405357,17349,0.00045315403258428,8050,8947
LAO,Lao People's DR,1998,1.657049656,24207,0.165538996,18423,0.00046532502165064,8302,9087
LAO,Lao People's DR,1999,1.672077656,26453,0.17890206,20458,0.00048513646470383,9259,9974
LAO,Lao People's DR,2000,1.687242031,27756,0.185738593,21772,0.00047714402899146,9246,10113
LAO,Lao People's DR,2001,1.701891541,29350,0.194202393,23466,0.00048442929983139,11252,12009
LAO,Lao People's DR,2002,1.714815378,32109,0.210385337,26515,0.00053878471953794,12563,13556
LAO,Lao People's DR,2003,1.726025701,34852,0.226082891,29260,0.00058154470752925,12965,13688
LAO,Lao People's DR,2004,1.737309337,38616,0.250168115,32789,0.00064247567206621,13748,14801
LAO,Lao People's DR,2005,1.748666763,42877,0.276827723,36913,0.00071857118746266,14486,15706
LAO,Lao People's DR,2006,1.760949612,48676,0.31603688,42182,0.00082280358765274,18267,19064
LAO,Lao People's DR,2007,1.773318887,57097,0.370184392,50829,0.00097828626167029,20071,21491
LAO,Lao People's DR,2008,1.785774946,65224,0.421553552,60485,0.00115252810064703,21061,22816
LAO,Lao People's DR,2009,1.798318505,73132,0.468215317,70791,0.00135609705466777,23713,25666
LAO,Lao People's DR,2010,1.81095016,79263,0.501120865,79175,0.00151610653847456,25304,27206
LAO,Lao People's DR,2011,1.824285388,87094,0.544638216,88012,0.00164326245430857,29293,31094
LAO,Lao People's DR,2012,1.837933064,98210,0.610512495,98693,0.00176512182224542,33439,37599
LAO,Lao People's DR,2013,1.851901889,108895,0.674540401,108636,0.00185624370351434,36844,40822
LAO,Lao People's DR,2014,1.86620152,120816,0.747699916,120205,0.00196191319264472,39782,43624
LAO,Lao People's DR,2015,1.880841255,133763,0.828648627,133266,0.00209646788425744,42014,44275
LAO,Lao People's DR,2016,1.895831227,147329,0.914583564,145644,0.00220243073999882,45984,47270
LAO,Lao People's DR,2017,1.911181569,160719,1,160719,0.00234537036158144,49220,50524
LAO,Lao People's DR,2018,1.926903129,174756,1.085664988,174719,0.00245556468144059,49528,51718
LAO,Lao People's DR,2019,1.943006754,189371,1.173969984,189751,0.00257438607513905,52622,54362
LBN,Lebanon,1950,,,,,,,
LBN,Lebanon,1951,,,,,,,
LBN,Lebanon,1952,,,,,,,
LBN,Lebanon,1953,,,,,,,
LBN,Lebanon,1954,,,,,,,
LBN,Lebanon,1955,,,,,,,
LBN,Lebanon,1956,,,,,,,
LBN,Lebanon,1957,,,,,,,
LBN,Lebanon,1958,,,,,,,
LBN,Lebanon,1959,,,,,,,
LBN,Lebanon,1960,,,,,,,
LBN,Lebanon,1961,,,,,,,
LBN,Lebanon,1962,,,,,,,
LBN,Lebanon,1963,,,,,,,
LBN,Lebanon,1964,,,,,,,
LBN,Lebanon,1965,,,,,,,
LBN,Lebanon,1966,,,,,,,
LBN,Lebanon,1967,,,,,,,
LBN,Lebanon,1968,,,,,,,
LBN,Lebanon,1969,,,,,,,
LBN,Lebanon,1970,,161984,,36593,,15033,16574
LBN,Lebanon,1971,,166182,,37763,,16357,18081
LBN,Lebanon,1972,,172001,,39327,,18175,20013
LBN,Lebanon,1973,,182998,,42201,,19325,21440
LBN,Lebanon,1974,,191849,0.35880062,44532,0.00160021963529289,19846,21033
LBN,Lebanon,1975,,194972,0.365310192,45435,0.00163115002214909,13763,14511
LBN,Lebanon,1976,,190657,0.353602558,44276,0.00164734816644341,5929,6175
LBN,Lebanon,1977,,191190,0.355968446,44419,0.00150638597551733,10621,13419
LBN,Lebanon,1978,,190745,0.35512349,44231,0.00143043044954538,10835,12165
LBN,Lebanon,1979,,191069,0.355876058,44249,0.00137341360095888,12292,14302
LBN,Lebanon,1980,,190930,0.3552095,44075,0.00128956011030823,12759,15159
LBN,Lebanon,1981,,193601,0.361420095,44919,0.00129260320682079,12899,15044
LBN,Lebanon,1982,,187977,0.347135246,43564,0.00125760538503528,8267,10082
LBN,Lebanon,1983,,186553,0.344743222,43139,0.00122956978157163,10838,14526
LBN,Lebanon,1984,,192550,0.361925393,44876,0.00125122803729028,15866,17436
LBN,Lebanon,1985,,203649,0.390226036,48060,0.00134027714375407,18244,22804
LBN,Lebanon,1986,,208563,0.402602762,49422,0.00137154490221292,16271,19889
LBN,Lebanon,1987,,223575,0.439032704,53494,0.00146812747698277,19589,23396
LBN,Lebanon,1988,,229378,0.45066148,54899,0.00151370710227638,14336,15709
LBN,Lebanon,1989,,226788,0.441348732,54125,0.00155406189151108,8417,8913
LBN,Lebanon,1990,,228096,0.442840338,54549,0.00147677992936224,11376,12801
LBN,Lebanon,1991,,233829,0.452761322,55639,0.00145859154872596,15872,18710
LBN,Lebanon,1992,,238621,0.458384871,56552,0.00143804866820574,13669,14007
LBN,Lebanon,1993,,246532,0.466993004,58108,0.00141589355189353,14579,13488
LBN,Lebanon,1994,,256116,0.478830159,60030,0.00139745103660971,15679,14170
LBN,Lebanon,1995,,267190,0.494957775,62381,0.00137164874467999,16914,14615
LBN,Lebanon,1996,,278900,0.514694571,65043,0.00135791930370033,17778,14692
LBN,Lebanon,1997,,286857,0.526833951,68305,0.00137908337637782,18485,11961
LBN,Lebanon,1998,,295195,0.539392352,74807,0.00143057748209685,21166,14766
LBN,Lebanon,1999,,300006,0.543936729,84134,0.00150743057020009,23144,18274
LBN,Lebanon,2000,,303756,0.546948135,98228,0.00163004873320460,25206,20590
LBN,Lebanon,2001,,308445,0.551586866,120572,0.00185874779708683,28524,23367
LBN,Lebanon,2002,,313366,0.557980061,154832,0.00227743713185191,34314,31152
LBN,Lebanon,2003,,318987,0.566732287,205828,0.00287387007847428,39268,37957
LBN,Lebanon,2004,,326438,0.580058992,270416,0.00357825681567192,47162,48301
LBN,Lebanon,2005,,333782,0.592894137,312707,0.00400038808584213,56428,60946
LBN,Lebanon,2006,,340905,0.605386138,324080,0.00400359462946653,55909,60072
LBN,Lebanon,2007,,351456,0.626937389,339650,0.00407611345872283,60296,65708
LBN,Lebanon,2008,,366058,0.658007741,358953,0.00427965167909861,65068,72628
LBN,Lebanon,2009,,386944,0.712966681,384978,0.00474265171214938,77912,83380
LBN,Lebanon,2010,,406203,0.753791869,407147,0.00511163333430886,81569,86591
LBN,Lebanon,2011,,424239,0.788946033,426615,0.00531464768573642,78304,81873
LBN,Lebanon,2012,,443066,0.822211385,444537,0.00541671877726912,81989,83962
LBN,Lebanon,2013,,464752,0.862334251,467495,0.00554450368508697,86076,87875
LBN,Lebanon,2014,,483833,0.895790875,492634,0.00569791300222278,89201,92959
LBN,Lebanon,2015,,501156,0.926610887,505645,0.00572207011282444,95692,98643
LBN,Lebanon,2016,,521678,0.963868499,523268,0.00585063407197595,102034,106008
LBN,Lebanon,2017,,540988,1,540988,0.00597378285601735,104223,108714
LBN,Lebanon,2018,,558849,1.034160852,557781,0.00610637897625566,103204,106983
LBN,Lebanon,2019,,573691,1.060935378,572380,0.00607904419302940,100059,101815
LBR,Liberia,1950,,,,,,,
LBR,Liberia,1951,,,,,,,
LBR,Liberia,1952,,,,,,,
LBR,Liberia,1953,,,,,,,
LBR,Liberia,1954,,,,,,,
LBR,Liberia,1955,,,,,,,
LBR,Liberia,1956,,,,,,,
LBR,Liberia,1957,,,,,,,
LBR,Liberia,1958,,,,,,,
LBR,Liberia,1959,,,,,,,
LBR,Liberia,1960,,,,,,,
LBR,Liberia,1961,,,,,,,
LBR,Liberia,1962,,,,,,,
LBR,Liberia,1963,,,,,,,
LBR,Liberia,1964,1.103320241,9021,,5379,,2837,2061
LBR,Liberia,1965,1.109320521,9385,,5584,,2839,2223
LBR,Liberia,1966,1.11580646,9633,,5714,,3111,2457
LBR,Liberia,1967,1.122330308,9888,,5851,,3308,2638
LBR,Liberia,1968,1.128892183,10145,,5980,,3557,2745
LBR,Liberia,1969,1.135492563,10419,,6122,,4013,2939
LBR,Liberia,1970,1.142131448,10568,,6230,,3789,3121
LBR,Liberia,1971,1.147728682,10661,,6292,,3993,3284
LBR,Liberia,1972,1.153353333,10780,,6371,,3989,3434
LBR,Liberia,1973,1.159005642,10829,,6401,,4295,3602
LBR,Liberia,1974,1.164685607,10995,,6504,,4340,3729
LBR,Liberia,1975,1.170393348,11231,,6648,,4183,3422
LBR,Liberia,1976,1.181826591,11709,,6918,,4652,3736
LBR,Liberia,1977,1.193371534,12051,,7118,,4512,4004
LBR,Liberia,1978,1.205029249,12531,,7383,,4613,4192
LBR,Liberia,1979,1.216800928,13054,,7682,,4603,3501
LBR,Liberia,1980,1.228687525,13177,,7726,,4266,3796
LBR,Liberia,1981,1.244952679,13256,,7781,,3659,3308
LBR,Liberia,1982,1.261433125,13408,,7892,,3636,3320
LBR,Liberia,1983,1.278131843,13531,,7939,,3592,3369
LBR,Liberia,1984,1.295051455,13492,,7935,,3380,3299
LBR,Liberia,1985,1.312195182,13282,,7836,,3426,3248
LBR,Liberia,1986,1.332613707,13020,,7707,,3359,3180
LBR,Liberia,1987,1.353349924,12783,,7593,,3479,3347
LBR,Liberia,1988,1.374408841,12504,,7475,,3702,3418
LBR,Liberia,1989,1.395795465,12229,,7335,,3822,3538
LBR,Liberia,1990,1.41751492,11843,,7149,,1922,1864
LBR,Liberia,1991,1.436322689,11429,,6888,,1696,1714
LBR,Liberia,1992,1.455379963,11013,,6654,,1069,1114
LBR,Liberia,1993,1.474690199,10591,,6426,,717,725
LBR,Liberia,1994,1.494256496,10190,,6196,,560,559
LBR,Liberia,1995,1.514082551,9825,,5987,,539,547
LBR,Liberia,1996,1.528951645,9739,,5953,,523,526
LBR,Liberia,1997,1.54396677,9986,,6120,,1075,1119
LBR,Liberia,1998,1.559129357,10391,,6424,,1391,1521
LBR,Liberia,1999,1.574440837,10921,,6771,,1695,1810
LBR,Liberia,2000,1.589902639,10588,,6582,,2663,2841
LBR,Liberia,2001,1.603378773,10853,,6796,,2523,2475
LBR,Liberia,2002,1.616969109,11098,,7017,,2638,2527
LBR,Liberia,2003,1.630674601,11002,,7003,,1876,1844
LBR,Liberia,2004,1.644496322,10869,,6967,,2043,3523
LBR,Liberia,2005,1.658435106,10729,,6934,,2188,3313
LBR,Liberia,2006,1.672445178,10662,,7103,,2262,3159
LBR,Liberia,2007,1.686573505,11121,,7880,,2725,3014
LBR,Liberia,2008,1.70082128,11156,,8642,,2873,3282
LBR,Liberia,2009,1.713701606,11262,,9636,,2926,3257
LBR,Liberia,2010,1.724601984,11470,,10725,,3026,3332
LBR,Liberia,2011,1.736109018,12708,,12211,,3212,3456
LBR,Liberia,2012,1.747879863,14403,,12619,,3523,3639
LBR,Liberia,2013,1.759922147,16966,,14973,,3818,3858
LBR,Liberia,2014,1.772243261,17344,,14771,,4319,4390
LBR,Liberia,2015,1.784851074,19135,,18433,,5297,5346
LBR,Liberia,2016,1.797753811,20767,,21007,,5649,5774
LBR,Liberia,2017,1.810959816,21973,,21973,,6223,6477
LBR,Liberia,2018,1.824477911,22822,,22906,,7212,7681
LBR,Liberia,2019,1.838316917,23627,,23762,,6051,6233
LCA,Saint Lucia,1950,,,,,,,
LCA,Saint Lucia,1951,,,,,,,
LCA,Saint Lucia,1952,,,,,,,
LCA,Saint Lucia,1953,,,,,,,
LCA,Saint Lucia,1954,,,,,,,
LCA,Saint Lucia,1955,,,,,,,
LCA,Saint Lucia,1956,,,,,,,
LCA,Saint Lucia,1957,,,,,,,
LCA,Saint Lucia,1958,,,,,,,
LCA,Saint Lucia,1959,,,,,,,
LCA,Saint Lucia,1960,,,,,,,
LCA,Saint Lucia,1961,,,,,,,
LCA,Saint Lucia,1962,,,,,,,
LCA,Saint Lucia,1963,,,,,,,
LCA,Saint Lucia,1964,,,,,,,
LCA,Saint Lucia,1965,,,,,,,
LCA,Saint Lucia,1966,,,,,,,
LCA,Saint Lucia,1967,,,,,,,
LCA,Saint Lucia,1968,,,,,,,
LCA,Saint Lucia,1969,,,,,,,
LCA,Saint Lucia,1970,,289,,228,,381,478
LCA,Saint Lucia,1971,,347,,276,,401,501
LCA,Saint Lucia,1972,,403,,323,,403,510
LCA,Saint Lucia,1973,,457,,366,,412,517
LCA,Saint Lucia,1974,,508,,406,,444,507
LCA,Saint Lucia,1975,,564,,452,,430,493
LCA,Saint Lucia,1976,,638,,509,,563,636
LCA,Saint Lucia,1977,,689,,548,,632,701
LCA,Saint Lucia,1978,,782,,618,,718,846
LCA,Saint Lucia,1979,,879,,690,,748,850
LCA,Saint Lucia,1980,,980,,765,,746,802
LCA,Saint Lucia,1981,,1101,,860,,718,743
LCA,Saint Lucia,1982,,1197,,937,,752,775
LCA,Saint Lucia,1983,,1258,,986,,794,814
LCA,Saint Lucia,1984,,1330,,1045,,848,877
LCA,Saint Lucia,1985,,1433,,1128,,927,917
LCA,Saint Lucia,1986,,1553,,1173,,1037,1039
LCA,Saint Lucia,1987,,1671,,1134,,1084,1119
LCA,Saint Lucia,1988,,1848,,1098,,1176,1173
LCA,Saint Lucia,1989,,2080,,1084,,1192,1183
LCA,Saint Lucia,1990,,2268,,1047,,1266,1263
LCA,Saint Lucia,1991,,2470,,1025,,1251,1255
LCA,Saint Lucia,1992,,2675,,1016,,1342,1261
LCA,Saint Lucia,1993,,2836,,1003,,1370,1273
LCA,Saint Lucia,1994,,3118,,1059,,1317,1183
LCA,Saint Lucia,1995,,3333,,1092,,1411,1331
LCA,Saint Lucia,1996,,3620,,1189,,1508,1515
LCA,Saint Lucia,1997,,3925,,1309,,1481,1396
LCA,Saint Lucia,1998,,4226,,1435,,1569,1416
LCA,Saint Lucia,1999,,4535,,1573,,1602,1409
LCA,Saint Lucia,2000,,4826,,1730,,1514,1461
LCA,Saint Lucia,2001,,5065,,1894,,1381,1225
LCA,Saint Lucia,2002,,5253,,2076,,1474,1228
LCA,Saint Lucia,2003,,5427,,2293,,1758,1435
LCA,Saint Lucia,2004,,5647,,2595,,1889,1620
LCA,Saint Lucia,2005,,5961,,3044,,1964,1674
LCA,Saint Lucia,2006,,6447,,3701,,1764,1310
LCA,Saint Lucia,2007,,6871,,4499,,2017,1807
LCA,Saint Lucia,2008,,7412,,5568,,2173,2061
LCA,Saint Lucia,2009,,7845,,6755,,2195,2279
LCA,Saint Lucia,2010,,8220,,7934,,2276,1934
LCA,Saint Lucia,2011,,8619,,8887,,2457,2431
LCA,Saint Lucia,2012,,8981,,9431,,2459,2377
LCA,Saint Lucia,2013,,9283,,9813,,2453,1934
LCA,Saint Lucia,2014,,9485,,9984,,2483,2569
LCA,Saint Lucia,2015,,9714,,9866,,2465,2211
LCA,Saint Lucia,2016,,10013,,10139,,2559,2228
LCA,Saint Lucia,2017,,10364,,10364,,2657,2160
LCA,Saint Lucia,2018,,10714,,10682,,2720,2561
LCA,Saint Lucia,2019,,11066,,11032,,2759,2625
LKA,Sri Lanka,1950,1.483648419,20389,,21699,,23065,20832
LKA,Sri Lanka,1951,1.493015647,21609,,22809,,24795,22490
LKA,Sri Lanka,1952,1.502442002,22847,,24126,,22002,21599
LKA,Sri Lanka,1953,1.511927843,23710,,24968,,23104,22124
LKA,Sri Lanka,1954,1.521473646,24635,0.032424167,25874,0.00177538709249347,26047,23637
LKA,Sri Lanka,1955,1.53107965,26010,0.034314483,27238,0.00181720033288002,28181,25499
LKA,Sri Lanka,1956,1.542920351,27155,0.035870139,28385,0.00181022426113486,25166,23616
LKA,Sri Lanka,1957,1.554852724,28017,0.037017651,29177,0.00178112986031920,25281,24514
LKA,Sri Lanka,1958,1.566877365,29107,0.038492069,30243,0.00178485759533942,26476,25769
LKA,Sri Lanka,1959,1.578994989,30333,0.040153675,31530,0.00179659051354975,27638,26960
LKA,Sri Lanka,1960,1.591206312,31480,0.041693956,32652,0.00175591185688972,29499,28567
LKA,Sri Lanka,1961,1.601411819,32872,0.043583568,33956,0.00173462671227753,29460,28576
LKA,Sri Lanka,1962,1.611682773,34100,0.045214027,35299,0.00171822891570628,31647,30848
LKA,Sri Lanka,1963,1.622019768,35630,0.047284167,36858,0.00172109541017562,30372,29741
LKA,Sri Lanka,1964,1.632422924,36930,0.048926894,38223,0.00173359317705035,31446,31466
LKA,Sri Lanka,1965,1.642892838,37961,0.05023548,39233,0.00169627508148551,32385,31256
LKA,Sri Lanka,1966,1.714248061,39340,0.052097566,40613,0.00167631276417524,33380,33985
LKA,Sri Lanka,1967,1.771368861,40922,0.054175019,42196,0.00167074287310243,34248,34522
LKA,Sri Lanka,1968,1.830393076,42982,0.056842178,44252,0.00167984666768461,37444,37667
LKA,Sri Lanka,1969,1.891383886,45851,0.060911793,46973,0.00172634946648031,39012,40160
LKA,Sri Lanka,1970,1.954407215,49217,0.065400876,50191,0.00178168609272689,40934,41391
LKA,Sri Lanka,1971,1.971775055,52184,0.069193535,53066,0.00180489523336291,41038,41150
LKA,Sri Lanka,1972,1.989297152,55486,0.073501728,56377,0.00181837892159820,42026,42320
LKA,Sri Lanka,1973,2.006974936,58636,0.077630989,60593,0.00182139547541738,44774,44631
LKA,Sri Lanka,1974,2.024810076,61927,0.082187317,64853,0.00187663303222507,45790,47186
LKA,Sri Lanka,1975,2.042803526,65308,0.08697281,67926,0.00195796811021864,44175,45929
LKA,Sri Lanka,1976,2.0580616,69553,0.092805155,68086,0.00195579463616014,42618,42618
LKA,Sri Lanka,1977,2.073433876,73401,0.098140351,66323,0.00186352094169706,42240,41403
LKA,Sri Lanka,1978,2.088920832,79340,0.106189862,63311,0.00177646672818810,41517,41535
LKA,Sri Lanka,1979,2.10452342,86442,0.115810484,63797,0.00169728673063219,35156,37984
LKA,Sri Lanka,1980,2.120242596,94817,0.12803714,69784,0.00169743248261511,33312,38075
LKA,Sri Lanka,1981,2.154426336,102925,0.139476299,78991,0.00193533312994987,37428,41054
LKA,Sri Lanka,1982,2.189161062,110782,0.150049239,91845,0.00224468507803977,37539,40978
LKA,Sri Lanka,1983,2.224455833,117967,0.159655645,110600,0.00270353141240776,38834,41830
LKA,Sri Lanka,1984,2.26031971,123514,0.166671261,131611,0.00318106985650957,41303,42801
LKA,Sri Lanka,1985,2.296761751,128693,0.17361173,149434,0.00354446005076170,44536,46351
LKA,Sri Lanka,1986,2.337059498,133259,0.179823592,144923,0.00340236467309296,47427,50137
LKA,Sri Lanka,1987,2.378064394,138443,0.186845735,129200,0.00296668685041368,49390,52555
LKA,Sri Lanka,1988,2.419788837,142235,0.191904858,113511,0.00257674581371248,50791,53875
LKA,Sri Lanka,1989,2.462244987,145550,0.196150914,100968,0.00226547592319548,53317,56065
LKA,Sri Lanka,1990,2.505446434,149444,0.201416299,94643,0.00207370100542903,55290,58189
LKA,Sri Lanka,1991,2.54971242,154334,0.208295777,91671,0.00202005589380860,55877,59896
LKA,Sri Lanka,1992,2.583345413,159627,0.215196505,89219,0.00202857772819698,60904,64036
LKA,Sri Lanka,1993,2.613986969,167047,0.224939421,90409,0.00198860256932676,66492,69512
LKA,Sri Lanka,1994,2.644991636,175281,0.235707477,94512,0.00202572136186063,70672,75102
LKA,Sri Lanka,1995,2.676364422,183160,0.246842369,104097,0.00215558754280210,74834,76670
LKA,Sri Lanka,1996,2.712902308,191528,0.258075804,109846,0.00232089962810278,79821,80176
LKA,Sri Lanka,1997,2.749938965,201057,0.270543486,114496,0.00231537222862244,83822,83973
LKA,Sri Lanka,1998,2.787481546,213031,0.286523879,118708,0.00227731396444142,90140,90469
LKA,Sri Lanka,1999,2.825536489,224468,0.301844358,123067,0.00230955076403916,88232,90717
LKA,Sri Lanka,2000,2.864110947,237157,0.318512559,127794,0.00225437316112220,89492,92008
LKA,Sri Lanka,2001,2.87118268,244902,0.327276975,131539,0.00216857134364545,90293,92325
LKA,Sri Lanka,2002,2.878272295,254185,0.338418812,139865,0.00222809123806655,95394,98864
LKA,Sri Lanka,2003,2.885379314,267118,0.355159581,147935,0.00231020851060748,102793,107089
LKA,Sri Lanka,2004,2.892503977,285196,0.378089249,164564,0.00239357980899513,105226,110975
LKA,Sri Lanka,2005,2.899645805,305854,0.405875832,183565,0.00258034910075366,110939,114920
LKA,Sri Lanka,2006,2.89663291,330055,0.440411061,211067,0.00285721081309021,122096,127489
LKA,Sri Lanka,2007,2.893623114,356050,0.478652716,248679,0.00323014939203858,133405,139736
LKA,Sri Lanka,2008,2.890616417,382263,0.513800025,299047,0.00376433576457202,144519,150910
LKA,Sri Lanka,2009,2.887612581,407675,0.545198441,357907,0.00437773903831840,165949,168472
LKA,Sri Lanka,2010,2.884612083,437662,0.589947879,424524,0.00518530560657382,182533,186865
LKA,Sri Lanka,2011,2.881628752,477190,0.646857738,481252,0.00580917904153466,198777,210535
LKA,Sri Lanka,2012,2.878653049,521327,0.709415615,519912,0.00611751573160291,221161,232954
LKA,Sri Lanka,2013,2.875684977,566064,0.77158314,566178,0.00649824272841215,227673,239260
LKA,Sri Lanka,2014,2.872724771,605679,0.826802969,614659,0.00687707588076591,233309,242914
LKA,Sri Lanka,2015,2.869772196,644453,0.880889773,631834,0.00695007573813200,241492,251106
LKA,Sri Lanka,2016,2.866827011,686818,0.939101994,694335,0.00761952577158809,253132,263508
LKA,Sri Lanka,2017,2.863889694,731722,1,731722,0.00792934466153383,259297,269025
LKA,Sri Lanka,2018,2.860959768,772793,1.055697203,771979,0.00822011008858681,264471,275559
LKA,Sri Lanka,2019,2.858037472,815200,1.112217069,816173,0.00843823049217463,270329,283475
LSO,Lesotho,1950,,,,,,,
LSO,Lesotho,1951,,,,,,,
LSO,Lesotho,1952,,,,,,,
LSO,Lesotho,1953,,,,,,,
LSO,Lesotho,1954,,,,,,,
LSO,Lesotho,1955,,,,,,,
LSO,Lesotho,1956,,,,,,,
LSO,Lesotho,1957,,,,,,,
LSO,Lesotho,1958,,,,,,,
LSO,Lesotho,1959,,,,,,,
LSO,Lesotho,1960,1.427442312,1466,,1127,,671,717
LSO,Lesotho,1961,1.432315946,1429,,1095,,681,744
LSO,Lesotho,1962,1.437206149,1413,,1082,,785,885
LSO,Lesotho,1963,1.442113161,1411,,1084,,867,987
LSO,Lesotho,1964,1.447036862,1420,,1094,,932,1060
LSO,Lesotho,1965,1.451977372,1440,,1116,,943,1088
LSO,Lesotho,1966,1.467379093,1447,,1123,,973,1162
LSO,Lesotho,1967,1.482944131,1473,,1147,,1080,1267
LSO,Lesotho,1968,1.498674273,1492,,1166,,1088,1278
LSO,Lesotho,1969,1.514571309,1509,,1181,,1100,1279
LSO,Lesotho,1970,1.530637026,1527,,1201,,1107,1335
LSO,Lesotho,1971,1.540267229,1564,,1238,,985,1248
LSO,Lesotho,1972,1.549957991,1614,,1283,,1181,1535
LSO,Lesotho,1973,1.559709787,1713,,1367,,1447,1866
LSO,Lesotho,1974,1.569522858,1794,,1440,,1443,1907
LSO,Lesotho,1975,1.579397678,1920,,1554,,1417,1896
LSO,Lesotho,1976,1.591419101,2144,,1754,,1419,2238
LSO,Lesotho,1977,1.603531957,2494,,2048,,1715,2487
LSO,Lesotho,1978,1.615736961,2755,,2265,,2121,2781
LSO,Lesotho,1979,1.628034949,3167,,2604,,1765,2539
LSO,Lesotho,1980,1.640426517,3541,0.212376565,2900,0.00021419243421406,1711,2229
LSO,Lesotho,1981,1.659273386,3880,0.239773571,3205,0.00022741459542885,1747,2324
LSO,Lesotho,1982,1.678336859,4324,0.273707658,3623,0.00022671507031191,1741,2501
LSO,Lesotho,1983,1.697619438,4418,0.272452623,3718,0.00020605765166692,1644,2473
LSO,Lesotho,1984,1.715157986,4610,0.284192622,3903,0.00020210912043694,1658,2553
LSO,Lesotho,1985,1.729989767,4962,0.311368674,4223,0.00021426292369142,1743,2675
LSO,Lesotho,1986,1.748978257,5140,0.322368592,4377,0.00018956452549901,1711,2773
LSO,Lesotho,1987,1.768175125,5340,0.333110422,4537,0.00018911597726401,1827,3004
LSO,Lesotho,1988,1.787582874,5704,0.357706785,4849,0.00020628052880056,2036,3445
LSO,Lesotho,1989,1.807203531,6128,0.383653373,5201,0.00021458986157086,2169,3780
LSO,Lesotho,1990,1.82703948,6656,0.41542384,5641,0.00021623160864692,2250,3963
LSO,Lesotho,1991,1.844412208,7444,0.458783448,6258,0.00021941338491160,2235,4209
LSO,Lesotho,1992,1.861950278,8355,0.508217752,6979,0.00024296929768752,2403,4027
LSO,Lesotho,1993,1.879655004,9018,0.524965107,7458,0.00024161215696950,2613,4480
LSO,Lesotho,1994,1.897528052,9740,0.542451859,7980,0.00024417060194537,2703,4496
LSO,Lesotho,1995,1.915571094,10556,0.577494085,8592,0.00023856972984504,2775,4758
LSO,Lesotho,1996,1.936779857,11417,0.61352706,9231,0.00025264467694797,3035,5248
LSO,Lesotho,1997,1.958223224,12299,0.662724972,9896,0.00026502503897063,3253,5390
LSO,Lesotho,1998,1.979904175,13022,0.694940448,10434,0.00026588389300741,3029,4757
LSO,Lesotho,1999,2.001825094,13586,0.707951069,10806,0.00027896621031687,3198,4829
LSO,Lesotho,2000,2.023988724,14111,0.709794044,11132,0.00028340137214400,3377,4803
LSO,Lesotho,2001,2.072481871,14567,0.703604758,11423,0.00025460001779720,3677,5111
LSO,Lesotho,2002,2.122136593,14868,0.699478984,11648,0.00023464964760933,3716,5192
LSO,Lesotho,2003,2.172981262,15166,0.697233796,11907,0.00022990631987341,3771,5299
LSO,Lesotho,2004,2.225044012,15389,0.671259999,12096,0.00021240607020445,3942,5311
LSO,Lesotho,2005,2.278354168,15507,0.646419525,12224,0.00019514617451932,4236,5413
LSO,Lesotho,2006,2.223026991,15738,0.63393259,12771,0.00018582501797937,4310,5588
LSO,Lesotho,2007,2.169043303,16063,0.664605856,14156,0.00020126583694946,4432,5443
LSO,Lesotho,2008,2.11637044,16569,0.711083651,16434,0.00023334150318988,4867,5944
LSO,Lesotho,2009,2.064976931,17044,0.755685329,19348,0.00028339595883153,4611,5922
LSO,Lesotho,2010,2.014831305,17631,0.77977562,22549,0.00032370761618950,4889,5296
LSO,Lesotho,2011,1.971331716,18297,0.790848315,24595,0.00033331805025227,5279,5309
LSO,Lesotho,2012,1.930388093,19466,0.829311907,24989,0.00032979558454827,5225,5680
LSO,Lesotho,2013,1.891818523,20427,0.856567204,23961,0.00031285532168113,5439,5998
LSO,Lesotho,2014,1.85545671,21462,0.890250921,24406,0.00031133167794906,5793,6358
LSO,Lesotho,2015,1.821150184,22556,0.928530514,26175,0.00032432496664114,6231,6880
LSO,Lesotho,2016,1.788759112,23505,0.963812053,26140,0.00031886476790533,6050,6714
LSO,Lesotho,2017,1.758154988,24476,1,24476,0.00029612155049108,5680,6345
LSO,Lesotho,2018,1.729219675,25458,1.041677594,25430,0.00030523937311955,5520,5692
LSO,Lesotho,2019,1.699462175,26776,1.103985548,26805,0.00031339435372502,5513,5821
LTU,Lithuania,1950,,,,,,,
LTU,Lithuania,1951,,,,,,,
LTU,Lithuania,1952,,,,,,,
LTU,Lithuania,1953,,,,,,,
LTU,Lithuania,1954,,,,,,,
LTU,Lithuania,1955,,,,,,,
LTU,Lithuania,1956,,,,,,,
LTU,Lithuania,1957,,,,,,,
LTU,Lithuania,1958,,,,,,,
LTU,Lithuania,1959,,,,,,,
LTU,Lithuania,1960,,,,,,,
LTU,Lithuania,1961,,,,,,,
LTU,Lithuania,1962,,,,,,,
LTU,Lithuania,1963,,,,,,,
LTU,Lithuania,1964,,,,,,,
LTU,Lithuania,1965,,,,,,,
LTU,Lithuania,1966,,,,,,,
LTU,Lithuania,1967,,,,,,,
LTU,Lithuania,1968,,,,,,,
LTU,Lithuania,1969,,,,,,,
LTU,Lithuania,1970,,,,,,,
LTU,Lithuania,1971,,,,,,,
LTU,Lithuania,1972,,,,,,,
LTU,Lithuania,1973,,,,,,,
LTU,Lithuania,1974,,,,,,,
LTU,Lithuania,1975,,,,,,,
LTU,Lithuania,1976,,,,,,,
LTU,Lithuania,1977,,,,,,,
LTU,Lithuania,1978,,,,,,,
LTU,Lithuania,1979,,,,,,,
LTU,Lithuania,1980,,,,,,,
LTU,Lithuania,1981,,,,,,,
LTU,Lithuania,1982,,,,,,,
LTU,Lithuania,1983,,,,,,,
LTU,Lithuania,1984,,,,,,,
LTU,Lithuania,1985,,,,,,,
LTU,Lithuania,1986,,,,,,,
LTU,Lithuania,1987,,,,,,,
LTU,Lithuania,1988,,,,,,,
LTU,Lithuania,1989,,,,,,,
LTU,Lithuania,1990,2.603236675,195383,,108975,,50267,50956
LTU,Lithuania,1991,2.631000757,200394,,111294,,43885,41807
LTU,Lithuania,1992,2.659060717,202675,,112586,,36931,36546
LTU,Lithuania,1993,2.68742013,203271,,113209,,31088,33259
LTU,Lithuania,1994,2.716081858,203174,0.4879812,113380,0.00209522549994290,29807,30657
LTU,Lithuania,1995,2.745049477,202950,0.484779567,113302,0.00199113273993134,30899,32412
LTU,Lithuania,1996,2.77628231,204296,0.491304874,116177,0.00194721308071166,32531,33242
LTU,Lithuania,1997,2.807870388,207546,0.508088529,120024,0.00196562986820936,34893,35231
LTU,Lithuania,1998,2.839818001,212429,0.532045424,128853,0.00204036058858037,36810,37029
LTU,Lithuania,1999,2.872129202,216063,0.551464975,134930,0.00206421525217593,37556,38509
LTU,Lithuania,2000,2.904807806,218547,0.567368448,133825,0.00198085047304630,40064,41298
LTU,Lithuania,2001,2.937940121,222041,0.586937726,142433,0.00205099792219698,42983,43890
LTU,Lithuania,2002,2.971450329,226273,0.607421935,137693,0.00193114264402539,45785,45124
LTU,Lithuania,2003,3.005342722,231855,0.630268335,147443,0.00205197208561003,50749,50024
LTU,Lithuania,2004,3.03962183,238861,0.66121769,149938,0.00206046458333731,52979,50661
LTU,Lithuania,2005,3.074291706,246794,0.694986999,150575,0.00212562829256058,58386,55738
LTU,Lithuania,2006,3.089218378,257011,0.736369491,174808,0.00242165033705533,62704,59938
LTU,Lithuania,2007,3.104217052,270343,0.790854931,198436,0.00267234188504517,70360,65203
LTU,Lithuania,2008,3.119288683,281508,0.830392838,222748,0.00288546108640730,74603,67238
LTU,Lithuania,2009,3.134433508,283761,0.833412349,226080,0.00294089806266129,64570,59993
LTU,Lithuania,2010,3.149652004,286134,0.841166854,271581,0.00349212391301990,69929,63827
LTU,Lithuania,2011,3.165248156,291077,0.85886091,276969,0.00353781483136117,77664,70436
LTU,Lithuania,2012,3.181024551,295417,0.874178112,294510,0.00366239622235298,81786,74366
LTU,Lithuania,2013,3.196984529,300807,0.892727435,307539,0.00371017050929368,83728,75088
LTU,Lithuania,2014,3.213129997,306865,0.913328528,310636,0.00366333778947592,85449,76719
LTU,Lithuania,2015,3.229464293,313551,0.938024044,316607,0.00367603451013565,87012,79159
LTU,Lithuania,2016,3.245989323,320399,0.966124237,333097,0.00383621011860669,89698,81780
LTU,Lithuania,2017,3.262708902,328390,1,328390,0.00379007752053440,95655,84887
LTU,Lithuania,2018,3.279624939,337796,1.038403273,337468,0.00390244903974235,98085,86851
LTU,Lithuania,2019,3.296741009,347895,1.078705668,347905,0.00394818466156721,103352,90408
LUX,Luxembourg,1950,1.432646751,14873,,11537,,3953,4043
LUX,Luxembourg,1951,1.462311864,15693,,12161,,4955,4197
LUX,Luxembourg,1952,1.492591381,16882,,13071,,5647,4690
LUX,Luxembourg,1953,1.523497701,18490,,14302,,4904,4334
LUX,Luxembourg,1954,1.555044055,19817,0.053861931,15371,0.00140408822335303,4919,4207
LUX,Luxembourg,1955,1.587243676,21004,0.057186786,16310,0.00145986548159271,5234,4515
LUX,Luxembourg,1956,1.617510557,22197,0.060229957,17280,0.00148469384294003,5841,5010
LUX,Luxembourg,1957,1.64835453,23709,0.064450555,18476,0.00152990838978440,5985,5169
LUX,Luxembourg,1958,1.679786801,25130,0.068396181,19604,0.00160202104598284,5822,5152
LUX,Luxembourg,1959,1.711162448,26353,0.071657494,20533,0.00160527706611902,5846,5194
LUX,Luxembourg,1960,1.735699296,27677,0.074891187,21475,0.00158294476568699,6800,5077
LUX,Luxembourg,1961,1.765994072,29348,0.079849333,22599,0.00164451019372791,6719,5145
LUX,Luxembourg,1962,1.796817541,31228,0.086925611,23875,0.00171048403717577,6503,5441
LUX,Luxembourg,1963,1.828179002,33012,0.094080374,25082,0.00171222246717662,6643,5533
LUX,Luxembourg,1964,1.860087872,35033,0.102430642,26536,0.00172346981707960,7178,6007
LUX,Luxembourg,1965,1.892553687,36789,0.109130546,27754,0.00171397929079831,7325,6157
LUX,Luxembourg,1966,1.924937963,38298,0.115314119,28632,0.00163319427520037,7365,6348
LUX,Luxembourg,1967,1.957876205,39168,0.117539436,29080,0.00149659113958478,7505,6693
LUX,Luxembourg,1968,1.991378307,40001,0.119831309,29504,0.00141010584775358,7972,7107
LUX,Luxembourg,1969,2.025453568,41236,0.12378218,30292,0.00136599328834563,9079,8145
LUX,Luxembourg,1970,2.060111761,43004,0.130450323,31686,0.00138421286828816,9729,8175
LUX,Luxembourg,1971,2.146537304,45157,0.13979581,33193,0.00144021376036108,9328,7903
LUX,Luxembourg,1972,2.236588478,47452,0.149536103,34827,0.00143571570515633,9948,8529
LUX,Luxembourg,1973,2.330417633,50112,0.158506125,36678,0.00142893847078085,11292,9318
LUX,Luxembourg,1974,2.428183079,52410,0.166223884,38216,0.00140496902167797,12585,9125
LUX,Luxembourg,1975,2.530049801,54382,0.171953067,39547,0.00139745231717825,10507,7897
LUX,Luxembourg,1976,2.547513008,56175,0.177029788,40778,0.00137440487742424,11115,8494
LUX,Luxembourg,1977,2.563424349,57963,0.184502274,42383,0.00140434340573847,10828,8538
LUX,Luxembourg,1978,2.575323582,59799,0.193078294,43883,0.00140252395067364,11582,8998
LUX,Luxembourg,1979,2.587277889,61731,0.201318666,45448,0.00139598594978452,12046,9137
LUX,Luxembourg,1980,2.599287987,64168,0.213088378,46850,0.00138526200316846,12583,8743
LUX,Luxembourg,1981,2.611864567,66146,0.221244738,47232,0.00135116139426827,12177,8305
LUX,Luxembourg,1982,2.624502182,68037,0.229207128,46944,0.00132364302407950,12233,8533
LUX,Luxembourg,1983,2.637200832,69358,0.23503086,45916,0.00128818431403488,12070,8690
LUX,Luxembourg,1984,2.649961233,70669,0.241237491,45368,0.00122553377877921,12246,8631
LUX,Luxembourg,1985,2.662783146,71583,0.244305491,45301,0.00118417607154697,12413,9022
LUX,Luxembourg,1986,2.675016642,73761,0.257754862,47168,0.00123286200687289,13675,10539
LUX,Luxembourg,1987,2.687306643,76543,0.274401188,50370,0.00129823316819966,14152,10915
LUX,Luxembourg,1988,2.69965291,79643,0.292384893,54789,0.00139157881494612,15697,12079
LUX,Luxembourg,1989,2.712055922,82861,0.310881436,60023,0.00151566229760647,17358,13701
LUX,Luxembourg,1990,2.724516153,86019,0.32696858,65532,0.00162734591867775,18058,14363
LUX,Luxembourg,1991,2.739622355,89943,0.348698616,72858,0.00179142400156707,19670,16431
LUX,Luxembourg,1992,2.754812002,92513,0.35902077,78818,0.00187359587289393,19768,16408
LUX,Luxembourg,1993,2.770086288,96281,0.378093451,86583,0.00200015050359070,21439,17402
LUX,Luxembourg,1994,2.785444975,99837,0.394097865,93212,0.00206879293546081,22471,18507
LUX,Luxembourg,1995,2.800888777,102757,0.407296777,97285,0.00207847030833364,22716,18622
LUX,Luxembourg,1996,2.814568996,105460,0.419412345,97912,0.00199004332534969,23488,18870
LUX,Luxembourg,1997,2.828315735,108773,0.43738395,96221,0.00190999149344862,25069,20986
LUX,Luxembourg,1998,2.842129707,113034,0.461185247,94364,0.00181487249210477,26514,23498
LUX,Luxembourg,1999,2.856010914,118571,0.492164433,95338,0.00176859600469470,30193,26350
LUX,Luxembourg,2000,2.869960308,124450,0.521904111,90165,0.00159040745347738,32383,29054
LUX,Luxembourg,2001,2.894075155,128611,0.543053985,101726,0.00174276158213615,31855,27237
LUX,Luxembourg,2002,2.91839242,132188,0.55724436,103825,0.00169458240270615,32468,26750
LUX,Luxembourg,2003,2.942914248,137420,0.578787208,95427,0.00153548433445394,33073,25847
LUX,Luxembourg,2004,2.967642069,142295,0.600932121,104592,0.00165226194076240,34858,24249
LUX,Luxembourg,2005,2.992577553,149470,0.635069847,98481,0.00152616144623607,38261,28036
LUX,Luxembourg,2006,3.030376673,154569,0.655385256,117051,0.00171407137531787,42368,29556
LUX,Luxembourg,2007,3.068653345,160533,0.683840215,126155,0.00178760627750307,45623,32315
LUX,Luxembourg,2008,3.107413292,167738,0.718143821,140836,0.00194175704382360,47736,30620
LUX,Luxembourg,2009,3.146662951,171916,0.733295918,155804,0.00215532910078764,44592,30246
LUX,Luxembourg,2010,3.186408281,177194,0.758087635,159612,0.00222180504351854,47995,33587
LUX,Luxembourg,2011,3.228784561,184392,0.792669356,179808,0.00247103162109852,53888,32879
LUX,Luxembourg,2012,3.272473097,191578,0.831803679,194023,0.00262815388850868,53901,34385
LUX,Luxembourg,2013,3.31752491,198511,0.867794991,185561,0.00245984108187258,53885,34223
LUX,Luxembourg,2014,3.363993406,206316,0.908670843,203062,0.00261550233699381,57730,40867
LUX,Luxembourg,2015,3.411934376,212801,0.938925385,217820,0.00275896885432303,60414,46309
LUX,Luxembourg,2016,3.461406946,219509,0.968439698,226965,0.00284106866456568,62984,50336
LUX,Luxembourg,2017,3.512472391,226337,1,226337,0.00280783418565989,65523,53626
LUX,Luxembourg,2018,3.565195084,232298,1.023841977,230962,0.00282146083191037,67375,53694
LUX,Luxembourg,2019,3.619642973,238793,1.050926208,236893,0.00281645380891860,69309,56200
LVA,Latvia,1950,,,,,,,
LVA,Latvia,1951,,,,,,,
LVA,Latvia,1952,,,,,,,
LVA,Latvia,1953,,,,,,,
LVA,Latvia,1954,,,,,,,
LVA,Latvia,1955,,,,,,,
LVA,Latvia,1956,,,,,,,
LVA,Latvia,1957,,,,,,,
LVA,Latvia,1958,,,,,,,
LVA,Latvia,1959,,,,,,,
LVA,Latvia,1960,,,,,,,
LVA,Latvia,1961,,,,,,,
LVA,Latvia,1962,,,,,,,
LVA,Latvia,1963,,,,,,,
LVA,Latvia,1964,,,,,,,
LVA,Latvia,1965,,,,,,,
LVA,Latvia,1966,,,,,,,
LVA,Latvia,1967,,,,,,,
LVA,Latvia,1968,,,,,,,
LVA,Latvia,1969,,,,,,,
LVA,Latvia,1970,,,,,,,
LVA,Latvia,1971,,,,,,,
LVA,Latvia,1972,,,,,,,
LVA,Latvia,1973,,,,,,,
LVA,Latvia,1974,,,,,,,
LVA,Latvia,1975,,,,,,,
LVA,Latvia,1976,,,,,,,
LVA,Latvia,1977,,,,,,,
LVA,Latvia,1978,,,,,,,
LVA,Latvia,1979,,,,,,,
LVA,Latvia,1980,,,,,,,
LVA,Latvia,1981,,,,,,,
LVA,Latvia,1982,,,,,,,
LVA,Latvia,1983,,,,,,,
LVA,Latvia,1984,,,,,,,
LVA,Latvia,1985,,,,,,,
LVA,Latvia,1986,,,,,,,
LVA,Latvia,1987,,,,,,,
LVA,Latvia,1988,,,,,,,
LVA,Latvia,1989,,,,,,,
LVA,Latvia,1990,2.448811531,353546,,132068,,42584,41377
LVA,Latvia,1991,2.515697002,348801,,129034,,38732,36599
LVA,Latvia,1992,2.576402187,342130,,127899,,27645,26813
LVA,Latvia,1993,2.623571396,335224,,126088,,25616,23197
LVA,Latvia,1994,2.671604156,329089,0.552191436,124158,0.00223103631287813,22307,23017
LVA,Latvia,1995,2.720516205,323995,0.537379205,122122,0.00213286769576371,21174,22215
LVA,Latvia,1996,2.742058992,321487,0.532333195,121191,0.00205406616441905,20695,22080
LVA,Latvia,1997,2.763772011,319535,0.532036543,121038,0.00199592346325517,21521,22789
LVA,Latvia,1998,2.785657406,321388,0.546179652,123980,0.00202063773758709,22898,24228
LVA,Latvia,1999,2.807715654,323121,0.557013273,125529,0.00201186141930521,24105,25212
LVA,Latvia,2000,2.829948902,327092,0.574633002,116468,0.00176633475348353,25304,26622
LVA,Latvia,2001,2.856259346,333433,0.602301657,118889,0.00171620980836451,27084,28525
LVA,Latvia,2002,2.882814407,337758,0.624461889,138348,0.00169536273460835,28994,29792
LVA,Latvia,2003,2.909616709,342247,0.653576612,154798,0.00180560094304383,30274,30723
LVA,Latvia,2004,2.936667681,349940,0.697278798,152051,0.00180511910002679,32224,32061
LVA,Latvia,2005,2.963970423,360045,0.755602241,165465,0.00169593887403607,36378,35613
LVA,Latvia,2006,2.976945639,370474,0.816522121,220310,0.00233323196880519,39563,38284
LVA,Latvia,2007,2.989977837,382997,0.894952536,229914,0.00255090557038784,45377,41952
LVA,Latvia,2008,3.003067017,391927,0.943867266,281797,0.00317942723631859,47850,43521
LVA,Latvia,2009,3.016213417,393848,0.93721211,255862,0.00328961061313748,40885,38696
LVA,Latvia,2010,3.029417515,392901,0.926697195,272943,0.00343304127454758,41751,39629
LVA,Latvia,2011,3.042929411,394969,0.932448566,328255,0.00394645752385259,46189,43238
LVA,Latvia,2012,3.056586266,398937,0.945012271,345880,0.00401284219697118,47643,44669
LVA,Latvia,2013,3.070390701,401603,0.957250655,359384,0.00365379406139255,48036,44681
LVA,Latvia,2014,3.08434391,404124,0.968896806,391401,0.00379859842360020,48937,45924
LVA,Latvia,2015,3.098448753,406331,0.978872478,374383,0.00392416398972273,51195,48835
LVA,Latvia,2016,3.112706423,407192,0.986499786,405570,0.00404889322817326,52820,50256
LVA,Latvia,2017,3.127119541,409372,1,409372,0.00402066949754953,55545,52996
LVA,Latvia,2018,3.141690254,413264,1.02059257,413725,0.00408490002155304,58365,55142
LVA,Latvia,2019,3.156420231,417040,1.041968226,420451,0.00387007766403258,59796,56483
MAC,"China, Macao SAR",1950,,,,,,,
MAC,"China, Macao SAR",1951,,,,,,,
MAC,"China, Macao SAR",1952,,,,,,,
MAC,"China, Macao SAR",1953,,,,,,,
MAC,"China, Macao SAR",1954,,,,,,,
MAC,"China, Macao SAR",1955,,,,,,,
MAC,"China, Macao SAR",1956,,,,,,,
MAC,"China, Macao SAR",1957,,,,,,,
MAC,"China, Macao SAR",1958,,,,,,,
MAC,"China, Macao SAR",1959,,,,,,,
MAC,"China, Macao SAR",1960,,,,,,,
MAC,"China, Macao SAR",1961,,,,,,,
MAC,"China, Macao SAR",1962,,,,,,,
MAC,"China, Macao SAR",1963,,,,,,,
MAC,"China, Macao SAR",1964,,,,,,,
MAC,"China, Macao SAR",1965,,,,,,,
MAC,"China, Macao SAR",1966,,,,,,,
MAC,"China, Macao SAR",1967,,,,,,,
MAC,"China, Macao SAR",1968,,,,,,,
MAC,"China, Macao SAR",1969,,,,,,,
MAC,"China, Macao SAR",1970,1.624300718,5056,,3076,,1825,1702
MAC,"China, Macao SAR",1971,1.649398208,5579,,3390,,1969,1835
MAC,"China, Macao SAR",1972,1.674883366,6135,,3724,,2121,1985
MAC,"China, Macao SAR",1973,1.700762272,6729,,4074,,2282,2450
MAC,"China, Macao SAR",1974,1.722619414,7365,,4455,,2492,2492
MAC,"China, Macao SAR",1975,1.742643237,8046,,4861,,2709,2701
MAC,"China, Macao SAR",1976,1.759435177,8779,,5285,,2904,2813
MAC,"China, Macao SAR",1977,1.776389003,9573,,5755,,3130,3052
MAC,"China, Macao SAR",1978,1.793506145,10431,,6256,,3377,3321
MAC,"China, Macao SAR",1979,1.810788155,11355,,6810,,3624,3505
MAC,"China, Macao SAR",1980,1.828236818,12333,0.063033223,7383,0.00019873387645930,3958,3659
MAC,"China, Macao SAR",1981,1.842640877,13344,0.068551853,8007,0.00021230016136542,4307,3923
MAC,"China, Macao SAR",1982,1.857158542,14440,0.074605756,8674,0.00022991886362433,4528,4059
MAC,"China, Macao SAR",1983,1.871790528,15576,0.080908537,9317,0.00024785799905658,5046,4656
MAC,"China, Macao SAR",1984,1.88653779,16688,0.086865269,9978,0.00025634063058533,5516,5016
MAC,"China, Macao SAR",1985,1.901401281,17869,0.09308923,10705,0.00026799432816915,5679,5077
MAC,"China, Macao SAR",1986,1.917019844,19455,0.101947896,11639,0.00028928520623595,6199,5610
MAC,"China, Macao SAR",1987,1.932766676,21003,0.110353641,12567,0.00030306220287457,7306,6621
MAC,"China, Macao SAR",1988,1.94864285,22886,0.120320521,13730,0.00032135390210897,8058,7361
MAC,"China, Macao SAR",1989,1.964649439,24829,0.130727634,14936,0.00034699603565969,8471,7881
MAC,"China, Macao SAR",1990,1.980787635,27030,0.142760277,16286,0.00037435899139382,9427,9046
MAC,"China, Macao SAR",1991,1.998164177,30043,0.159519255,18020,0.00041301484452561,10081,10270
MAC,"China, Macao SAR",1992,2.015693188,34540,0.183158517,20724,0.00046243550605141,12042,11645
MAC,"China, Macao SAR",1993,2.033375978,39098,0.206686303,23497,0.00051074649672955,12832,12503
MAC,"China, Macao SAR",1994,2.05121398,43502,0.229508877,26141,0.00054806208936498,13095,13223
MAC,"China, Macao SAR",1995,2.069208384,47220,0.248243526,28385,0.00056825630599633,13778,13926
MAC,"China, Macao SAR",1996,2.095574617,49461,0.259091437,29769,0.00056814588606358,13709,13600
MAC,"China, Macao SAR",1997,2.122276545,51727,0.270302415,31228,0.00056628714082763,13567,13602
MAC,"China, Macao SAR",1998,2.149318933,53338,0.277859002,32352,0.00055937108118087,12762,13173
MAC,"China, Macao SAR",1999,2.176705837,54981,0.286279023,33487,0.00055461394367740,12808,13045
MAC,"China, Macao SAR",2000,2.204441547,55279,0.287341058,33700,0.00052267056889832,13340,13882
MAC,"China, Macao SAR",2001,2.231682301,55472,0.288656771,33966,0.00050542567623779,13773,14289
MAC,"China, Macao SAR",2002,2.259259462,55899,0.291401476,34483,0.00050777575233951,15167,15856
MAC,"China, Macao SAR",2003,2.287177563,57857,0.302572668,35979,0.00052270368905738,17309,18512
MAC,"China, Macao SAR",2004,2.315440655,61506,0.323616922,38627,0.00054989597992972,21927,23325
MAC,"China, Macao SAR",2005,2.34405303,69108,0.363800198,43882,0.00060977664543316,23947,24486
MAC,"China, Macao SAR",2006,2.389871836,80932,0.423834532,53409,0.00071094778832048,28087,28717
MAC,"China, Macao SAR",2007,2.43658638,96081,0.500271678,69067,0.00087681150762364,33468,34316
MAC,"China, Macao SAR",2008,2.484214306,107998,0.559154391,87574,0.00107110361568630,36522,38169
MAC,"China, Macao SAR",2009,2.532772779,114407,0.590443313,106149,0.00128419080283493,39433,42485
MAC,"China, Macao SAR",2010,2.574973345,118919,0.612446904,124072,0.00150253740139306,51458,56394
MAC,"China, Macao SAR",2011,2.611405134,124949,0.643345118,137174,0.00164058571681380,66323,76565
MAC,"China, Macao SAR",2012,2.649302959,133012,0.685017169,144995,0.00170092226471752,73372,81123
MAC,"China, Macao SAR",2013,2.688740492,142046,0.731763065,153529,0.00175760779529810,81363,82522
MAC,"China, Macao SAR",2014,2.729795456,156086,0.805527031,166497,0.00187823292799294,80741,85402
MAC,"China, Macao SAR",2015,2.772550821,170689,0.882210732,177825,0.00197875034064054,62547,59404
MAC,"China, Macao SAR",2016,2.817094326,182433,0.943098962,186333,0.00204498250968754,60957,55724
MAC,"China, Macao SAR",2017,2.863519192,193452,1,193452,0.00208595022559166,66176,58560
MAC,"China, Macao SAR",2018,2.911925077,202325,1.047178268,201658,0.00214043539017439,69991,62850
MAC,"China, Macao SAR",2019,2.962418079,207820,1.07215035,206531,0.00209694332443178,67310,60140
MAR,Morocco,1950,1.032226324,81647,,18798,,13227,12662
MAR,Morocco,1951,1.033943415,85367,,19746,,13781,12504
MAR,Morocco,1952,1.035663247,88647,,20482,,14805,13571
MAR,Morocco,1953,1.037385941,92868,,21509,,15259,14089
MAR,Morocco,1954,1.039111495,96410,0.059123248,22320,0.00190421985462308,16196,14881
MAR,Morocco,1955,1.04084003,97461,0.059557259,22466,0.00183223292697221,16037,14721
MAR,Morocco,1956,1.041883945,97812,0.05954029,22451,0.00173715560231358,16220,15013
MAR,Morocco,1957,1.042928934,96893,0.058680885,22092,0.00163949490524828,15963,14832
MAR,Morocco,1958,1.043974996,98525,0.059586436,22415,0.00160100555513054,17132,15969
MAR,Morocco,1959,1.04502213,98055,0.059062514,22176,0.00149931840132922,17483,16669
MAR,Morocco,1960,1.046070337,98796,0.059394319,22249,0.00142419605981559,18465,16708
MAR,Morocco,1961,1.049965262,99297,0.059574496,22338,0.00136495649348944,23312,21747
MAR,Morocco,1962,1.05387485,101342,0.060895231,22878,0.00134061439894140,26461,25323
MAR,Morocco,1963,1.057798862,104229,0.062829323,23700,0.00133774860296398,30866,29654
MAR,Morocco,1964,1.061737537,106421,0.064203739,24228,0.00130487978458405,32988,31585
MAR,Morocco,1965,1.065690756,108908,0.065763451,24859,0.00128215865697712,32655,31295
MAR,Morocco,1966,1.068304181,111031,0.067049168,25322,0.00124457338824868,31766,30466
MAR,Morocco,1967,1.070923924,115425,0.069926545,26470,0.00125551619566977,32952,31696
MAR,Morocco,1968,1.073550105,119284,0.072558388,27516,0.00126998580526561,35331,34054
MAR,Morocco,1969,1.076182723,123597,0.075344861,28618,0.00126554549206048,39393,38095
MAR,Morocco,1970,1.078821778,131143,0.080583803,30766,0.00134821946267039,37183,36175
MAR,Morocco,1971,1.087389827,138167,0.085330509,32710,0.00142164598219097,39333,38592
MAR,Morocco,1972,1.096025944,143409,0.088918649,34137,0.00146062311250716,40228,39486
MAR,Morocco,1973,1.104730606,148220,0.092352778,35375,0.00148988282307982,41318,40279
MAR,Morocco,1974,1.113504529,152013,0.095215298,36432,0.00150055799167603,45777,42641
MAR,Morocco,1975,1.122347951,169845,0.10792128,41354,0.00170623161830008,47324,45061
MAR,Morocco,1976,1.131671667,192423,0.123797894,47344,0.00195550988428295,50703,49967
MAR,Morocco,1977,1.14107275,220273,0.142555758,54297,0.00218857289291918,51868,51660
MAR,Morocco,1978,1.150552034,235079,0.151756644,57635,0.00222882837988436,54584,54833
MAR,Morocco,1979,1.160109997,249132,0.160505742,60825,0.00226394529454410,57965,57709
MAR,Morocco,1980,1.169747353,263645,0.169858128,63974,0.00223284447565675,58409,58015
MAR,Morocco,1981,1.183904171,278709,0.179346025,68735,0.00228413054719567,58337,59142
MAR,Morocco,1982,1.198232293,294467,0.189088732,79898,0.00244843820109963,64725,66768
MAR,Morocco,1983,1.212733865,307316,0.196452037,98773,0.00281346426345408,69839,71635
MAR,Morocco,1984,1.227410913,318082,0.202865452,128439,0.00337318098172545,74083,77480
MAR,Morocco,1985,1.242265582,331310,0.210914016,161165,0.00400866335257888,81862,85749
MAR,Morocco,1986,1.258816361,343717,0.218540654,183006,0.00439327955245972,92678,95357
MAR,Morocco,1987,1.275587797,355606,0.226113707,208972,0.00479213474318385,95128,98064
MAR,Morocco,1988,1.292582512,369778,0.235200077,242670,0.00534993270412087,107307,109356
MAR,Morocco,1989,1.309803843,387397,0.247094497,286207,0.00611122185364366,108029,111863
MAR,Morocco,1990,1.327254415,405144,0.25974533,340096,0.00703380163758993,109748,113853
MAR,Morocco,1991,1.34702611,422713,0.27252242,402630,0.00817530602216721,123273,127609
MAR,Morocco,1992,1.367092371,438997,0.284077197,475383,0.00945164263248444,123048,127907
MAR,Morocco,1993,1.38745749,453416,0.294201046,555566,0.01082779653370380,124520,129596
MAR,Morocco,1994,1.408125997,466246,0.30314818,635148,0.01219916623085740,139216,145215
MAR,Morocco,1995,1.429102421,481539,0.313807487,704292,0.01321741379797460,137398,143503
MAR,Morocco,1996,1.452084303,496430,0.324226171,745992,0.01359694916754960,161387,167404
MAR,Morocco,1997,1.475435734,513577,0.336693197,729683,0.01289020758122210,149622,155038
MAR,Morocco,1998,1.499162555,535286,0.353363544,668198,0.01150183100253340,151439,156128
MAR,Morocco,1999,1.523271084,559850,0.373295903,596361,0.01013875845819710,144849,149820
MAR,Morocco,2000,1.547767282,583786,0.39342311,532547,0.00883955508470535,138020,144336
MAR,Morocco,2001,1.569781184,606526,0.410219043,483639,0.00788284745067358,142240,147612
MAR,Morocco,2002,1.59210825,631650,0.429577678,451422,0.00743673881515861,142567,146317
MAR,Morocco,2003,1.614752769,659524,0.451767176,433319,0.00711401738226414,148914,151853
MAR,Morocco,2004,1.637719512,690458,0.47714147,430909,0.00691073900088668,148802,151338
MAR,Morocco,2005,1.661012769,723811,0.504643738,445106,0.00697811087593436,146626,149326
MAR,Morocco,2006,1.681106329,761473,0.536046922,486045,0.00739858113229275,158891,162307
MAR,Morocco,2007,1.701442957,807312,0.57344389,564718,0.00824011676013470,166536,171309
MAR,Morocco,2008,1.718847275,862891,0.62107861,695972,0.00981276482343674,184018,191400
MAR,Morocco,2009,1.734496593,914672,0.664093912,882374,0.01217065006494520,203930,210945
MAR,Morocco,2010,1.750288248,960964,0.701666057,1106021,0.01491009164601560,213880,223078
MAR,Morocco,2011,1.769989371,1014578,0.745799661,1274943,0.01683960296213630,234193,248554
MAR,Morocco,2012,1.789912224,1068821,0.790436625,1329188,0.01733271777629850,238365,254962
MAR,Morocco,2013,1.81005919,1122567,0.832489729,1306556,0.01664672046899800,242432,256110
MAR,Morocco,2014,1.83043313,1173327,0.870181262,1253065,0.01606066524982450,239726,244631
MAR,Morocco,2015,1.85103631,1223489,0.908155501,1310091,0.01664076372981070,253941,262846
MAR,Morocco,2016,1.871871352,1282405,0.956770718,1329554,0.01675955764949320,253175,264057
MAR,Morocco,2017,1.892940998,1337597,1,1337597,0.01646607741713520,259741,270102
MAR,Morocco,2018,1.914247751,1392007,1.042551279,1387499,0.01682109199464320,269522,279464
MAR,Morocco,2019,1.935794353,1447681,1.085855484,1442938,0.01698825508356090,280396,289744
MDA,Republic of Moldova,1950,,,,,,,
MDA,Republic of Moldova,1951,,,,,,,
MDA,Republic of Moldova,1952,,,,,,,
MDA,Republic of Moldova,1953,,,,,,,
MDA,Republic of Moldova,1954,,,,,,,
MDA,Republic of Moldova,1955,,,,,,,
MDA,Republic of Moldova,1956,,,,,,,
MDA,Republic of Moldova,1957,,,,,,,
MDA,Republic of Moldova,1958,,,,,,,
MDA,Republic of Moldova,1959,,,,,,,
MDA,Republic of Moldova,1960,,,,,,,
MDA,Republic of Moldova,1961,,,,,,,
MDA,Republic of Moldova,1962,,,,,,,
MDA,Republic of Moldova,1963,,,,,,,
MDA,Republic of Moldova,1964,,,,,,,
MDA,Republic of Moldova,1965,,,,,,,
MDA,Republic of Moldova,1966,,,,,,,
MDA,Republic of Moldova,1967,,,,,,,
MDA,Republic of Moldova,1968,,,,,,,
MDA,Republic of Moldova,1969,,,,,,,
MDA,Republic of Moldova,1970,,,,,,,
MDA,Republic of Moldova,1971,,,,,,,
MDA,Republic of Moldova,1972,,,,,,,
MDA,Republic of Moldova,1973,,,,,,,
MDA,Republic of Moldova,1974,,,,,,,
MDA,Republic of Moldova,1975,,,,,,,
MDA,Republic of Moldova,1976,,,,,,,
MDA,Republic of Moldova,1977,,,,,,,
MDA,Republic of Moldova,1978,,,,,,,
MDA,Republic of Moldova,1979,,,,,,,
MDA,Republic of Moldova,1980,,,,,,,
MDA,Republic of Moldova,1981,,,,,,,
MDA,Republic of Moldova,1982,,,,,,,
MDA,Republic of Moldova,1983,,,,,,,
MDA,Republic of Moldova,1984,,,,,,,
MDA,Republic of Moldova,1985,,,,,,,
MDA,Republic of Moldova,1986,,,,,,,
MDA,Republic of Moldova,1987,,,,,,,
MDA,Republic of Moldova,1988,,,,,,,
MDA,Republic of Moldova,1989,,,,,,,
MDA,Republic of Moldova,1990,2.575507164,108731,,90437,,27798,26287
MDA,Republic of Moldova,1991,2.595786333,109000,,90101,,26128,25015
MDA,Republic of Moldova,1992,2.616225004,107606,,88979,,15050,14722
MDA,Republic of Moldova,1993,2.636824608,106081,,87998,,15000,14924
MDA,Republic of Moldova,1994,2.657586575,103387,0.969308972,86735,0.00134250090923160,12916,13439
MDA,Republic of Moldova,1995,2.678512096,100754,0.927880824,84588,0.00139558210503310,13586,14015
MDA,Republic of Moldova,1996,2.694856644,98726,0.906772077,82873,0.00126457901205868,12489,13537
MDA,Republic of Moldova,1997,2.71130085,96755,0.880689979,81531,0.00102192163467407,12343,12793
MDA,Republic of Moldova,1998,2.72784543,95086,0.867253423,80579,0.00084856181638315,10522,11583
MDA,Republic of Moldova,1999,2.744490862,93055,0.839268506,79231,0.00111141835805029,9287,9741
MDA,Republic of Moldova,2000,2.761238098,91018,0.810355902,77619,0.00103845808189362,9429,10512
MDA,Republic of Moldova,2001,2.778453588,89379,0.792511106,76553,0.00099475495517254,10054,11054
MDA,Republic of Moldova,2002,2.795776129,87938,0.778520525,75697,0.00098225031979382,11004,12212
MDA,Republic of Moldova,2003,2.813206911,86915,0.773421347,75093,0.00097253592684865,11994,13591
MDA,Republic of Moldova,2004,2.830746174,86126,0.770533442,74595,0.00096050347201526,12867,14303
MDA,Republic of Moldova,2005,2.848395109,85712,0.773084939,74137,0.00094672042177990,14048,15876
MDA,Republic of Moldova,2006,2.890819073,85867,0.785841167,72128,0.00092049135128036,14732,17041
MDA,Republic of Moldova,2007,2.933874846,86792,0.817116439,68764,0.00089705950813368,15295,17336
MDA,Republic of Moldova,2008,2.977571487,87694,0.844158053,65227,0.00088291830616072,16453,18072
MDA,Republic of Moldova,2009,3.021919489,87179,0.846565545,61177,0.00087319669546560,16820,18138
MDA,Republic of Moldova,2010,3.06692791,87133,0.858948529,58722,0.00085685960948467,18700,20501
MDA,Republic of Moldova,2011,3.115653992,87459,0.87646836,58174,0.00084420724306256,21422,23495
MDA,Republic of Moldova,2012,3.166239738,87772,0.893969476,63260,0.00091098836855963,23234,25715
MDA,Republic of Moldova,2013,3.21877408,88256,0.907381833,67731,0.00092766288435087,24491,26723
MDA,Republic of Moldova,2014,3.273351669,89317,0.939393282,98863,0.00119981926400214,26175,28910
MDA,Republic of Moldova,2015,3.330072165,89992,0.961110234,78847,0.00105700257699937,27144,30042
MDA,Republic of Moldova,2016,3.389041901,90497,0.97976017,84612,0.00111843494232744,29197,32388
MDA,Republic of Moldova,2017,3.450372934,91235,1,91235,0.00117581442464143,33367,36924
MDA,Republic of Moldova,2018,3.514184475,92542,1.028606415,92407,0.00122035620734096,34121,37604
MDA,Republic of Moldova,2019,3.580603123,94338,1.063904762,94309,0.00123858195729554,35158,38440
MDG,Madagascar,1950,,,,,,,
MDG,Madagascar,1951,,,,,,,
MDG,Madagascar,1952,,,,,,,
MDG,Madagascar,1953,,,,,,,
MDG,Madagascar,1954,,,,,,,
MDG,Madagascar,1955,,,,,,,
MDG,Madagascar,1956,,,,,,,
MDG,Madagascar,1957,,,,,,,
MDG,Madagascar,1958,,,,,,,
MDG,Madagascar,1959,,,,,,,
MDG,Madagascar,1960,1.221850038,32722,,11859,,8180,7698
MDG,Madagascar,1961,1.221871734,32432,,11719,,8612,8197
MDG,Madagascar,1962,1.221893311,32051,,11524,,9056,8777
MDG,Madagascar,1963,1.221914887,31995,,11483,,9109,8795
MDG,Madagascar,1964,1.221936584,32064,,11497,,9254,8948
MDG,Madagascar,1965,1.22195816,32030,,11480,,9122,8921
MDG,Madagascar,1966,1.221979737,32056,,11476,,9635,9459
MDG,Madagascar,1967,1.222001433,32234,,11548,,10143,10017
MDG,Madagascar,1968,1.22202301,32696,,11745,,11080,10926
MDG,Madagascar,1969,1.222044587,33252,,11990,,11511,11371
MDG,Madagascar,1970,1.222066283,33664,,12253,,12372,12035
MDG,Madagascar,1971,1.224274993,34339,,12609,,12788,12548
MDG,Madagascar,1972,1.226487756,34581,,12746,,12538,12309
MDG,Madagascar,1973,1.228704572,34884,,12872,,12070,11835
MDG,Madagascar,1974,1.230925322,35283,,13086,,11878,11728
MDG,Madagascar,1975,1.233150125,35613,,13267,,11793,11747
MDG,Madagascar,1976,1.235378981,35705,,13316,,11986,11886
MDG,Madagascar,1977,1.237611771,35790,,13397,,12209,12133
MDG,Madagascar,1978,1.239848614,35787,,13425,,11807,11882
MDG,Madagascar,1979,1.242089629,36697,,13882,,12304,12657
MDG,Madagascar,1980,1.244334579,37443,,14225,,12553,12835
MDG,Madagascar,1981,1.255468845,37563,,13407,,12248,12520
MDG,Madagascar,1982,1.266702771,37441,,11890,,12614,12721
MDG,Madagascar,1983,1.27803719,37335,,10716,,13256,13374
MDG,Madagascar,1984,1.289473057,37294,,10207,,13637,13769
MDG,Madagascar,1985,1.301011205,37259,,10292,,14251,14553
MDG,Madagascar,1986,1.312652707,37272,,10778,,17447,17571
MDG,Madagascar,1987,1.324398279,37468,,11618,,16541,16100
MDG,Madagascar,1988,1.336248994,38091,,12970,,16068,16000
MDG,Madagascar,1989,1.348205686,38706,,14745,,15787,15595
MDG,Madagascar,1990,1.360269427,39777,,17218,,15536,16223
MDG,Madagascar,1991,1.377157092,39287,,19522,,14882,15208
MDG,Madagascar,1992,1.394254565,39324,,22854,,14523,14718
MDG,Madagascar,1993,1.411564231,39471,,27082,,14693,15005
MDG,Madagascar,1994,1.429088831,39341,,31726,,14842,15059
MDG,Madagascar,1995,1.446831107,39210,,36121,,15245,15657
MDG,Madagascar,1996,1.464793444,39253,,38822,,15960,16446
MDG,Madagascar,1997,1.48297894,39369,,39874,,16500,17113
MDG,Madagascar,1998,1.5013901,39775,,41048,,17368,17983
MDG,Madagascar,1999,1.520029902,40149,,41849,,18363,18973
MDG,Madagascar,2000,1.538901091,40783,,42704,,19496,19716
MDG,Madagascar,2001,1.548890591,41898,,44120,,21114,20888
MDG,Madagascar,2002,1.558944941,41778,,44598,,19498,19266
MDG,Madagascar,2003,1.569064498,42615,,46005,,21511,21698
MDG,Madagascar,2004,1.57924974,44206,,48471,,22172,23683
MDG,Madagascar,2005,1.589501143,45600,,51116,,23637,25333
MDG,Madagascar,2006,1.599819064,47651,,55562,,25355,26808
MDG,Madagascar,2007,1.610203981,50539,,62446,,26766,27956
MDG,Madagascar,2008,1.620656371,56470,,74958,,29423,31439
MDG,Madagascar,2009,1.631176472,60952,,87513,,29154,31479
MDG,Madagascar,2010,1.641764998,63742,,98319,,32631,34764
MDG,Madagascar,2011,1.650684476,66590,,106026,,36174,38067
MDG,Madagascar,2012,1.659652352,69650,,99061,,36917,38800
MDG,Madagascar,2013,1.668668985,72183,,92117,,37243,38779
MDG,Madagascar,2014,1.677734733,74679,,88496,,38183,38483
MDG,Madagascar,2015,1.686849594,77308,,90804,,38894,39634
MDG,Madagascar,2016,1.696013927,80577,,85427,,41020,41640
MDG,Madagascar,2017,1.705228209,83711,,83711,,41137,41733
MDG,Madagascar,2018,1.713176847,87602,,87348,,40044,40616
MDG,Madagascar,2019,1.720187426,92309,,92161,,40324,41620
MDV,Maldives,1950,,,,,,,
MDV,Maldives,1951,,,,,,,
MDV,Maldives,1952,,,,,,,
MDV,Maldives,1953,,,,,,,
MDV,Maldives,1954,,,,,,,
MDV,Maldives,1955,,,,,,,
MDV,Maldives,1956,,,,,,,
MDV,Maldives,1957,,,,,,,
MDV,Maldives,1958,,,,,,,
MDV,Maldives,1959,,,,,,,
MDV,Maldives,1960,,,,,,,
MDV,Maldives,1961,,,,,,,
MDV,Maldives,1962,,,,,,,
MDV,Maldives,1963,,,,,,,
MDV,Maldives,1964,,,,,,,
MDV,Maldives,1965,,,,,,,
MDV,Maldives,1966,,,,,,,
MDV,Maldives,1967,,,,,,,
MDV,Maldives,1968,,,,,,,
MDV,Maldives,1969,,,,,,,
MDV,Maldives,1970,1.71608603,297,,109,,186,311
MDV,Maldives,1971,1.722358704,321,,118,,195,331
MDV,Maldives,1972,1.728654385,343,,127,,198,340
MDV,Maldives,1973,1.734972954,367,,136,,200,340
MDV,Maldives,1974,1.741314769,395,,146,,216,343
MDV,Maldives,1975,1.74767971,427,,159,,208,319
MDV,Maldives,1976,1.756551743,432,,161,,193,344
MDV,Maldives,1977,1.765468717,450,,167,,210,365
MDV,Maldives,1978,1.77443099,490,,182,,247,391
MDV,Maldives,1979,1.783438802,540,,201,,302,410
MDV,Maldives,1980,1.79249227,684,,253,,427,524
MDV,Maldives,1981,1.798811436,856,,317,,451,505
MDV,Maldives,1982,1.805152893,1020,,379,,558,734
MDV,Maldives,1983,1.811516762,1186,,445,,506,590
MDV,Maldives,1984,1.817903042,1398,,528,,576,701
MDV,Maldives,1985,1.824311733,1632,,620,,653,780
MDV,Maldives,1986,1.802015781,1880,,716,,715,894
MDV,Maldives,1987,1.779992342,2143,,817,,778,1047
MDV,Maldives,1988,1.758238077,2425,,927,,847,1154
MDV,Maldives,1989,1.736749649,2730,,1045,,927,1276
MDV,Maldives,1990,1.715523839,3081,,1179,,1057,1470
MDV,Maldives,1991,1.693629265,3448,,1318,,1139,1607
MDV,Maldives,1992,1.669983864,3842,,1468,,1216,1564
MDV,Maldives,1993,1.646668792,4258,,1627,,1296,1627
MDV,Maldives,1994,1.623679042,4715,,1792,,1375,1733
MDV,Maldives,1995,1.601010323,5115,,1940,,1411,1712
MDV,Maldives,1996,1.581285238,5586,,2120,,1563,1865
MDV,Maldives,1997,1.561803222,6209,,2359,,1716,1934
MDV,Maldives,1998,1.542561173,6832,,2599,,1892,2145
MDV,Maldives,1999,1.523556232,7564,,2875,,1971,2176
MDV,Maldives,2000,1.504785419,8117,,3077,,2214,2455
MDV,Maldives,2001,1.505744576,8729,,3309,,2315,2536
MDV,Maldives,2002,1.506704211,9314,,3541,,2495,2860
MDV,Maldives,2003,1.507664561,10248,,3923,,2825,3366
MDV,Maldives,2004,1.508625507,11616,,4477,,3395,4313
MDV,Maldives,2005,1.509587049,13430,,5231,,3213,4008
MDV,Maldives,2006,1.563406348,15444,,6243,,4147,5708
MDV,Maldives,2007,1.61914444,17963,,7788,,4801,6986
MDV,Maldives,2008,1.676869631,20987,,10014,,5049,6655
MDV,Maldives,2009,1.729840636,22471,,11872,,4662,4956
MDV,Maldives,2010,1.776123405,24138,,13888,,4969,5160
MDV,Maldives,2011,1.83478868,26505,,15776,,5709,6972
MDV,Maldives,2012,1.89992094,28697,,16244,,6024,7376
MDV,Maldives,2013,1.972412467,31189,,17317,,6495,7911
MDV,Maldives,2014,2.053309202,34480,,20661,,7206,8787
MDV,Maldives,2015,2.143843889,38505,,26994,,7711,8139
MDV,Maldives,2016,2.245475531,42564,,39255,,8340,8796
MDV,Maldives,2017,2.359939575,46850,,46850,,9006,9561
MDV,Maldives,2018,2.48931241,52760,,52642,,9345,9476
MDV,Maldives,2019,2.61097765,58142,,58038,,10085,10409
MEX,Mexico,1950,1.53093493,413534,,292979,,139973,139606
MEX,Mexico,1951,1.531504154,441981,,311312,,151389,150292
MEX,Mexico,1952,1.532073736,473573,,334568,,159141,157436
MEX,Mexico,1953,1.532643318,503307,,354976,,154866,155605
MEX,Mexico,1954,1.533213258,537544,0.042989772,378845,0.02910096384584900,171689,172522
MEX,Mexico,1955,1.533783317,576542,0.046196416,405573,0.03026840277016160,184773,184786
MEX,Mexico,1956,1.542373657,628440,0.050436325,441595,0.03180197998881340,195961,196362
MEX,Mexico,1957,1.551012039,683245,0.054905914,477917,0.03327815607190130,209797,210486
MEX,Mexico,1958,1.559698939,729576,0.058594558,510258,0.03425530344247820,219973,221343
MEX,Mexico,1959,1.568434358,773999,0.062113833,542439,0.03490613028407100,225044,226010
MEX,Mexico,1960,1.577218652,826767,0.066303335,579524,0.03538911789655690,242711,243283
MEX,Mexico,1961,1.592828035,881285,0.070696294,610262,0.03586110100150110,250343,250905
MEX,Mexico,1962,1.608591795,932998,0.074838951,651077,0.03600316122174260,260571,260819
MEX,Mexico,1963,1.62451148,998573,0.080185674,699975,0.03689332306385040,284113,284272
MEX,Mexico,1964,1.64058888,1082378,0.087127022,753078,0.03785477206110950,320585,321209
MEX,Mexico,1965,1.656825185,1177735,0.095184356,820532,0.03907776996493340,337554,337555
MEX,Mexico,1966,1.673222303,1279953,0.103736937,885624,0.04044912382960320,358381,358321
MEX,Mexico,1967,1.689781785,1383897,0.112421833,956628,0.04148705303668980,377749,378599
MEX,Mexico,1968,1.70650506,1506731,0.122742504,1049495,0.04317288845777510,409381,411231
MEX,Mexico,1969,1.719876647,1610094,0.131178156,1121177,0.04436748847365380,424847,426930
MEX,Mexico,1970,1.732690454,1719806,0.140309826,1201740,0.04546716436743740,451219,454668
MEX,Mexico,1971,1.750520825,1822143,0.148687005,1271258,0.04681352525949480,470762,474083
MEX,Mexico,1972,1.76853466,1941911,0.158679903,1362002,0.04851722344756130,508222,511870
MEX,Mexico,1973,1.786733866,2084856,0.170764267,1457405,0.05054857581853870,547387,552545
MEX,Mexico,1974,1.805120349,2239015,0.1839028,1571808,0.05250570923089980,587062,590581
MEX,Mexico,1975,1.823696017,2407594,0.198390976,1698328,0.05607518553733830,622244,624747
MEX,Mexico,1976,1.842462778,2570293,0.211982787,1741511,0.05747200921177860,655520,658495
MEX,Mexico,1977,1.861422777,2710101,0.223347768,1683925,0.05508038029074670,680556,684273
MEX,Mexico,1978,1.880577803,2882877,0.238093033,1645803,0.05288852751255040,743234,748641
MEX,Mexico,1979,1.89993,3104816,0.257992446,1661960,0.05348468571901320,824646,830758
MEX,Mexico,1980,1.919481397,3364764,0.28145799,1739175,0.05447935312986370,931136,922788
MEX,Mexico,1981,1.944143653,3673307,0.309336275,1885226,0.05883527919650080,1009932,995977
MEX,Mexico,1982,1.969123006,3894184,0.327338696,1983331,0.06173651292920110,1009269,988052
MEX,Mexico,1983,1.994423151,3998229,0.334518552,2007203,0.06236340105533600,957103,928773
MEX,Mexico,1984,2.02004838,4118274,0.34340331,2067821,0.06162241846323010,969533,953340
MEX,Mexico,1985,2.046002865,4261731,0.354911327,2151064,0.06199971958994870,980190,965029
MEX,Mexico,1986,2.072290897,4363829,0.36260879,2208396,0.06152414903044700,916547,902338
MEX,Mexico,1987,2.098916531,4463219,0.369366378,2273483,0.05972769111394880,936961,914322
MEX,Mexico,1988,2.125884295,4580634,0.378474563,2369058,0.05753366276621820,917692,915250
MEX,Mexico,1989,2.153198719,4701463,0.395396769,2645842,0.05767864733934400,953629,951004
MEX,Mexico,1990,2.180863857,4819562,0.414686322,2771060,0.06091760098934170,1013737,1016816
MEX,Mexico,1991,2.203466892,4957540,0.436130583,2924483,0.06253925710916520,1048299,1054943
MEX,Mexico,1992,2.226304054,5114168,0.460959375,3093436,0.06435843557119370,1085300,1094699
MEX,Mexico,1993,2.249377966,5309229,0.485090017,3279227,0.06914777308702470,1102808,1102378
MEX,Mexico,1994,2.272691011,5546125,0.509674788,3504145,0.07043514400720600,1155092,1148248
MEX,Mexico,1995,2.296245813,5618891,0.515192151,3554792,0.06878204643726350,1106587,1088849
MEX,Mexico,1996,2.320044518,5751537,0.527667046,3642623,0.06721816211938860,1157374,1113606
MEX,Mexico,1997,2.344089985,5929174,0.546758533,3831850,0.06699221581220630,1245805,1200244
MEX,Mexico,1998,2.368384838,6133153,0.569526553,4065955,0.06832867860794070,1312573,1300408
MEX,Mexico,1999,2.392931223,6345574,0.593232274,4291318,0.06909979879856110,1386368,1343884
MEX,Mexico,2000,2.417732,6564190,0.619385362,4245081,0.06526247411966320,1448053,1434026
MEX,Mexico,2001,2.437087297,6730970,0.639589727,4195835,0.06261162459850310,1452719,1435460
MEX,Mexico,2002,2.456597567,6876886,0.656322777,4139971,0.06192695721983910,1449094,1424726
MEX,Mexico,2003,2.476263762,7019149,0.672116578,4383813,0.06361698359251020,1470712,1435818
MEX,Mexico,2004,2.496087551,7182315,0.690428674,4685785,0.06602697074413300,1558808,1527047
MEX,Mexico,2005,2.516070127,7363184,0.711143136,5090227,0.07012591511011120,1626501,1617206
MEX,Mexico,2006,2.536212444,7573718,0.734861493,5222048,0.07091363519430160,1714147,1689580
MEX,Mexico,2007,2.556516171,7800341,0.759598017,5367197,0.07159095257520680,1766151,1744774
MEX,Mexico,2008,2.571415186,8049810,0.786626697,5541864,0.07313467562198640,1804001,1782790
MEX,Mexico,2009,2.585256815,8230607,0.804288149,6312221,0.08318200707435610,1767215,1744137
MEX,Mexico,2010,2.599172831,8425333,0.82478416,7250143,0.09539977461099620,1926537,1893605
MEX,Mexico,2011,2.618360758,8648406,0.849350035,8412004,0.10828693956136700,2098079,2070925
MEX,Mexico,2012,2.637690306,8886811,0.875751555,8657770,0.10852008312940600,2219791,2161992
MEX,Mexico,2013,2.657162666,9095128,0.898533344,8908719,0.10765638947486900,2193582,2172397
MEX,Mexico,2014,2.676778793,9309953,0.922032297,9234382,0.10812465846538500,2244421,2198714
MEX,Mexico,2015,2.69653964,9546777,0.949192226,9640361,0.11131878197193100,2298144,2246320
MEX,Mexico,2016,2.7164464,9782343,0.97643882,9771858,0.11117370426654800,2371449,2329195
MEX,Mexico,2017,2.736500263,9992445,1,9992445,0.11230657249689100,2405365,2363271
MEX,Mexico,2018,2.756701946,10195118,1.02300632,10183529,0.11262318491935700,2468013,2423355
MEX,Mexico,2019,2.777052879,10357132,1.04028821,10357724,0.11105507612228400,2458030,2391290
MKD,North Macedonia,1950,,,,,,,
MKD,North Macedonia,1951,,,,,,,
MKD,North Macedonia,1952,,,,,,,
MKD,North Macedonia,1953,,,,,,,
MKD,North Macedonia,1954,,,,,,,
MKD,North Macedonia,1955,,,,,,,
MKD,North Macedonia,1956,,,,,,,
MKD,North Macedonia,1957,,,,,,,
MKD,North Macedonia,1958,,,,,,,
MKD,North Macedonia,1959,,,,,,,
MKD,North Macedonia,1960,,,,,,,
MKD,North Macedonia,1961,,,,,,,
MKD,North Macedonia,1962,,,,,,,
MKD,North Macedonia,1963,,,,,,,
MKD,North Macedonia,1964,,,,,,,
MKD,North Macedonia,1965,,,,,,,
MKD,North Macedonia,1966,,,,,,,
MKD,North Macedonia,1967,,,,,,,
MKD,North Macedonia,1968,,,,,,,
MKD,North Macedonia,1969,,,,,,,
MKD,North Macedonia,1970,,,,,,,
MKD,North Macedonia,1971,,,,,,,
MKD,North Macedonia,1972,,,,,,,
MKD,North Macedonia,1973,,,,,,,
MKD,North Macedonia,1974,,,,,,,
MKD,North Macedonia,1975,,,,,,,
MKD,North Macedonia,1976,,,,,,,
MKD,North Macedonia,1977,,,,,,,
MKD,North Macedonia,1978,,,,,,,
MKD,North Macedonia,1979,,,,,,,
MKD,North Macedonia,1980,,,,,,,
MKD,North Macedonia,1981,,,,,,,
MKD,North Macedonia,1982,,,,,,,
MKD,North Macedonia,1983,,,,,,,
MKD,North Macedonia,1984,,,,,,,
MKD,North Macedonia,1985,,,,,,,
MKD,North Macedonia,1986,,,,,,,
MKD,North Macedonia,1987,,,,,,,
MKD,North Macedonia,1988,,,,,,,
MKD,North Macedonia,1989,,,,,,,
MKD,North Macedonia,1990,,64043,,35667,,11726,12108
MKD,North Macedonia,1991,,66150,,36686,,11859,11975
MKD,North Macedonia,1992,,67318,,37379,,10935,11177
MKD,North Macedonia,1993,,68116,,37895,,10697,11230
MKD,North Macedonia,1994,,68584,0.568238795,38175,0.00077743158908561,10991,11410
MKD,North Macedonia,1995,,69420,0.574376881,38640,0.00075899501098320,11472,11658
MKD,North Macedonia,1996,,70512,0.586900592,39257,0.00074756424874067,11562,11705
MKD,North Macedonia,1997,,71449,0.591108978,40465,0.00072794413426891,11825,12208
MKD,North Macedonia,1998,,72344,0.59719193,43070,0.00073056365363300,12361,12938
MKD,North Macedonia,1999,,73200,0.603546858,46777,0.00075102131813765,13583,14146
MKD,North Macedonia,2000,,74012,0.610885978,51686,0.00077502679778263,14557,15532
MKD,North Macedonia,2001,,75172,0.622367024,58079,0.00083011237438768,15286,16177
MKD,North Macedonia,2002,,76310,0.632562518,65113,0.00091221998445690,15362,16284
MKD,North Macedonia,2003,,77282,0.638953209,71040,0.00096774619305506,15960,16514
MKD,North Macedonia,2004,,78580,0.648270905,77329,0.00103554909583181,16755,17334
MKD,North Macedonia,2005,,79466,0.654405892,84137,0.00111679895780981,18397,18912
MKD,North Macedonia,2006,,80622,0.664152086,96460,0.00124052353203297,19651,20217
MKD,North Macedonia,2007,,82451,0.683757901,99039,0.00124747061636299,21012,21316
MKD,North Macedonia,2008,,85034,0.711105049,110594,0.00135829660575837,22946,23488
MKD,North Macedonia,2009,,87613,0.736532927,117735,0.00144265068229288,24148,24870
MKD,North Macedonia,2010,,89874,0.756742299,127211,0.00156043621245772,25087,25562
MKD,North Macedonia,2011,,92755,0.781753302,115670,0.00143764074891806,25583,25664
MKD,North Macedonia,2012,,95914,0.80943495,119624,0.00143139681313187,25997,26498
MKD,North Macedonia,2013,,99193,0.839201927,126313,0.00145095924381167,26673,26629
MKD,North Macedonia,2014,,102614,0.870482147,136713,0.00152026698924601,27997,28000
MKD,North Macedonia,2015,,106623,0.906830013,131120,0.00142626708839089,29510,29775
MKD,North Macedonia,2016,,111222,0.949268222,136673,0.00146137143019587,31231,31519
MKD,North Macedonia,2017,,116655,1,116655,0.00124886166304350,32076,31720
MKD,North Macedonia,2018,,121096,1.042262554,120556,0.00127632159274071,32550,31835
MKD,North Macedonia,2019,,126334,1.100204706,125696,0.00128683715593070,33572,33106
MLI,Mali,1950,,,,,,,
MLI,Mali,1951,,,,,,,
MLI,Mali,1952,,,,,,,
MLI,Mali,1953,,,,,,,
MLI,Mali,1954,,,,,,,
MLI,Mali,1955,,,,,,,
MLI,Mali,1956,,,,,,,
MLI,Mali,1957,,,,,,,
MLI,Mali,1958,,,,,,,
MLI,Mali,1959,,,,,,,
MLI,Mali,1960,1.017485261,811,,646,,2911,3458
MLI,Mali,1961,1.017963052,875,,725,,2921,3499
MLI,Mali,1962,1.018440962,944,,800,,2913,3544
MLI,Mali,1963,1.01891911,1029,,883,,3077,3473
MLI,Mali,1964,1.019397497,1162,,1009,,2579,2800
MLI,Mali,1965,1.019876122,1250,,1092,,2776,3062
MLI,Mali,1966,1.021232128,1373,,1199,,2845,3080
MLI,Mali,1967,1.022590041,1494,,1312,,2972,3217
MLI,Mali,1968,1.023949742,1609,,1407,,3386,3506
MLI,Mali,1969,1.025311232,1722,,1503,,3482,3605
MLI,Mali,1970,1.026674509,1813,,1559,,3741,3826
MLI,Mali,1971,1.027601838,1920,,1649,,3813,3966
MLI,Mali,1972,1.028529882,2104,,1813,,3323,3473
MLI,Mali,1973,1.02945888,2278,,1960,,3375,3546
MLI,Mali,1974,1.030388594,2412,,2075,,3222,3464
MLI,Mali,1975,1.031319261,2596,,2252,,3532,3780
MLI,Mali,1976,1.035349488,2766,,2396,,4080,4202
MLI,Mali,1977,1.039395571,3022,,2610,,4308,4373
MLI,Mali,1978,1.043457389,3330,,2857,,4211,4334
MLI,Mali,1979,1.047535062,3587,,3064,,4717,4935
MLI,Mali,1980,1.051628709,3773,,3199,,4566,4765
MLI,Mali,1981,1.056329727,4010,,3322,,5228,5457
MLI,Mali,1982,1.061051607,4254,,3463,,5730,5986
MLI,Mali,1983,1.065794706,4477,,3627,,5593,5976
MLI,Mali,1984,1.070558906,4703,,3854,,5601,5677
MLI,Mali,1985,1.075344443,5003,,4119,,7181,7513
MLI,Mali,1986,1.080572605,5438,,4462,,7470,7635
MLI,Mali,1987,1.085826159,5803,,4776,,6748,6971
MLI,Mali,1988,1.091105223,6181,,5121,,5900,5964
MLI,Mali,1989,1.096410036,6586,,5547,,6183,6200
MLI,Mali,1990,1.101740599,7016,,6077,,5998,6151
MLI,Mali,1991,1.106330633,7455,,6588,,6763,6736
MLI,Mali,1992,1.11093986,7897,,7120,,6267,6241
MLI,Mali,1993,1.11556828,8378,,7711,,6625,6596
MLI,Mali,1994,1.120216012,8854,,8311,,6629,6647
MLI,Mali,1995,1.124883056,10044,,9734,,8960,9128
MLI,Mali,1996,1.128781319,11494,,11543,,11051,11618
MLI,Mali,1997,1.132693052,12941,,13239,,11681,12490
MLI,Mali,1998,1.136618376,13983,,14352,,12475,13017
MLI,Mali,1999,1.140557289,14711,,14949,,13625,14057
MLI,Mali,2000,1.144509792,15482,,15584,,14005,14711
MLI,Mali,2001,1.149054766,16487,,16528,,15757,16175
MLI,Mali,2002,1.153617859,17506,,17532,,16663,16509
MLI,Mali,2003,1.158198953,18739,,18702,,18249,18390
MLI,Mali,2004,1.162798285,20112,,20085,,17106,17112
MLI,Mali,2005,1.167415857,21609,,21709,,18391,18518
MLI,Mali,2006,1.178252697,23409,,23570,,21218,21106
MLI,Mali,2007,1.18919003,25259,,25223,,21372,21595
MLI,Mali,2008,1.200229049,28013,,27857,,23056,23716
MLI,Mali,2009,1.211370468,30705,,30697,,26842,28725
MLI,Mali,2010,1.222615242,33627,,34215,,27912,30214
MLI,Mali,2011,1.239215016,37391,,39544,,30564,30694
MLI,Mali,2012,1.256040096,39125,,46447,,30243,30122
MLI,Mali,2013,1.273093581,42065,,44408,,30673,31613
MLI,Mali,2014,1.29037869,45364,,46355,,32761,34252
MLI,Mali,2015,1.307898402,49748,,44943,,35432,34512
MLI,Mali,2016,1.325656056,54775,,48439,,38698,38827
MLI,Mali,2017,1.343654752,59412,,59412,,40027,41476
MLI,Mali,2018,1.361897826,64556,,64515,,43504,45367
MLI,Mali,2019,1.380388618,70911,,70977,,47312,48251
MLT,Malta,1950,,,,,,,
MLT,Malta,1951,,,,,,,
MLT,Malta,1952,,,,,,,
MLT,Malta,1953,,,,,,,
MLT,Malta,1954,1.561999917,1186,,1081,,568,142
MLT,Malta,1955,1.574612498,1220,,1112,,569,148
MLT,Malta,1956,1.596392751,1291,,1178,,626,193
MLT,Malta,1957,1.618474126,1381,,1261,,645,182
MLT,Malta,1958,1.640860915,1488,0.022143546,1360,0.00009828889596974,693,268
MLT,Malta,1959,1.663557529,1575,0.0234401,1440,0.00010002682392951,710,307
MLT,Malta,1960,1.686567903,1673,0.02491582,1526,0.00010121743252967,757,110
MLT,Malta,1961,1.713280082,1750,0.026067423,1592,0.00010154307528865,780,143
MLT,Malta,1962,1.734722257,1828,0.027253686,1660,0.00010171518079005,759,293
MLT,Malta,1963,1.756432652,1912,0.028603703,1736,0.00010201682016486,756,53
MLT,Malta,1964,1.778414965,2030,0.030831639,1853,0.00010472178837517,766,263
MLT,Malta,1965,1.800672293,2136,0.032974485,1958,0.00010845883662114,809,617
MLT,Malta,1966,1.827980399,2259,0.035196532,2067,0.00010892825230258,894,720
MLT,Malta,1967,1.855702639,2419,0.037837308,2211,0.00011057208030252,954,808
MLT,Malta,1968,1.883845448,2630,0.041361421,2403,0.00011492293560877,1041,927
MLT,Malta,1969,1.912414908,2865,0.045345124,2618,0.00012066334602423,1149,994
MLT,Malta,1970,1.941417694,3096,0.048680104,2825,0.00012302453978919,1248,1117
MLT,Malta,1971,1.964518905,3332,0.051928453,3032,0.00012442396837287,1320,1214
MLT,Malta,1972,1.987895012,3586,0.055444472,3251,0.00012538765440695,1429,1356
MLT,Malta,1973,2.011549234,3854,0.059490208,3480,0.00012800859985873,1523,1452
MLT,Malta,1974,2.035485029,4154,0.06435623,3752,0.00013160149683245,1564,1454
MLT,Malta,1975,2.059705496,4513,0.070245028,4076,0.00014030313468538,2159,1819
MLT,Malta,1976,2.081902266,4987,0.078215905,4509,0.00015254782920238,2523,2231
MLT,Malta,1977,2.104338408,5482,0.08610037,4957,0.00016149379371200,2729,2468
MLT,Malta,1978,2.127016306,5937,0.093100198,5347,0.00016515249444637,3050,2888
MLT,Malta,1979,2.149938583,6457,0.101704247,5825,0.00017360612400807,3288,3120
MLT,Malta,1980,2.173107862,6956,0.110078238,6261,0.00017669067892712,3533,3040
MLT,Malta,1981,2.212521076,7567,0.120101146,6856,0.00018984763300978,3743,3405
MLT,Malta,1982,2.252649069,8288,0.131659538,7543,0.00020665994088631,3951,3752
MLT,Malta,1983,2.293504953,9145,0.145822585,8295,0.00022797155543231,3786,3706
MLT,Malta,1984,2.335101604,9881,0.157883868,8959,0.00023883492394816,3772,3688
MLT,Malta,1985,2.37745285,10541,0.169208899,9572,0.00025014922721312,3867,3795
MLT,Malta,1986,2.414506912,11077,0.177740812,10048,0.00025544626987539,4039,3959
MLT,Malta,1987,2.452138662,11893,0.192105561,10781,0.00026594367227517,4214,4071
MLT,Malta,1988,2.490356922,12739,0.207023636,11582,0.00027795118512586,4708,4457
MLT,Malta,1989,2.529170752,13566,0.221403837,12379,0.00029169581830502,5022,4875
MLT,Malta,1990,2.565773964,14602,0.240056768,13342,0.00031109119299799,5299,4924
MLT,Malta,1991,2.589506626,15580,0.257294655,14249,0.00032616427051835,5671,5559
MLT,Malta,1992,2.61345911,16508,0.273424715,15102,0.00033972109667957,5825,5165
MLT,Malta,1993,2.637633085,17581,0.292578965,16100,0.00035723185283132,5993,5506
MLT,Malta,1994,2.662030697,18761,0.313400835,17198,0.00036984597682022,6303,5900
MLT,Malta,1995,2.686653852,20243,0.339549571,18584,0.00038906448753551,6663,5991
MLT,Malta,1996,2.707583189,21596,0.363091916,19830,0.00040303473360837,6876,5973
MLT,Malta,1997,2.728675604,23067,0.388438016,21175,0.00040852799429558,7643,7005
MLT,Malta,1998,2.749932289,24670,0.417236716,22749,0.00042056813254021,8311,7537
MLT,Malta,1999,2.771354437,26250,0.449459046,24223,0.00043794768862426,8866,7926
MLT,Malta,2000,2.792943716,27867,0.479556382,25611,0.00043113369611092,9419,9572
MLT,Malta,2001,2.817272186,29162,0.499255449,24374,0.00038504792610183,9333,8481
MLT,Malta,2002,2.841812611,29969,0.506869853,24363,0.00037097616586834,9728,8759
MLT,Malta,2003,2.866566896,31586,0.533197761,24736,0.00037210935261101,10160,9328
MLT,Malta,2004,2.891536474,33170,0.558933794,25541,0.00037665161653422,10218,8962
MLT,Malta,2005,2.916723728,35200,0.593668997,25173,0.00036527268821374,10769,9528
MLT,Malta,2006,2.93307519,37224,0.629606187,28761,0.00040546667878516,10962,9768
MLT,Malta,2007,2.949518442,39360,0.668030143,31477,0.00042726992978714,11728,10459
MLT,Malta,2008,2.966053724,40991,0.697053552,33276,0.00044366432121024,12115,10163
MLT,Malta,2009,2.98268199,42101,0.716073453,35695,0.00047926057595760,12034,10497
MLT,Malta,2010,2.999403238,43949,0.753833115,41957,0.00056776904966682,12923,10798
MLT,Malta,2011,3.016633034,44994,0.774321795,44064,0.00059302680892870,13486,11140
MLT,Malta,2012,3.03410387,46005,0.794334531,47703,0.00063408527057618,13896,11313
MLT,Malta,2013,3.051819086,46980,0.813641667,53458,0.00068214361090213,14306,11337
MLT,Malta,2014,3.069783926,48129,0.837635219,48627,0.00062027748208493,15412,11902
MLT,Malta,2015,3.088002205,51221,0.902190864,50682,0.00065209408057854,17404,14459
MLT,Malta,2016,3.106478453,53966,0.962671816,55152,0.00071991264121607,18463,15003
MLT,Malta,2017,3.125217199,56041,1,56041,0.00071596953785047,19681,15395
MLT,Malta,2018,3.144223213,57899,1.032962918,57879,0.00072698888834566,21230,17014
MLT,Malta,2019,3.163501024,59956,1.071384668,60227,0.00073408614844084,22314,17331
MMR,Myanmar,1950,,,,,,,
MMR,Myanmar,1951,,,,,,,
MMR,Myanmar,1952,,,,,,,
MMR,Myanmar,1953,,,,,,,
MMR,Myanmar,1954,,,,,,,
MMR,Myanmar,1955,,,,,,,
MMR,Myanmar,1956,,,,,,,
MMR,Myanmar,1957,,,,,,,
MMR,Myanmar,1958,,,,,,,
MMR,Myanmar,1959,,,,,,,
MMR,Myanmar,1960,,,,,,,
MMR,Myanmar,1961,,,,,,,
MMR,Myanmar,1962,1.158894181,3046,,3687,,15370,16948
MMR,Myanmar,1963,1.157603383,3366,,4032,,17129,18948
MMR,Myanmar,1964,1.156314015,3661,,4343,,15891,17732
MMR,Myanmar,1965,1.155026197,4281,,5000,,16600,19126
MMR,Myanmar,1966,1.15640986,4157,,4836,,17496,18794
MMR,Myanmar,1967,1.157795191,4345,,5060,,16092,17329
MMR,Myanmar,1968,1.15918231,4819,,5610,,17031,18124
MMR,Myanmar,1969,1.160570979,5163,,5976,,17866,18868
MMR,Myanmar,1970,1.161961317,5597,,6441,,18842,20229
MMR,Myanmar,1971,1.161961079,6044,,6930,,19136,20400
MMR,Myanmar,1972,1.16196084,6315,,7196,,18759,19723
MMR,Myanmar,1973,1.161960483,6482,,7350,,19857,20297
MMR,Myanmar,1974,1.161960244,6647,,7562,,20865,20942
MMR,Myanmar,1975,1.161960006,6865,,7780,,21721,21811
MMR,Myanmar,1976,1.179482341,7303,,8178,,22664,22774
MMR,Myanmar,1977,1.197268963,8054,,8816,,23389,23769
MMR,Myanmar,1978,1.215323806,9043,,9711,,24097,24678
MMR,Myanmar,1979,1.233650923,10065,,10644,,25716,26145
MMR,Myanmar,1980,1.252254367,11086,,11651,,27749,28101
MMR,Myanmar,1981,1.272064328,12254,,12868,,29273,29888
MMR,Myanmar,1982,1.292187691,13326,,13989,,31117,31785
MMR,Myanmar,1983,1.312629342,14125,,14814,,33323,33847
MMR,Myanmar,1984,1.333394527,14801,,15535,,34683,35302
MMR,Myanmar,1985,1.354488134,15392,,16165,,35018,35454
MMR,Myanmar,1986,1.360521793,15802,,16593,,34330,34945
MMR,Myanmar,1987,1.366582513,15854,,16661,,31701,32203
MMR,Myanmar,1988,1.372670174,15771,,16599,,30223,30393
MMR,Myanmar,1989,1.378784895,16068,,16839,,30913,31143
MMR,Myanmar,1990,1.384926915,16639,,17541,,31138,31437
MMR,Myanmar,1991,1.39533627,17193,,18115,,31891,32067
MMR,Myanmar,1992,1.405823827,17789,,18867,,34323,37513
MMR,Myanmar,1993,1.4163903,18673,,19826,,36274,41305
MMR,Myanmar,1994,1.427036166,20098,,21282,,38436,43318
MMR,Myanmar,1995,1.437762022,22159,,23325,,40737,46061
MMR,Myanmar,1996,1.453020096,24559,,25799,,42071,46557
MMR,Myanmar,1997,1.468440294,27102,,28510,,42933,48452
MMR,Myanmar,1998,1.484023929,29869,,31322,,44564,52706
MMR,Myanmar,1999,1.499773145,32931,,34314,,47860,51755
MMR,Myanmar,2000,1.515689373,36297,,37656,,50870,52432
MMR,Myanmar,2001,1.534011602,39794,,41260,,56914,56048
MMR,Myanmar,2002,1.552555323,44254,,46656,,64307,63143
MMR,Myanmar,2003,1.571323276,50524,,53809,,73004,70758
MMR,Myanmar,2004,1.590318084,59084,,64023,,83852,78093
MMR,Myanmar,2005,1.60954237,70575,,78021,,98022,88934
MMR,Myanmar,2006,1.63307786,85643,,96997,,110356,99447
MMR,Myanmar,2007,1.656957388,104479,,120475,,123255,114969
MMR,Myanmar,2008,1.68118608,129166,,152510,,137253,131202
MMR,Myanmar,2009,1.705769062,163162,,197086,,161113,155104
MMR,Myanmar,2010,1.725378036,209693,,259063,,188379,185372
MMR,Myanmar,2011,1.738154769,264660,,327140,,205045,206254
MMR,Myanmar,2012,1.751025915,323793,,273379,,165205,168006
MMR,Myanmar,2013,1.763992548,386955,,441348,,228600,236906
MMR,Myanmar,2014,1.777055144,456432,,528623,,240375,251934
MMR,Myanmar,2015,1.790214419,529216,,551155,,238671,250121
MMR,Myanmar,2016,1.803471208,600242,,598850,,237264,249851
MMR,Myanmar,2017,1.816826105,669410,,669410,,246105,254257
MMR,Myanmar,2018,1.830279827,737753,,739289,,263656,264091
MMR,Myanmar,2019,1.843833327,806089,,812333,,259784,277805
MNE,Montenegro,1950,,,,,,,
MNE,Montenegro,1951,,,,,,,
MNE,Montenegro,1952,,,,,,,
MNE,Montenegro,1953,,,,,,,
MNE,Montenegro,1954,,,,,,,
MNE,Montenegro,1955,,,,,,,
MNE,Montenegro,1956,,,,,,,
MNE,Montenegro,1957,,,,,,,
MNE,Montenegro,1958,,,,,,,
MNE,Montenegro,1959,,,,,,,
MNE,Montenegro,1960,,,,,,,
MNE,Montenegro,1961,,,,,,,
MNE,Montenegro,1962,,,,,,,
MNE,Montenegro,1963,,,,,,,
MNE,Montenegro,1964,,,,,,,
MNE,Montenegro,1965,,,,,,,
MNE,Montenegro,1966,,,,,,,
MNE,Montenegro,1967,,,,,,,
MNE,Montenegro,1968,,,,,,,
MNE,Montenegro,1969,,,,,,,
MNE,Montenegro,1970,,,,,,,
MNE,Montenegro,1971,,,,,,,
MNE,Montenegro,1972,,,,,,,
MNE,Montenegro,1973,,,,,,,
MNE,Montenegro,1974,,,,,,,
MNE,Montenegro,1975,,,,,,,
MNE,Montenegro,1976,,,,,,,
MNE,Montenegro,1977,,,,,,,
MNE,Montenegro,1978,,,,,,,
MNE,Montenegro,1979,,,,,,,
MNE,Montenegro,1980,,,,,,,
MNE,Montenegro,1981,,,,,,,
MNE,Montenegro,1982,,,,,,,
MNE,Montenegro,1983,,,,,,,
MNE,Montenegro,1984,,,,,,,
MNE,Montenegro,1985,,,,,,,
MNE,Montenegro,1986,,,,,,,
MNE,Montenegro,1987,,,,,,,
MNE,Montenegro,1988,,,,,,,
MNE,Montenegro,1989,,,,,,,
MNE,Montenegro,1990,,20056,,16818,,6331,6757
MNE,Montenegro,1991,,20280,,16925,,5642,6155
MNE,Montenegro,1992,,20264,,16909,,4319,4611
MNE,Montenegro,1993,,19982,,16704,,2741,2928
MNE,Montenegro,1994,,19740,,16517,,2767,2986
MNE,Montenegro,1995,,19598,,16407,,3171,3448
MNE,Montenegro,1996,,19647,,16461,,4043,4395
MNE,Montenegro,1997,,19722,,16562,,4261,4662
MNE,Montenegro,1998,,19851,,16768,,4498,4951
MNE,Montenegro,1999,,19956,,16882,,4135,4520
MNE,Montenegro,2000,,20018,,16998,,4531,5020
MNE,Montenegro,2001,,20246,,17259,,5012,5304
MNE,Montenegro,2002,,20651,,17672,,4931,5194
MNE,Montenegro,2003,,20860,,18009,,4986,5283
MNE,Montenegro,2004,,21146,,18449,,5239,5620
MNE,Montenegro,2005,,21539,,18978,,5709,5942
MNE,Montenegro,2006,,22336,,28389,,6604,7603
MNE,Montenegro,2007,,24318,,27172,,8049,9624
MNE,Montenegro,2008,,27071,,29592,,8682,10163
MNE,Montenegro,2009,,28604,,28355,,8575,9589
MNE,Montenegro,2010,,29604,,28303,,9191,10181
MNE,Montenegro,2011,,30430,,30755,,9546,10626
MNE,Montenegro,2012,,31196,,32114,,9165,10267
MNE,Montenegro,2013,,32147,,33285,,9354,10246
MNE,Montenegro,2014,,33021,,33358,,9466,10231
MNE,Montenegro,2015,,34131,,37474,,10071,11122
MNE,Montenegro,2016,,36073,,34751,,10652,11526
MNE,Montenegro,2017,,38558,,38558,,11365,12198
MNE,Montenegro,2018,,41496,,41161,,12071,12825
MNE,Montenegro,2019,,44219,,43644,,12878,13872
MNG,Mongolia,1950,,,,,,,
MNG,Mongolia,1951,,,,,,,
MNG,Mongolia,1952,,,,,,,
MNG,Mongolia,1953,,,,,,,
MNG,Mongolia,1954,,,,,,,
MNG,Mongolia,1955,,,,,,,
MNG,Mongolia,1956,,,,,,,
MNG,Mongolia,1957,,,,,,,
MNG,Mongolia,1958,,,,,,,
MNG,Mongolia,1959,,,,,,,
MNG,Mongolia,1960,,,,,,,
MNG,Mongolia,1961,,,,,,,
MNG,Mongolia,1962,,,,,,,
MNG,Mongolia,1963,,,,,,,
MNG,Mongolia,1964,,,,,,,
MNG,Mongolia,1965,,,,,,,
MNG,Mongolia,1966,,,,,,,
MNG,Mongolia,1967,,,,,,,
MNG,Mongolia,1968,,,,,,,
MNG,Mongolia,1969,,,,,,,
MNG,Mongolia,1970,1.450563431,19899,,5546,,1653,1652
MNG,Mongolia,1971,1.534884572,21551,,6014,,1734,1734
MNG,Mongolia,1972,1.624107242,23244,,6498,,1796,1796
MNG,Mongolia,1973,1.716206789,25120,,7023,,1949,1949
MNG,Mongolia,1974,1.790875554,27042,,7582,,2062,2062
MNG,Mongolia,1975,1.86879313,29100,,8167,,2202,2202
MNG,Mongolia,1976,1.905256867,31242,,8757,,2270,2270
MNG,Mongolia,1977,1.942432046,33473,,9392,,2489,2488
MNG,Mongolia,1978,1.980332613,35982,,10085,,2595,2594
MNG,Mongolia,1979,2.018972635,38675,,10855,,2704,2706
MNG,Mongolia,1980,2.058366776,40975,0.204538703,11502,0.00036254923907109,3139,3141
MNG,Mongolia,1981,2.096017838,44344,0.221554399,12504,0.00038421808858402,2887,2887
MNG,Mongolia,1982,2.134357452,48150,0.240851581,13601,0.00040764178265818,3428,3430
MNG,Mongolia,1983,2.173398733,51133,0.255384266,14395,0.00042646843940020,3894,3897
MNG,Mongolia,1984,2.213153839,54378,0.271319687,15272,0.00043453308171593,4398,4393
MNG,Mongolia,1985,2.25363636,57588,0.286974639,16243,0.00044779828749597,4430,4424
MNG,Mongolia,1986,2.297465563,61809,0.308236957,17423,0.00046430985094048,4798,4791
MNG,Mongolia,1987,2.342147112,65474,0.326206952,18490,0.00047494401223958,5232,5228
MNG,Mongolia,1988,2.387697697,69406,0.345542461,19634,0.00048501163837500,5545,5539
MNG,Mongolia,1989,2.434134007,74333,0.370385289,21081,0.00050546898273751,5521,5511
MNG,Mongolia,1990,2.481473684,73356,0.359891444,20921,0.00033723324304447,7742,7753
MNG,Mongolia,1991,2.487253666,76811,0.376518995,21612,0.00049131427658722,5657,5689
MNG,Mongolia,1992,2.493046999,78822,0.385746956,22002,0.00048873800551519,5370,5459
MNG,Mongolia,1993,2.498853922,81289,0.39725107,23081,0.00050517643103376,4405,4404
MNG,Mongolia,1994,2.504674196,83340,0.406303912,23699,0.00049595517339185,4735,4642
MNG,Mongolia,1995,2.510508299,83507,0.404539794,23908,0.00048295184387825,6145,5988
MNG,Mongolia,1996,2.530176878,85416,0.412902892,24388,0.00046740952529945,5627,5623
MNG,Mongolia,1997,2.549999714,88005,0.425254673,25729,0.00046062943874858,5925,5928
MNG,Mongolia,1998,2.566707134,90408,0.438739091,28560,0.00051694747526199,5668,5989
MNG,Mongolia,1999,2.580228567,92174,0.450436831,32565,0.00057742424542084,5990,6375
MNG,Mongolia,2000,2.593821287,94163,0.46862188,38214,0.00066515820799395,6795,7220
MNG,Mongolia,2001,2.609083652,95138,0.478388399,46385,0.00077642826363444,7595,8101
MNG,Mongolia,2002,2.624435902,95861,0.485615373,58163,0.00098020664881915,8400,8930
MNG,Mongolia,2003,2.639878511,97451,0.498322308,75130,0.00128747173584998,9397,9786
MNG,Mongolia,2004,2.655411959,98891,0.516615152,94036,0.00162833032663912,11269,11623
MNG,Mongolia,2005,2.67103672,100333,0.537242234,105970,0.00198998441919684,13698,13852
MNG,Mongolia,2006,2.695116758,103736,0.580408096,111103,0.00212075933814049,16764,16343
MNG,Mongolia,2007,2.719413757,107797,0.626158178,116774,0.00238985545001924,18715,18852
MNG,Mongolia,2008,2.743929863,112293,0.673188567,123652,0.00290643912740052,19354,20405
MNG,Mongolia,2009,2.768666983,113581,0.708649516,126958,0.00294633675366640,18390,19530
MNG,Mongolia,2010,2.793627262,116730,0.74930048,131964,0.00330081977881491,21892,23139
MNG,Mongolia,2011,2.819951057,125230,0.84082526,141910,0.00378587446175516,26496,29296
MNG,Mongolia,2012,2.846919775,134933,0.935109615,149628,0.00407790578901768,30977,34010
MNG,Mongolia,2013,2.874552727,142524,0.998880804,153301,0.00418638903647661,31478,33190
MNG,Mongolia,2014,2.902870417,146520,1.019588947,155290,0.00403454899787903,33558,32481
MNG,Mongolia,2015,2.931893826,147090,1.004394889,152807,0.00398673536255956,33319,31962
MNG,Mongolia,2016,2.961645126,147662,0.988048851,150012,0.00389554002322257,33484,31330
MNG,Mongolia,2017,2.992147207,151359,1,151359,0.00375739624723792,34781,32624
MNG,Mongolia,2018,3.023423672,157457,1.042873383,157258,0.00393979996442795,35260,34172
MNG,Mongolia,2019,3.055498838,166479,1.11118257,166289,0.00405762623995543,41267,38104
MOZ,Mozambique,1950,,,,,,,
MOZ,Mozambique,1951,,,,,,,
MOZ,Mozambique,1952,,,,,,,
MOZ,Mozambique,1953,,,,,,,
MOZ,Mozambique,1954,,,,,,,
MOZ,Mozambique,1955,,,,,,,
MOZ,Mozambique,1956,,,,,,,
MOZ,Mozambique,1957,,,,,,,
MOZ,Mozambique,1958,,,,,,,
MOZ,Mozambique,1959,,,,,,,
MOZ,Mozambique,1960,1.080726504,3215,,2755,,4533,4059
MOZ,Mozambique,1961,1.085706353,3451,,2927,,4646,4208
MOZ,Mozambique,1962,1.09070909,3670,,3088,,5055,4710
MOZ,Mozambique,1963,1.095734954,3899,,3256,,5181,4782
MOZ,Mozambique,1964,1.100783944,4140,0.041591849,3437,0.00022712789359503,5373,4968
MOZ,Mozambique,1965,1.10585618,4426,0.044438224,3649,0.00022978927881923,5447,5041
MOZ,Mozambique,1966,1.109664202,4793,0.048126731,3927,0.00023540967958979,5600,5113
MOZ,Mozambique,1967,1.113485217,5126,0.051459823,4175,0.00023972628696356,6190,5778
MOZ,Mozambique,1968,1.117319465,5542,0.055642568,4484,0.00024661485804245,6617,6087
MOZ,Mozambique,1969,1.121166945,6053,0.060788713,4871,0.00025685832952149,6993,6442
MOZ,Mozambique,1970,1.125027657,6700,0.067330979,5449,0.00027299139765091,6924,6237
MOZ,Mozambique,1971,1.123547196,7388,0.074278884,5994,0.00028981635114178,7412,6699
MOZ,Mozambique,1972,1.122068644,8095,0.081416816,6558,0.00030473302467726,7738,7030
MOZ,Mozambique,1973,1.120592117,8820,0.08874166,7124,0.00031779072014615,8052,7210
MOZ,Mozambique,1974,1.119117498,9582,0.096440703,7742,0.00032922058016993,8582,7211
MOZ,Mozambique,1975,1.117644787,10338,0.104063973,8343,0.00034742752905004,8758,7374
MOZ,Mozambique,1976,1.114640594,11129,0.112051368,8941,0.00035991764161736,9250,7850
MOZ,Mozambique,1977,1.111644506,11889,0.119712166,9538,0.00036740803625435,9185,7802
MOZ,Mozambique,1978,1.108656406,12632,0.127191931,10091,0.00036928785266355,9344,7979
MOZ,Mozambique,1979,1.105676293,13392,0.134864762,10683,0.00037687143776566,9694,8173
MOZ,Mozambique,1980,1.102704287,14172,0.142720908,11268,0.00037248083390296,9830,7927
MOZ,Mozambique,1981,1.105689049,14924,0.150301665,11906,0.00038448645500466,10524,8535
MOZ,Mozambique,1982,1.108682036,15650,0.157602698,12497,0.00040021527092904,10134,8522
MOZ,Mozambique,1983,1.111683011,15678,0.157595187,12447,0.00039540350553580,8852,7360
MOZ,Mozambique,1984,1.114692211,15883,0.159429938,12523,0.00038658152334392,9461,8133
MOZ,Mozambique,1985,1.117709517,15918,0.159582064,12484,0.00037609456921928,8826,5432
MOZ,Mozambique,1986,1.117764115,16293,0.163333237,12739,0.00037687757867388,9190,8168
MOZ,Mozambique,1987,1.117818713,16827,0.169283211,13480,0.00038055251934566,8046,8111
MOZ,Mozambique,1988,1.117873311,16933,0.171067446,13771,0.00037428201176226,7761,8177
MOZ,Mozambique,1989,1.117927909,17067,0.173334599,13966,0.00037421562592499,8414,8893
MOZ,Mozambique,1990,1.117982626,17271,0.177102342,14103,0.00038146067527123,8526,8890
MOZ,Mozambique,1991,1.117142797,17415,0.179931656,14128,0.00038466296973638,8737,9630
MOZ,Mozambique,1992,1.116303682,17492,0.181144089,14267,0.00037934619467706,7653,8618
MOZ,Mozambique,1993,1.115465164,17589,0.182790399,14434,0.00037609573337250,8308,9362
MOZ,Mozambique,1994,1.114627361,17882,0.185825676,14698,0.00036111028748564,8941,10221
MOZ,Mozambique,1995,1.113790035,18256,0.189999372,15050,0.00035368069075048,9043,10631
MOZ,Mozambique,1996,1.116901398,18660,0.193854854,15372,0.00034405235783197,10613,11490
MOZ,Mozambique,1997,1.120021462,19236,0.199625999,15866,0.00033753528259695,11868,12479
MOZ,Mozambique,1998,1.123150349,19795,0.204476163,16404,0.00032324570929632,12952,13352
MOZ,Mozambique,1999,1.126287818,20568,0.211927831,17072,0.00032196808024310,13936,14305
MOZ,Mozambique,2000,1.129434109,22155,0.229246929,18415,0.00032535218633711,13982,14539
MOZ,Mozambique,2001,1.135416269,23106,0.238761544,19228,0.00033179984893650,15535,15967
MOZ,Mozambique,2002,1.14143014,24606,0.257100284,20719,0.00036424133577384,17369,18660
MOZ,Mozambique,2003,1.147475958,25811,0.271358371,22082,0.00037047537625767,18991,20748
MOZ,Mozambique,2004,1.153553724,26820,0.282892585,23352,0.00038658038829453,20584,21439
MOZ,Mozambique,2005,1.159663677,27972,0.296246469,24848,0.00040973641443998,22859,23340
MOZ,Mozambique,2006,1.163883567,29182,0.310942471,26787,0.00043833095696755,24149,24306
MOZ,Mozambique,2007,1.168118834,30436,0.325386316,29485,0.00047193758655340,25419,25625
MOZ,Mozambique,2008,1.17236948,33030,0.355009079,34250,0.00054063939023763,26680,26735
MOZ,Mozambique,2009,1.176635504,35739,0.385472119,39633,0.00063385895919055,27062,27496
MOZ,Mozambique,2010,1.180917144,39105,0.423721999,45840,0.00074214383494109,26936,27888
MOZ,Mozambique,2011,1.186106086,43158,0.470569909,51533,0.00083343079313636,27507,27487
MOZ,Mozambique,2012,1.191317797,51537,0.569177806,57378,0.00093427777756006,29163,28741
MOZ,Mozambique,2013,1.196552515,60638,0.677643299,71802,0.00116119720041752,29659,30002
MOZ,Mozambique,2014,1.201810122,70675,0.798128903,83763,0.00135530496481806,30976,32855
MOZ,Mozambique,2015,1.207090855,77919,0.881478608,93440,0.00149595446418971,34281,36004
MOZ,Mozambique,2016,1.212394714,83765,0.945950449,94263,0.00150399422273040,34004,39532
MOZ,Mozambique,2017,1.217721939,88782,1,88782,0.00141640647780150,33584,36287
MOZ,Mozambique,2018,1.223072648,101910,1.183482766,101150,0.00165669689886272,33216,36694
MOZ,Mozambique,2019,1.228446841,114400,1.335362792,113496,0.00180851586628705,35367,37395
MRT,Mauritania,1950,,,,,,,
MRT,Mauritania,1951,,,,,,,
MRT,Mauritania,1952,,,,,,,
MRT,Mauritania,1953,,,,,,,
MRT,Mauritania,1954,,,,,,,
MRT,Mauritania,1955,,,,,,,
MRT,Mauritania,1956,,,,,,,
MRT,Mauritania,1957,,,,,,,
MRT,Mauritania,1958,,,,,,,
MRT,Mauritania,1959,,,,,,,
MRT,Mauritania,1960,1.19939971,8496,,6596,,1866,1874
MRT,Mauritania,1961,1.202320576,10154,,7827,,1898,1864
MRT,Mauritania,1962,1.205248713,12204,,9370,,2106,2129
MRT,Mauritania,1963,1.208183885,13184,,10108,,2005,2015
MRT,Mauritania,1964,1.211126208,13504,,10358,,2801,2754
MRT,Mauritania,1965,1.214075804,13813,,10585,,3285,3208
MRT,Mauritania,1966,1.216588855,14127,,10823,,3289,3215
MRT,Mauritania,1967,1.219107151,14976,,11459,,3656,3597
MRT,Mauritania,1968,1.221630692,16372,,12501,,4227,4175
MRT,Mauritania,1969,1.22415936,17377,,13261,,3965,3913
MRT,Mauritania,1970,1.226693273,18509,,14243,,4483,4433
MRT,Mauritania,1971,1.232455492,19661,,15151,,4543,4500
MRT,Mauritania,1972,1.238244891,21623,,16671,,4687,4656
MRT,Mauritania,1973,1.244061351,23935,,18432,,4577,4506
MRT,Mauritania,1974,1.249905109,26567,,20467,,5176,5081
MRT,Mauritania,1975,1.255776405,28939,,22285,,5740,5761
MRT,Mauritania,1976,1.258836389,32581,,25006,,6227,6237
MRT,Mauritania,1977,1.261903763,35464,0.348524958,27214,0.00094861950492486,6107,6152
MRT,Mauritania,1978,1.264978528,35621,0.343322068,27319,0.00088207994122058,5358,5397
MRT,Mauritania,1979,1.268060923,36308,0.342933148,27900,0.00085442321142182,5806,5851
MRT,Mauritania,1980,1.271150708,37178,0.345484793,28573,0.00081723439507186,5822,5822
MRT,Mauritania,1981,1.277967811,38333,0.352903217,29603,0.00081972318002954,6182,6157
MRT,Mauritania,1982,1.28482151,39558,0.362000018,30634,0.00083301443373784,5844,5843
MRT,Mauritania,1983,1.291711807,40810,0.371215492,31494,0.00085255986778066,5902,5893
MRT,Mauritania,1984,1.298639178,42714,0.38632229,32941,0.00085890066111460,5733,5723
MRT,Mauritania,1985,1.305603743,44332,0.398851871,34293,0.00086527853272855,5919,5852
MRT,Mauritania,1986,1.314147711,45413,0.404700994,35174,0.00085789896547794,5958,5951
MRT,Mauritania,1987,1.322747588,46310,0.408936054,35908,0.00083116634050384,6075,6124
MRT,Mauritania,1988,1.331403852,46726,0.408001959,36365,0.00080221070675179,6266,6281
MRT,Mauritania,1989,1.34011662,46889,0.405292869,36656,0.00077848526416346,6446,6360
MRT,Mauritania,1990,1.34888649,46960,0.401951492,36708,0.00075792649295181,6387,6312
MRT,Mauritania,1991,1.362442493,47389,0.402699262,36945,0.00074410607339814,6536,6455
MRT,Mauritania,1992,1.376134634,48316,0.409052074,37749,0.00074382527964190,6790,6787
MRT,Mauritania,1993,1.389964461,48920,0.41297102,38385,0.00074199569644406,7335,7272
MRT,Mauritania,1994,1.403933167,49789,0.418967366,39172,0.00072334992000833,7712,7667
MRT,Mauritania,1995,1.418042302,50709,0.430805802,39941,0.00072104495484382,7635,7478
MRT,Mauritania,1996,1.431767941,50962,0.433315873,40216,0.00071042776107788,8304,8093
MRT,Mauritania,1997,1.445626378,51110,0.430884629,40450,0.00068696966627613,7990,7690
MRT,Mauritania,1998,1.459618926,51785,0.435083032,41311,0.00068078690674156,8191,8057
MRT,Mauritania,1999,1.473746896,52488,0.442698419,42086,0.00068481225753203,8521,8147
MRT,Mauritania,2000,1.488011718,53424,0.461030394,42863,0.00069683109177277,8234,8184
MRT,Mauritania,2001,1.503509164,54335,0.480929643,43772,0.00073106639320031,8153,8119
MRT,Mauritania,2002,1.519168139,56148,0.508333504,45539,0.00080513139255345,8622,8636
MRT,Mauritania,2003,1.534990072,58713,0.544459462,48105,0.00089810829376802,9144,9192
MRT,Mauritania,2004,1.550976872,60958,0.584758282,50525,0.00099903892260045,9185,10605
MRT,Mauritania,2005,1.567130208,63400,0.621951818,53191,0.00113393075298518,10007,10967
MRT,Mauritania,2006,1.584722161,66251,0.651651502,56566,0.00118383590597659,12710,11894
MRT,Mauritania,2007,1.602511644,69805,0.695299983,61213,0.00132704479619861,12469,12373
MRT,Mauritania,2008,1.620500803,72321,0.724963188,65740,0.00145691377110779,12551,12462
MRT,Mauritania,2009,1.638691783,74676,0.749334812,70448,0.00159301259554923,12674,12731
MRT,Mauritania,2010,1.657087088,77093,0.791142941,74895,0.00175920361652970,14499,15369
MRT,Mauritania,2011,1.6770401,79483,0.82914871,78343,0.00182639784179628,16489,16041
MRT,Mauritania,2012,1.697714686,82348,0.877153218,81434,0.00183550559449941,16308,16051
MRT,Mauritania,2013,1.7166785,85169,0.922859728,84254,0.00180795090273023,17139,17795
MRT,Mauritania,2014,1.733373404,87963,0.961259961,87703,0.00177492934744805,15916,16585
MRT,Mauritania,2015,1.750632167,89972,0.985477269,87667,0.00167025916744024,16040,17650
MRT,Mauritania,2016,1.768477917,91501,1.001127362,89874,0.00161480845417827,18256,18554
MRT,Mauritania,2017,1.786935091,91953,1,91953,0.00154873321298510,19479,21135
MRT,Mauritania,2018,1.806029081,93955,1.022395492,93762,0.00147963652852923,19923,20868
MRT,Mauritania,2019,1.825787067,96160,1.043561697,96248,0.00149020913522691,19336,21248
MSR,Montserrat,1950,,,,,,,
MSR,Montserrat,1951,,,,,,,
MSR,Montserrat,1952,,,,,,,
MSR,Montserrat,1953,,,,,,,
MSR,Montserrat,1954,,,,,,,
MSR,Montserrat,1955,,,,,,,
MSR,Montserrat,1956,,,,,,,
MSR,Montserrat,1957,,,,,,,
MSR,Montserrat,1958,,,,,,,
MSR,Montserrat,1959,,,,,,,
MSR,Montserrat,1960,,,,,,,
MSR,Montserrat,1961,,,,,,,
MSR,Montserrat,1962,,,,,,,
MSR,Montserrat,1963,,,,,,,
MSR,Montserrat,1964,,,,,,,
MSR,Montserrat,1965,,,,,,,
MSR,Montserrat,1966,,,,,,,
MSR,Montserrat,1967,,,,,,,
MSR,Montserrat,1968,,,,,,,
MSR,Montserrat,1969,,,,,,,
MSR,Montserrat,1970,,325,,498,,102,127
MSR,Montserrat,1971,,338,,519,,104,130
MSR,Montserrat,1972,,352,,541,,106,133
MSR,Montserrat,1973,,366,,564,,107,134
MSR,Montserrat,1974,,381,,588,,113,135
MSR,Montserrat,1975,,398,,614,,122,144
MSR,Montserrat,1976,,415,,641,,112,139
MSR,Montserrat,1977,,425,,656,,118,137
MSR,Montserrat,1978,,438,,675,,116,141
MSR,Montserrat,1979,,459,,709,,130,157
MSR,Montserrat,1980,,481,,742,,151,169
MSR,Montserrat,1981,,511,,790,,157,173
MSR,Montserrat,1982,,539,,837,,164,184
MSR,Montserrat,1983,,552,,853,,158,177
MSR,Montserrat,1984,,566,,873,,164,181
MSR,Montserrat,1985,,585,,904,,175,194
MSR,Montserrat,1986,,609,,942,,184,207
MSR,Montserrat,1987,,636,,984,,191,219
MSR,Montserrat,1988,,683,,1059,,217,247
MSR,Montserrat,1989,,798,,1237,,246,293
MSR,Montserrat,1990,,982,,1518,,277,340
MSR,Montserrat,1991,,1022,,1576,,217,269
MSR,Montserrat,1992,,1057,,1633,,218,240
MSR,Montserrat,1993,,1075,,1667,,210,235
MSR,Montserrat,1994,,1090,,1694,,217,231
MSR,Montserrat,1995,,1092,,1698,,194,206
MSR,Montserrat,1996,,1092,,1701,,148,139
MSR,Montserrat,1997,,1113,,1740,,120,130
MSR,Montserrat,1998,,1147,,1806,,102,104
MSR,Montserrat,1999,,1170,,1847,,96,103
MSR,Montserrat,2000,,1173,,1854,,88,94
MSR,Montserrat,2001,,1172,,1862,,88,89
MSR,Montserrat,2002,,1177,,1884,,93,92
MSR,Montserrat,2003,,1189,,1920,,95,93
MSR,Montserrat,2004,,1191,,1943,,97,98
MSR,Montserrat,2005,,1186,,1960,,100,100
MSR,Montserrat,2006,,1174,,1958,,99,99
MSR,Montserrat,2007,,1163,,1954,,101,100
MSR,Montserrat,2008,,1155,,1955,,104,106
MSR,Montserrat,2009,,1146,,1949,,107,99
MSR,Montserrat,2010,,1137,,1934,,99,94
MSR,Montserrat,2011,,1128,,1915,,106,113
MSR,Montserrat,2012,,1119,,1670,,103,93
MSR,Montserrat,2013,,1115,,1424,,93,79
MSR,Montserrat,2014,,1113,,1314,,93,79
MSR,Montserrat,2015,,1101,,1263,,96,72
MSR,Montserrat,2016,,1097,,1206,,99,81
MSR,Montserrat,2017,,1091,,1091,,90,72
MSR,Montserrat,2018,,1085,,1083,,94,75
MSR,Montserrat,2019,,1082,,1081,,100,81
MUS,Mauritius,1950,1.329791784,4641,,1956,,2453,2393
MUS,Mauritius,1951,1.333872199,4877,,2058,,2556,2486
MUS,Mauritius,1952,1.337965131,5064,,2134,,2673,2566
MUS,Mauritius,1953,1.34207058,5349,,2253,,2676,2544
MUS,Mauritius,1954,1.346188784,5535,0.061790824,2328,0.00020267386571504,2643,2509
MUS,Mauritius,1955,1.350319505,5762,0.06436459,2424,0.00020317292364780,2779,2631
MUS,Mauritius,1956,1.355844736,5925,0.06612549,2492,0.00020088713790756,2921,2707
MUS,Mauritius,1957,1.361392617,6137,0.068466619,2589,0.00020233822579030,3008,2826
MUS,Mauritius,1958,1.366963148,6428,0.07207647,2733,0.00020732048142236,2869,2761
MUS,Mauritius,1959,1.372556448,6700,0.075265303,2863,0.00020603908342309,3034,2858
MUS,Mauritius,1960,1.378172636,7301,0.082828447,3137,0.00021961510356050,2609,2564
MUS,Mauritius,1961,1.390047789,7673,0.086808421,3296,0.00022145488765091,3076,2888
MUS,Mauritius,1962,1.402025104,7981,0.089812376,3417,0.00021846174786333,3332,3180
MUS,Mauritius,1963,1.414105654,8309,0.093310401,3561,0.00021578403539024,4075,3258
MUS,Mauritius,1964,1.426290393,8452,0.094768852,3623,0.00020146174938418,4288,3715
MUS,Mauritius,1965,1.438580036,8732,0.097807303,3749,0.00019863790657837,3804,3509
MUS,Mauritius,1966,1.450975657,8754,0.097623177,3741,0.00018750118033495,4018,3620
MUS,Mauritius,1967,1.463477969,8976,0.099782355,3838,0.00018353154882789,4112,3940
MUS,Mauritius,1968,1.476088166,9026,0.100010723,3864,0.00017524545546621,3471,3222
MUS,Mauritius,1969,1.488806844,9190,0.101777881,3932,0.00017048238078132,3563,3249
MUS,Mauritius,1970,1.501635194,9185,0.101044923,3943,0.00016279812552966,3943,3931
MUS,Mauritius,1971,1.526731849,9260,0.101610258,3991,0.00015817667008378,4051,4188
MUS,Mauritius,1972,1.552247882,9382,0.10297329,4067,0.00015519671433140,4350,4379
MUS,Mauritius,1973,1.578190327,9894,0.109702595,4308,0.00015918754797895,4466,4586
MUS,Mauritius,1974,1.604566336,10351,0.115094602,4553,0.00015933398390189,4823,4449
MUS,Mauritius,1975,1.6313833,11161,0.1253822,4975,0.00017208076315001,4678,4473
MUS,Mauritius,1976,1.658648372,11927,0.135024846,5346,0.00018079957226291,5864,5962
MUS,Mauritius,1977,1.686369061,12743,0.144668862,5701,0.00018662639195100,5975,6254
MUS,Mauritius,1978,1.713222504,13625,0.154706702,6088,0.00015614069707226,6092,6420
MUS,Mauritius,1979,1.734759808,14388,0.163272873,6415,0.00015922324382700,6175,6020
MUS,Mauritius,1980,1.756567955,14875,0.168889359,6614,0.00015664198144805,5755,6036
MUS,Mauritius,1981,1.783108115,15270,0.173277706,6824,0.00015593141142745,5802,6287
MUS,Mauritius,1982,1.810049295,15515,0.175154954,6949,0.00015512283425778,6263,6523
MUS,Mauritius,1983,1.837397337,15800,0.177907944,7058,0.00015526857168879,6534,6677
MUS,Mauritius,1984,1.865158796,16145,0.181561738,7192,0.00015355844516307,6667,7743
MUS,Mauritius,1985,1.893339634,16585,0.186653703,7362,0.00015233347949106,7064,7639
MUS,Mauritius,1986,1.921946287,17227,0.194574997,7760,0.00015655734750908,8330,8370
MUS,Mauritius,1987,1.950985193,18149,0.206628293,8538,0.00016602847608738,9418,10403
MUS,Mauritius,1988,1.98046267,19665,0.228017405,9865,0.00018794227798935,9720,10572
MUS,Mauritius,1989,2.010385752,20901,0.243455321,11541,0.00021471006039064,10140,11111
MUS,Mauritius,1990,2.040760756,22560,0.265886843,13993,0.00025474050198682,11091,12178
MUS,Mauritius,1991,2.06383872,24027,0.283280373,17082,0.00030444186995737,11860,13278
MUS,Mauritius,1992,2.087177753,25563,0.30116266,21314,0.00036673454451375,12823,13442
MUS,Mauritius,1993,2.110780478,27177,0.319976687,26989,0.00044800637988374,13449,14440
MUS,Mauritius,1994,2.13465023,29066,0.342876464,34218,0.00055517873261124,14208,15545
MUS,Mauritius,1995,2.158789873,30394,0.356336683,41146,0.00062637135852128,15667,16544
MUS,Mauritius,1996,2.183202744,32073,0.37617898,45935,0.00066394882742316,17354,18635
MUS,Mauritius,1997,2.207891464,33984,0.401096582,47046,0.00064435933018103,17170,18618
MUS,Mauritius,1998,2.232859373,35650,0.421102256,45665,0.00059455441078171,17927,19140
MUS,Mauritius,1999,2.25810957,38026,0.452241838,43798,0.00054196076234803,17563,19105
MUS,Mauritius,2000,2.283645391,39955,0.474682331,41183,0.00047301562153734,18135,19275
MUS,Mauritius,2001,2.302233458,41999,0.498993844,39199,0.00042366608977318,17944,18870
MUS,Mauritius,2002,2.320972681,43973,0.52084887,37773,0.00039359263610095,18312,18936
MUS,Mauritius,2003,2.339864492,46465,0.550050676,37434,0.00037333881482482,18173,18730
MUS,Mauritius,2004,2.358910084,48917,0.578127086,37962,0.00036091447691433,18445,18701
MUS,Mauritius,2005,2.378110647,51167,0.604370773,39453,0.00035937089705840,17579,18000
MUS,Mauritius,2006,2.397467613,54130,0.641947627,43334,0.00037686037831008,18506,19204
MUS,Mauritius,2007,2.416982174,57266,0.679519653,49625,0.00040928286034614,20102,21196
MUS,Mauritius,2008,2.436655283,60369,0.713735104,58587,0.00045834219781682,20453,21060
MUS,Mauritius,2009,2.456488848,63912,0.75334388,70431,0.00052303838310763,20252,20612
MUS,Mauritius,2010,2.476483583,67322,0.789296389,82749,0.00060565059538931,20568,20987
MUS,Mauritius,2011,2.497079372,70761,0.825663328,91116,0.00064115901477635,22723,23206
MUS,Mauritius,2012,2.517846346,74074,0.861473918,89326,0.00059693190269172,23255,23809
MUS,Mauritius,2013,2.538785934,77077,0.895127654,87435,0.00055570289259777,23811,24091
MUS,Mauritius,2014,2.559899569,79626,0.923262358,85914,0.00052390841301531,24483,24655
MUS,Mauritius,2015,2.574240685,81806,0.946078122,86528,0.00050606956938282,25492,25147
MUS,Mauritius,2016,2.588634729,84143,0.971934021,86726,0.00049308611778542,27257,27534
MUS,Mauritius,2017,2.603109598,86684,1,86684,0.00047895740135573,27944,28157
MUS,Mauritius,2018,2.617665291,89806,1.035685897,89702,0.00048282387433574,28537,28813
MUS,Mauritius,2019,2.632302284,93354,1.077423334,93397,0.00047517477651127,29426,30031
MWI,Malawi,1950,,,,,,,
MWI,Malawi,1951,,,,,,,
MWI,Malawi,1952,,,,,,,
MWI,Malawi,1953,,,,,,,
MWI,Malawi,1954,1.289232492,718,,1119,,2388,2393
MWI,Malawi,1955,1.29242599,755,,1172,,2533,2537
MWI,Malawi,1956,1.298770189,795,,1231,,2697,2701
MWI,Malawi,1957,1.305145502,854,,1314,,2911,2914
MWI,Malawi,1958,1.311552167,907,,1392,,2966,2968
MWI,Malawi,1959,1.317990184,906,,1395,,2859,2863
MWI,Malawi,1960,1.324459791,958,,1467,,3148,3149
MWI,Malawi,1961,1.324717879,1040,,1584,,3245,3248
MWI,Malawi,1962,1.324975967,1072,,1637,,3327,3327
MWI,Malawi,1963,1.325234175,1119,,1712,,3377,3376
MWI,Malawi,1964,1.325492382,1135,,1740,,3355,3352
MWI,Malawi,1965,1.325750709,1230,,1876,,3892,3888
MWI,Malawi,1966,1.326009035,1374,,2079,,4423,4503
MWI,Malawi,1967,1.326267362,1467,,2214,,4574,4675
MWI,Malawi,1968,1.326525807,1611,,2418,,4710,4802
MWI,Malawi,1969,1.326784372,1794,,2678,,5080,5154
MWI,Malawi,1970,1.327042818,2110,,3115,,5318,5338
MWI,Malawi,1971,1.32840991,2394,,3513,,6033,6075
MWI,Malawi,1972,1.329778433,2758,,4022,,6613,6678
MWI,Malawi,1973,1.331148386,3482,,4998,,6364,6496
MWI,Malawi,1974,1.33251965,4133,,5905,,6808,6897
MWI,Malawi,1975,1.333892465,5087,,7203,,7130,7276
MWI,Malawi,1976,1.335266709,5868,,7578,,7307,7318
MWI,Malawi,1977,1.336642265,6664,,7292,,7405,7387
MWI,Malawi,1978,1.338019252,8100,,7674,,7577,7679
MWI,Malawi,1979,1.339397669,9049,,7864,,7214,7516
MWI,Malawi,1980,1.340777397,9760,,8190,,7519,7719
MWI,Malawi,1981,1.342759013,10005,,8388,,7997,8025
MWI,Malawi,1982,1.34474349,10247,,9084,,8438,8470
MWI,Malawi,1983,1.346730828,10476,,10332,,9054,9170
MWI,Malawi,1984,1.348721266,10675,,11986,,9862,9816
MWI,Malawi,1985,1.350714445,10860,,13215,,11007,11060
MWI,Malawi,1986,1.352710724,10822,,13490,,10309,10380
MWI,Malawi,1987,1.354709864,10853,,13864,,9828,9900
MWI,Malawi,1988,1.356711984,10998,,14417,,9301,9516
MWI,Malawi,1989,1.358717084,11240,,15096,,9971,10324
MWI,Malawi,1990,1.360725164,11372,,15716,,9823,10023
MWI,Malawi,1991,1.380932808,11908,,16810,,10608,10742
MWI,Malawi,1992,1.40144062,12150,,17639,,9531,9564
MWI,Malawi,1993,1.422252893,12311,,18456,,10248,10241
MWI,Malawi,1994,1.443374276,12220,,18873,,11196,11915
MWI,Malawi,1995,1.464809418,12166,,19318,,11359,11489
MWI,Malawi,1996,1.486562848,12098,,19654,,11328,11098
MWI,Malawi,1997,1.508639216,12105,,20105,,12397,12176
MWI,Malawi,1998,1.53104353,12075,,20767,,10593,10370
MWI,Malawi,1999,1.553780556,12176,,21809,,10562,10786
MWI,Malawi,2000,1.576855183,12258,,23088,,10443,10614
MWI,Malawi,2001,1.588000059,12350,,24794,,9709,9785
MWI,Malawi,2002,1.599223733,12274,,26498,,11504,11890
MWI,Malawi,2003,1.610526562,12330,,28626,,11847,12313
MWI,Malawi,2004,1.621909499,12595,,30931,,13386,14211
MWI,Malawi,2005,1.633372784,13186,,33221,,14171,15348
MWI,Malawi,2006,1.644917011,14359,,35511,,15092,16007
MWI,Malawi,2007,1.656542897,15717,,37398,,18255,19315
MWI,Malawi,2008,1.668250918,17452,,38966,,19862,22525
MWI,Malawi,2009,1.68004179,18118,,38234,,16743,17136
MWI,Malawi,2010,1.69191587,18586,,36954,,16685,16997
MWI,Malawi,2011,1.731210232,18863,,35487,,17730,17917
MWI,Malawi,2012,1.766999841,19123,,31663,,16101,16573
MWI,Malawi,2013,1.803529382,19471,,31016,,16672,19010
MWI,Malawi,2014,1.840814114,19893,,27240,,17158,17539
MWI,Malawi,2015,1.878869534,20340,,23788,,17651,18787
MWI,Malawi,2016,1.917711854,20811,,22618,,17054,18679
MWI,Malawi,2017,1.957357049,21339,,21339,,18405,20277
MWI,Malawi,2018,1.997821927,21899,,21807,,19107,20632
MWI,Malawi,2019,2.039123058,22509,,22391,,20315,21735
MYS,Malaysia,1950,,,,,,,
MYS,Malaysia,1951,,,,,,,
MYS,Malaysia,1952,,,,,,,
MYS,Malaysia,1953,,,,,,,
MYS,Malaysia,1954,,,,,,,
MYS,Malaysia,1955,1.313363791,44046,,81876,,19874,17221
MYS,Malaysia,1956,1.321312666,44527,,83026,,19863,18229
MYS,Malaysia,1957,1.329309583,45249,,84143,,19359,18431
MYS,Malaysia,1958,1.337354898,45922,,85575,,18720,18388
MYS,Malaysia,1959,1.345448971,46523,0.011437723,87002,0.00693106604740024,22350,19658
MYS,Malaysia,1960,1.353592038,48393,0.011881138,90601,0.00680964766070247,24887,20788
MYS,Malaysia,1961,1.366992235,50552,0.0123928,94376,0.00670043425634503,24926,22739
MYS,Malaysia,1962,1.380525112,53402,0.013110241,99824,0.00682235416024923,26038,24472
MYS,Malaysia,1963,1.39419198,56402,0.013868442,105304,0.00694146379828453,26961,26439
MYS,Malaysia,1964,1.407994151,59383,0.014621145,110817,0.00710208620876074,28535,28733
MYS,Malaysia,1965,1.421932936,62776,0.01547849,116632,0.00717698317021132,31237,30598
MYS,Malaysia,1966,1.436935186,66368,0.016393045,123098,0.00726714590564370,32870,32854
MYS,Malaysia,1967,1.452095747,70214,0.01737771,129804,0.00735327089205384,33145,33834
MYS,Malaysia,1968,1.467416167,74167,0.018387057,136740,0.00745027512311935,34148,35586
MYS,Malaysia,1969,1.482898355,77591,0.019226355,142869,0.00750313466414809,37487,36684
MYS,Malaysia,1970,1.498543859,83065,0.020664779,152734,0.00777050992473960,39380,39854
MYS,Malaysia,1971,1.526886344,92605,0.023206377,163864,0.00837334059178829,46590,48874
MYS,Malaysia,1972,1.555764914,103497,0.026086228,169813,0.00857675168663263,48607,52637
MYS,Malaysia,1973,1.5851897,116141,0.029496664,173761,0.00871970411390066,58173,59680
MYS,Malaysia,1974,1.615170956,131722,0.033714071,182243,0.00906194653362036,64136,66663
MYS,Malaysia,1975,1.645719409,144991,0.037178453,191130,0.00947421602904797,60549,64546
MYS,Malaysia,1976,1.676395059,158584,0.040765706,201840,0.01002988312393430,72362,71912
MYS,Malaysia,1977,1.707642674,174476,0.045091014,215253,0.01054311729967590,78724,77070
MYS,Malaysia,1978,1.731957197,191539,0.050060518,228751,0.01089948695153000,83175,82775
MYS,Malaysia,1979,1.756234646,212319,0.056215756,245953,0.01148822344839570,94194,90702
MYS,Malaysia,1980,1.780852437,239227,0.064454935,268526,0.01203088648617270,103050,99090
MYS,Malaysia,1981,1.819847465,271154,0.074688055,296977,0.01302491221576930,104184,105047
MYS,Malaysia,1982,1.859696627,304314,0.085401274,325231,0.01413349620997910,109877,112060
MYS,Malaysia,1983,1.900418162,339252,0.095796376,353627,0.01516573224216700,118522,119272
MYS,Malaysia,1984,1.942031503,373459,0.107022293,379418,0.01570560410618780,130637,127927
MYS,Malaysia,1985,1.98455596,400851,0.115823731,399959,0.01595193520188330,125469,120534
MYS,Malaysia,1986,2.026950836,418610,0.121369168,410639,0.01565231010317800,114894,109654
MYS,Malaysia,1987,2.070251703,433512,0.125895068,417814,0.01499815005809070,125402,117710
MYS,Malaysia,1988,2.114477158,453730,0.132947013,430060,0.01472078822553160,138575,129095
MYS,Malaysia,1989,2.159647465,485948,0.144527674,452437,0.01492961309850220,149457,143963
MYS,Malaysia,1990,2.20578289,530755,0.160346717,486692,0.01545634400099520,161440,160798
MYS,Malaysia,1991,2.252579212,587907,0.180455551,526540,0.01630789972841740,176745,177294
MYS,Malaysia,1992,2.300368071,650380,0.202035934,572521,0.01703730598092080,193444,191573
MYS,Malaysia,1993,2.349170923,725814,0.22805196,629654,0.01801063120365140,214163,205984
MYS,Malaysia,1994,2.399008989,814015,0.258517504,695609,0.01917278394103050,234068,225035
MYS,Malaysia,1995,2.449904442,926331,0.297317415,779479,0.02042981609702110,258401,248902
MYS,Malaysia,1996,2.479343891,1044667,0.33798936,867818,0.02157699875533580,283857,268138
MYS,Malaysia,1997,2.509136677,1171745,0.38155064,964815,0.02263943850994110,302659,286947
MYS,Malaysia,1998,2.539287806,1206066,0.391805142,990412,0.02179041504859920,288137,251788
MYS,Malaysia,1999,2.566588402,1232989,0.398080945,1014818,0.02084139175713060,308842,264001
MYS,Malaysia,2000,2.58731246,1288713,0.416381508,1060646,0.02035373263061050,333828,307224
MYS,Malaysia,2001,2.615091085,1341126,0.432921052,1109577,0.02032059431076050,330317,303091
MYS,Malaysia,2002,2.643168211,1392808,0.450670034,1160112,0.02093994989991190,353442,325309
MYS,Malaysia,2003,2.671546698,1448075,0.47031185,1212294,0.02148835174739360,382666,344941
MYS,Malaysia,2004,2.700229645,1505799,0.491622567,1268597,0.02185949869453910,418299,380407
MYS,Malaysia,2005,2.729220867,1570962,0.51737541,1333956,0.02297499217092990,454721,421896
MYS,Malaysia,2006,2.759387732,1639948,0.543463647,1416676,0.02391024120152000,487219,442016
MYS,Malaysia,2007,2.789888382,1721064,0.57343936,1526252,0.02518534101545810,524663,487091
MYS,Malaysia,2008,2.820725918,1800663,0.601237118,1652265,0.02698444016277790,588679,536333
MYS,Malaysia,2009,2.851904631,1874201,0.626215339,1776138,0.02927730791270730,573023,514644
MYS,Malaysia,2010,2.88342762,1964747,0.658817828,1915010,0.03131242841482160,614990,553859
MYS,Malaysia,2011,2.904488802,2061785,0.693223476,2038416,0.03261099755764010,675154,623523
MYS,Malaysia,2012,2.925703764,2193568,0.74016577,2163197,0.03342641144990920,716466,669644
MYS,Malaysia,2013,2.947073698,2338226,0.790910482,2294652,0.03401557356119160,716396,690253
MYS,Malaysia,2014,2.968599558,2488534,0.842147171,2447147,0.03501221910119060,744664,696353
MYS,Malaysia,2015,2.990283012,2642919,0.892937303,2624069,0.03640019148588180,762711,703718
MYS,Malaysia,2016,3.012124777,2799154,0.944217741,2784869,0.03738685697317120,778469,721369
MYS,Malaysia,2017,3.034125805,2966762,1,2966762,0.03866463527083400,814839,751462
MYS,Malaysia,2018,3.056287766,3131948,1.054084659,3125639,0.03974328562617300,850124,783649
MYS,Malaysia,2019,3.078611374,3284697,1.103138089,3279240,0.04035516828298570,889646,818145
NAM,Namibia,1950,,,,,,,
NAM,Namibia,1951,,,,,,,
NAM,Namibia,1952,,,,,,,
NAM,Namibia,1953,,,,,,,
NAM,Namibia,1954,,,,,,,
NAM,Namibia,1955,,,,,,,
NAM,Namibia,1956,,,,,,,
NAM,Namibia,1957,,,,,,,
NAM,Namibia,1958,,,,,,,
NAM,Namibia,1959,,,,,,,
NAM,Namibia,1960,1.50184083,3771,,3261,,2923,2397
NAM,Namibia,1961,1.506929278,4071,,3520,,2928,2433
NAM,Namibia,1962,1.512034893,4404,,3808,,3329,2894
NAM,Namibia,1963,1.517157912,4757,,4111,,3573,3105
NAM,Namibia,1964,1.522298217,5126,0.056150392,4423,0.00024609625688754,4112,3505
NAM,Namibia,1965,1.527455926,5572,0.061170608,4800,0.00025644773268141,4356,3650
NAM,Namibia,1966,1.537620783,6143,0.067672789,5282,0.00027044618036598,4571,3885
NAM,Namibia,1967,1.547853231,6743,0.074641421,5797,0.00028826660127379,4414,3910
NAM,Namibia,1968,1.558153868,7392,0.082245156,6352,0.00030568338115700,4551,4064
NAM,Namibia,1969,1.56852293,8080,0.090274222,6940,0.00032321063918062,4814,4356
NAM,Namibia,1970,1.578961015,8963,0.100781277,7739,0.00034979070187546,4986,4725
NAM,Namibia,1971,1.595649481,9856,0.111318685,8524,0.00037478763260879,5246,4965
NAM,Namibia,1972,1.612514257,10720,0.121379495,9275,0.00039453778299503,5338,5078
NAM,Namibia,1973,1.629557252,11583,0.131327018,9995,0.00040894772973843,5521,5244
NAM,Namibia,1974,1.646780372,12505,0.141974762,10794,0.00042026559822261,5985,5478
NAM,Namibia,1975,1.664185643,13410,0.15228641,11586,0.00044271777733229,6131,5598
NAM,Namibia,1976,1.684908986,14269,0.16190882,12299,0.00045658450108022,6169,5703
NAM,Namibia,1977,1.705890536,15124,0.17144081,13011,0.00046414742246270,6265,5678
NAM,Namibia,1978,1.722688675,15967,0.180804506,13700,0.00046582159120590,6319,5814
NAM,Namibia,1979,1.73883307,16749,0.189228147,14353,0.00047044569510035,6494,6029
NAM,Namibia,1980,1.755128622,17842,0.202036604,15250,0.00047616957454011,7550,6220
NAM,Namibia,1981,1.77651453,18692,0.211218342,16076,0.00050576264038682,6809,6311
NAM,Namibia,1982,1.798161149,19188,0.215201765,16597,0.00052841065917164,6868,6542
NAM,Namibia,1983,1.82007134,19316,0.214801982,16719,0.00054291315609589,6561,6380
NAM,Namibia,1984,1.842248678,19302,0.212479487,16734,0.00053715863032267,6781,6578
NAM,Namibia,1985,1.864696145,19328,0.210269794,16772,0.00053364207269624,7620,6877
NAM,Namibia,1986,1.8924402,19325,0.207836598,16772,0.00053162506083027,7751,7154
NAM,Namibia,1987,1.920597076,19386,0.208339363,16842,0.00053066614782438,7441,7269
NAM,Namibia,1988,1.949173093,19569,0.210636139,17047,0.00053111708257347,7853,7267
NAM,Namibia,1989,1.97817409,19843,0.214187235,17347,0.00052810867782682,8168,7549
NAM,Namibia,1990,2.007606506,20329,0.224323839,17811,0.00057174568064511,7183,6949
NAM,Namibia,1991,2.010581732,20435,0.225492641,17855,0.00056267972104251,7590,7797
NAM,Namibia,1992,2.013561249,20974,0.233922347,18364,0.00053470197599381,7960,8133
NAM,Namibia,1993,2.016545296,21560,0.240969926,18909,0.00051506271120161,8117,8336
NAM,Namibia,1994,2.019533873,22208,0.250414908,19509,0.00048565282486379,8478,8512
NAM,Namibia,1995,2.022526503,23066,0.262715161,20292,0.00048568480997346,8616,8850
NAM,Namibia,1996,2.018210888,24190,0.278898776,21323,0.00048112476360984,9297,9333
NAM,Namibia,1997,2.013904095,24907,0.28837797,21979,0.00046411887160502,9531,9604
NAM,Namibia,1998,2.0096066,26059,0.305428803,23103,0.00046790044871159,9871,10038
NAM,Namibia,1999,2.005318165,27205,0.322631001,24148,0.00047096257912926,10282,10454
NAM,Namibia,2000,2.001039267,28002,0.332901806,24805,0.00045328514534049,10888,10747
NAM,Namibia,2001,2.016995192,29582,0.354722351,26167,0.00046315748477355,11362,11130
NAM,Namibia,2002,2.033078194,30955,0.379566997,27404,0.00049692706670612,12026,11675
NAM,Namibia,2003,2.049289703,31958,0.397554576,28334,0.00052009057253599,11973,11639
NAM,Namibia,2004,2.065630436,33007,0.414425015,29472,0.00052562140626833,13348,12708
NAM,Namibia,2005,2.082101345,34054,0.43119213,30675,0.00054280884796754,14083,13677
NAM,Namibia,2006,2.093305349,35871,0.460281998,33559,0.00056644744472578,15895,15168
NAM,Namibia,2007,2.104569912,38013,0.490529984,38562,0.00060979783302173,16555,15745
NAM,Namibia,2008,2.115894794,40760,0.531557918,46932,0.00070960895391181,18201,17253
NAM,Namibia,2009,2.127280712,43965,0.585115254,58948,0.00088876165682450,18566,17223
NAM,Namibia,2010,2.138727903,46805,0.632149398,72003,0.00106894329655915,20018,18393
NAM,Namibia,2011,2.150542021,49180,0.665593505,79797,0.00113921181764454,21620,19946
NAM,Namibia,2012,2.162525892,52916,0.730205536,76896,0.00110365939326584,23001,21620
NAM,Namibia,2013,2.174682617,57300,0.802966952,84712,0.00121583789587021,22978,21438
NAM,Namibia,2014,2.187015057,63191,0.894274056,87826,0.00124364148359746,24284,24601
NAM,Namibia,2015,2.199526787,68327,0.958725095,84709,0.00117370218504220,24918,25204
NAM,Namibia,2016,2.21222043,70743,0.985009551,79070,0.00106874911580235,24781,24702
NAM,Namibia,2017,2.225099564,72290,1,72290,0.00093691097572446,24756,23839
NAM,Namibia,2018,2.238167763,73824,1.018833041,74211,0.00093930738512427,25117,23341
NAM,Namibia,2019,2.251428366,75324,1.03533411,75638,0.00092276610666886,25192,23621
NER,Niger,1950,,,,,,,
NER,Niger,1951,,,,,,,
NER,Niger,1952,,,,,,,
NER,Niger,1953,,,,,,,
NER,Niger,1954,,,,,,,
NER,Niger,1955,,,,,,,
NER,Niger,1956,,,,,,,
NER,Niger,1957,,,,,,,
NER,Niger,1958,,,,,,,
NER,Niger,1959,,,,,,,
NER,Niger,1960,1.009294748,58777,,40747,,6745,6838
NER,Niger,1961,1.009311795,57565,,39875,,7236,7356
NER,Niger,1962,1.009328842,57047,,39568,,7950,8151
NER,Niger,1963,1.009345889,57234,,39641,,8691,8858
NER,Niger,1964,1.009363055,57100,0.434262067,39538,0.00187086453661323,8503,8753
NER,Niger,1965,1.009380102,56644,0.430332273,39063,0.00176996423397213,8860,9122
NER,Niger,1966,1.009397149,56157,0.4259893,38699,0.00166870397515595,8734,9052
NER,Niger,1967,1.009414315,55862,0.423554033,38418,0.00159346626605839,8885,9261
NER,Niger,1968,1.009431362,55698,0.422355384,38238,0.00152163556776941,9098,9460
NER,Niger,1969,1.009448409,54864,0.414969802,37582,0.00143712002318352,8303,8736
NER,Niger,1970,1.009465575,54848,0.415043741,37449,0.00138950289692730,8656,9197
NER,Niger,1971,1.010529637,54376,0.410887092,37473,0.00131657428573817,9050,9492
NER,Niger,1972,1.011594892,54446,0.411422461,36877,0.00128550943918526,8767,9190
NER,Niger,1973,1.012661338,55448,0.417916656,37527,0.00124661566223949,7398,7874
NER,Niger,1974,1.013728738,56354,0.42219907,38377,0.00120782048907131,8473,8800
NER,Niger,1975,1.014797449,56794,0.423734516,39679,0.00113730190787464,7532,8066
NER,Niger,1976,1.015867233,57299,0.426515937,39837,0.00112791557330638,8081,8699
NER,Niger,1977,1.01693809,58083,0.433345973,40618,0.00109792558941990,8979,9731
NER,Niger,1978,1.01801002,59516,0.444284618,41602,0.00109162076842040,9087,10256
NER,Niger,1979,1.019083261,61520,0.460359365,42967,0.00111199100501835,10837,11493
NER,Niger,1980,1.020157456,64339,0.483312756,44554,0.00112657004501671,11184,11347
NER,Niger,1981,1.023779154,66429,0.498749703,46503,0.00112671428360045,10528,10826
NER,Niger,1982,1.027413726,67023,0.500688612,47404,0.00110745523124933,10876,10993
NER,Niger,1983,1.031061172,67227,0.5000934,47090,0.00113364541903138,10860,10756
NER,Niger,1984,1.034721494,66606,0.494289488,45720,0.00111235748045146,8379,8336
NER,Niger,1985,1.038394928,66075,0.487830967,46401,0.00103330402635038,9122,9054
NER,Niger,1986,1.042081356,65712,0.481235206,45916,0.00102840701583773,9134,9093
NER,Niger,1987,1.045780897,65471,0.47535184,45928,0.00097372586606070,9129,9126
NER,Niger,1988,1.049493551,65147,0.469202429,45999,0.00093550869496539,9230,9137
NER,Niger,1989,1.053219318,64982,0.46484834,46033,0.00092102133203298,9115,9035
NER,Niger,1990,1.056958437,64690,0.459070086,46053,0.00090333353728056,9492,9433
NER,Niger,1991,1.062905431,64250,0.452454805,45553,0.00089063268387690,9504,9434
NER,Niger,1992,1.068886042,63813,0.445926338,45316,0.00088160776067525,9456,9431
NER,Niger,1993,1.07490015,63558,0.44181785,45430,0.00086399284191430,9391,9420
NER,Niger,1994,1.080948234,63627,0.441550404,45530,0.00084413500735536,9493,9579
NER,Niger,1995,1.087030292,63560,0.441407204,45527,0.00082305766409263,10187,10357
NER,Niger,1996,1.093146563,63583,0.440310061,45692,0.00079313165042549,10300,10284
NER,Niger,1997,1.099297166,63692,0.440416873,45820,0.00076581636676565,10363,10426
NER,Niger,1998,1.105482459,63994,0.442813128,46330,0.00076045491732657,11406,11578
NER,Niger,1999,1.111702561,64065,0.444825083,46599,0.00073496764525771,11524,11791
NER,Niger,2000,1.117957711,64306,0.446217805,47013,0.00069420429645106,11201,11464
NER,Niger,2001,1.122800827,64936,0.454331875,47661,0.00068906228989363,12142,12508
NER,Niger,2002,1.127664924,65706,0.462168783,48641,0.00070503726601601,12784,13222
NER,Niger,2003,1.13255012,66291,0.468616247,49450,0.00069954484933987,13308,13811
NER,Niger,2004,1.137456417,66980,0.478556156,50269,0.00070392078487203,13040,13379
NER,Niger,2005,1.142384052,68387,0.495862275,51678,0.00072122452547774,13978,14136
NER,Niger,2006,1.147333026,69935,0.520398259,53776,0.00074493518332019,14659,14965
NER,Niger,2007,1.152303338,71497,0.538784206,57239,0.00076461170101538,15147,15348
NER,Niger,2008,1.157295227,74706,0.574723721,63481,0.00085154816042632,16629,16637
NER,Niger,2009,1.162308812,78168,0.62232393,71179,0.00097889418248087,16630,17289
NER,Niger,2010,1.167344093,82297,0.67480588,80051,0.00113183108624071,18045,19751
NER,Niger,2011,1.173612475,86113,0.725153506,88282,0.00126487726811320,19028,19494
NER,Niger,2012,1.179914594,89770,0.768098712,95722,0.00130713440012187,21439,21563
NER,Niger,2013,1.186250448,93625,0.811986327,96461,0.00129093602299690,21531,21613
NER,Niger,2014,1.192620397,97996,0.861041784,97446,0.00129463872872293,22439,22906
NER,Niger,2015,1.199024558,103251,0.912488818,100720,0.00130922405514866,22726,23783
NER,Niger,2016,1.205463052,106934,0.954458058,103512,0.00132889975793660,23383,23803
NER,Niger,2017,1.211936235,111134,1,111134,0.00139286729972810,24471,24375
NER,Niger,2018,1.218444109,116115,1.053086877,115716,0.00143559800926596,26165,26686
NER,Niger,2019,1.224986911,121909,1.119353056,121287,0.00147312495391816,27303,28234
NGA,Nigeria,1950,,111338,,145041,,58697,58341
NGA,Nigeria,1951,,119746,,155208,,59534,58977
NGA,Nigeria,1952,,130366,,168452,,61065,59862
NGA,Nigeria,1953,,141782,,182826,,63908,62687
NGA,Nigeria,1954,,154305,0.047340572,198850,0.02108419686555860,71385,69553
NGA,Nigeria,1955,,170753,0.051572882,220202,0.02151229605078700,68952,66922
NGA,Nigeria,1956,,186091,0.055497412,240541,0.01981710828840730,66883,64633
NGA,Nigeria,1957,,204282,0.060399,264070,0.01893755979835990,65930,63952
NGA,Nigeria,1958,,219619,0.064435557,284202,0.01860873028635980,70623,68238
NGA,Nigeria,1959,,238260,0.069565676,308983,0.02032666839659210,78737,76035
NGA,Nigeria,1960,1.15172267,256433,0.074622318,334358,0.02076111733913420,88923,84622
NGA,Nigeria,1961,1.151724935,277943,0.080766656,363217,0.02190685272216800,90431,87346
NGA,Nigeria,1962,1.151727319,297451,0.086314328,390268,0.02174147218465810,93956,90991
NGA,Nigeria,1963,1.151729584,319296,0.092700548,420352,0.02177381329238410,99066,96817
NGA,Nigeria,1964,1.151731849,345850,0.10057734,457842,0.02078424580395220,99551,97000
NGA,Nigeria,1965,1.151734233,384460,0.112229362,511000,0.02411910705268380,111034,109005
NGA,Nigeria,1966,1.151736498,419013,0.122543573,559194,0.02331805601716040,111125,109935
NGA,Nigeria,1967,1.151738882,445305,0.130150124,594794,0.01905228383839130,95686,94286
NGA,Nigeria,1968,1.151741147,466148,0.136020258,623322,0.01742735318839550,95768,94620
NGA,Nigeria,1969,1.151743531,491467,0.143349737,658553,0.02003822661936280,118797,117403
NGA,Nigeria,1970,1.151745796,550390,0.161413655,753563,0.02979934401810170,163384,161446
NGA,Nigeria,1971,1.155852675,613598,0.1807971,846898,0.03113849647343160,179578,181099
NGA,Nigeria,1972,1.159974217,682973,0.202038467,949294,0.03182921558618550,193676,194503
NGA,Nigeria,1973,1.164110422,765326,0.22717233,1068657,0.03805480152368550,235919,234975
NGA,Nigeria,1974,1.168261409,826051,0.245706335,1161234,0.04016963019967080,267704,266736
NGA,Nigeria,1975,1.172427177,913272,0.27503705,1292329,0.04183206334710120,279176,275716
NGA,Nigeria,1976,1.176607728,1043247,0.319862843,1483303,0.04392342641949650,289634,287762
NGA,Nigeria,1977,1.180803299,1196657,0.372240573,1712561,0.04832597449421880,325564,314667
NGA,Nigeria,1978,1.185013771,1341387,0.419300616,1921498,0.04810769483447070,337960,328592
NGA,Nigeria,1979,1.189239264,1459013,0.454423279,2094253,0.04773874953389170,344558,344977
NGA,Nigeria,1980,1.193479896,1583489,0.493520021,2274788,0.04889663681387900,368681,376510
NGA,Nigeria,1981,1.196359634,1728221,0.544096351,2530078,0.04646434634923930,357452,353479
NGA,Nigeria,1982,1.199246287,1832778,0.576015949,2795273,0.03403769060969350,300381,309567
NGA,Nigeria,1983,1.202139974,1901357,0.59279114,3055475,0.03126679733395580,245079,253869
NGA,Nigeria,1984,1.205040574,1930772,0.596561551,3288093,0.03324956446886060,214779,229542
NGA,Nigeria,1985,1.207948208,1946539,0.59795934,3390065,0.03189948573708530,284840,300259
NGA,Nigeria,1986,1.210862875,1962624,0.6007815,2898347,0.02303257584571840,159108,161753
NGA,Nigeria,1987,1.213784575,1973820,0.60462451,2105539,0.02494228444993500,114831,118267
NGA,Nigeria,1988,1.216713309,1989236,0.609848619,1510113,0.01965938135981560,95653,102832
NGA,Nigeria,1989,1.219649076,2009378,0.615899384,1133127,0.01614239625632760,86969,92063
NGA,Nigeria,1990,1.222591996,2039676,0.630245984,888170,0.01442085206508640,83344,96045
NGA,Nigeria,1991,1.244433284,2067211,0.644120812,729249,0.01193302404135470,75182,77606
NGA,Nigeria,1992,1.266664743,2093450,0.661951542,626259,0.01264408975839610,72269,90330
NGA,Nigeria,1993,1.289293289,2124335,0.681409419,560337,0.00979819614440203,60848,71423
NGA,Nigeria,1994,1.312326193,2151091,0.692739666,517706,0.00701948814094067,49470,57764
NGA,Nigeria,1995,1.335770607,2170588,0.699977934,492931,0.00876598432660103,47600,51696
NGA,Nigeria,1996,1.359633684,2195130,0.714145839,488953,0.00957371387630701,48833,51746
NGA,Nigeria,1997,1.383923292,2223701,0.731224477,510093,0.00894163735210896,53115,55395
NGA,Nigeria,1998,1.408646703,2252732,0.739310563,561663,0.00832877401262522,53615,55166
NGA,Nigeria,1999,1.433811665,2284236,0.750426769,644511,0.01089940220117570,64577,85300
NGA,Nigeria,2000,1.459426403,2322058,0.765699029,773100,0.01581312902271750,91797,119591
NGA,Nigeria,2001,1.48831892,2332649,0.781004965,967568,0.01257481705397370,111610,125884
NGA,Nigeria,2002,1.517783523,2349872,0.801853597,1274174,0.01918384619057180,152035,168534
NGA,Nigeria,2003,1.547831416,2384145,0.841816545,1766427,0.03479301929473880,208609,222587
NGA,Nigeria,2004,1.578474164,2393548,0.853209972,2419868,0.02286875806748870,286226,301598
NGA,Nigeria,2005,1.609723568,2404718,0.854901493,2945671,0.04458398744463920,492895,492430
NGA,Nigeria,2006,1.641591668,2451979,0.886793137,3236338,0.01719964668154720,570887,570147
NGA,Nigeria,2007,1.674090505,2468948,0.891125917,3511063,0.06340317428112030,623487,628267
NGA,Nigeria,2008,1.707232952,2483598,0.896858037,3787949,0.06347598135471340,635434,650202
NGA,Nigeria,2009,1.733126879,2507722,0.913914323,4052114,0.06980507820844650,695489,695897
NGA,Nigeria,2010,1.758925676,2533189,0.930701435,4243349,0.07026068866252900,796199,798407
NGA,Nigeria,2011,1.781640649,2551029,0.93675077,4230706,0.06756896525621410,852697,861913
NGA,Nigeria,2012,1.804648995,2571528,0.942200184,3628195,0.05499513819813730,883112,881060
NGA,Nigeria,2013,1.827954412,2602687,0.949923635,3413323,0.04820073395967480,930998,936732
NGA,Nigeria,2014,1.851560831,2652130,0.965627313,3306609,0.04435777291655540,989434,999924
NGA,Nigeria,2015,1.875472069,2702851,0.980636656,3041313,0.03875002264976500,1003258,1011645
NGA,Nigeria,2016,1.899692178,2743223,0.991946578,2834591,0.03511914610862730,976771,986923
NGA,Nigeria,2017,1.924225092,2780031,1,2780031,0.03285503387451170,966860,966005
NGA,Nigeria,2018,1.949074626,2831528,1.017834425,2876538,0.03199713677167890,1015577,1013039
NGA,Nigeria,2019,1.974245191,2897715,1.047822952,2996071,0.03193613886833190,981854,995048
NIC,Nicaragua,1950,1.228259206,6872,,6411,,4751,4704
NIC,Nicaragua,1951,1.232991219,7235,,6712,,5410,5368
NIC,Nicaragua,1952,1.23774159,7818,,7254,,6173,6220
NIC,Nicaragua,1953,1.2425102,8496,,7858,,6573,6580
NIC,Nicaragua,1954,1.247297287,9376,,8655,,6955,7131
NIC,Nicaragua,1955,1.252102613,10234,,9412,,7568,7636
NIC,Nicaragua,1956,1.260669827,10985,,10094,,7504,7585
NIC,Nicaragua,1957,1.269295573,11704,,10703,,8188,8207
NIC,Nicaragua,1958,1.277980447,12372,,11299,,8284,8285
NIC,Nicaragua,1959,1.286724567,13102,,11971,,8719,8405
NIC,Nicaragua,1960,1.29552865,13730,,12590,,8444,8391
NIC,Nicaragua,1961,1.306732297,14440,,13209,,9135,9041
NIC,Nicaragua,1962,1.318032861,15457,,14152,,10300,10285
NIC,Nicaragua,1963,1.329431057,16590,,15176,,11203,11212
NIC,Nicaragua,1964,1.340927839,18245,,16681,,12583,12595
NIC,Nicaragua,1965,1.352524161,20188,,18412,,14171,14163
NIC,Nicaragua,1966,1.36701405,22368,,20393,,14071,14382
NIC,Nicaragua,1967,1.381659031,24441,,22231,,15045,15463
NIC,Nicaragua,1968,1.39646101,26040,,23624,,15560,15723
NIC,Nicaragua,1969,1.411421537,27908,,25284,,16292,16491
NIC,Nicaragua,1970,1.426542401,29705,,27057,,16666,16818
NIC,Nicaragua,1971,1.435490608,31493,,28643,,17272,17444
NIC,Nicaragua,1972,1.444494843,32868,,29974,,17448,17006
NIC,Nicaragua,1973,1.453555703,35146,,31992,,18839,19340
NIC,Nicaragua,1974,1.462673306,38127,,34830,,21484,22536
NIC,Nicaragua,1975,1.47184813,40600,,37153,,19639,20659
NIC,Nicaragua,1976,1.484799623,43202,,39375,,22485,22276
NIC,Nicaragua,1977,1.497865081,46866,,42650,,25809,25921
NIC,Nicaragua,1978,1.511045456,48001,,43681,,21898,21458
NIC,Nicaragua,1979,1.524341941,47172,,43023,,13901,13346
NIC,Nicaragua,1980,1.53775537,47995,0.353738666,43543,0.00112643383909017,17659,18270
NIC,Nicaragua,1981,1.555158973,50369,0.371964276,45930,0.00117279659025371,18288,19384
NIC,Nicaragua,1982,1.572759509,51824,0.382737607,47271,0.00120420311577618,17987,18647
NIC,Nicaragua,1983,1.590559363,53395,0.393830597,48733,0.00123129657004029,19326,19974
NIC,Nicaragua,1984,1.608560562,54999,0.40507403,50072,0.00122980284504592,19275,19988
NIC,Nicaragua,1985,1.62676549,56612,0.415620774,51662,0.00122962344903499,20165,20553
NIC,Nicaragua,1986,1.646825433,57944,0.425789207,52370,0.00124016695190221,19245,19740
NIC,Nicaragua,1987,1.667132497,59251,0.435450077,53482,0.00122399860993028,20528,20623
NIC,Nicaragua,1988,1.687690139,60115,0.440633595,55707,0.00118460902012885,13931,15464
NIC,Nicaragua,1989,1.708501101,60416,0.440816611,56417,0.00116134923882782,13124,14188
NIC,Nicaragua,1990,1.724519491,60528,0.439202726,56428,0.00115856190677732,13827,14511
NIC,Nicaragua,1991,1.74098599,60467,0.437467039,56229,0.00113764638081193,13956,14943
NIC,Nicaragua,1992,1.757609725,60798,0.439758837,56603,0.00113276147749275,13857,14679
NIC,Nicaragua,1993,1.774392128,60986,0.440549195,57011,0.00111515924800187,13929,14253
NIC,Nicaragua,1994,1.791334867,61552,0.443961948,57700,0.00107577047310770,14517,15190
NIC,Nicaragua,1995,1.808439374,62259,0.448081344,58448,0.00104749843012542,15503,16157
NIC,Nicaragua,1996,1.827546835,63318,0.455222309,59570,0.00102120835799724,16013,16917
NIC,Nicaragua,1997,1.846856117,64727,0.466746092,61074,0.00099835789296776,16452,17602
NIC,Nicaragua,1998,1.866369486,66327,0.479759306,63006,0.00099193339701742,17270,18553
NIC,Nicaragua,1999,1.886088967,69274,0.502199948,66002,0.00099920982029289,17908,19703
NIC,Nicaragua,2000,1.906016707,71531,0.519097149,68239,0.00097384897526354,18561,20020
NIC,Nicaragua,2001,1.920695543,73469,0.533096075,70416,0.00095935596618801,19092,20367
NIC,Nicaragua,2002,1.93548739,75066,0.546775043,72459,0.00097609125077725,19286,20357
NIC,Nicaragua,2003,1.9503932,76646,0.56189388,74629,0.00099093106109649,19522,20904
NIC,Nicaragua,2004,1.965413809,78452,0.578447342,77162,0.00100300263147801,20192,21662
NIC,Nicaragua,2005,1.980549932,80630,0.598570108,80197,0.00103202520404011,21226,22986
NIC,Nicaragua,2006,2.002131462,82824,0.619811475,83100,0.00105170113965869,21572,23341
NIC,Nicaragua,2007,2.023948431,85537,0.646811783,86386,0.00107942812610418,22546,24514
NIC,Nicaragua,2008,2.046002865,88628,0.673979044,90113,0.00111879652831703,23684,25269
NIC,Nicaragua,2009,2.068297625,90068,0.685457289,91966,0.00115254905540496,23976,24862
NIC,Nicaragua,2010,2.090835333,91814,0.704163969,93844,0.00120869127567858,24939,25638
NIC,Nicaragua,2011,2.111706018,94558,0.732403219,96580,0.00125485868193209,26258,27113
NIC,Nicaragua,2012,2.132785082,98408,0.772030592,99794,0.00128596893046051,27619,27883
NIC,Nicaragua,2013,2.15407443,102426,0.812446594,103389,0.00131823273841292,28067,28696
NIC,Nicaragua,2014,2.175576448,106486,0.852581859,107134,0.00135464780032635,29983,30495
NIC,Nicaragua,2015,2.197293043,111686,0.904064238,112082,0.00140834460034966,32258,32759
NIC,Nicaragua,2016,2.21922636,116743,0.952798188,117777,0.00148137961514294,34388,34920
NIC,Nicaragua,2017,2.241378546,121736,1,121736,0.00152984168380499,35705,36104
NIC,Nicaragua,2018,2.263751984,124554,1.021981478,124142,0.00153437769040465,34072,33921
NIC,Nicaragua,2019,2.28634882,125244,1.026025057,124762,0.00149002624675632,33348,33075
NLD,Netherlands,1950,2.424323559,451147,,383540,,82061,86290
NLD,Netherlands,1951,2.432834148,472604,,400245,,85355,89914
NLD,Netherlands,1952,2.441375017,490152,,415541,,94402,92972
NLD,Netherlands,1953,2.449945688,515169,,436174,,102043,101352
NLD,Netherlands,1954,2.458546162,544251,0.086798958,460649,0.03813049942255020,105041,107212
NLD,Netherlands,1955,2.467177153,579068,0.093043722,489508,0.03971452265977860,115773,115222
NLD,Netherlands,1956,2.470078945,618448,0.100110725,522782,0.04169125109910960,120494,119875
NLD,Netherlands,1957,2.472983837,658179,0.107089363,555003,0.04350527375936510,123265,123946
NLD,Netherlands,1958,2.475892305,688934,0.111962609,580489,0.04468016326427460,125914,125117
NLD,Netherlands,1959,2.478804111,725067,0.117865719,611338,0.04703237861394880,132675,132520
NLD,Netherlands,1960,2.481719255,767034,0.125108123,645338,0.04786043986678120,141270,140448
NLD,Netherlands,1961,2.502988338,811223,0.132671103,680829,0.04859555512666700,145545,143585
NLD,Netherlands,1962,2.524439335,856199,0.14033401,718746,0.04880752414464950,153163,151812
NLD,Netherlands,1963,2.546074152,900090,0.14776659,755325,0.04908895120024680,160041,154683
NLD,Netherlands,1964,2.565306425,958044,0.158200398,803544,0.05209350213408470,172117,172735
NLD,Netherlands,1965,2.580087662,1017929,0.16876477,851660,0.05213792622089390,185433,179888
NLD,Netherlands,1966,2.594954252,1083534,0.180555195,904924,0.05255271121859550,192783,186512
NLD,Netherlands,1967,2.609906197,1154286,0.193124399,961934,0.05311782658100130,205322,197929
NLD,Netherlands,1968,2.624944687,1234368,0.207308367,1026315,0.05394307151436810,222965,213004
NLD,Netherlands,1969,2.640069485,1308488,0.220165849,1087742,0.05485581606626510,234328,232731
NLD,Netherlands,1970,2.655281544,1390746,0.234865829,1159972,0.05545866489410400,248752,248516
NLD,Netherlands,1971,2.673895359,1474191,0.249951884,1209300,0.05622560530900960,262260,263741
NLD,Netherlands,1972,2.692640066,1547612,0.262380213,1222660,0.05481619387865070,274047,275135
NLD,Netherlands,1973,2.711515903,1621579,0.275299609,1232206,0.05301032215356830,294127,297011
NLD,Netherlands,1974,2.730523825,1684691,0.28638792,1248430,0.05186684429645540,309638,312283
NLD,Netherlands,1975,2.74966526,1742498,0.296268702,1282497,0.05336039885878560,316049,316203
NLD,Netherlands,1976,2.768940926,1798445,0.305592358,1315391,0.05310020223259930,330989,332956
NLD,Netherlands,1977,2.788351774,1860776,0.317592889,1345540,0.05332529544830320,338652,335758
NLD,Netherlands,1978,2.807898521,1923059,0.330667108,1369254,0.05344779044389720,347791,346746
NLD,Netherlands,1979,2.827582359,1978606,0.342892617,1391300,0.05215483531355860,351097,355195
NLD,Netherlands,1980,2.847404242,2032125,0.356038034,1406711,0.05104754120111470,364510,365268
NLD,Netherlands,1981,2.862196207,2070743,0.364580452,1392936,0.04765037447214130,356434,352141
NLD,Netherlands,1982,2.877065182,2105131,0.37237075,1367761,0.04491860046982770,348247,343919
NLD,Netherlands,1983,2.892011166,2140871,0.381752729,1339906,0.04301605746150020,347119,347367
NLD,Netherlands,1984,2.907035112,2183240,0.393490136,1331903,0.04105294495821000,353874,354094
NLD,Netherlands,1985,2.922136784,2232273,0.407484591,1350182,0.04055304452776910,355854,354548
NLD,Netherlands,1986,2.937316895,2286786,0.422897488,1386520,0.04080280661582950,367375,365009
NLD,Netherlands,1987,2.95257616,2339715,0.438287467,1430413,0.04109591245651250,368296,366090
NLD,Netherlands,1988,2.967914343,2402587,0.457034051,1492079,0.04185198992490770,384063,381036
NLD,Netherlands,1989,2.983332634,2465914,0.475313753,1562416,0.04242565110325810,403841,397321
NLD,Netherlands,1990,2.998830557,2529334,0.493994951,1636163,0.04311698675155640,421973,414993
NLD,Netherlands,1991,3.012903452,2589999,0.511436164,1717201,0.04454945772886280,435684,428902
NLD,Netherlands,1992,3.027042389,2649847,0.528683722,1796582,0.04567530378699300,444943,439655
NLD,Netherlands,1993,3.041247606,2703182,0.543159485,1871458,0.04610264301300050,450947,449617
NLD,Netherlands,1994,3.055519581,2756933,0.556891203,1936450,0.04564001783728600,465853,467388
NLD,Netherlands,1995,3.069858313,2817154,0.573211491,1993048,0.04434116557240490,483527,486167
NLD,Netherlands,1996,3.084264278,2884317,0.593482256,2043694,0.04390141367912290,502550,502290
NLD,Netherlands,1997,3.098738194,2957941,0.61645329,2045661,0.04235650226473810,545108,547159
NLD,Netherlands,1998,3.113279819,3037295,0.6430282,2041438,0.04089905694127080,588536,582112
NLD,Netherlands,1999,3.127889872,3128289,0.674304664,2029179,0.03980425745248790,630410,629178
NLD,Netherlands,2000,3.14256835,3215026,0.701154172,2037275,0.03799819573760030,673347,693175
NLD,Netherlands,2001,3.155173779,3297767,0.725071967,2000670,0.03570972755551340,685735,697842
NLD,Netherlands,2002,3.167829514,3366400,0.742155015,2019219,0.03484043851494790,692120,704857
NLD,Netherlands,2003,3.180536509,3428638,0.758069754,2104024,0.03577016666531560,673325,699593
NLD,Netherlands,2004,3.193294287,3488873,0.773683846,2183511,0.03641673922538760,689485,711934
NLD,Netherlands,2005,3.206103086,3552750,0.790194273,2279614,0.03740041702985760,733967,777483
NLD,Netherlands,2006,3.218963385,3627294,0.810437977,2591074,0.04006869345903400,773890,815528
NLD,Netherlands,2007,3.231875181,3728622,0.842182934,2861766,0.04303499311208720,823072,865111
NLD,Netherlands,2008,3.244838953,3815862,0.865517437,3115387,0.04579771682620050,860465,868761
NLD,Netherlands,2009,3.257854462,3878481,0.880003095,3220771,0.04830832406878470,815440,823749
NLD,Netherlands,2010,3.270922422,3925318,0.892207801,3763101,0.05559029802680020,826498,818681
NLD,Netherlands,2011,3.284683466,3978930,0.907258928,3886851,0.05695385485887530,850795,824566
NLD,Netherlands,2012,3.298502684,4016372,0.918290734,4022716,0.05815765634179120,856515,844316
NLD,Netherlands,2013,3.312379837,4048737,0.929809749,4346485,0.06116976588964460,849873,883851
NLD,Netherlands,2014,3.326315641,4074772,0.937029302,4263356,0.05845344811677930,827696,836231
NLD,Netherlands,2015,3.340310097,4153870,0.968570113,4273788,0.05892930179834370,869773,873972
NLD,Netherlands,2016,3.354363203,4206833,0.98425597,4307948,0.05883200466632840,871631,880249
NLD,Netherlands,2017,3.368475437,4267051,1,4267051,0.05725173279643060,918736,923126
NLD,Netherlands,2018,3.382647276,4333948,1.016832232,4320506,0.05678028985857960,938572,936654
NLD,Netherlands,2019,3.396878481,4409250,1.036913276,4403760,0.05636506900191310,955673,950203
NOR,Norway,1950,2.601027489,178182,,135185,,30879,30407
NOR,Norway,1951,2.598850489,184520,,140452,,33440,31451
NOR,Norway,1952,2.596675396,191257,,146338,,34832,33540
NOR,Norway,1953,2.594501972,199139,,152823,,35946,35679
NOR,Norway,1954,2.592330694,207260,0.101696968,159523,0.01359917223453520,36955,36599
NOR,Norway,1955,2.590160847,215648,0.106951177,166324,0.01390503998845820,38468,37089
NOR,Norway,1956,2.589816093,223373,0.1119406,172700,0.01400944683700800,40593,38553
NOR,Norway,1957,2.589471102,231114,0.11662481,179486,0.01411363575607540,42241,40215
NOR,Norway,1958,2.58912611,239026,0.121558629,186284,0.01451857108622790,41616,40445
NOR,Norway,1959,2.588781595,245675,0.125179723,191828,0.01439049188047650,42811,41674
NOR,Norway,1960,2.588436604,252305,0.128685862,196192,0.01402287371456620,44397,41020
NOR,Norway,1961,2.606439829,260801,0.13376303,202852,0.01409743167459960,47046,43417
NOR,Norway,1962,2.624568462,268615,0.138312429,208737,0.01398377586156130,48185,44785
NOR,Norway,1963,2.642822981,276008,0.142961279,214537,0.01382289640605450,49739,46848
NOR,Norway,1964,2.661204338,283967,0.147897318,220487,0.01334953401237730,53123,49813
NOR,Norway,1965,2.679713726,294220,0.15490602,228716,0.01322686392813920,56349,52408
NOR,Norway,1966,2.69835186,305437,0.162777171,237339,0.01305902283638720,58703,55031
NOR,Norway,1967,2.717119455,319060,0.172133029,248229,0.01284875348210330,63185,58577
NOR,Norway,1968,2.736017704,329469,0.178220436,256575,0.01257011294364930,65943,61361
NOR,Norway,1969,2.75504756,337734,0.182015121,262449,0.01226212549954650,68024,63719
NOR,Norway,1970,2.774209499,351916,0.190534905,273891,0.01230527926236390,70946,52406
NOR,Norway,1971,2.796622992,370243,0.20261763,289336,0.01252582762390380,75130,58547
NOR,Norway,1972,2.819217443,386703,0.211943433,303416,0.01290457043796780,77916,65673
NOR,Norway,1973,2.841994762,406365,0.223242998,317998,0.01306063774973150,82470,68346
NOR,Norway,1974,2.864955902,427734,0.235416412,335084,0.01311519555747510,86119,69997
NOR,Norway,1975,2.888102531,452112,0.250412971,355808,0.01388712041080000,88705,78252
NOR,Norway,1976,2.911436081,479793,0.267779648,377302,0.01464368961751460,91659,88250
NOR,Norway,1977,2.93495822,507775,0.285008192,399465,0.01512003876268860,94216,89197
NOR,Norway,1978,2.958670616,529185,0.300091952,414892,0.01510789897292850,96875,97965
NOR,Norway,1979,2.982574463,550826,0.313368112,418201,0.01512274798005820,102447,105746
NOR,Norway,1980,3.006671429,572699,0.326634943,446449,0.01466389372944830,111537,112736
NOR,Norway,1981,3.026869535,595610,0.341633797,465576,0.01523915119469170,113393,113028
NOR,Norway,1982,3.047203302,617684,0.355548114,484119,0.01602687314152720,112358,112022
NOR,Norway,1983,3.067673445,641651,0.369444549,504060,0.01680538244545460,113445,117602
NOR,Norway,1984,3.088281155,665189,0.385082543,527922,0.01689548045396800,119184,123982
NOR,Norway,1985,3.109027624,685171,0.400718272,552020,0.01775397360324860,123067,129296
NOR,Norway,1986,3.12991333,707536,0.418687135,568032,0.01872404292225840,120077,122601
NOR,Norway,1987,3.150939226,729850,0.434998691,579396,0.01869844272732730,120015,126884
NOR,Norway,1988,3.172106266,750976,0.448836535,588619,0.01820505224168300,118205,122066
NOR,Norway,1989,3.193415642,767251,0.457762003,595056,0.01760669238865380,120279,126880
NOR,Norway,1990,3.214868307,777649,0.461687207,593805,0.01685711555182930,122238,138380
NOR,Norway,1991,3.227318287,787979,0.465770036,593392,0.01631635800004010,125087,128007
NOR,Norway,1992,3.239816427,797934,0.469491452,594107,0.01584391482174400,126771,153465
NOR,Norway,1993,3.252362728,810783,0.476097673,598980,0.01558863185346130,131070,145551
NOR,Norway,1994,3.264957905,826119,0.485408127,607865,0.01555165927857160,135669,150421
NOR,Norway,1995,3.277601719,842668,0.496140689,620797,0.01536009833216670,141956,159687
NOR,Norway,1996,3.290294647,863374,0.512117028,652695,0.01565699651837350,153997,178064
NOR,Norway,1997,3.30303669,891101,0.535790682,667274,0.01565982587635520,167703,188041
NOR,Norway,1998,3.315827847,925419,0.567615926,679396,0.01600510440766810,169118,184015
NOR,Norway,1999,3.328668833,953434,0.593989134,687052,0.01548810955137010,181031,208386
NOR,Norway,2000,3.34155941,976749,0.612134039,689604,0.01413836330175400,208256,260326
NOR,Norway,2001,3.3641994,998832,0.629518688,695311,0.01386002823710440,207382,256761
NOR,Norway,2002,3.386992455,1019550,0.644575059,689801,0.01375523395836350,203870,257674
NOR,Norway,2003,3.409940243,1039366,0.657424212,709587,0.01410462241619830,205839,273262
NOR,Norway,2004,3.433043242,1064656,0.674852431,754858,0.01473117247223850,226166,294735
NOR,Norway,2005,3.45630312,1096668,0.696744859,819341,0.01536171045154330,256819,356329
NOR,Norway,2006,3.479720592,1133630,0.723540604,899928,0.01639437861740590,283897,381766
NOR,Norway,2007,3.503296375,1178809,0.756160617,952110,0.01705543883144860,295618,381918
NOR,Norway,2008,3.527032137,1221954,0.788922489,1052926,0.01815345324575900,320710,426298
NOR,Norway,2009,3.550928593,1256662,0.813293874,1166978,0.02088169381022450,293957,369543
NOR,Norway,2010,3.574987173,1284041,0.831583798,1254159,0.02224162034690380,309646,390667
NOR,Norway,2011,3.584643841,1316099,0.852545619,1308552,0.02253632061183450,323943,437098
NOR,Norway,2012,3.594326735,1353486,0.875602007,1441517,0.02379461005330090,344826,452152
NOR,Norway,2013,3.604035616,1395260,0.901652455,1492926,0.02376034483313560,344631,433826
NOR,Norway,2014,3.613770962,1435567,0.925729215,1541629,0.02368961647152900,338735,412996
NOR,Norway,2015,3.623532772,1471321,0.946207881,1548071,0.02326565794646740,320457,367196
NOR,Norway,2016,3.63332057,1509903,0.972638845,1573694,0.02340833470225330,310118,346901
NOR,Norway,2017,3.643134832,1549371,1,1549371,0.02224722877144810,327096,368650
NOR,Norway,2018,3.652975798,1589707,1.028332353,1587244,0.02213064581155780,341525,401030
NOR,Norway,2019,3.662843227,1634792,1.061170697,1634139,0.02230790071189400,335132,388492
NPL,Nepal,1950,,,,,,,
NPL,Nepal,1951,,,,,,,
NPL,Nepal,1952,,,,,,,
NPL,Nepal,1953,,,,,,,
NPL,Nepal,1954,,,,,,,
NPL,Nepal,1955,,,,,,,
NPL,Nepal,1956,,,,,,,
NPL,Nepal,1957,,,,,,,
NPL,Nepal,1958,,,,,,,
NPL,Nepal,1959,,,,,,,
NPL,Nepal,1960,1.010676265,7327,,3397,,7621,7627
NPL,Nepal,1961,1.012739897,7532,,3479,,7694,7700
NPL,Nepal,1962,1.01480782,7765,,3579,,7933,7941
NPL,Nepal,1963,1.016879916,8102,,3731,,7966,7976
NPL,Nepal,1964,1.018956184,8812,,4059,,8687,8786
NPL,Nepal,1965,1.021036744,9368,,4314,,8583,8660
NPL,Nepal,1966,1.023566723,9788,,4505,,9202,9347
NPL,Nepal,1967,1.02610302,10253,,4716,,9076,9158
NPL,Nepal,1968,1.028645635,10741,,4940,,9122,9235
NPL,Nepal,1969,1.031194448,11116,,5112,,9581,9713
NPL,Nepal,1970,1.03374958,11746,,5466,,10071,10237
NPL,Nepal,1971,1.039106727,12630,,5902,,9858,9983
NPL,Nepal,1972,1.044491529,13451,,6308,,10153,10338
NPL,Nepal,1973,1.049904227,14533,,6834,,9982,10143
NPL,Nepal,1974,1.055345058,15600,,7378,,10664,10637
NPL,Nepal,1975,1.060814023,17474,,8296,,10651,10796
NPL,Nepal,1976,1.066333055,19460,,9236,,11070,11230
NPL,Nepal,1977,1.071880817,21601,,10253,,11393,11527
NPL,Nepal,1978,1.077457547,24143,,11426,,11843,11953
NPL,Nepal,1979,1.083063126,26254,,12422,,12455,12527
NPL,Nepal,1980,1.08869803,28424,,13421,,11659,11994
NPL,Nepal,1981,1.106513381,30760,,14631,,12794,13345
NPL,Nepal,1982,1.124620318,33569,,16096,,13778,14207
NPL,Nepal,1983,1.143023491,36562,,17548,,13712,14791
NPL,Nepal,1984,1.161727905,39360,,18937,,14764,15775
NPL,Nepal,1985,1.18073833,42943,,20743,,15710,16555
NPL,Nepal,1986,1.205533862,45904,,22470,,16547,17773
NPL,Nepal,1987,1.230850101,49191,,24893,,16973,18103
NPL,Nepal,1988,1.256698012,52839,,28222,,18382,19553
NPL,Nepal,1989,1.283088684,56107,,32304,,19901,21285
NPL,Nepal,1990,1.31003356,58920,,37071,,20471,21928
NPL,Nepal,1991,1.317791224,62761,,43830,,22069,23895
NPL,Nepal,1992,1.325594783,67032,,52799,,22622,24164
NPL,Nepal,1993,1.333444476,72191,,64673,,24508,26053
NPL,Nepal,1994,1.34134078,77800,,78758,,27706,31405
NPL,Nepal,1995,1.349283814,83980,,93226,,28753,33552
NPL,Nepal,1996,1.354193568,90713,,104245,,30960,36342
NPL,Nepal,1997,1.359121084,97431,,109277,,30767,36444
NPL,Nepal,1998,1.36406672,104303,,111189,,30871,35181
NPL,Nepal,1999,1.369030237,110146,,109566,,31537,35195
NPL,Nepal,2000,1.374011874,116526,,108022,,32554,35913
NPL,Nepal,2001,1.389999866,124035,,108029,,34479,34358
NPL,Nepal,2002,1.406173825,131409,,109171,,33841,34377
NPL,Nepal,2003,1.422536016,138959,,111404,,34078,37886
NPL,Nepal,2004,1.439088702,146532,,115454,,35160,36817
NPL,Nepal,2005,1.455833912,153761,,121447,,36232,37749
NPL,Nepal,2006,1.475926042,161980,,130581,,37581,39595
NPL,Nepal,2007,1.496295571,170555,,142526,,39666,42135
NPL,Nepal,2008,1.516946077,179113,,157116,,43509,46567
NPL,Nepal,2009,1.537881732,187334,,172011,,46892,52723
NPL,Nepal,2010,1.559106231,197312,,187521,,52579,58256
NPL,Nepal,2011,1.590224028,206584,,200303,,56472,63625
NPL,Nepal,2012,1.621962905,214616,,207474,,59567,69643
NPL,Nepal,2013,1.65433526,224884,,216468,,61208,72431
NPL,Nepal,2014,1.68735373,236824,,223189,,64640,77019
NPL,Nepal,2015,1.718099236,252279,,247659,,67831,76482
NPL,Nepal,2016,1.743882537,264225,,260076,,66895,80008
NPL,Nepal,2017,1.770052791,284917,,284917,,78512,90584
NPL,Nepal,2018,1.79661572,310213,,309140,,82790,97354
NPL,Nepal,2019,1.823577166,336023,,334690,,88172,103971
NZL,New Zealand,1950,2.730101824,51812,,45750,,24352,22646
NZL,New Zealand,1951,2.743335247,54883,,48610,,22938,20778
NZL,New Zealand,1952,2.756632805,57556,,51159,,22446,21894
NZL,New Zealand,1953,2.769994974,59631,,53099,,23938,22740
NZL,New Zealand,1954,2.783421755,63745,0.079096414,57003,0.00492147263139486,26211,24934
NZL,New Zealand,1955,2.796913624,67423,0.083623484,60454,0.00501108076423407,27172,25826
NZL,New Zealand,1956,2.807188272,70624,0.087691084,63568,0.00510446634143591,27460,26389
NZL,New Zealand,1957,2.817500591,74180,0.092068262,66922,0.00520175416022539,28438,27516
NZL,New Zealand,1958,2.827850819,77503,0.096128397,69996,0.00523274252191186,28449,28661
NZL,New Zealand,1959,2.838239193,80840,0.100247249,73089,0.00522725889459252,30755,29994
NZL,New Zealand,1960,2.848665476,84428,0.104530096,76089,0.00521428696811199,34262,33216
NZL,New Zealand,1961,2.860570431,88555,0.109622948,79947,0.00523437466472387,36132,35263
NZL,New Zealand,1962,2.872525454,92062,0.113808505,83222,0.00520715303719044,37374,36604
NZL,New Zealand,1963,2.884530067,96166,0.118971504,87084,0.00523512344807386,40495,38888
NZL,New Zealand,1964,2.896584988,101380,0.12554501,91962,0.00517357978969812,42538,40556
NZL,New Zealand,1965,2.908690214,108051,0.134223834,98304,0.00530429603531957,44945,43190
NZL,New Zealand,1966,2.94110322,115153,0.143573835,104984,0.00541359186172485,47766,46261
NZL,New Zealand,1967,2.973876953,119522,0.148778677,108949,0.00536427786573768,44788,44387
NZL,New Zealand,1968,3.007016182,122130,0.151365221,111257,0.00521473307162523,44506,44514
NZL,New Zealand,1969,3.040524483,126687,0.156979963,115413,0.00515861622989178,49272,49163
NZL,New Zealand,1970,3.074406147,131188,0.162713334,120077,0.00517653627321124,47613,48134
NZL,New Zealand,1971,3.101347685,136773,0.170436278,125754,0.00523510668426752,50748,50544
NZL,New Zealand,1972,3.128525257,143709,0.181657121,132550,0.00542669882997870,55157,53529
NZL,New Zealand,1973,3.155941248,151213,0.193244621,139889,0.00543221365660429,60309,57446
NZL,New Zealand,1974,3.183597088,159477,0.205582783,150002,0.00556595949456096,59636,58876
NZL,New Zealand,1975,3.211495399,166732,0.21603106,157166,0.00597697868943214,56834,58029
NZL,New Zealand,1976,3.210280657,172803,0.224192783,161261,0.00579528231173754,58453,59616
NZL,New Zealand,1977,3.209066391,177068,0.229534253,168885,0.00590954674407840,56742,57277
NZL,New Zealand,1978,3.207852602,181030,0.234870777,169994,0.00588686019182205,57130,56661
NZL,New Zealand,1979,3.20663929,183941,0.23883906,173199,0.00578456930816174,56830,56147
NZL,New Zealand,1980,3.205426216,187369,0.243920118,176574,0.00551820453256369,56621,56337
NZL,New Zealand,1981,3.214575529,192784,0.253370851,183562,0.00580723956227303,58899,58090
NZL,New Zealand,1982,3.22375083,198554,0.264273584,191086,0.00591125898063183,59764,58863
NZL,New Zealand,1983,3.232952356,205255,0.277676493,196734,0.00614717137068510,62808,62636
NZL,New Zealand,1984,3.242180109,212684,0.292458683,204501,0.00624578306451440,65100,65484
NZL,New Zealand,1985,3.251434326,221017,0.308106154,213682,0.00658944202587008,65524,65353
NZL,New Zealand,1986,3.252360582,228220,0.320579827,219568,0.00667028548195958,69222,69743
NZL,New Zealand,1987,3.253287077,236014,0.3332057,228616,0.00669015059247613,71670,72446
NZL,New Zealand,1988,3.25421381,242858,0.34463504,238398,0.00676170270889997,74842,75967
NZL,New Zealand,1989,3.255140781,250121,0.357533127,249949,0.00688788760453463,76642,76733
NZL,New Zealand,1990,3.256067991,256409,0.368053198,260993,0.00691562937572598,76340,76853
NZL,New Zealand,1991,3.258379698,259635,0.372362435,269582,0.00696582207456231,75252,75029
NZL,New Zealand,1992,3.260693073,263235,0.378346354,279720,0.00694673880934715,77241,77873
NZL,New Zealand,1993,3.263008118,269251,0.389394552,293125,0.00704725785180926,83663,83071
NZL,New Zealand,1994,3.265324593,277429,0.405142993,308407,0.00713736191391945,89089,88623
NZL,New Zealand,1995,3.267642975,287052,0.423574746,322963,0.00717865722253919,93838,92914
NZL,New Zealand,1996,3.268195152,296990,0.442741841,333095,0.00716341100633144,97984,96934
NZL,New Zealand,1997,3.268747568,307146,0.462696284,323551,0.00672099692746997,101955,100829
NZL,New Zealand,1998,3.269300222,315422,0.479663312,312316,0.00628468533977866,103498,103636
NZL,New Zealand,1999,3.269852877,326028,0.501114428,303271,0.00587871391326189,110675,110853
NZL,New Zealand,2000,3.270405531,335316,0.519304991,311921,0.00571491103619337,112386,112532
NZL,New Zealand,2001,3.272396088,346021,0.540378273,323244,0.00569718424230814,116535,116162
NZL,New Zealand,2002,3.274387836,357911,0.564090788,336785,0.00586804328486323,120290,119873
NZL,New Zealand,2003,3.276380777,372632,0.593034923,342283,0.00587802799418569,125114,123045
NZL,New Zealand,2004,3.27837491,388547,0.626890898,350206,0.00588242383673787,127881,124094
NZL,New Zealand,2005,3.280370474,404866,0.66203624,359804,0.00593255832791328,130911,127070
NZL,New Zealand,2006,3.264785767,419596,0.692657709,379063,0.00607387768104672,134112,129990
NZL,New Zealand,2007,3.249274969,435685,0.725740612,398412,0.00618857797235250,143522,139074
NZL,New Zealand,2008,3.233838081,448549,0.751957655,413642,0.00628707697615027,142963,139626
NZL,New Zealand,2009,3.218474388,457859,0.767445147,430199,0.00655856216326356,144306,143457
NZL,New Zealand,2010,3.203183889,467690,0.786212206,447596,0.00688965991139412,150594,149241
NZL,New Zealand,2011,3.225219965,478600,0.809161663,468455,0.00713831558823586,157515,157098
NZL,New Zealand,2012,3.247407675,490399,0.833797872,503574,0.00742648262530565,160462,156655
NZL,New Zealand,2013,3.269747972,504227,0.862042367,542953,0.00770582864060998,166053,161480
NZL,New Zealand,2014,3.292242289,519970,0.895968258,589031,0.00807006191462278,169534,165406
NZL,New Zealand,2015,3.314890862,536184,0.930806458,577369,0.00795520190149546,174053,169963
NZL,New Zealand,2016,3.33769536,552500,0.96306473,602900,0.00813825521618128,183425,180004
NZL,New Zealand,2017,3.360656977,570425,1,570425,0.00781462714076042,191922,186806
NZL,New Zealand,2018,3.383776426,588888,1.038763404,588362,0.00796619523316622,195540,190759
NZL,New Zealand,2019,3.40705514,607448,1.076423287,607063,0.00802398193627596,200120,199241
OMN,Oman,1950,,,,,,,
OMN,Oman,1951,,,,,,,
OMN,Oman,1952,,,,,,,
OMN,Oman,1953,,,,,,,
OMN,Oman,1954,,,,,,,
OMN,Oman,1955,,,,,,,
OMN,Oman,1956,,,,,,,
OMN,Oman,1957,,,,,,,
OMN,Oman,1958,,,,,,,
OMN,Oman,1959,,,,,,,
OMN,Oman,1960,,,,,,,
OMN,Oman,1961,,,,,,,
OMN,Oman,1962,,,,,,,
OMN,Oman,1963,,,,,,,
OMN,Oman,1964,,,,,,,
OMN,Oman,1965,,,,,,,
OMN,Oman,1966,,,,,,,
OMN,Oman,1967,,,,,,,
OMN,Oman,1968,,,,,,,
OMN,Oman,1969,,,,,,,
OMN,Oman,1970,,32853,,8855,,8968,4203
OMN,Oman,1971,,35033,,9419,,6283,4373
OMN,Oman,1972,,37485,,10018,,5402,4784
OMN,Oman,1973,,39358,,10429,,4477,4272
OMN,Oman,1974,,42082,0.050036803,11186,0.00176054879557341,6852,5774
OMN,Oman,1975,,45858,0.056058303,12289,0.00190725410357118,7891,7367
OMN,Oman,1976,,50283,0.063516065,13562,0.00183984823524952,8607,8787
OMN,Oman,1977,,55598,0.072774842,15102,0.00245213601738214,10150,9873
OMN,Oman,1978,,61832,0.08373367,16906,0.00251109036616981,11034,11763
OMN,Oman,1979,,67997,0.093965754,18668,0.00245887157507241,13188,13310
OMN,Oman,1980,,74405,0.104168445,20444,0.00226597231812775,14752,14774
OMN,Oman,1981,,82053,0.116721191,22791,0.00218645855784416,17396,17136
OMN,Oman,1982,,91293,0.131514624,25528,0.00220332876779139,18384,17902
OMN,Oman,1983,,100458,0.145314902,28057,0.00217665126547217,18817,19985
OMN,Oman,1984,,110724,0.161278993,30946,0.00215082522481680,20703,21904
OMN,Oman,1985,,124303,0.182207674,34684,0.00220193341374397,23283,25053
OMN,Oman,1986,,134674,0.198738039,37693,0.00223895092494786,17613,18973
OMN,Oman,1987,,138545,0.204164967,38729,0.00208448525518179,18068,21192
OMN,Oman,1988,,141032,0.207962528,39548,0.00200260384008288,16420,17233
OMN,Oman,1989,,143688,0.212676615,40398,0.00189619907177985,17856,20934
OMN,Oman,1990,,146510,0.218251199,41444,0.00182074483018368,21113,24068
OMN,Oman,1991,,150562,0.224615619,42550,0.00180040346458554,20652,20103
OMN,Oman,1992,,156230,0.233423427,44220,0.00177330081351101,22400,26936
OMN,Oman,1993,,162980,0.244922459,46441,0.00180736603215337,22853,24274
OMN,Oman,1994,,167653,0.252422035,47901,0.00182883115485311,22906,23594
OMN,Oman,1995,,171979,0.25937894,49198,0.00178067910019308,24500,26915
OMN,Oman,1996,,175671,0.265233725,50335,0.00173434277530760,26764,29497
OMN,Oman,1997,,183160,0.278645247,53659,0.00177973834797740,28754,30838
OMN,Oman,1998,,194025,0.299109191,60191,0.00196790928021073,28142,29185
OMN,Oman,1999,,201256,0.311847061,67463,0.00205147266387939,33080,35395
OMN,Oman,2000,,205944,0.319484323,76529,0.00216204626485705,40115,44723
OMN,Oman,2001,,212203,0.330684006,89792,0.00250891526229680,42520,48027
OMN,Oman,2002,,219769,0.344523698,107738,0.00313321826979518,47766,50949
OMN,Oman,2003,,230681,0.366341203,133094,0.00390446605160832,53786,59743
OMN,Oman,2004,,245042,0.39517957,164972,0.00468291994184256,69913,74714
OMN,Oman,2005,,262244,0.425615847,196721,0.00492621399462223,75202,81457
OMN,Oman,2006,,279397,0.454388946,228728,0.00541529012843966,111492,109070
OMN,Oman,2007,,305778,0.501083493,268935,0.00649762013927102,121834,121316
OMN,Oman,2008,,344752,0.570478916,325480,0.00693493103608489,146167,147634
OMN,Oman,2009,,377860,0.622439921,381666,0.00909238494932652,124368,126789
OMN,Oman,2010,,404777,0.650446594,427915,0.00994478911161423,136808,137564
OMN,Oman,2011,,436790,0.688753128,468455,0.00996995344758034,162310,162583
OMN,Oman,2012,,471000,0.723391116,481755,0.00915722921490669,179870,174556
OMN,Oman,2013,,511403,0.7782076,526383,0.00905075576156378,176721,178253
OMN,Oman,2014,,551944,0.832346797,538879,0.00835821125656366,167534,164935
OMN,Oman,2015,,591146,0.878372252,622036,0.00849796831607819,143795,148842
OMN,Oman,2016,,641088,0.944180548,677343,0.00826022867113352,137728,142601
OMN,Oman,2017,,686690,1,686690,0.00792967993766069,140839,145009
OMN,Oman,2018,,727799,1.049093723,727508,0.00785415992140770,153020,155030
OMN,Oman,2019,,766347,1.095614314,768285,0.00792171340435743,146395,150306
PAK,Pakistan,1950,1.119964838,48567,,29503,,49879,47289
PAK,Pakistan,1951,1.120274186,50807,,30527,,49600,47637
PAK,Pakistan,1952,1.120583534,53741,,32132,,48274,47018
PAK,Pakistan,1953,1.120893121,57355,,33978,,49741,49301
PAK,Pakistan,1954,1.121202707,60906,,35795,,50351,49720
PAK,Pakistan,1955,1.121512294,64670,,37741,,48942,48842
PAK,Pakistan,1956,1.121679544,67726,,39316,,51426,51898
PAK,Pakistan,1957,1.121846914,71949,,41363,,51709,51797
PAK,Pakistan,1958,1.122014165,76348,,43614,,51789,51998
PAK,Pakistan,1959,1.122181535,81558,,46367,,55228,55636
PAK,Pakistan,1960,1.122348905,92131,,51798,,56003,55815
PAK,Pakistan,1961,1.129726887,104076,,57817,,58797,58816
PAK,Pakistan,1962,1.137153506,117712,,64860,,62313,63341
PAK,Pakistan,1963,1.144628763,135587,,73907,,66066,67455
PAK,Pakistan,1964,1.152153254,154561,,83427,,70777,72414
PAK,Pakistan,1965,1.159727216,177827,,94758,,77307,79526
PAK,Pakistan,1966,1.166064143,196553,,103997,,86999,88111
PAK,Pakistan,1967,1.172435522,214019,,112720,,88840,90357
PAK,Pakistan,1968,1.178841829,226841,,119243,,94307,95382
PAK,Pakistan,1969,1.185283065,237818,,124902,,101690,102760
PAK,Pakistan,1970,1.191759586,254599,,134244,,110882,112569
PAK,Pakistan,1971,1.199490309,269209,,141947,,113080,114630
PAK,Pakistan,1972,1.207271338,281336,,148229,,116185,117107
PAK,Pakistan,1973,1.215102673,293198,,154055,,121890,122556
PAK,Pakistan,1974,1.22298491,307159,,161490,,125310,127197
PAK,Pakistan,1975,1.230918288,320571,,169195,,127036,131718
PAK,Pakistan,1976,1.237585425,345418,,178795,,135217,138740
PAK,Pakistan,1977,1.244288564,371104,,186905,,139876,143308
PAK,Pakistan,1978,1.251028061,394342,,193380,,148714,152832
PAK,Pakistan,1979,1.257804036,414193,,200129,,155718,159013
PAK,Pakistan,1980,1.264616728,433355,,205041,,167013,170840
PAK,Pakistan,1981,1.276185751,449490,,205993,,176541,181618
PAK,Pakistan,1982,1.287860513,468129,,204307,,184131,191596
PAK,Pakistan,1983,1.299642086,489854,,203392,,196136,204392
PAK,Pakistan,1984,1.311531425,512496,,206097,,207672,215910
PAK,Pakistan,1985,1.323529601,539259,,215227,,221657,230969
PAK,Pakistan,1986,1.330360293,567001,,228398,,231906,239407
PAK,Pakistan,1987,1.337226152,595490,,243412,,248668,255110
PAK,Pakistan,1988,1.344127417,620506,,259358,,266784,273736
PAK,Pakistan,1989,1.351064444,648380,,278633,,279229,287657
PAK,Pakistan,1990,1.358037114,677494,,302605,,287048,295157
PAK,Pakistan,1991,1.375899196,704989,,327004,,293319,296387
PAK,Pakistan,1992,1.393996119,739822,,356843,,310677,315103
PAK,Pakistan,1993,1.412331104,774819,,389775,,316370,324906
PAK,Pakistan,1994,1.430907249,805935,,422032,,324530,329509
PAK,Pakistan,1995,1.449727654,838144,,455019,,344278,349615
PAK,Pakistan,1996,1.469274759,872041,,486855,,361135,368728
PAK,Pakistan,1997,1.489085555,898872,,509682,,360434,368406
PAK,Pakistan,1998,1.50916326,919930,,526633,,381411,383435
PAK,Pakistan,1999,1.529511809,935063,,538203,,390229,393612
PAK,Pakistan,2000,1.550134659,953476,,552776,,401143,406071
PAK,Pakistan,2001,1.602514863,974563,,574456,,406326,409596
PAK,Pakistan,2002,1.656665087,993958,,600275,,426386,427426
PAK,Pakistan,2003,1.711785316,1016463,,632933,,443008,441378
PAK,Pakistan,2004,1.755204082,1033276,,669557,,480488,477930
PAK,Pakistan,2005,1.799724221,1064850,,722398,,526923,536282
PAK,Pakistan,2006,1.797615409,1117742,,799581,,567389,590065
PAK,Pakistan,2007,1.795508981,1169362,,893727,,613538,635018
PAK,Pakistan,2008,1.793405294,1225114,,1010974,,637673,674950
PAK,Pakistan,2009,1.791303873,1271473,,1133118,,687895,712757
PAK,Pakistan,2010,1.789204955,1307130,,1253401,,738283,759389
PAK,Pakistan,2011,1.787124753,1332023,,1333814,,807294,826120
PAK,Pakistan,2012,1.785052299,1357530,,1396963,,813585,843302
PAK,Pakistan,2013,1.782987595,1383719,,1414897,,820678,847836
PAK,Pakistan,2014,1.780930758,1410445,,1473864,,849197,875750
PAK,Pakistan,2015,1.778881311,1453930,,1533487,,900226,927341
PAK,Pakistan,2016,1.776839733,1503614,,1536931,,905779,934176
PAK,Pakistan,2017,1.774805784,1563952,,1563952,,945173,986243
PAK,Pakistan,2018,1.772779346,1630150,,1625235,,995692,1051935
PAK,Pakistan,2019,1.770760417,1673987,,1669777,,1034836,1089080
PAN,Panama,1950,1.664753675,4473,,2386,,2076,1846
PAN,Panama,1951,1.676398754,4664,,2491,,1999,1757
PAN,Panama,1952,1.688125134,4863,,2609,,2199,1934
PAN,Panama,1953,1.699933529,5232,,2821,,2330,2124
PAN,Panama,1954,1.711167216,5489,,2969,,2497,2260
PAN,Panama,1955,1.720181227,5807,,3149,,2687,2421
PAN,Panama,1956,1.73608923,6230,,3397,,2746,2510
PAN,Panama,1957,1.752144337,6650,,3631,,3009,2771
PAN,Panama,1958,1.768347859,7138,,3911,,3047,2859
PAN,Panama,1959,1.784701228,7702,,4239,,3167,3033
PAN,Panama,1960,1.801205873,8169,,4511,,3366,3124
PAN,Panama,1961,1.812563896,8824,,4886,,3778,3523
PAN,Panama,1962,1.823993683,9574,,5325,,4127,3950
PAN,Panama,1963,1.835495591,10425,,5820,,4470,4258
PAN,Panama,1964,1.84706986,11130,,6231,,4694,4472
PAN,Panama,1965,1.858717084,11954,,6704,,5151,4909
PAN,Panama,1966,1.87043798,13160,,7398,,5535,5323
PAN,Panama,1967,1.882232666,14394,,8102,,6098,5889
PAN,Panama,1968,1.89410162,15803,,8903,,6539,6353
PAN,Panama,1969,1.906045556,17433,0.038111109,9836,0.00043706592987292,7131,6949
PAN,Panama,1970,1.918064713,19854,0.043766271,11342,0.00048701115883887,8303,8306
PAN,Panama,1971,1.935788155,22606,0.050118834,12950,0.00054219632875174,9275,9267
PAN,Panama,1972,1.953675508,26067,0.058130123,14961,0.00060831219889224,9844,9881
PAN,Panama,1973,1.971728086,29357,0.06571357,16843,0.00066137092653662,10224,10240
PAN,Panama,1974,1.989947438,32019,0.07190197,18401,0.00068811036180705,10264,10395
PAN,Panama,1975,2.008335114,34867,0.078359209,20066,0.00073682551737875,10413,10677
PAN,Panama,1976,2.026892662,37713,0.08488217,21650,0.00077177252387628,10468,10762
PAN,Panama,1977,2.045621872,38937,0.087520517,22330,0.00075980246765539,10359,10681
PAN,Panama,1978,2.064523935,40894,0.092256412,23351,0.00075655744876713,11520,11522
PAN,Panama,1979,2.08360076,42732,0.096819937,24367,0.00076083297608420,11666,11833
PAN,Panama,1980,2.102854013,45301,0.103246018,25771,0.00075361505150795,13321,12827
PAN,Panama,1981,2.128383636,48820,0.111935064,27850,0.00079762074165046,14219,13860
PAN,Panama,1982,2.154223204,52372,0.120352365,29868,0.00084520911332220,14534,14032
PAN,Panama,1983,2.18037653,54142,0.124248937,30603,0.00085521611617878,15010,15030
PAN,Panama,1984,2.206847191,55387,0.126983166,31058,0.00083545176312327,14912,14908
PAN,Panama,1985,2.233639479,56469,0.129496574,31480,0.00082441070117056,15372,14781
PAN,Panama,1986,2.260756969,58380,0.134092942,32291,0.00082690780982375,16565,16801
PAN,Panama,1987,2.288203716,60668,0.139733091,33311,0.00082414323696867,17524,18211
PAN,Panama,1988,2.315983534,59987,0.137552023,32821,0.00078036251943559,15845,16291
PAN,Panama,1989,2.344100714,58685,0.134067938,32108,0.00073778873775154,15874,16483
PAN,Panama,1990,2.372559309,58102,0.132975399,31676,0.00072020449442789,16635,17834
PAN,Panama,1991,2.394797564,59330,0.13647747,32263,0.00072483631083742,18473,20087
PAN,Panama,1992,2.417244196,62012,0.143724173,33846,0.00075240642763674,20206,21282
PAN,Panama,1993,2.439901352,66661,0.155600637,36660,0.00080443872138858,21389,22077
PAN,Panama,1994,2.462770939,71396,0.167708039,39568,0.00084214675007388,21812,22774
PAN,Panama,1995,2.485854864,76473,0.18038711,42738,0.00088429806055501,21568,22629
PAN,Panama,1996,2.509155035,81030,0.19220838,45737,0.00091877655358985,22578,23898
PAN,Panama,1997,2.532673597,85907,0.205099702,49045,0.00095045665511861,25045,26444
PAN,Panama,1998,2.556412697,91877,0.221737385,53148,0.00100107968319207,27157,28823
PAN,Panama,1999,2.573693514,98551,0.238728136,57650,0.00103907356970012,28298,29902
PAN,Panama,2000,2.589910269,104078,0.251842409,61512,0.00103973678778857,29486,31445
PAN,Panama,2001,2.605596304,106607,0.257122457,63981,0.00102795800194144,30711,32040
PAN,Panama,2002,2.621377468,108676,0.261480153,66433,0.00104625546373427,32397,33919
PAN,Panama,2003,2.637254,112683,0.270492733,70223,0.00107723462861031,36031,38230
PAN,Panama,2004,2.653226852,117514,0.281547964,75005,0.00110730156302452,38098,38982
PAN,Panama,2005,2.669296503,122907,0.294781476,80616,0.00116445857565850,43545,47725
PAN,Panama,2006,2.68546319,129927,0.311782688,87682,0.00122838781680912,47312,52389
PAN,Panama,2007,2.701727867,142157,0.34175238,98744,0.00133954535704106,45172,49103
PAN,Panama,2008,2.718091249,157949,0.379369259,113277,0.00149760500062257,50219,53309
PAN,Panama,2009,2.734553814,172453,0.411835223,127509,0.00167512602638453,54645,55921
PAN,Panama,2010,2.751115799,188965,0.453342676,143845,0.00191083189565688,58529,60717
PAN,Panama,2011,2.766025066,209172,0.503828883,162881,0.00213595107197762,66634,68656
PAN,Panama,2012,2.781015396,236055,0.56354183,192076,0.00241139833815396,74405,77954
PAN,Panama,2013,2.796086788,270226,0.638952494,225417,0.00272274436429143,81459,84590
PAN,Panama,2014,2.811239958,307683,0.721036732,268312,0.00312117626890540,89261,92923
PAN,Panama,2015,2.826475143,347604,0.808082998,316195,0.00355834537185729,99805,98650
PAN,Panama,2016,2.84179306,387703,0.899028301,366965,0.00406473642215133,109346,107812
PAN,Panama,2017,2.857193708,430519,1,430519,0.00469650700688362,119261,120982
PAN,Panama,2018,2.872678041,472181,1.096264124,471410,0.00506622111424804,122538,124900
PAN,Panama,2019,2.888246298,510992,1.184723854,510780,0.00530101219192147,124982,127016
PER,Peru,1950,1.389781237,51688,,22481,,17567,17485
PER,Peru,1951,1.399023175,57297,,24481,,19191,18806
PER,Peru,1952,1.408326507,63309,,26747,,19586,19963
PER,Peru,1953,1.417691708,69372,,28972,,20338,21082
PER,Peru,1954,1.427119255,73585,0.051152296,30487,0.00284814462065697,22068,22427
PER,Peru,1955,1.436609387,78777,0.055033613,32483,0.00295729539357126,22881,23486
PER,Peru,1956,1.444636345,85304,0.060720552,34925,0.00312905758619308,23575,24179
PER,Peru,1957,1.452708006,92681,0.067334943,37603,0.00337691465392709,25167,26040
PER,Peru,1958,1.460824728,97886,0.071305096,39506,0.00346560543403029,24458,25821
PER,Peru,1959,1.468986869,101118,0.073653236,40768,0.00348387984558940,25325,26258
PER,Peru,1960,1.477194667,106250,0.077945404,42371,0.00348713248968124,28474,28796
PER,Peru,1961,1.490579844,111525,0.082385473,44219,0.00353745464235544,30320,31010
PER,Peru,1962,1.504086375,117475,0.087882884,46462,0.00358070246875286,33063,33955
PER,Peru,1963,1.517715216,122602,0.092978708,48350,0.00363192427903414,34962,35930
PER,Peru,1964,1.531467676,127924,0.097671725,50238,0.00358401914127171,38199,38210
PER,Peru,1965,1.545344591,134125,0.103308432,52437,0.00353222852572799,39999,40708
PER,Peru,1966,1.562959433,142582,0.111385278,55457,0.00349043519236147,43484,44018
PER,Peru,1967,1.580775142,149918,0.118038759,58128,0.00350125413388014,45800,46444
PER,Peru,1968,1.598793864,152654,0.119573161,59141,0.00338633987121284,46933,46500
PER,Peru,1969,1.617017865,156144,0.121782921,60387,0.00324940029531717,49489,48569
PER,Peru,1970,1.635449767,160415,0.124796502,61348,0.00314318784512579,52897,51246
PER,Peru,1971,1.669768095,166532,0.129835665,63575,0.00330559886060655,54551,54309
PER,Peru,1972,1.704806447,171410,0.133057222,65477,0.00350921484641731,55446,55631
PER,Peru,1973,1.732788324,183005,0.145441979,69379,0.00379309733398259,60804,60159
PER,Peru,1974,1.760124445,200849,0.164678872,75555,0.00381924142129719,65884,65531
PER,Peru,1975,1.787891746,216419,0.18079491,81005,0.00432237703353167,66065,68810
PER,Peru,1976,1.817886949,226735,0.189710349,84600,0.00448011001572013,67308,69310
PER,Peru,1977,1.848385215,233365,0.193792135,87234,0.00461653247475624,67503,68259
PER,Peru,1978,1.879395247,238112,0.196017236,89093,0.00347114168107510,66459,66144
PER,Peru,1979,1.910925508,246485,0.202368438,92390,0.00349823152646422,72843,67722
PER,Peru,1980,1.9429847,263699,0.217885897,98157,0.00358137651346624,76762,74670
PER,Peru,1981,1.965041757,286694,0.239144608,107607,0.00390956178307533,80025,80955
PER,Peru,1982,1.987349153,304973,0.254846483,117317,0.00423751724883914,81015,81809
PER,Peru,1983,2.009909868,309500,0.255156964,123014,0.00437067216262221,75480,75808
PER,Peru,1984,2.032726526,312785,0.254272342,129939,0.00441276188939810,80076,78783
PER,Peru,1985,2.055802345,313380,0.25078997,137675,0.00446209730580449,82787,79478
PER,Peru,1986,2.084782839,320797,0.253948599,149207,0.00459659844636917,90794,91385
PER,Peru,1987,2.114171743,334258,0.263028592,165897,0.00483027100563049,102209,102455
PER,Peru,1988,2.143974781,343594,0.26793623,184095,0.00508966902270913,97056,97231
PER,Peru,1989,2.174198151,345549,0.266143203,200991,0.00528746237978339,81604,81282
PER,Peru,1990,2.204847336,347700,0.264274895,223465,0.00551656959578395,82788,82372
PER,Peru,1991,2.237382412,352636,0.264600366,252425,0.00586245302110910,86347,85798
PER,Peru,1992,2.270397425,359172,0.266629279,279515,0.00631902599707246,88076,88172
PER,Peru,1993,2.303899527,368970,0.271512449,313308,0.00674873497337103,94166,93959
PER,Peru,1994,2.33789587,387845,0.283863217,355575,0.00740273576229811,109754,109461
PER,Peru,1995,2.372394085,412013,0.301249146,399840,0.00799617730081081,123063,122550
PER,Peru,1996,2.422124147,434209,0.317017049,433196,0.00822972133755684,128762,128604
PER,Peru,1997,2.472896576,461571,0.337402105,463779,0.00836731959134340,137999,137525
PER,Peru,1998,2.524733067,487267,0.356118828,491991,0.00840254314243793,134863,134930
PER,Peru,1999,2.571867943,507010,0.369890988,509453,0.00829180050641298,135413,135338
PER,Peru,2000,2.608041525,524048,0.381770879,523973,0.00799755100160837,139653,139356
PER,Peru,2001,2.640820503,537644,0.390692264,538192,0.00782222021371126,140887,140340
PER,Peru,2002,2.67401123,551470,0.399065465,553594,0.00793903041630983,151151,149425
PER,Peru,2003,2.707619429,567409,0.409333259,570116,0.00802499987185001,160644,158360
PER,Peru,2004,2.741649628,585970,0.421939164,589251,0.00817526038736105,174545,170611
PER,Peru,2005,2.776107788,608556,0.438373625,613076,0.00851785484701395,194834,189369
PER,Peru,2006,2.757003307,638563,0.461464852,639436,0.00885729864239693,223738,213912
PER,Peru,2007,2.738030195,678815,0.494309157,668659,0.00922532938420773,245771,235986
PER,Peru,2008,2.719187737,733581,0.542018116,710270,0.00993528869003057,262963,258010
PER,Peru,2009,2.700474739,781914,0.579711497,740891,0.01058039162307980,265951,258853
PER,Peru,2010,2.681890726,844332,0.630858362,785215,0.01138815004378560,301219,293688
PER,Peru,2011,2.698859453,911820,0.687356412,841009,0.01214394997805360,331280,322480
PER,Peru,2012,2.71593523,989987,0.751949906,918216,0.01317655574530360,345321,340407
PER,Peru,2013,2.733119011,1070168,0.816166282,995906,0.01393738016486170,351354,346975
PER,Peru,2014,2.750411749,1144217,0.873415589,1073832,0.01469960622489450,353356,350742
PER,Peru,2015,2.767813683,1206858,0.920954347,1156694,0.01542762294411660,357163,354323
PER,Peru,2016,2.785326004,1262165,0.961009502,1231832,0.01623194105923180,367197,362427
PER,Peru,2017,2.802948952,1316895,1,1316895,0.01711159758269790,382138,375968
PER,Peru,2018,2.820683479,1375363,1.042045712,1372680,0.01747021079063420,395547,389268
PER,Peru,2019,2.838530064,1435428,1.086049557,1433935,0.01767480559647080,402520,397799
PHL,Philippines,1950,1.287236094,73121,,81399,,29762,28307
PHL,Philippines,1951,1.316660762,77105,,84702,,30700,28883
PHL,Philippines,1952,1.346758127,80697,,88922,,32469,31804
PHL,Philippines,1953,1.377543449,85916,,95150,,37162,35687
PHL,Philippines,1954,1.409032464,91666,0.036872417,101451,0.00888437032699585,39686,38294
PHL,Philippines,1955,1.441241264,97550,0.039465163,107704,0.00925887748599052,42589,41324
PHL,Philippines,1956,1.452361822,102880,0.041780461,113678,0.00947657506912947,44085,42731
PHL,Philippines,1957,1.463568091,109576,0.044673942,120524,0.00975727289915085,46703,45404
PHL,Philippines,1958,1.474860907,115889,0.047399383,127231,0.01001906301826240,48223,47403
PHL,Philippines,1959,1.486240864,123353,0.050653383,135506,0.01039865892380480,52409,52070
PHL,Philippines,1960,1.497708559,129103,0.053076476,140894,0.01035017240792510,53680,51891
PHL,Philippines,1961,1.516836166,136499,0.056178272,148086,0.01048693247139450,55634,54687
PHL,Philippines,1962,1.536208272,143508,0.059151404,154936,0.01057157944887880,59348,59282
PHL,Philippines,1963,1.555827618,152693,0.063079938,164556,0.01079782750457530,62975,62855
PHL,Philippines,1964,1.57569766,163084,0.067537457,175483,0.01105502620339390,63630,64092
PHL,Philippines,1965,1.595821381,174031,0.072161011,186545,0.01118868961930270,66840,67125
PHL,Philippines,1966,1.619098783,184512,0.0766607,197310,0.01128896884620190,70294,70164
PHL,Philippines,1967,1.642715693,196455,0.081940532,209245,0.01149645633995530,72658,72130
PHL,Philippines,1968,1.666677237,207862,0.087118924,220481,0.01158707495778800,77856,77077
PHL,Philippines,1969,1.690988064,219589,0.092284106,231782,0.01169461943209170,82470,81327
PHL,Philippines,1970,1.714051366,229612,0.096822925,239938,0.01177105493843560,88129,86676
PHL,Philippines,1971,1.734003782,240853,0.102083132,234948,0.01118362601846460,92969,92243
PHL,Philippines,1972,1.754188418,251819,0.106938355,214813,0.00985785108059645,97142,97846
PHL,Philippines,1973,1.774608016,263112,0.111905918,195554,0.00889358390122652,108313,105799
PHL,Philippines,1974,1.795265317,277674,0.118976258,185168,0.00807607453316450,112189,111950
PHL,Philippines,1975,1.816163063,300034,0.129408389,191530,0.00811068341135979,118864,122512
PHL,Philippines,1976,1.845387101,328039,0.141603068,207213,0.00864537432789803,126509,130302
PHL,Philippines,1977,1.87508142,355775,0.153296933,223811,0.00894330628216267,133131,134910
PHL,Philippines,1978,1.905253649,385644,0.166465089,242181,0.00901996809989214,140623,143502
PHL,Philippines,1979,1.935911298,419678,0.181606323,265031,0.00964421685785055,145447,146122
PHL,Philippines,1980,1.967062235,456725,0.198231712,286120,0.00960405915975571,159361,160141
PHL,Philippines,1981,1.999730468,498868,0.216625884,309918,0.00998034421354532,166638,168139
PHL,Philippines,1982,2.032941103,542252,0.235211313,332712,0.01048446353524920,172984,177838
PHL,Philippines,1983,2.066703558,589424,0.255786508,356811,0.01103701163083310,174138,179654
PHL,Philippines,1984,2.101026535,610968,0.264319479,373515,0.01116908621042970,165327,167788
PHL,Philippines,1985,2.135919571,612432,0.263966233,378524,0.01097678486257790,158530,159600
PHL,Philippines,1986,2.152556658,615445,0.264269292,387034,0.01100167073309420,168569,169769
PHL,Philippines,1987,2.169323206,622535,0.266061127,402604,0.01094679441303010,183918,187170
PHL,Philippines,1988,2.186220169,637423,0.271310151,431070,0.01159132830798630,203504,207819
PHL,Philippines,1989,2.203248978,662997,0.282000512,471984,0.01236554328352210,219050,227302
PHL,Philippines,1990,2.220410347,695971,0.296503484,529809,0.01309719402343030,234504,249007
PHL,Philippines,1991,2.244096518,717515,0.305680215,587216,0.01382529176771640,244149,255726
PHL,Philippines,1992,2.268035173,741502,0.316650987,653034,0.01494272984564300,255864,266897
PHL,Philippines,1993,2.292229176,770181,0.329966873,726761,0.01610390283167360,268610,283430
PHL,Philippines,1994,2.316681385,801793,0.344846189,804517,0.01774800755083560,297118,317012
PHL,Philippines,1995,2.341394186,835628,0.361161381,876875,0.01863443106412890,328926,350631
PHL,Philippines,1996,2.361701012,876264,0.380528629,936762,0.01930064521729950,357576,381349
PHL,Philippines,1997,2.382184029,924554,0.403241783,978756,0.01930512674152850,357319,376608
PHL,Philippines,1998,2.402844667,958949,0.417421937,987874,0.01846462488174440,348297,348237
PHL,Philippines,1999,2.42368412,986970,0.428766668,977592,0.01735768653452400,351587,339705
PHL,Philippines,2000,2.444704771,1023756,0.44426772,970085,0.01606316491961480,358584,350599
PHL,Philippines,2001,2.460057735,1055996,0.457881272,961962,0.01507164631038900,353453,354304
PHL,Philippines,2002,2.475507259,1089401,0.471925437,968141,0.01469587069004770,356509,361124
PHL,Philippines,2003,2.491053581,1131175,0.490237981,990860,0.01466845627874140,364569,371636
PHL,Philippines,2004,2.506697655,1173778,0.508675873,1020527,0.01461201254278420,374633,383578
PHL,Philippines,2005,2.522439957,1216730,0.528121531,1071817,0.01481270045042040,384028,397979
PHL,Philippines,2006,2.539097786,1263273,0.548890591,1151164,0.01549378409981730,409816,419901
PHL,Philippines,2007,2.555865765,1313589,0.570792019,1274327,0.01655382476747040,443129,452881
PHL,Philippines,2008,2.568567276,1365384,0.593099236,1443506,0.01821871101856230,474723,481341
PHL,Philippines,2009,2.579975128,1413797,0.613268495,1630743,0.02049970254302020,498648,502352
PHL,Philippines,2010,2.591434002,1482098,0.644366384,1827380,0.02299005538225170,552288,551437
PHL,Philippines,2011,2.604868174,1543607,0.672648966,1968189,0.02460329793393610,589912,599551
PHL,Philippines,2012,2.618371964,1615891,0.704768062,1978458,0.02398373745381830,637683,640091
PHL,Philippines,2013,2.631946087,1701777,0.743364513,1989858,0.02341402322053910,662045,664324
PHL,Philippines,2014,2.645590305,1795472,0.784978032,2010676,0.02299567125737670,693330,690617
PHL,Philippines,2015,2.659305334,1912568,0.838755071,2085411,0.02322942763566970,724361,724172
PHL,Philippines,2016,2.673091412,2072964,0.916299284,2173936,0.02414548397064210,769194,784773
PHL,Philippines,2017,2.686949015,2245853,1,2245853,0.02488771826028820,805992,826499
PHL,Philippines,2018,2.70087862,2441591,1.093872309,2446150,0.02676920965313910,844894,876689
PHL,Philippines,2019,2.714880228,2630905,1.180379868,2640883,0.02813130989670750,883988,913574
POL,Poland,1950,,,,,,,
POL,Poland,1951,,,,,,,
POL,Poland,1952,,,,,,,
POL,Poland,1953,,,,,,,
POL,Poland,1954,,,,,,,
POL,Poland,1955,,,,,,,
POL,Poland,1956,,,,,,,
POL,Poland,1957,,,,,,,
POL,Poland,1958,,,,,,,
POL,Poland,1959,,,,,,,
POL,Poland,1960,,,,,,,
POL,Poland,1961,,,,,,,
POL,Poland,1962,,,,,,,
POL,Poland,1963,,,,,,,
POL,Poland,1964,,,,,,,
POL,Poland,1965,,,,,,,
POL,Poland,1966,,,,,,,
POL,Poland,1967,,,,,,,
POL,Poland,1968,,,,,,,
POL,Poland,1969,,,,,,,
POL,Poland,1970,2.300458193,258002,,276278,,180203,180163
POL,Poland,1971,2.332807064,288214,,308715,,193621,193584
POL,Poland,1972,2.365610838,318468,,341134,,202793,202936
POL,Poland,1973,2.398875952,348614,,372767,,210623,211003
POL,Poland,1974,2.432608843,380295,0.121385783,406749,0.01480503100901840,227207,227635
POL,Poland,1975,2.466815948,414075,0.132700399,442893,0.01579143665730950,240615,241126
POL,Poland,1976,2.472627401,450149,0.144403338,471023,0.01627574115991590,247539,247971
POL,Poland,1977,2.478452682,487486,0.156764939,488256,0.01640959084033970,255442,255661
POL,Poland,1978,2.484291792,525735,0.169466794,501569,0.01629315875470640,258188,258562
POL,Poland,1979,2.490144491,564528,0.181450874,520297,0.01636260002851490,257587,260031
POL,Poland,1980,2.496011019,605798,0.194528937,551598,0.01655638031661510,231590,235540
POL,Poland,1981,2.522981882,632230,0.202485636,595407,0.01736876927316190,219528,222706
POL,Poland,1982,2.550244331,650319,0.20759891,662670,0.01916052214801310,221380,221127
POL,Poland,1983,2.571965456,672125,0.214293033,751760,0.02159789204597470,239196,240588
POL,Poland,1984,2.590643644,698276,0.22290957,855103,0.02376339212059970,260468,262265
POL,Poland,1985,2.609457731,725823,0.232347697,930051,0.02531715482473370,283843,285385
POL,Poland,1986,2.633560419,754557,0.243321449,966844,0.02591026760637760,300756,303527
POL,Poland,1987,2.65788579,783826,0.255339444,997383,0.02595467306673530,316974,318480
POL,Poland,1988,2.682435989,814576,0.268315613,1026483,0.02599080465734000,339322,339645
POL,Poland,1989,2.707212925,841829,0.274871469,1043544,0.02516145259141920,358946,355188
POL,Poland,1990,2.732218504,862354,0.279205769,1051911,0.02453577704727650,321014,308887
POL,Poland,1991,2.764779568,880178,0.282829583,1053516,0.02359739318490030,305057,306578
POL,Poland,1992,2.7977283,899218,0.28770411,1061630,0.02285478450357910,327351,332615
POL,Poland,1993,2.831069946,919645,0.294509828,1075440,0.02240729704499240,352519,360106
POL,Poland,1994,2.864809036,945197,0.303596765,1097180,0.02186643518507480,380936,387795
POL,Poland,1995,2.8989501,979985,0.318002105,1129518,0.02196940779685970,418877,426415
POL,Poland,1996,2.9225142,1027343,0.338473588,1178915,0.02250687777996060,448247,459354
POL,Poland,1997,2.946269989,1090954,0.365513116,1206944,0.02254363335669040,474797,491780
POL,Poland,1998,2.970218658,1164984,0.398092121,1246900,0.02285115793347360,498111,514308
POL,Poland,1999,2.994362354,1241605,0.431704521,1281806,0.02302924543619160,524011,544801
POL,Poland,2000,3.01870203,1315059,0.464136034,1318911,0.02241429686546330,537913,556499
POL,Poland,2001,3.03832674,1369213,0.487037688,1307963,0.02142869494855400,551910,560284
POL,Poland,2002,3.058079004,1413048,0.503806591,1320958,0.02069087885320190,569968,575552
POL,Poland,2003,3.077959776,1456580,0.520356238,1313891,0.02058842219412330,578210,583025
POL,Poland,2004,3.09796977,1505844,0.539265156,1436188,0.02160997316241260,610957,605887
POL,Poland,2005,3.118109703,1562725,0.561617017,1511245,0.02235639840364460,640769,635717
POL,Poland,2006,3.140255928,1636082,0.592379987,1501179,0.02200976386666300,676702,665096
POL,Poland,2007,3.162559271,1731905,0.634375632,1460843,0.02137755230069160,740583,726017
POL,Poland,2008,3.185021162,1835121,0.678713977,1633153,0.02314606495201590,788191,765127
POL,Poland,2009,3.207642555,1927508,0.713623464,1731144,0.02453714422881600,825461,804829
POL,Poland,2010,3.230424643,2015543,0.74632585,1996998,0.02819800563156600,899392,880770
POL,Poland,2011,3.254019737,2115690,0.784395278,2099278,0.02916983887553220,965630,942144
POL,Poland,2012,3.278010845,2207673,0.818582833,2211309,0.02973680570721630,982721,955169
POL,Poland,2013,3.302406073,2293304,0.850639105,2295927,0.03009984083473680,986904,954934
POL,Poland,2014,3.327214003,2394320,0.889577985,2394525,0.03058662824332710,998424,965747
POL,Poland,2015,3.352443218,2502945,0.932565391,2541928,0.03183232620358470,1063820,1026803
POL,Poland,2016,3.378103018,2586891,0.965014815,2659208,0.03287395462393760,1091722,1054393
POL,Poland,2017,3.404202461,2674434,1,2674434,0.03285086527466770,1141621,1102457
POL,Poland,2018,3.430751085,2776742,1.043106079,2772626,0.03396688401699070,1193662,1158126
POL,Poland,2019,3.457758427,2887940,1.090107083,2881624,0.03443673998117450,1258024,1214853
PRT,Portugal,1950,1.241876841,147441,,54232,,24238,23997
PRT,Portugal,1951,1.247893691,153228,,56268,,26735,26523
PRT,Portugal,1952,1.253939748,160099,,58958,,27763,27779
PRT,Portugal,1953,1.260015011,168950,,62251,,29589,29380
PRT,Portugal,1954,1.266119719,177489,0.046122067,65488,0.00518802087754011,31107,30602
PRT,Portugal,1955,1.27225399,184594,0.047853358,68108,0.00520190177485347,32003,31621
PRT,Portugal,1956,1.277517438,192943,0.049918815,71281,0.00523543823510408,33451,32894
PRT,Portugal,1957,1.282802582,204978,0.053086337,75618,0.00538369873538613,34552,34237
PRT,Portugal,1958,1.28810966,215901,0.055950683,79682,0.00549758551642299,34838,34815
PRT,Portugal,1959,1.293438673,227053,0.058706146,83953,0.00556846614927053,36719,36644
PRT,Portugal,1960,1.29878974,243479,0.063116573,90233,0.00571392895653844,39466,38831
PRT,Portugal,1961,1.307884216,263981,0.068865798,97914,0.00600338680669665,41813,41214
PRT,Portugal,1962,1.317042351,281193,0.073449954,104477,0.00611844286322594,44985,44757
PRT,Portugal,1963,1.326264501,301436,0.079966053,112563,0.00638769380748272,47732,47263
PRT,Portugal,1964,1.335551381,323739,0.086813137,120964,0.00657350057736039,48936,49068
PRT,Portugal,1965,1.344903231,350422,0.094881982,130924,0.00682006776332855,52084,52575
PRT,Portugal,1966,1.355054975,376499,0.102878273,140658,0.00699901487678289,53352,54078
PRT,Portugal,1967,1.365283251,401200,0.11025288,149918,0.00707033090293407,57137,58502
PRT,Portugal,1968,1.375588894,426676,0.118163586,159448,0.00718541909009218,66831,66666
PRT,Portugal,1969,1.385972261,451278,0.125410542,168696,0.00728276837617159,69534,68683
PRT,Portugal,1970,1.396433949,489247,0.137769282,183468,0.00772475544363260,73329,73764
PRT,Portugal,1971,1.41478467,530943,0.151260003,199174,0.00814144313335419,79047,79376
PRT,Portugal,1972,1.433376431,578831,0.166231453,217587,0.00850614067167044,85606,85666
PRT,Portugal,1973,1.452212453,631012,0.182439089,237413,0.00893792137503624,94469,94235
PRT,Portugal,1974,1.471296191,675774,0.196612626,254747,0.00913335848599672,94467,94081
PRT,Portugal,1975,1.490630507,710928,0.208308488,268166,0.00938182231038809,88993,89451
PRT,Portugal,1976,1.520378709,744958,0.220546767,281046,0.00955553166568279,93738,94842
PRT,Portugal,1977,1.550720572,785360,0.234081671,295996,0.00975216925144196,98883,100296
PRT,Portugal,1978,1.5816679,829116,0.250099152,311818,0.00988137070089579,101619,102767
PRT,Portugal,1979,1.613232851,870323,0.261428297,327933,0.00982327666133642,105766,107121
PRT,Portugal,1980,1.645427823,917222,0.279689193,344851,0.00982011575251818,109086,110422
PRT,Portugal,1981,1.680736423,966065,0.298889995,368603,0.01015434134751560,106614,109500
PRT,Portugal,1982,1.714916587,1014481,0.316408634,398009,0.01064224820584060,108033,111022
PRT,Portugal,1983,1.742581129,1055187,0.330980957,428604,0.01123923249542710,106048,108706
PRT,Portugal,1984,1.770691991,1081076,0.33733654,456909,0.01133980602025990,101831,104449
PRT,Portugal,1985,1.799256206,1104612,0.34326911,486255,0.01161964610219000,105645,106906
PRT,Portugal,1986,1.82656157,1134922,0.353433162,516121,0.01199960242956880,117015,117831
PRT,Portugal,1987,1.854281187,1176729,0.370435715,557644,0.01246992778033020,125832,127368
PRT,Portugal,1988,1.882421613,1228723,0.390015185,609820,0.01313783414661880,136928,137884
PRT,Portugal,1989,1.910989046,1281454,0.409575015,669586,0.01395861431956290,146447,147342
PRT,Portugal,1990,1.939990044,1337819,0.433750987,737754,0.01499313022941350,157809,156035
PRT,Portugal,1991,1.966100454,1392915,0.458788991,808399,0.01619908772408960,165900,165942
PRT,Portugal,1992,1.992562413,1448320,0.48156023,881858,0.01735208556056020,174729,168645
PRT,Portugal,1993,2.019380569,1495020,0.500470638,948709,0.01832420192658900,175792,172976
PRT,Portugal,1994,2.046559572,1542292,0.519362867,1007840,0.01901312544941900,186502,185345
PRT,Portugal,1995,2.074104548,1594150,0.54017967,1058063,0.01939113996922970,195488,192144
PRT,Portugal,1996,2.107091904,1649974,0.564328372,1095740,0.01947230659425260,201190,196127
PRT,Portugal,1997,2.140604019,1719139,0.596249402,1100092,0.01887490041553970,216267,213001
PRT,Portugal,1998,2.174649,1799791,0.637109339,1122898,0.01850753277540210,230483,226197
PRT,Portugal,1999,2.209235668,1883878,0.679778814,1138436,0.01816590875387190,245383,241172
PRT,Portugal,2000,2.244372129,1969394,0.721804202,1150475,0.01735601574182510,254626,253839
PRT,Portugal,2001,2.241577864,2051520,0.759873867,1119461,0.01616938598454000,257826,253115
PRT,Portugal,2002,2.238786936,2124258,0.791222394,1168641,0.01633104868233200,262210,255231
PRT,Portugal,2003,2.235999584,2183279,0.81545186,1241719,0.01693650335073470,264597,254631
PRT,Portugal,2004,2.23321557,2240557,0.839867353,1299554,0.01736930012702940,271180,255008
PRT,Portugal,2005,2.230435133,2295768,0.864222646,1373608,0.01814698614180090,288411,275653
PRT,Portugal,2006,2.256005526,2347437,0.888491213,1560355,0.01978176832199100,302813,291376
PRT,Portugal,2007,2.281868696,2400641,0.915462852,1697395,0.02069930732250210,312657,298843
PRT,Portugal,2008,2.308028698,2451068,0.943038344,1833502,0.02182492427527900,318381,293907
PRT,Portugal,2009,2.334488392,2488307,0.960234582,1948284,0.02335405722260480,314587,293729
PRT,Portugal,2010,2.361251354,2522291,0.977005482,2162823,0.02622089162468910,324045,303016
PRT,Portugal,2011,2.37762332,2539990,0.982296586,2151195,0.02623722702264790,315796,295077
PRT,Portugal,2012,2.394108534,2540285,0.97914362,2253158,0.02665385790169240,308522,293078
PRT,Portugal,2013,2.410708189,2536543,0.976245224,2360619,0.02665906399488450,303604,284825
PRT,Portugal,2014,2.427422762,2535434,0.976900876,2485715,0.02704686857759950,302754,283962
PRT,Portugal,2015,2.444253445,2539610,0.980928004,2445003,0.02590395323932170,313093,295754
PRT,Portugal,2016,2.461200714,2545599,0.98672837,2656712,0.02687112987041470,321739,304936
PRT,Portugal,2017,2.478265524,2561830,1,2561830,0.02560037933290000,332018,313080
PRT,Portugal,2018,2.495448589,2581924,1.016113043,2578900,0.02564073726534840,341051,317624
PRT,Portugal,2019,2.512750864,2605408,1.033398628,2612466,0.02523661218583580,349451,327038
PRY,Paraguay,1950,,,,,,,
PRY,Paraguay,1951,1.418139219,7145,,3746,,3360,3703
PRY,Paraguay,1952,1.428347588,7584,,3978,,3288,3588
PRY,Paraguay,1953,1.438629389,8176,,4287,,3165,3406
PRY,Paraguay,1954,1.448985219,8589,,4500,,3426,3724
PRY,Paraguay,1955,1.459415555,8847,0.036435373,4630,0.00039396926877089,3730,4042
PRY,Paraguay,1956,1.470924139,9052,0.037222337,4736,0.00038758898153901,3768,4131
PRY,Paraguay,1957,1.482523441,9696,0.040081982,5066,0.00040516088483855,3709,4080
PRY,Paraguay,1958,1.494214177,10287,0.042650294,5370,0.00041347695514560,3960,4358
PRY,Paraguay,1959,1.505997062,10711,0.044388548,5597,0.00040833934326656,4005,4404
PRY,Paraguay,1960,1.51787293,11292,0.046861768,5892,0.00041151122422889,4079,4476
PRY,Paraguay,1961,1.528248549,11897,0.049414236,6204,0.00041770614916459,4326,4774
PRY,Paraguay,1962,1.538695097,12234,0.050543014,6383,0.00040693275514059,4475,4812
PRY,Paraguay,1963,1.549213052,12657,0.05194645,6603,0.00039687068783678,4713,5070
PRY,Paraguay,1964,1.55980289,12952,0.052853432,6758,0.00037183045060374,4885,5219
PRY,Paraguay,1965,1.570465207,13708,0.055874135,7149,0.00037448111106642,5196,5533
PRY,Paraguay,1966,1.586341858,14551,0.059443191,7588,0.00037930681719445,5305,5568
PRY,Paraguay,1967,1.602379084,15609,0.06413307,8138,0.00039268739055842,5715,6036
PRY,Paraguay,1968,1.618578315,16508,0.06802205,8606,0.00039912731153891,5973,6241
PRY,Paraguay,1969,1.634941459,17481,0.072042137,9114,0.00040569127304480,6298,6563
PRY,Paraguay,1970,1.651469946,18399,0.075584948,9618,0.00040887639624998,6803,7079
PRY,Paraguay,1971,1.667012334,19449,0.079673864,10187,0.00041603276622482,7216,7469
PRY,Paraguay,1972,1.682700992,20701,0.084711544,10858,0.00042603680049069,7740,7966
PRY,Paraguay,1973,1.69853735,22592,0.092688754,11839,0.00044871520367451,8278,8361
PRY,Paraguay,1974,1.713199615,24768,0.101945028,13010,0.00046957904123701,8772,8862
PRY,Paraguay,1975,1.72533834,26686,0.109835766,14058,0.00049692427273840,8926,9287
PRY,Paraguay,1976,1.744459033,29652,0.122026436,15605,0.00053618528181687,9896,9955
PRY,Paraguay,1977,1.763791561,33264,0.137601003,17494,0.00058279675431550,11302,11163
PRY,Paraguay,1978,1.783338428,37764,0.156186536,19849,0.00063010450685397,12337,12294
PRY,Paraguay,1979,1.803101897,43249,0.17903994,22747,0.00069690687814727,12402,13088
PRY,Paraguay,1980,1.823084354,50074,0.206351668,26355,0.00075176398968324,14603,14696
PRY,Paraguay,1981,1.846054673,58166,0.240161553,30707,0.00086442957399413,16552,16331
PRY,Paraguay,1982,1.869314432,64044,0.262417525,34011,0.00094299268675968,16501,16421
PRY,Paraguay,1983,1.892867088,68256,0.277727544,36324,0.00099640595726669,16108,16244
PRY,Paraguay,1984,1.916716695,72492,0.294090897,38782,0.00103130913339555,16409,16578
PRY,Paraguay,1985,1.940866709,76618,0.309474587,41337,0.00106886774301529,17110,17208
PRY,Paraguay,1986,1.959599972,80937,0.326920718,44088,0.00110900180879980,16839,16953
PRY,Paraguay,1987,1.978514194,85553,0.345695764,47145,0.00114355445839465,17538,17855
PRY,Paraguay,1988,1.997610807,90356,0.363294452,50494,0.00117844773922116,19086,19155
PRY,Paraguay,1989,2.016891956,95832,0.386654496,54429,0.00124327430967242,20464,20056
PRY,Paraguay,1990,2.036359072,101830,0.414510965,58969,0.00133317266590893,21461,22135
PRY,Paraguay,1991,2.051855087,108130,0.44413057,63480,0.00141931371763349,22078,22876
PRY,Paraguay,1992,2.06746912,113401,0.468226582,67921,0.00149007013533264,22881,23490
PRY,Paraguay,1993,2.083201885,118681,0.49273032,72604,0.00156386545859277,23983,24692
PRY,Paraguay,1994,2.099054575,124162,0.519352794,77664,0.00163007096853107,25161,26090
PRY,Paraguay,1995,2.115027666,129634,0.547724426,82945,0.00168883020523936,26467,27466
PRY,Paraguay,1996,2.104758978,134624,0.569199145,88493,0.00172042800113559,27418,28025
PRY,Paraguay,1997,2.094540119,139361,0.590237558,94381,0.00174134562257677,28112,28658
PRY,Paraguay,1998,2.084370852,142468,0.600198209,99675,0.00173164857551455,28537,29757
PRY,Paraguay,1999,2.074250937,144593,0.603172719,104443,0.00169584481045604,27765,28492
PRY,Paraguay,2000,2.064180136,146741,0.606427252,109841,0.00165786943398416,26429,27417
PRY,Paraguay,2001,2.106127739,148580,0.608204305,115770,0.00164045020937920,27699,28944
PRY,Paraguay,2002,2.14892745,150413,0.610888064,122390,0.00170451216399670,35928,37809
PRY,Paraguay,2003,2.192597389,153419,0.621456981,129743,0.00175157107878476,38026,39644
PRY,Paraguay,2004,2.237154245,156782,0.63630724,137786,0.00179950264282525,39200,41528
PRY,Paraguay,2005,2.282617092,160261,0.654563785,146471,0.00187965016812086,39339,42530
PRY,Paraguay,2006,2.300023317,163955,0.673696816,157166,0.00196889694780111,41623,45532
PRY,Paraguay,2007,2.31756258,168541,0.694387674,171830,0.00211640121415257,46140,48673
PRY,Paraguay,2008,2.335235596,174722,0.722927451,191339,0.00233744736760855,51072,52144
PRY,Paraguay,2009,2.353043318,179926,0.742506623,211303,0.00258608045987785,54325,56550
PRY,Paraguay,2010,2.3709867,188242,0.779999137,231727,0.00289198057726026,64387,65010
PRY,Paraguay,2011,2.405944347,196539,0.815769553,246319,0.00304713053628802,71862,71881
PRY,Paraguay,2012,2.441417456,203449,0.834002316,243912,0.00289309141226113,70025,70816
PRY,Paraguay,2013,2.477413416,211706,0.859560549,243360,0.00281496159732342,76047,74554
PRY,Paraguay,2014,2.513940096,221159,0.891643941,242711,0.00271404953673482,77987,77631
PRY,Paraguay,2015,2.551005602,230298,0.922619164,246714,0.00268485117703676,78000,78181
PRY,Paraguay,2016,2.579226017,239797,0.954747081,247255,0.00263744848780334,80867,81073
PRY,Paraguay,2017,2.604767561,250040,1,250040,0.00266401935368776,83864,84791
PRY,Paraguay,2018,2.630562067,260949,1.04874444,260577,0.00275564566254616,85711,86233
PRY,Paraguay,2019,2.656612158,271088,1.093044519,271291,0.00278023909777403,85287,86919
PSE,State of Palestine,1950,,,,,,,
PSE,State of Palestine,1951,,,,,,,
PSE,State of Palestine,1952,,,,,,,
PSE,State of Palestine,1953,,,,,,,
PSE,State of Palestine,1954,,,,,,,
PSE,State of Palestine,1955,,,,,,,
PSE,State of Palestine,1956,,,,,,,
PSE,State of Palestine,1957,,,,,,,
PSE,State of Palestine,1958,,,,,,,
PSE,State of Palestine,1959,,,,,,,
PSE,State of Palestine,1960,,,,,,,
PSE,State of Palestine,1961,,,,,,,
PSE,State of Palestine,1962,,,,,,,
PSE,State of Palestine,1963,,,,,,,
PSE,State of Palestine,1964,,,,,,,
PSE,State of Palestine,1965,,,,,,,
PSE,State of Palestine,1966,,,,,,,
PSE,State of Palestine,1967,,,,,,,
PSE,State of Palestine,1968,,,,,,,
PSE,State of Palestine,1969,,,,,,,
PSE,State of Palestine,1970,,6794,,5191,,1542,1480
PSE,State of Palestine,1971,,6993,,5353,,1763,1702
PSE,State of Palestine,1972,,7565,,5806,,2086,2037
PSE,State of Palestine,1973,,8100,,6223,,1995,1887
PSE,State of Palestine,1974,,9108,,7021,,2488,2142
PSE,State of Palestine,1975,,9884,,7630,,2516,2121
PSE,State of Palestine,1976,,10904,,8414,,2908,2522
PSE,State of Palestine,1977,,11902,,9195,,2879,2460
PSE,State of Palestine,1978,,13225,,10216,,3263,2885
PSE,State of Palestine,1979,,14450,,11189,,3206,2720
PSE,State of Palestine,1980,,16148,,12509,,3738,3088
PSE,State of Palestine,1981,,17355,,13507,,3482,2717
PSE,State of Palestine,1982,,18788,,14650,,3811,3188
PSE,State of Palestine,1983,,20042,,15556,,3646,3085
PSE,State of Palestine,1984,,21203,,16418,,3805,3296
PSE,State of Palestine,1985,,22457,,17412,,3792,3400
PSE,State of Palestine,1986,,24174,,18754,,4533,4355
PSE,State of Palestine,1987,,25630,,19901,,4391,4305
PSE,State of Palestine,1988,,27018,,21043,,4342,4270
PSE,State of Palestine,1989,,28417,,22204,,4422,4350
PSE,State of Palestine,1990,,30234,,23624,,5270,5188
PSE,State of Palestine,1991,,31882,,24906,,5042,5206
PSE,State of Palestine,1992,,34063,,26670,,6257,6151
PSE,State of Palestine,1993,,36501,,28668,,6937,6865
PSE,State of Palestine,1994,,39506,,31092,,8018,8106
PSE,State of Palestine,1995,,42337,,33373,,8535,8809
PSE,State of Palestine,1996,,45118,,35624,,8481,8786
PSE,State of Palestine,1997,,48267,,38213,,9651,10029
PSE,State of Palestine,1998,,51999,,41415,,10898,11511
PSE,State of Palestine,1999,,57507,,45903,,11800,12524
PSE,State of Palestine,2000,,60910,,48661,,11331,11167
PSE,State of Palestine,2001,,63149,,50651,,10156,9977
PSE,State of Palestine,2002,,64666,,52163,,9173,8961
PSE,State of Palestine,2003,,67165,,54563,,10477,10451
PSE,State of Palestine,2004,,69477,,56964,,12030,12476
PSE,State of Palestine,2005,,72108,,59715,,13430,13350
PSE,State of Palestine,2006,,74312,,61938,,13143,13377
PSE,State of Palestine,2007,,75475,,63241,,13221,13964
PSE,State of Palestine,2008,,77747,,65375,,15085,15331
PSE,State of Palestine,2009,,80735,,68031,,16377,16835
PSE,State of Palestine,2010,,83249,,70101,,17321,17546
PSE,State of Palestine,2011,,86809,,73001,,19544,19473
PSE,State of Palestine,2012,,91495,,71378,,22906,22909
PSE,State of Palestine,2013,,96181,,80837,,23271,24015
PSE,State of Palestine,2014,,100308,,83704,,24413,24527
PSE,State of Palestine,2015,,105348,,99737,,26580,27970
PSE,State of Palestine,2016,,111140,,106780,,28711,30277
PSE,State of Palestine,2017,,117398,,117398,,29472,31383
PSE,State of Palestine,2018,,123741,,123440,,29670,32037
PSE,State of Palestine,2019,,129720,,129442,,30310,37048
QAT,Qatar,1950,,,,,,,
QAT,Qatar,1951,,,,,,,
QAT,Qatar,1952,,,,,,,
QAT,Qatar,1953,,,,,,,
QAT,Qatar,1954,,,,,,,
QAT,Qatar,1955,,,,,,,
QAT,Qatar,1956,,,,,,,
QAT,Qatar,1957,,,,,,,
QAT,Qatar,1958,,,,,,,
QAT,Qatar,1959,,,,,,,
QAT,Qatar,1960,,,,,,,
QAT,Qatar,1961,,,,,,,
QAT,Qatar,1962,,,,,,,
QAT,Qatar,1963,,,,,,,
QAT,Qatar,1964,,,,,,,
QAT,Qatar,1965,,,,,,,
QAT,Qatar,1966,,,,,,,
QAT,Qatar,1967,,,,,,,
QAT,Qatar,1968,,,,,,,
QAT,Qatar,1969,,,,,,,
QAT,Qatar,1970,1.547574759,19075,,6718,,10583,8370
QAT,Qatar,1971,1.565959692,22833,,8089,,11666,9524
QAT,Qatar,1972,1.584563136,26886,,9561,,12990,11432
QAT,Qatar,1973,1.603387475,31062,,11035,,14282,13259
QAT,Qatar,1974,1.622435451,35614,0.0225471,12668,0.00464771548286080,15343,16502
QAT,Qatar,1975,1.641709805,40243,0.026111575,14402,0.00481580151244998,16435,16367
QAT,Qatar,1976,1.673250794,44119,0.028632671,15785,0.00507589150220156,17271,16487
QAT,Qatar,1977,1.705397725,49263,0.032210022,17574,0.00451685348525643,16503,13406
QAT,Qatar,1978,1.730973601,53775,0.035370965,19119,0.00470984308049083,18122,16325
QAT,Qatar,1979,1.755980849,56992,0.037505575,20168,0.00477389013394713,18675,18963
QAT,Qatar,1980,1.781349301,59275,0.038873028,20893,0.00376000651158392,18172,20599
QAT,Qatar,1981,1.801792622,62018,0.040766176,21937,0.00307946745306253,19441,19154
QAT,Qatar,1982,1.822470665,66160,0.044123974,23487,0.00293194316327572,15762,16221
QAT,Qatar,1983,1.843385816,67361,0.04493637,23802,0.00261450582183897,13076,15160
QAT,Qatar,1984,1.864541054,68213,0.044902496,24053,0.00209358683787286,13827,17036
QAT,Qatar,1985,1.885939121,69286,0.04525815,24390,0.00188992766197771,12859,14893
QAT,Qatar,1986,1.901291847,69396,0.045140278,24333,0.00171518325805664,10078,11490
QAT,Qatar,1987,1.916769505,69341,0.044860892,24271,0.00148309941869229,11022,12471
QAT,Qatar,1988,1.932373285,69976,0.045300081,24526,0.00137907778844237,11267,12699
QAT,Qatar,1989,1.948103905,70997,0.046083424,24946,0.00131962320301682,12782,14093
QAT,Qatar,1990,1.963962793,72784,0.047568604,25687,0.00130812637507915,13773,16815
QAT,Qatar,1991,1.986269832,74381,0.048910584,26245,0.00130676792468876,12690,12633
QAT,Qatar,1992,2.008830309,76881,0.051098399,27273,0.00132240634411573,13379,16141
QAT,Qatar,1993,2.031646967,78087,0.052193802,27763,0.00134207191877067,12335,14234
QAT,Qatar,1994,2.054723024,80580,0.054043561,28681,0.00135240959934890,12319,14218
QAT,Qatar,1995,2.078060865,86611,0.059395228,31151,0.00142981705721468,13211,15101
QAT,Qatar,1996,2.098715067,94048,0.06573648,34061,0.00157112046144903,13672,15267
QAT,Qatar,1997,2.119574308,104674,0.072704859,38619,0.00166322337463498,17445,20023
QAT,Qatar,1998,2.140640974,112007,0.079029866,43765,0.00183027854654938,16737,19922
QAT,Qatar,1999,2.16191721,114720,0.080872893,48550,0.00186284619849175,21252,27341
QAT,Qatar,2000,2.183404684,122214,0.086990923,57918,0.00187858939170837,32616,40447
QAT,Qatar,2001,2.213602066,135749,0.097790189,73977,0.00241501443088055,35733,42052
QAT,Qatar,2002,2.244217157,148428,0.107784659,94202,0.00312582706101239,37466,43601
QAT,Qatar,2003,2.27525568,175374,0.12896663,130172,0.00407685572281480,57080,61627
QAT,Qatar,2004,2.306723595,201059,0.147597373,170664,0.00513714598491788,71826,77533
QAT,Qatar,2005,2.338626623,231534,0.170706064,212385,0.00608732830733061,96965,104958
QAT,Qatar,2006,2.403137445,292713,0.219645336,276052,0.00790999364107847,133958,135991
QAT,Qatar,2007,2.469427586,376275,0.286335975,362497,0.01047643274068830,162733,166075
QAT,Qatar,2008,2.537546396,467486,0.357134283,461531,0.01273206993937490,211090,225620
QAT,Qatar,2009,2.591907501,548885,0.420257628,558794,0.01647905819118020,189089,202430
QAT,Qatar,2010,2.639830112,619335,0.476078659,656943,0.01920935139060020,245611,245713
QAT,Qatar,2011,2.693986177,714215,0.552655816,790468,0.02156513743102550,344832,334640
QAT,Qatar,2012,2.75122714,797573,0.618109465,917306,0.02394413948059080,374922,358430
QAT,Qatar,2013,2.811772108,883520,0.682960808,1033310,0.02576913312077520,378486,358558
QAT,Qatar,2014,2.875860691,981603,0.756058037,977517,0.02357348985970020,335610,343008
QAT,Qatar,2015,2.943753242,1078310,0.818596303,1043014,0.02359364740550520,264751,279983
QAT,Qatar,2016,3.015734196,1211994,0.912116408,1222948,0.02637052536010740,254974,268154
QAT,Qatar,2017,3.092113495,1340909,1,1340909,0.02671503834426400,287271,300455
QAT,Qatar,2018,3.17323041,1471470,1.088316321,1468342,0.02748432010412220,306062,322709
QAT,Qatar,2019,3.259456396,1600836,1.17241621,1599699,0.02907160297036170,290479,312499
ROU,Romania,1950,,,,,,,
ROU,Romania,1951,,,,,,,
ROU,Romania,1952,,,,,,,
ROU,Romania,1953,,,,,,,
ROU,Romania,1954,,,,,,,
ROU,Romania,1955,,,,,,,
ROU,Romania,1956,,,,,,,
ROU,Romania,1957,,,,,,,
ROU,Romania,1958,,,,,,,
ROU,Romania,1959,,,,,,,
ROU,Romania,1960,1.832770348,81768,,55089,,26867,26867
ROU,Romania,1961,1.846871972,86572,,58186,,29748,29757
ROU,Romania,1962,1.861082077,91358,,61349,,32598,32622
ROU,Romania,1963,1.875401497,98299,,65906,,35250,35254
ROU,Romania,1964,1.889831185,103818,0.05841158,69448,0.00377976405434310,37378,37408
ROU,Romania,1965,1.904371738,109768,0.062309176,73268,0.00386479543522000,41190,41216
ROU,Romania,1966,1.942240238,116456,0.066680506,77471,0.00395107176154852,43581,43623
ROU,Romania,1967,1.980861545,125636,0.072695926,83342,0.00413058791309595,48628,48744
ROU,Romania,1968,2.020251036,134985,0.078774154,89294,0.00430013751611114,52264,52396
ROU,Romania,1969,2.060423374,144640,0.085015178,95446,0.00447111204266548,56018,56141
ROU,Romania,1970,2.101394892,155672,0.092127107,102528,0.00465600704774261,59792,59867
ROU,Romania,1971,2.143848181,168694,0.100652777,110969,0.00490309903398156,67700,67771
ROU,Romania,1972,2.187159061,183453,0.110300876,120418,0.00516733201220632,75162,75313
ROU,Romania,1973,2.231345177,199205,0.119188651,130756,0.00531357200816274,82283,83126
ROU,Romania,1974,2.276423693,220510,0.131123841,145417,0.00556829571723938,92392,93140
ROU,Romania,1975,2.322412968,247067,0.147071511,163262,0.00615926738828421,101904,102368
ROU,Romania,1976,2.354959011,272064,0.1616721,179278,0.00655380357056856,116066,116438
ROU,Romania,1977,2.387961388,308303,0.183560297,201578,0.00710587436333299,124381,125047
ROU,Romania,1978,2.421426296,350903,0.210221663,226143,0.00770686892792583,133576,134592
ROU,Romania,1979,2.455360174,392548,0.234791413,249664,0.00823324453085661,144992,146565
ROU,Romania,1980,2.489769459,436004,0.259549469,273155,0.00856815744191408,149432,151231
ROU,Romania,1981,2.524581194,473342,0.278664529,294777,0.00894212629646063,149520,149701
ROU,Romania,1982,2.55987978,507638,0.295232147,312714,0.00935633946210146,157904,157207
ROU,Romania,1983,2.583956242,543281,0.312511355,328324,0.00975494179874659,164119,162598
ROU,Romania,1984,2.608225346,582149,0.332526386,345120,0.00988194346427917,171216,167193
ROU,Romania,1985,2.632722139,621060,0.352802962,361571,0.01014204602688550,175803,176086
ROU,Romania,1986,2.655827284,659023,0.375488847,376125,0.01043545920401810,181240,181029
ROU,Romania,1987,2.679135084,693859,0.396163702,388580,0.01048749219626190,184404,184598
ROU,Romania,1988,2.702647448,725482,0.413239419,400283,0.01043372973799710,190453,188941
ROU,Romania,1989,2.726366282,755275,0.426610172,411482,0.01038949098438020,181613,180784
ROU,Romania,1990,2.750293255,760588,0.430271864,407959,0.01014956925064330,175376,183697
ROU,Romania,1991,2.771375656,751807,0.426510572,398001,0.00977370236068964,163109,168299
ROU,Romania,1992,2.792619467,745724,0.42321223,392199,0.00937247462570667,149755,159437
ROU,Romania,1993,2.814026594,742069,0.419819504,389514,0.00900180637836456,157739,163688
ROU,Romania,1994,2.835597515,745813,0.423016429,391785,0.00878370460122824,169357,173465
ROU,Romania,1995,2.85733366,754545,0.428793699,396731,0.00831567123532295,177447,184897
ROU,Romania,1996,2.873183489,767643,0.437505066,423962,0.00811564642935991,182422,193112
ROU,Romania,1997,2.889121056,779087,0.446031481,458457,0.00868008658289909,174759,183841
ROU,Romania,1998,2.905147076,787010,0.45170939,528252,0.00925051979720592,170526,178098
ROU,Romania,1999,2.921262026,793994,0.457827181,581146,0.00995401572436094,172410,178055
ROU,Romania,2000,2.937466145,803984,0.467637211,563468,0.00894339568912983,174775,182768
ROU,Romania,2001,2.950609684,819008,0.481659919,539247,0.00786069873720407,187499,198066
ROU,Romania,2002,2.963812113,836341,0.498842299,511376,0.00745335407555103,196901,205682
ROU,Romania,2003,2.977073193,857515,0.518046319,521654,0.00771574722602963,207055,217122
ROU,Romania,2004,2.990394115,883424,0.540082037,558059,0.00825568567961454,231465,242803
ROU,Romania,2005,3.003774405,915034,0.567633986,611567,0.00919670704752207,240596,250006
ROU,Romania,2006,3.022711992,965208,0.60965848,737267,0.01115721650421620,277735,287379
ROU,Romania,2007,3.041769266,1060903,0.680544853,846037,0.01244138926267620,320797,323697
ROU,Romania,2008,3.060946226,1171729,0.758823454,1063542,0.01493616309016940,379435,374161
ROU,Romania,2009,3.080244541,1215900,0.787154675,1213013,0.01686260849237440,373441,368178
ROU,Romania,2010,3.09966445,1255863,0.808024883,1269983,0.01781592704355720,379397,373174
ROU,Romania,2011,3.118466377,1301768,0.836380064,1506474,0.02057958580553530,382155,371666
ROU,Romania,2012,3.137382746,1350228,0.860493362,1646952,0.02215607836842540,398660,390292
ROU,Romania,2013,3.156413555,1389748,0.88353318,1593773,0.02103421837091450,405310,390473
ROU,Romania,2014,3.175559759,1431824,0.911339939,1534800,0.01995459944009780,414641,400302
ROU,Romania,2015,3.194822311,1481395,0.93904233,1527466,0.01923719421029090,437906,427425
ROU,Romania,2016,3.214201689,1531145,0.969119132,1481347,0.01832978986203670,461493,451467
ROU,Romania,2017,3.233698606,1584685,1,1584685,0.01950199156999590,509684,499684
ROU,Romania,2018,3.253313541,1635782,1.02849257,1624874,0.01972989737987520,532346,517002
ROU,Romania,2019,3.273047924,1712549,1.073870301,1702482,0.01998839341104030,556987,541634
RUS,Russian Federation,1950,,,,,,,
RUS,Russian Federation,1951,,,,,,,
RUS,Russian Federation,1952,,,,,,,
RUS,Russian Federation,1953,,,,,,,
RUS,Russian Federation,1954,,,,,,,
RUS,Russian Federation,1955,,,,,,,
RUS,Russian Federation,1956,,,,,,,
RUS,Russian Federation,1957,,,,,,,
RUS,Russian Federation,1958,,,,,,,
RUS,Russian Federation,1959,,,,,,,
RUS,Russian Federation,1960,,,,,,,
RUS,Russian Federation,1961,,,,,,,
RUS,Russian Federation,1962,,,,,,,
RUS,Russian Federation,1963,,,,,,,
RUS,Russian Federation,1964,,,,,,,
RUS,Russian Federation,1965,,,,,,,
RUS,Russian Federation,1966,,,,,,,
RUS,Russian Federation,1967,,,,,,,
RUS,Russian Federation,1968,,,,,,,
RUS,Russian Federation,1969,,,,,,,
RUS,Russian Federation,1970,,,,,,,
RUS,Russian Federation,1971,,,,,,,
RUS,Russian Federation,1972,,,,,,,
RUS,Russian Federation,1973,,,,,,,
RUS,Russian Federation,1974,,,,,,,
RUS,Russian Federation,1975,,,,,,,
RUS,Russian Federation,1976,,,,,,,
RUS,Russian Federation,1977,,,,,,,
RUS,Russian Federation,1978,,,,,,,
RUS,Russian Federation,1979,,,,,,,
RUS,Russian Federation,1980,,,,,,,
RUS,Russian Federation,1981,,,,,,,
RUS,Russian Federation,1982,,,,,,,
RUS,Russian Federation,1983,,,,,,,
RUS,Russian Federation,1984,,,,,,,
RUS,Russian Federation,1985,,,,,,,
RUS,Russian Federation,1986,,,,,,,
RUS,Russian Federation,1987,,,,,,,
RUS,Russian Federation,1988,,,,,,,
RUS,Russian Federation,1989,,,,,,,
RUS,Russian Federation,1990,2.723373413,17216142,,13700153,,2272049,2281743
RUS,Russian Federation,1991,2.755905628,17893938,,14140514,,2096196,2175485
RUS,Russian Federation,1992,2.788826704,17979116,,14304706,,2294472,2171134
RUS,Russian Federation,1993,2.822140932,17850318,,14239328,,1894280,1820858
RUS,Russian Federation,1994,2.855853081,17600178,0.922966421,14090345,0.29493209719657900,1570755,1536852
RUS,Russian Federation,1995,2.889967918,17358206,0.886551797,13902033,0.27450704574585000,1458683,1428468
RUS,Russian Federation,1996,2.943562269,17067638,0.849594533,13777272,0.22468650341033900,1402383,1379889
RUS,Russian Federation,1997,2.998150826,16788768,0.819276154,13076045,0.20698972046375300,1360879,1350722
RUS,Russian Federation,1998,3.053751469,16491713,0.791711032,12403569,0.19354411959648100,1288703,1235499
RUS,Russian Federation,1999,3.110383511,16223489,0.768695295,11611716,0.20707243680954000,1373772,1200020
RUS,Russian Federation,2000,3.168065548,16028166,0.757970214,10890625,0.19098119437694500,1592456,1375882
RUS,Russian Federation,2001,3.179853201,15884707,0.751604199,10212278,0.17188009619712800,1533114,1410114
RUS,Russian Federation,2002,3.191684484,15758397,0.745905995,9645254,0.17491313815116900,1567321,1462044
RUS,Russian Federation,2003,3.203559875,15692495,0.745864153,9883710,0.17746514081955000,1702941,1609140
RUS,Russian Federation,2004,3.215479374,15680848,0.752257705,10192061,0.18387712538242300,1911917,1827247
RUS,Russian Federation,2005,3.227443457,15710147,0.767831981,10544480,0.19027256965637200,2180122,2119115
RUS,Russian Federation,2006,3.241448641,15812566,0.793062568,11312422,0.20498052239418000,2512017,2465152
RUS,Russian Federation,2007,3.255514622,16007785,0.828737319,12140875,0.22247406840324400,2894325,2886238
RUS,Russian Federation,2008,3.269641876,16247264,0.867276788,13002919,0.24240221083164200,3296886,3311518
RUS,Russian Federation,2009,3.283830166,16363532,0.879757702,13184428,0.25975030660629300,2975433,2974965
RUS,Russian Federation,2010,3.298079967,16506064,0.902793527,13374047,0.25739330053329500,3362001,3367140
RUS,Russian Federation,2011,3.312629938,16688688,0.925120413,13575365,0.26015225052833600,3841903,3904609
RUS,Russian Federation,2012,3.327325344,16887976,0.950517893,14212428,0.26169934868812600,4116768,4164129
RUS,Russian Federation,2013,3.342167139,17078638,0.969694436,14854667,0.26312732696533200,4048189,4102024
RUS,Russian Federation,2014,3.357157946,17247260,0.983931422,15546646,0.26300486922264100,3963540,3964161
RUS,Russian Federation,2015,3.372299194,17331662,0.986772716,16689168,0.26936033368110700,3742055,3635605
RUS,Russian Federation,2016,3.387592793,17426298,0.991203547,16978110,0.26670610904693600,3658863,3611564
RUS,Russian Federation,2017,3.403040886,17552050,1,17552050,0.26317721605300900,3907710,3899889
RUS,Russian Federation,2018,3.418645144,17673682,1.009668827,17642028,0.25042495131492600,4233423,4131250
RUS,Russian Federation,2019,3.434407949,17800398,1.021912575,17784060,0.24651479721069300,4195527,4133949
RWA,Rwanda,1950,,,,,,,
RWA,Rwanda,1951,,,,,,,
RWA,Rwanda,1952,,,,,,,
RWA,Rwanda,1953,,,,,,,
RWA,Rwanda,1954,,,,,,,
RWA,Rwanda,1955,,,,,,,
RWA,Rwanda,1956,,,,,,,
RWA,Rwanda,1957,,,,,,,
RWA,Rwanda,1958,,,,,,,
RWA,Rwanda,1959,,,,,,,
RWA,Rwanda,1960,1.049065948,611,,384,,2956,2958
RWA,Rwanda,1961,1.054329753,646,,405,,2860,2862
RWA,Rwanda,1962,1.059619904,699,,438,,3161,3166
RWA,Rwanda,1963,1.064936757,735,,461,,2818,2823
RWA,Rwanda,1964,1.070280194,762,0.01741237,479,0.00004827059456147,2486,2500
RWA,Rwanda,1965,1.075650454,805,0.018798526,506,0.00004946660919813,2633,2659
RWA,Rwanda,1966,1.079933167,850,0.019850221,533,0.00004899601844954,2821,2889
RWA,Rwanda,1967,1.084233046,874,0.02022212,548,0.00004705863830168,3057,3097
RWA,Rwanda,1968,1.088549972,914,0.021062728,574,0.00004654928125092,3261,3333
RWA,Rwanda,1969,1.092884064,943,0.021595173,592,0.00004540773079498,3603,3662
RWA,Rwanda,1970,1.097235441,982,0.022435384,618,0.00004500838986132,3826,3936
RWA,Rwanda,1971,1.105228543,1047,0.024260398,659,0.00004693156733993,3843,3897
RWA,Rwanda,1972,1.113279939,1150,0.027063364,721,0.00005026263897889,3978,4079
RWA,Rwanda,1973,1.121389866,1244,0.029611206,775,0.00005450153184938,4117,4236
RWA,Rwanda,1974,1.12955904,1357,0.032272138,842,0.00005763732042396,4202,4344
RWA,Rwanda,1975,1.13778758,1529,0.0368733,947,0.00006410996866180,4253,4355
RWA,Rwanda,1976,1.145385027,1690,0.041274786,1043,0.00006946118082851,4987,5039
RWA,Rwanda,1977,1.153033376,1849,0.045815479,1135,0.00006543179915752,5336,5238
RWA,Rwanda,1978,1.160732627,1990,0.050112456,1216,0.00005641455936711,5330,5422
RWA,Rwanda,1979,1.168483377,2184,0.055449586,1336,0.00007210652256617,6081,6078
RWA,Rwanda,1980,1.176285863,2311,0.05902683,1413,0.00006771337939426,6005,6187
RWA,Rwanda,1981,1.185847282,2511,0.064381614,1549,0.00007033439032966,6922,7099
RWA,Rwanda,1982,1.195486426,2828,0.072327323,1756,0.00006506510544568,6761,6873
RWA,Rwanda,1983,1.205203891,3200,0.081215471,1989,0.00006765688158339,7191,7293
RWA,Rwanda,1984,1.215000391,3678,0.093108356,2289,0.00007372476102319,6959,6905
RWA,Rwanda,1985,1.224876523,4129,0.104466811,2570,0.00008601744048065,7340,7298
RWA,Rwanda,1986,1.232836604,4582,0.11625389,2857,0.00008943225111580,7749,7670
RWA,Rwanda,1987,1.240848541,5008,0.127149493,3141,0.00010588410805212,7428,7442
RWA,Rwanda,1988,1.248912454,5403,0.137107372,3430,0.00010286780889146,7549,7548
RWA,Rwanda,1989,1.257028818,5684,0.143241733,3679,0.00011061816621805,8161,8186
RWA,Rwanda,1990,1.265197992,5894,0.146871448,3910,0.00011622376041487,7897,7848
RWA,Rwanda,1991,1.272462964,6045,0.149566159,4127,0.00012305493874010,6950,6891
RWA,Rwanda,1992,1.279769778,6331,0.156006634,4467,0.00013459693582263,7299,7343
RWA,Rwanda,1993,1.287118554,6574,0.161326572,4816,0.00014785617531743,6636,6663
RWA,Rwanda,1994,1.294509411,6364,0.150526091,4868,0.00014057784574106,3051,3072
RWA,Rwanda,1995,1.301942825,6336,0.145729497,5066,0.00015271565644071,3771,3842
RWA,Rwanda,1996,1.312608242,6411,0.149569139,5367,0.00015820820408408,4474,4766
RWA,Rwanda,1997,1.323361039,6555,0.154916137,5756,0.00016249144391622,5551,5747
RWA,Rwanda,1998,1.334201932,6759,0.161028996,6261,0.00016760949802119,6214,6422
RWA,Rwanda,1999,1.345131636,7080,0.167792112,6930,0.00017275856225751,6652,6852
RWA,Rwanda,2000,1.356150866,7507,0.177546918,7725,0.00017664959887043,7362,7358
RWA,Rwanda,2001,1.375628233,7928,0.186400533,8608,0.00018253414600622,7924,8083
RWA,Rwanda,2002,1.395385385,8403,0.196999729,9614,0.00019547391275410,8963,9441
RWA,Rwanda,2003,1.415426135,8950,0.20905605,10740,0.00020779790065717,9105,9574
RWA,Rwanda,2004,1.435754895,9597,0.222377434,12021,0.00021910663053859,9977,10478
RWA,Rwanda,2005,1.456375599,10398,0.24046272,13476,0.00023475840862375,11195,11550
RWA,Rwanda,2006,1.483113885,11467,0.264100879,15183,0.00025117414770648,12113,12814
RWA,Rwanda,2007,1.510343194,12908,0.2998043,17271,0.00027509583742358,12843,13424
RWA,Rwanda,2008,1.538072228,14907,0.354532182,20003,0.00031710535404272,13415,13973
RWA,Rwanda,2009,1.566310525,16855,0.406860352,22480,0.00035716325510293,14419,14956
RWA,Rwanda,2010,1.595067143,18876,0.459086478,24776,0.00039508816553280,15449,16384
RWA,Rwanda,2011,1.628396869,21072,0.511372566,26984,0.00042009056778625,17151,17885
RWA,Rwanda,2012,1.663946271,23850,0.582486987,28208,0.00042544634197839,18117,18762
RWA,Rwanda,2013,1.701898932,26783,0.6538378,30642,0.00044237624388188,18357,19207
RWA,Rwanda,2014,1.734196305,29805,0.721005082,32343,0.00044790969695896,20001,20894
RWA,Rwanda,2015,1.76664412,33542,0.80678165,33254,0.00044388259993866,21438,22854
RWA,Rwanda,2016,1.801177263,37646,0.908829033,39477,0.00050946261035278,22257,23997
RWA,Rwanda,2017,1.83796072,40979,1,40979,0.00051705911755562,23441,24775
RWA,Rwanda,2018,1.87717545,44457,1.093049407,44357,0.00054607313359156,25151,26993
RWA,Rwanda,2019,1.919020295,49439,1.245936036,49334,0.00060464290436357,26909,28869
SAU,Saudi Arabia,1950,,,,,,,
SAU,Saudi Arabia,1951,,,,,,,
SAU,Saudi Arabia,1952,,,,,,,
SAU,Saudi Arabia,1953,,,,,,,
SAU,Saudi Arabia,1954,,,,,,,
SAU,Saudi Arabia,1955,,,,,,,
SAU,Saudi Arabia,1956,,,,,,,
SAU,Saudi Arabia,1957,,,,,,,
SAU,Saudi Arabia,1958,,,,,,,
SAU,Saudi Arabia,1959,,,,,,,
SAU,Saudi Arabia,1960,,,,,,,
SAU,Saudi Arabia,1961,,,,,,,
SAU,Saudi Arabia,1962,,,,,,,
SAU,Saudi Arabia,1963,,,,,,,
SAU,Saudi Arabia,1964,,,,,,,
SAU,Saudi Arabia,1965,,,,,,,
SAU,Saudi Arabia,1966,,,,,,,
SAU,Saudi Arabia,1967,,,,,,,
SAU,Saudi Arabia,1968,,,,,,,
SAU,Saudi Arabia,1969,,,,,,,
SAU,Saudi Arabia,1970,1.532736421,220453,,161962,,118866,107569
SAU,Saudi Arabia,1971,1.539474368,235221,,174494,,146014,130833
SAU,Saudi Arabia,1972,1.546241879,256782,,192022,,173769,153919
SAU,Saudi Arabia,1973,1.553039193,289516,,216619,,202540,194634
SAU,Saudi Arabia,1974,1.559866428,307969,0.040803667,229518,0.04052519425749780,323534,303151
SAU,Saudi Arabia,1975,1.566723585,363013,0.047662053,269895,0.05652067065238950,276127,277948
SAU,Saudi Arabia,1976,1.59529388,443934,0.059368912,328783,0.07993206381797790,336136,327585
SAU,Saudi Arabia,1977,1.624385238,548656,0.074316457,402859,0.10428011417388900,337614,322494
SAU,Saudi Arabia,1978,1.654007077,667868,0.094276212,486721,0.13335216045379600,329623,330605
SAU,Saudi Arabia,1979,1.684169054,765852,0.111359306,554516,0.13872148096561400,343015,370447
SAU,Saudi Arabia,1980,1.713469505,841293,0.122762874,606366,0.11624596267938600,376517,423249
SAU,Saudi Arabia,1981,1.73721087,921263,0.135356784,665264,0.09738892316818240,381598,428337
SAU,Saudi Arabia,1982,1.761281133,999505,0.149993226,726932,0.09057973325252530,336848,361920
SAU,Saudi Arabia,1983,1.785684943,1068979,0.163831457,778347,0.08543301373720170,313463,325321
SAU,Saudi Arabia,1984,1.810426831,1120002,0.173101932,813968,0.07464542239904400,296285,309249
SAU,Saudi Arabia,1985,1.835511565,1147468,0.175408289,833306,0.06727605313062670,258407,267800
SAU,Saudi Arabia,1986,1.86698997,1185732,0.18045871,854177,0.06055286899209020,265595,274928
SAU,Saudi Arabia,1987,1.899008274,1217826,0.183970287,874574,0.05602881312370300,252926,266843
SAU,Saudi Arabia,1988,1.931575775,1242607,0.185880035,888923,0.05173308774828910,278390,286446
SAU,Saudi Arabia,1989,1.964701653,1267508,0.187971711,903898,0.04937460273504260,277287,282358
SAU,Saudi Arabia,1990,1.998395681,1305733,0.192970231,933338,0.04689739644527440,291222,305182
SAU,Saudi Arabia,1991,2.018846273,1363655,0.201711744,972285,0.04691701009869580,325672,310852
SAU,Saudi Arabia,1992,2.039505959,1425780,0.211888984,1012529,0.04747685417532920,349995,391870
SAU,Saudi Arabia,1993,2.060377359,1495492,0.223011225,1059831,0.04889215156435970,353658,371484
SAU,Saudi Arabia,1994,2.081461906,1540240,0.227934152,1086749,0.04731878638267520,344290,355997
SAU,Saudi Arabia,1995,2.102762699,1591826,0.234522119,1119053,0.04643636941909790,342666,355208
SAU,Saudi Arabia,1996,2.12780714,1634178,0.239376158,1144948,0.04527615010738370,347684,362634
SAU,Saudi Arabia,1997,2.153149605,1682451,0.245528221,1176545,0.04505721107125280,358284,374232
SAU,Saudi Arabia,1998,2.178794146,1740796,0.254630744,1216872,0.04587857052683830,327013,349655
SAU,Saudi Arabia,1999,2.204744101,1806387,0.265533715,1263396,0.04717629775404930,370115,401986
SAU,Saudi Arabia,2000,2.231003284,1874837,0.275912881,1310028,0.04815641045570370,441253,471430
SAU,Saudi Arabia,2001,2.25860095,1943742,0.287033856,1361102,0.05108093097805980,424246,448257
SAU,Saudi Arabia,2002,2.286540508,2012110,0.297866791,1415233,0.05590192228555680,471395,502384
SAU,Saudi Arabia,2003,2.314825296,2101918,0.314035296,1482311,0.05961481109261510,515009,544209
SAU,Saudi Arabia,2004,2.343460321,2228416,0.33588019,1579095,0.06288917362689970,614570,648610
SAU,Saudi Arabia,2005,2.37244916,2398310,0.364570409,1711817,0.06505443900823590,753715,781867
SAU,Saudi Arabia,2006,2.398410082,2612627,0.401609629,1908758,0.07207664847373960,888836,897521
SAU,Saudi Arabia,2007,2.424655199,2882343,0.447935551,2209316,0.08161026239395140,997518,979618
SAU,Saudi Arabia,2008,2.451187372,3182626,0.497057587,2610453,0.08805491030216220,1290662,1218961
SAU,Saudi Arabia,2009,2.478010178,3446840,0.54345423,3046478,0.12565477192401900,1119246,1121428
SAU,Saudi Arabia,2010,2.505125999,3737914,0.591047466,3528119,0.13896667957305900,1411629,1348829
SAU,Saudi Arabia,2011,2.53374505,4082640,0.651281774,3997812,0.14724788069725000,1919697,1754839
SAU,Saudi Arabia,2012,2.562088251,4433490,0.70921582,4225341,0.14025892317295100,1982783,1844470
SAU,Saudi Arabia,2013,2.582332611,4799990,0.767840683,4614372,0.13745197653770400,1924826,1801105
SAU,Saudi Arabia,2014,2.603033066,5195610,0.834499717,4711012,0.12726765871048000,1912166,1840981
SAU,Saudi Arabia,2015,2.624201775,5601437,0.905896008,5484253,0.13513973355293300,1666825,1700614
SAU,Saudi Arabia,2016,2.645852327,5882993,0.955275238,5965927,0.13283419609069800,1548549,1580031
SAU,Saudi Arabia,2017,2.667998075,6149889,1,6149889,0.12541411817073800,1613475,1604993
SAU,Saudi Arabia,2018,2.690653324,6385490,1.038744092,6367372,0.11911291629076000,1754431,1729494
SAU,Saudi Arabia,2019,2.713832378,6633051,1.083033085,6609045,0.12040973454713800,1749859,1749948
SDN,Sudan,1950,,,,,,,
SDN,Sudan,1951,,,,,,,
SDN,Sudan,1952,,,,,,,
SDN,Sudan,1953,,,,,,,
SDN,Sudan,1954,,,,,,,
SDN,Sudan,1955,,,,,,,
SDN,Sudan,1956,,,,,,,
SDN,Sudan,1957,,,,,,,
SDN,Sudan,1958,,,,,,,
SDN,Sudan,1959,,,,,,,
SDN,Sudan,1960,,,,,,,
SDN,Sudan,1961,,,,,,,
SDN,Sudan,1962,,,,,,,
SDN,Sudan,1963,,,,,,,
SDN,Sudan,1964,,,,,,,
SDN,Sudan,1965,,,,,,,
SDN,Sudan,1966,,,,,,,
SDN,Sudan,1967,,,,,,,
SDN,Sudan,1968,,,,,,,
SDN,Sudan,1969,,,,,,,
SDN,Sudan,1970,1.082243323,27296,,20222,,17136,18090
SDN,Sudan,1971,1.08542645,28099,,20872,,18242,19278
SDN,Sudan,1972,1.088618875,29683,,22100,,17435,18618
SDN,Sudan,1973,1.091820598,31638,,23625,,16915,18430
SDN,Sudan,1974,1.095031857,34384,0.093223125,25810,0.00086390721844509,20613,22264
SDN,Sudan,1975,1.098252535,37428,0.102312095,28263,0.00093390350230038,24263,25562
SDN,Sudan,1976,1.104273558,39997,0.108692408,30215,0.00096389168174937,27760,29060
SDN,Sudan,1977,1.110327482,42271,0.113749348,31955,0.00097096606623381,31404,32688
SDN,Sudan,1978,1.116414666,45893,0.123084284,34723,0.00099954695906490,30966,33125
SDN,Sudan,1979,1.12253511,49931,0.132966071,37859,0.00104097800794989,28974,31716
SDN,Sudan,1980,1.12868917,53967,0.142333582,40914,0.00104440958239138,30317,32647
SDN,Sudan,1981,1.134229898,57696,0.150139526,43905,0.00108490372076631,32531,34699
SDN,Sudan,1982,1.139797807,60175,0.15589571,45959,0.00112194463144988,35423,37200
SDN,Sudan,1983,1.145393014,60489,0.154638156,46013,0.00110701157245785,31191,32472
SDN,Sudan,1984,1.151015759,60801,0.152180746,46045,0.00105526961851865,31886,33109
SDN,Sudan,1985,1.15666604,62333,0.15385285,47153,0.00104259361978620,33279,33671
SDN,Sudan,1986,1.169542193,64864,0.158807963,48992,0.00105690467171371,36837,37136
SDN,Sudan,1987,1.182561755,67287,0.164020568,50786,0.00104944105260074,37863,37931
SDN,Sudan,1988,1.195726156,69084,0.167624578,52260,0.00104359933175147,38740,39252
SDN,Sudan,1989,1.209037185,70955,0.171216711,53756,0.00103656400460750,38187,38624
SDN,Sudan,1990,1.222496271,74428,0.179947034,56370,0.00107536977156997,40891,41481
SDN,Sudan,1991,1.238122702,79169,0.191982165,59733,0.00112365453969687,44428,45750
SDN,Sudan,1992,1.253948808,85018,0.20790109,64331,0.00120043335482478,44781,47146
SDN,Sudan,1993,1.269977212,89336,0.218227223,67695,0.00123171950690448,42876,44020
SDN,Sudan,1994,1.286210537,93764,0.229323789,71117,0.00124649307690561,45284,46500
SDN,Sudan,1995,1.302651405,97104,0.239369914,73571,0.00129546551033854,44922,46124
SDN,Sudan,1996,1.318995476,100326,0.250625491,76108,0.00135730020701885,45273,47380
SDN,Sudan,1997,1.335544825,105603,0.277584195,80307,0.00148395309224725,49300,52095
SDN,Sudan,1998,1.352301598,115536,0.313633412,88268,0.00169255409855396,51671,55043
SDN,Sudan,1999,1.369268775,120498,0.325638145,92085,0.00167545920703560,57391,60432
SDN,Sudan,2000,1.386448741,123290,0.335711479,94379,0.00168960832525045,58758,61601
SDN,Sudan,2001,1.404699802,129794,0.360222757,99949,0.00185014458838850,60541,62678
SDN,Sudan,2002,1.42319119,139832,0.400276601,108617,0.00231598969548941,64148,66882
SDN,Sudan,2003,1.441925883,147404,0.429797292,115064,0.00250109308399260,65090,67418
SDN,Sudan,2004,1.46090734,156087,0.46660462,122624,0.00263369968160987,69187,71672
SDN,Sudan,2005,1.480138659,170018,0.525434375,134753,0.00309787201695144,86312,90230
SDN,Sudan,2006,1.488187671,185113,0.597141206,156073,0.00357850943692029,105564,110313
SDN,Sudan,2007,1.496280551,197540,0.657864749,194253,0.00453379703685641,104987,107832
SDN,Sudan,2008,1.504417419,207754,0.709110737,260743,0.00600476516410708,101440,104162
SDN,Sudan,2009,1.512598634,219024,0.751750529,381298,0.00841398816555738,117866,122517
SDN,Sudan,2010,1.520824194,232717,0.830166161,581822,0.01223441865295170,137669,140887
SDN,Sudan,2011,1.530671954,243120,0.874215782,745469,0.01432309858500960,157396,162114
SDN,Sudan,2012,1.540583372,251430,0.909355164,460010,0.00912106409668922,134250,138360
SDN,Sudan,2013,1.550559044,259169,0.945235312,420019,0.00791320856660604,135589,140772
SDN,Sudan,2014,1.560599208,266004,0.961038351,370513,0.00692197121679783,158827,163114
SDN,Sudan,2015,1.57070446,273289,0.988185108,302431,0.00547450175508857,157259,160752
SDN,Sudan,2016,1.580875158,280259,1.0033952,221662,0.00405274378135800,162688,166807
SDN,Sudan,2017,1.59111166,283894,1,283894,0.00509795034304261,169534,175232
SDN,Sudan,2018,1.601414561,288926,1.006219506,287478,0.00508182961493731,167924,179283
SDN,Sudan,2019,1.611784101,294485,1.010527968,292487,0.00489270500838757,169980,181252
SEN,Senegal,1950,,,,,,,
SEN,Senegal,1951,,,,,,,
SEN,Senegal,1952,,,,,,,
SEN,Senegal,1953,,,,,,,
SEN,Senegal,1954,,,,,,,
SEN,Senegal,1955,,,,,,,
SEN,Senegal,1956,,,,,,,
SEN,Senegal,1957,,,,,,,
SEN,Senegal,1958,,,,,,,
SEN,Senegal,1959,,,,,,,
SEN,Senegal,1960,1.052568078,44079,,30186,,9237,8337
SEN,Senegal,1961,1.052687526,43215,,29534,,9573,8497
SEN,Senegal,1962,1.052806973,42283,,28861,,9543,8792
SEN,Senegal,1963,1.052926421,41688,,28415,,9715,8901
SEN,Senegal,1964,1.053045869,41230,0.273507625,28075,0.00131897081155330,10050,9165
SEN,Senegal,1965,1.053165317,40829,0.270245284,27758,0.00123993586748838,10009,9355
SEN,Senegal,1966,1.053284764,40345,0.266314834,27453,0.00115879648365080,10402,9994
SEN,Senegal,1967,1.053404212,39992,0.263144195,27229,0.00109637842979282,10418,10030
SEN,Senegal,1968,1.053523779,39765,0.260906428,27023,0.00104100350290537,10138,10288
SEN,Senegal,1969,1.053643227,39639,0.259661227,26936,0.00099467881955206,9021,9286
SEN,Senegal,1970,1.053762794,39748,0.260789603,27282,0.00096563901752234,10006,10115
SEN,Senegal,1971,1.057399869,39885,0.262193471,27462,0.00094119005370885,9970,10148
SEN,Senegal,1972,1.061049581,40200,0.265134573,27780,0.00092154345475137,10333,10549
SEN,Senegal,1973,1.064711928,40446,0.267731935,27988,0.00089636305347085,9684,10063
SEN,Senegal,1974,1.068386912,40795,0.271154493,28352,0.00087953766342253,10724,10853
SEN,Senegal,1975,1.072074533,41169,0.274381161,28672,0.00087628519395366,11213,11197
SEN,Senegal,1976,1.075774908,41424,0.277191758,28883,0.00086266786092892,11898,12095
SEN,Senegal,1977,1.079488039,41535,0.278259069,29008,0.00083116622408852,12093,12156
SEN,Senegal,1978,1.083213925,41646,0.279064029,29079,0.00079249741975218,11804,11943
SEN,Senegal,1979,1.086952806,41916,0.280952066,29331,0.00077319965930656,12592,12757
SEN,Senegal,1980,1.09070456,42264,0.283122301,29593,0.00073875125963241,12035,12233
SEN,Senegal,1981,1.09981823,42452,0.28376472,28817,0.00070440897252411,12308,12626
SEN,Senegal,1982,1.109008193,42763,0.285359681,26989,0.00065297511173412,14385,15020
SEN,Senegal,1983,1.118274927,43209,0.287890077,25113,0.00060603022575378,15331,16026
SEN,Senegal,1984,1.127619028,43560,0.290817052,23876,0.00056393112754449,16273,16968
SEN,Senegal,1985,1.13704133,43891,0.293388039,23598,0.00054648693185300,18133,18591
SEN,Senegal,1986,1.146542311,44570,0.298365116,24333,0.00055567995877937,19316,19553
SEN,Senegal,1987,1.156122565,45358,0.304494262,25846,0.00057079893304035,19756,19953
SEN,Senegal,1988,1.165783048,46206,0.310915947,28218,0.00060520303668454,20459,20674
SEN,Senegal,1989,1.175524116,46997,0.31779483,31545,0.00066181377042085,20401,21108
SEN,Senegal,1990,1.185346603,47739,0.324484587,35929,0.00074242736445740,21000,21357
SEN,Senegal,1991,1.197479248,48527,0.331068754,41745,0.00084788457024843,20812,21064
SEN,Senegal,1992,1.209736109,49428,0.338319421,49730,0.00098535988945514,21137,21058
SEN,Senegal,1993,1.222118258,50131,0.343715489,59813,0.00114881980698556,20564,20670
SEN,Senegal,1994,1.234627247,50977,0.350197434,71782,0.00130697852000594,20889,21679
SEN,Senegal,1995,1.247264266,51885,0.357916504,83180,0.00145525741390884,21186,22076
SEN,Senegal,1996,1.260030627,53111,0.369794726,89715,0.00152472674380988,22518,25499
SEN,Senegal,1997,1.272927642,54198,0.380275667,90340,0.00148435868322849,22887,25523
SEN,Senegal,1998,1.28595674,55924,0.397784054,89907,0.00143842294346541,23849,25330
SEN,Senegal,1999,1.299119115,57851,0.415341347,87904,0.00137442385312170,26027,27592
SEN,Senegal,2000,1.312416196,59724,0.429662615,85438,0.00127262051682919,25505,27087
SEN,Senegal,2001,1.325894952,61772,0.446204722,83613,0.00121512403711677,26689,28288
SEN,Senegal,2002,1.33951211,63860,0.462567925,82594,0.00119888037443161,26610,28650
SEN,Senegal,2003,1.3532691,66040,0.476652205,82453,0.00117742968723178,28051,28955
SEN,Senegal,2004,1.367167354,68665,0.493390501,84072,0.00116398849058896,28909,29717
SEN,Senegal,2005,1.38120842,71584,0.512756467,87616,0.00119318335782737,30936,32231
SEN,Senegal,2006,1.39539361,75188,0.537837803,93597,0.00123379589058459,31557,32664
SEN,Senegal,2007,1.409724474,79157,0.566640794,101610,0.00129670766182244,33408,34757
SEN,Senegal,2008,1.424202561,83530,0.600874066,111755,0.00139979575760663,33872,34899
SEN,Senegal,2009,1.438829303,87341,0.630936742,121806,0.00152735377196223,36847,37589
SEN,Senegal,2010,1.453606367,91066,0.662032664,131108,0.00166887370869517,38264,39290
SEN,Senegal,2011,1.47096777,95244,0.697420359,138255,0.00174786231946200,39150,40223
SEN,Senegal,2012,1.488536596,99256,0.729336441,139084,0.00172689568717033,40615,42100
SEN,Senegal,2013,1.506315231,104602,0.773632169,127535,0.00156229326967150,39666,40928
SEN,Senegal,2014,1.524306178,110460,0.818184257,127171,0.00152869091834873,40725,42011
SEN,Senegal,2015,1.542512059,116696,0.866328299,129459,0.00153677631169558,43035,44630
SEN,Senegal,2016,1.560935378,124334,0.92547971,128515,0.00151081115473062,45264,46474
SEN,Senegal,2017,1.579578638,133591,1,133591,0.00156693824101239,47185,48342
SEN,Senegal,2018,1.5984447,143610,1.079137564,143265,0.00166341685689986,49480,50692
SEN,Senegal,2019,1.617536068,154137,1.165008664,153762,0.00174435309600085,51817,53146
SGP,Singapore,1950,,,,,,,
SGP,Singapore,1951,,,,,,,
SGP,Singapore,1952,,,,,,,
SGP,Singapore,1953,,,,,,,
SGP,Singapore,1954,,,,,,,
SGP,Singapore,1955,,,,,,,
SGP,Singapore,1956,,,,,,,
SGP,Singapore,1957,,,,,,,
SGP,Singapore,1958,,,,,,,
SGP,Singapore,1959,,,,,,,
SGP,Singapore,1960,1.457710028,22439,,11950,,4738,2515
SGP,Singapore,1961,1.478258133,23297,,12446,,5089,3056
SGP,Singapore,1962,1.499096036,24255,,12983,,5544,3901
SGP,Singapore,1963,1.520227551,26182,,14096,,6161,4723
SGP,Singapore,1964,1.541656971,27678,0.010503515,14955,0.00078714860137552,5982,4909
SGP,Singapore,1965,1.563388586,29685,0.011306137,16051,0.00081073405453935,6517,5241
SGP,Singapore,1966,1.581364989,31955,0.012233102,17319,0.00083489890675992,7359,6256
SGP,Singapore,1967,1.599548221,35002,0.013467344,19031,0.00087801658082753,8377,7230
SGP,Singapore,1968,1.617940426,38563,0.014949699,20994,0.00093287281924859,9622,8229
SGP,Singapore,1969,1.636544108,43704,0.01717064,23905,0.00104623381048441,11040,9558
SGP,Singapore,1970,1.655361772,50904,0.020430855,28021,0.00123054976575077,12513,11146
SGP,Singapore,1971,1.660476446,59645,0.024597285,32834,0.00143893389031291,14422,13432
SGP,Singapore,1972,1.665606976,69082,0.029127501,37844,0.00163087761029601,16561,15418
SGP,Singapore,1973,1.670753241,78367,0.033819705,42770,0.00178123603109270,18206,17087
SGP,Singapore,1974,1.67591548,88119,0.038919497,47810,0.00189572619274259,19704,17331
SGP,Singapore,1975,1.681093693,97036,0.0431192,53203,0.00202983175404370,21020,18537
SGP,Singapore,1976,1.675007224,106215,0.047413129,58070,0.00215239124372602,22288,21098
SGP,Singapore,1977,1.66894269,115054,0.051544905,62255,0.00222263694740832,23898,21852
SGP,Singapore,1978,1.662900209,125403,0.056742609,67467,0.00230959826149046,26645,26743
SGP,Singapore,1979,1.656879544,137288,0.062759936,73067,0.00248523894697428,29386,31194
SGP,Singapore,1980,1.650880694,152235,0.070605285,80148,0.00264136423356831,33361,32172
SGP,Singapore,1981,1.710605741,169638,0.07936468,89538,0.00285669625736773,36677,31181
SGP,Singapore,1982,1.75741303,191699,0.089573726,101925,0.00322698056697845,40751,34368
SGP,Singapore,1983,1.805501103,216348,0.099694513,114430,0.00353936478495598,44900,39328
SGP,Singapore,1984,1.85490489,243704,0.11111939,128968,0.00376721331849694,48112,44555
SGP,Singapore,1985,1.905660748,265287,0.120157793,140264,0.00396610284224153,46705,42831
SGP,Singapore,1986,1.933102727,281728,0.127131566,149252,0.00410514976829290,46346,44318
SGP,Singapore,1987,1.960939884,297711,0.134569243,158305,0.00418839557096362,50469,50318
SGP,Singapore,1988,1.989177942,314568,0.142917082,168491,0.00441304035484791,55537,55752
SGP,Singapore,1989,2.017822504,335367,0.154027835,179861,0.00472780130803585,60906,58328
SGP,Singapore,1990,2.046879768,358225,0.166889936,193389,0.00507248518988490,67175,64345
SGP,Singapore,1991,2.111344099,384264,0.180967823,207300,0.00539900688454509,73855,60163
SGP,Singapore,1992,2.177838564,414079,0.196477249,223381,0.00574020622298121,78454,64884
SGP,Singapore,1993,2.246427536,446956,0.213911861,241588,0.00601337291300297,87279,58564
SGP,Singapore,1994,2.317176342,483252,0.232031479,261493,0.00629014847800136,95732,62454
SGP,Singapore,1995,2.390153408,524897,0.253257513,283804,0.00661221193149686,105172,66146
SGP,Singapore,1996,2.467643499,580557,0.282882452,312760,0.00711337057873607,113945,83410
SGP,Singapore,1997,2.547646046,641839,0.314623177,346593,0.00749499397352338,127960,95874
SGP,Singapore,1998,2.607076168,695847,0.341508001,382132,0.00793142989277840,129737,123080
SGP,Singapore,1999,2.66368556,743404,0.366622418,423365,0.00822298694401979,139357,126775
SGP,Singapore,2000,2.721524239,798317,0.395714134,484346,0.00867141224443913,167139,170724
SGP,Singapore,2001,2.707609415,845607,0.420746118,554819,0.00963871274143457,172858,164813
SGP,Singapore,2002,2.693765879,881352,0.440000206,634845,0.01082563214004040,187178,181260
SGP,Singapore,2003,2.679993153,911664,0.456356257,726315,0.01199624780565500,205629,174581
SGP,Singapore,2004,2.666290522,948646,0.477603853,830956,0.01318121980875730,241496,203561
SGP,Singapore,2005,2.652658463,986210,0.499647558,922741,0.01418877393007280,281984,244093
SGP,Singapore,2006,2.729603529,1029617,0.525542378,1008289,0.01502351369708780,307355,297112
SGP,Singapore,2007,2.808780909,1083634,0.557276309,1111941,0.01603108271956440,338205,326265
SGP,Singapore,2008,2.890254736,1145713,0.59259212,1233349,0.01748839393258090,336571,280529
SGP,Singapore,2009,2.974092007,1210671,0.625930846,1359756,0.01916764676570890,343523,295603
SGP,Singapore,2010,3.060360909,1280650,0.667397201,1488260,0.02114097960293290,406038,364728
SGP,Singapore,2011,3.161694288,1354076,0.709120631,1593937,0.02245227620005610,434207,374101
SGP,Singapore,2012,3.271183729,1435409,0.753932297,1650065,0.02256047725677490,448518,383786
SGP,Singapore,2013,3.389663219,1521919,0.801576376,1719732,0.02287091501057150,440763,376029
SGP,Singapore,2014,3.518072605,1610569,0.85063827,1774937,0.02335221879184250,440209,402571
SGP,Singapore,2015,3.657472849,1697247,0.897453845,1825381,0.02371945232152940,452144,422182
SGP,Singapore,2016,3.809063911,1781923,0.946058869,1845086,0.02383852377533910,460889,437500
SGP,Singapore,2017,3.974208117,1867296,1,1867296,0.02432293258607390,488347,464890
SGP,Singapore,2018,4.154453754,1938479,1.043179989,1934015,0.02518992312252520,513217,473384
SGP,Singapore,2019,4.351568222,2004527,1.082009196,1998095,0.02550702542066570,512273,477184
SLE,Sierra Leone,1950,,,,,,,
SLE,Sierra Leone,1951,,,,,,,
SLE,Sierra Leone,1952,,,,,,,
SLE,Sierra Leone,1953,,,,,,,
SLE,Sierra Leone,1954,,,,,,,
SLE,Sierra Leone,1955,,,,,,,
SLE,Sierra Leone,1956,,,,,,,
SLE,Sierra Leone,1957,,,,,,,
SLE,Sierra Leone,1958,,,,,,,
SLE,Sierra Leone,1959,,,,,,,
SLE,Sierra Leone,1960,,,,,,,
SLE,Sierra Leone,1961,1.065665483,4109,,837,,2139,1911
SLE,Sierra Leone,1962,1.067556024,4107,,825,,2250,2262
SLE,Sierra Leone,1963,1.069449782,4166,,829,,2364,2459
SLE,Sierra Leone,1964,1.071346879,4241,,840,,2794,2528
SLE,Sierra Leone,1965,1.073247433,4334,,855,,2844,2589
SLE,Sierra Leone,1966,1.074770808,4503,,886,,2808,2667
SLE,Sierra Leone,1967,1.076296329,4580,,895,,2586,2535
SLE,Sierra Leone,1968,1.077824116,4652,,902,,2789,2816
SLE,Sierra Leone,1969,1.079353929,4784,,924,,2921,3001
SLE,Sierra Leone,1970,1.080886006,5018,,980,,3552,3648
SLE,Sierra Leone,1971,1.08521533,5214,,1021,,3616,3705
SLE,Sierra Leone,1972,1.089561939,5370,,1053,,3780,3875
SLE,Sierra Leone,1973,1.093925953,5532,,1083,,3893,3998
SLE,Sierra Leone,1974,1.09830749,5734,,1128,,3983,4006
SLE,Sierra Leone,1975,1.102706552,5935,,1170,,3966,3970
SLE,Sierra Leone,1976,1.109671831,6090,,1196,,3884,3903
SLE,Sierra Leone,1977,1.116681099,6237,,1220,,3923,3944
SLE,Sierra Leone,1978,1.123734593,6423,,1252,,4042,4065
SLE,Sierra Leone,1979,1.130832672,6683,,1301,,4103,4073
SLE,Sierra Leone,1980,1.137975693,7057,0.356234014,1375,0.00004682484359364,4030,3838
SLE,Sierra Leone,1981,1.146595836,7390,0.372723013,1444,0.00004818352681468,4292,4127
SLE,Sierra Leone,1982,1.155281305,7624,0.384236097,1492,0.00004967326822225,4556,4470
SLE,Sierra Leone,1983,1.164032578,7837,0.395312279,1527,0.00005144075475982,4467,4431
SLE,Sierra Leone,1984,1.172850132,7974,0.401593149,1547,0.00005112816870678,4661,4653
SLE,Sierra Leone,1985,1.181734562,8090,0.407436877,1568,0.00005150418655830,4762,4738
SLE,Sierra Leone,1986,1.192252636,8209,0.415671349,1635,0.00005424553819466,4880,4852
SLE,Sierra Leone,1987,1.202864408,8240,0.41979903,1758,0.00005792434967589,5253,5220
SLE,Sierra Leone,1988,1.213570595,8346,0.427419305,1979,0.00006470377411461,5491,5582
SLE,Sierra Leone,1989,1.224372149,8513,0.440239608,2343,0.00007666883902857,5839,6007
SLE,Sierra Leone,1990,1.235269785,8587,0.447505742,2837,0.00009297506767325,6506,6544
SLE,Sierra Leone,1991,1.247955441,8685,0.455297232,3604,0.00011648851796053,6739,6762
SLE,Sierra Leone,1992,1.260771513,8816,0.465485185,4887,0.00015471412916668,6340,6324
SLE,Sierra Leone,1993,1.273719192,8688,0.457734555,6908,0.00021016281971242,7028,6997
SLE,Sierra Leone,1994,1.286799788,8728,0.461782783,10842,0.00030611237161793,7874,7613
SLE,Sierra Leone,1995,1.300014734,8615,0.456644297,17708,0.00046204065438360,7434,7771
SLE,Sierra Leone,1996,1.311845064,8552,0.456813723,23516,0.00057165190810338,6318,6912
SLE,Sierra Leone,1997,1.32378304,8324,0.441518933,22202,0.00051318341866136,5589,5582
SLE,Sierra Leone,1998,1.335829735,8130,0.429450721,20313,0.00043992311111651,4886,4972
SLE,Sierra Leone,1999,1.347985983,7905,0.41461581,17905,0.00036825399729423,3586,3793
SLE,Sierra Leone,2000,1.360252857,7791,0.41043207,15907,0.00030523125315085,4160,4598
SLE,Sierra Leone,2001,1.37434566,7739,0.413877308,14412,0.00026289391098544,4801,5234
SLE,Sierra Leone,2002,1.388584375,7737,0.420725524,13293,0.00024268830020446,5570,6108
SLE,Sierra Leone,2003,1.402970552,7777,0.429526895,12563,0.00022816468845122,5733,6196
SLE,Sierra Leone,2004,1.41750586,7806,0.432620704,12175,0.00021625477529597,5833,6130
SLE,Sierra Leone,2005,1.43219173,7921,0.441291153,12264,0.00021758288494311,5867,6127
SLE,Sierra Leone,2006,1.446788073,8007,0.446187615,12645,0.00022186434944160,6133,6255
SLE,Sierra Leone,2007,1.461533189,8089,0.451748282,13261,0.00022991793230176,6469,6623
SLE,Sierra Leone,2008,1.476428628,8195,0.460039556,14131,0.00024780374951661,6930,7139
SLE,Sierra Leone,2009,1.49147594,8329,0.475568801,15070,0.00027990483795293,7349,7703
SLE,Sierra Leone,2010,1.506676435,9712,0.576924264,18041,0.00036675718729384,7616,8022
SLE,Sierra Leone,2011,1.521464586,11721,0.739726126,21603,0.00048457167576999,8076,9467
SLE,Sierra Leone,2012,1.536397815,12861,0.82585609,21241,0.00050288572674617,10058,10716
SLE,Sierra Leone,2013,1.55147779,13574,0.871980488,16514,0.00038751543615945,12756,13698
SLE,Sierra Leone,2014,1.566705585,14174,0.909541845,15037,0.00036372605245560,13191,13933
SLE,Sierra Leone,2015,1.582082987,14542,0.929502785,17466,0.00041403638897464,12035,13112
SLE,Sierra Leone,2016,1.597611189,15041,0.963060379,17709,0.00040042892214842,12312,13515
SLE,Sierra Leone,2017,1.613291979,15575,1,15575,0.00033189999521710,12123,12978
SLE,Sierra Leone,2018,1.62912643,15607,0.991632462,15558,0.00030604709172621,13920,15204
SLE,Sierra Leone,2019,1.645116448,15681,0.996517181,15617,0.00029302254552022,13635,14754
SLV,El Salvador,1950,1.221767426,8293,,866,,1404,1251
SLV,El Salvador,1951,1.227317929,8865,,935,,1485,1218
SLV,El Salvador,1952,1.232893586,9432,,1001,,1576,1318
SLV,El Salvador,1953,1.238494754,9987,,1066,,1690,1441
SLV,El Salvador,1954,1.244121194,10471,,1121,,1790,1457
SLV,El Salvador,1955,1.249773264,10945,,1177,,1852,1533
SLV,El Salvador,1956,1.253708124,11800,,1277,,1916,1616
SLV,El Salvador,1957,1.257655263,12735,,1387,,2065,1693
SLV,El Salvador,1958,1.261614919,13332,,1452,,1979,1783
SLV,El Salvador,1959,1.265586972,13559,,1476,,1982,1845
SLV,El Salvador,1960,1.269571543,14751,,1603,,2024,1777
SLV,El Salvador,1961,1.274122119,15618,,1701,,2097,1922
SLV,El Salvador,1962,1.278689027,16465,,1793,,2317,2224
SLV,El Salvador,1963,1.283272266,17429,,1898,,2382,2314
SLV,El Salvador,1964,1.287871957,19193,,2095,,2577,2468
SLV,El Salvador,1965,1.292488098,20632,,2254,,2765,2625
SLV,El Salvador,1966,1.29712081,22411,,2448,,2946,2815
SLV,El Salvador,1967,1.30177021,23625,,2580,,3123,3034
SLV,El Salvador,1968,1.306436181,24145,,2622,,3143,3193
SLV,El Salvador,1969,1.311118841,24947,,2698,,3236,3309
SLV,El Salvador,1970,1.31581831,25989,,2800,,3531,3400
SLV,El Salvador,1971,1.326030731,27337,,2949,,3554,3488
SLV,El Salvador,1972,1.336322308,29537,,3193,,3777,3683
SLV,El Salvador,1973,1.346693873,31180,,3360,,4028,3872
SLV,El Salvador,1974,1.357145786,33222,,3579,,3997,3943
SLV,El Salvador,1975,1.367679,36362,,3922,,4151,4149
SLV,El Salvador,1976,1.378293872,39395,,4244,,4805,4334
SLV,El Salvador,1977,1.388991117,43639,,4691,,5659,4495
SLV,El Salvador,1978,1.399771333,47700,,5113,,5304,4801
SLV,El Salvador,1979,1.410635233,50266,,5356,,5315,4783
SLV,El Salvador,1980,1.421583533,51019,,5392,,4859,4435
SLV,El Salvador,1981,1.441555977,51438,,5462,,4364,4220
SLV,El Salvador,1982,1.461809158,51596,,5529,,4231,4199
SLV,El Salvador,1983,1.482346773,51654,,5584,,4353,4391
SLV,El Salvador,1984,1.503172994,51921,,5690,,4574,4639
SLV,El Salvador,1985,1.524291635,52641,,5863,,4856,4803
SLV,El Salvador,1986,1.545707107,53672,,6097,,5285,5257
SLV,El Salvador,1987,1.567423463,54990,,6404,,5353,5246
SLV,El Salvador,1988,1.589444995,56331,,6754,,5718,5517
SLV,El Salvador,1989,1.611775875,57996,,7180,,5912,5601
SLV,El Salvador,1990,1.634420395,58801,,7519,,5927,5241
SLV,El Salvador,1991,1.662663221,60290,,7962,,6345,5598
SLV,El Salvador,1992,1.691394091,62586,,8617,,6941,5899
SLV,El Salvador,1993,1.717790842,65562,,9462,,7815,6887
SLV,El Salvador,1994,1.740116954,69079,,10479,,8703,7650
SLV,El Salvador,1995,1.76273334,73330,,11740,,9889,8912
SLV,El Salvador,1996,1.785643458,76159,,12866,,10530,9712
SLV,El Salvador,1997,1.80885148,79427,,14238,,11514,10800
SLV,El Salvador,1998,1.832361221,83252,,15947,,12453,11624
SLV,El Salvador,1999,1.856176376,86739,,17784,,13413,12418
SLV,El Salvador,2000,1.880300999,90458,,19948,,14241,13510
SLV,El Salvador,2001,1.893698096,94073,,22508,,15529,14186
SLV,El Salvador,2002,1.907190561,97847,,25594,,16791,15704
SLV,El Salvador,2003,1.920779228,101743,,29233,,18096,17348
SLV,El Salvador,2004,1.934464693,104950,,33387,,19474,18712
SLV,El Salvador,2005,1.948247671,108181,,38423,,22072,21638
SLV,El Salvador,2006,1.962128878,112492,,44933,,24509,24146
SLV,El Salvador,2007,1.976108909,117604,,52921,,26958,26853
SLV,El Salvador,2008,1.990188718,121870,,61972,,29866,29319
SLV,El Salvador,2009,2.004368544,123691,,71260,,32355,31965
SLV,El Salvador,2010,2.018649578,125952,,82055,,36868,37018
SLV,El Salvador,2011,2.048793554,129851,,95168,,43460,44163
SLV,El Salvador,2012,2.079387426,133830,,107558,,44139,44717
SLV,El Salvador,2013,2.110438108,138906,,115504,,44800,45217
SLV,El Salvador,2014,2.141952515,143185,,124922,,46005,46739
SLV,El Salvador,2015,2.173937559,148499,,133018,,48327,47688
SLV,El Salvador,2016,2.206400156,154215,,145926,,49943,49135
SLV,El Salvador,2017,2.239347458,160334,,160334,,51382,50735
SLV,El Salvador,2018,2.272787094,167257,,166656,,52027,51396
SLV,El Salvador,2019,2.30672574,175332,,174602,,53658,52751
SRB,Serbia,1950,,,,,,,
SRB,Serbia,1951,,,,,,,
SRB,Serbia,1952,,,,,,,
SRB,Serbia,1953,,,,,,,
SRB,Serbia,1954,,,,,,,
SRB,Serbia,1955,,,,,,,
SRB,Serbia,1956,,,,,,,
SRB,Serbia,1957,,,,,,,
SRB,Serbia,1958,,,,,,,
SRB,Serbia,1959,,,,,,,
SRB,Serbia,1960,,,,,,,
SRB,Serbia,1961,,,,,,,
SRB,Serbia,1962,,,,,,,
SRB,Serbia,1963,,,,,,,
SRB,Serbia,1964,,,,,,,
SRB,Serbia,1965,,,,,,,
SRB,Serbia,1966,,,,,,,
SRB,Serbia,1967,,,,,,,
SRB,Serbia,1968,,,,,,,
SRB,Serbia,1969,,,,,,,
SRB,Serbia,1970,,,,,,,
SRB,Serbia,1971,,,,,,,
SRB,Serbia,1972,,,,,,,
SRB,Serbia,1973,,,,,,,
SRB,Serbia,1974,,,,,,,
SRB,Serbia,1975,,,,,,,
SRB,Serbia,1976,,,,,,,
SRB,Serbia,1977,,,,,,,
SRB,Serbia,1978,,,,,,,
SRB,Serbia,1979,,,,,,,
SRB,Serbia,1980,,,,,,,
SRB,Serbia,1981,,,,,,,
SRB,Serbia,1982,,,,,,,
SRB,Serbia,1983,,,,,,,
SRB,Serbia,1984,,,,,,,
SRB,Serbia,1985,,,,,,,
SRB,Serbia,1986,,,,,,,
SRB,Serbia,1987,,,,,,,
SRB,Serbia,1988,,,,,,,
SRB,Serbia,1989,,,,,,,
SRB,Serbia,1990,2.546650887,507481,,377001,,107034,107693
SRB,Serbia,1991,2.581237793,504450,,373414,,94468,95635
SRB,Serbia,1992,2.61183548,497180,,368541,,67939,68339
SRB,Serbia,1993,2.642795563,487288,,362197,,47227,47205
SRB,Serbia,1994,2.67412281,478715,0.71467787,356526,0.00411581993103027,48310,48406
SRB,Serbia,1995,2.705821276,470973,0.687681258,351198,0.00396700296550989,51219,51494
SRB,Serbia,1996,2.727016211,465018,0.668547928,350978,0.00440616765990853,51171,50900
SRB,Serbia,1997,2.748376846,461804,0.666053534,350822,0.00477131269872189,54798,54871
SRB,Serbia,1998,2.76990509,459156,0.664134085,350574,0.00519186165183783,58031,58707
SRB,Serbia,1999,2.791601658,454515,0.656315744,346727,0.00493787741288543,53008,54502
SRB,Serbia,2000,2.813468456,450529,0.651418447,345253,0.00471888436004519,56424,58391
SRB,Serbia,2001,2.845028639,447130,0.647574306,343673,0.00450685340911150,53471,56926
SRB,Serbia,2002,2.876942396,447001,0.65353179,349193,0.00446426542475820,59310,62150
SRB,Serbia,2003,2.909214258,449522,0.672804296,357136,0.00448832241818309,64043,65730
SRB,Serbia,2004,2.941848278,454501,0.705846965,366337,0.00463473424315453,67066,69548
SRB,Serbia,2005,2.97484827,459643,0.732258558,375485,0.00473874527961016,73544,77398
SRB,Serbia,2006,3.005843401,466762,0.769728899,473817,0.00550794228911400,85917,89780
SRB,Serbia,2007,3.037161589,477650,0.824501395,499637,0.00581301702186465,91583,93315
SRB,Serbia,2008,3.068805933,488735,0.87623781,551548,0.00639824615791440,101083,103215
SRB,Serbia,2009,3.100780249,492534,0.891071916,536363,0.00634957803413272,101546,104236
SRB,Serbia,2010,3.133087397,494770,0.900244296,538485,0.00651164166629314,102218,105492
SRB,Serbia,2011,3.167173147,497622,0.910354614,550478,0.00674641923978925,107489,109850
SRB,Serbia,2012,3.202131987,503268,0.931563735,539805,0.00649691559374332,106151,109060
SRB,Serbia,2013,3.237992287,505135,0.943701863,570983,0.00656763277947903,107833,107452
SRB,Serbia,2014,3.274783373,505862,0.951915085,557228,0.00621961429715157,105643,105229
SRB,Serbia,2015,3.312534809,509530,0.970282555,477517,0.00534079642966390,107485,108171
SRB,Serbia,2016,3.35127902,511897,0.983663857,521413,0.00575873022899032,110839,110886
SRB,Serbia,2017,3.391047955,515348,1,515348,0.00563614442944527,112656,112918
SRB,Serbia,2018,3.431876183,522469,1.02809,521043,0.00571566680446267,116644,116345
SRB,Serbia,2019,3.473798752,533632,1.062918544,531527,0.00573089765384793,121488,121193
STP,Sao Tome and Principe,1950,,,,,,,
STP,Sao Tome and Principe,1951,,,,,,,
STP,Sao Tome and Principe,1952,,,,,,,
STP,Sao Tome and Principe,1953,,,,,,,
STP,Sao Tome and Principe,1954,,,,,,,
STP,Sao Tome and Principe,1955,,,,,,,
STP,Sao Tome and Principe,1956,,,,,,,
STP,Sao Tome and Principe,1957,,,,,,,
STP,Sao Tome and Principe,1958,,,,,,,
STP,Sao Tome and Principe,1959,,,,,,,
STP,Sao Tome and Principe,1960,,,,,,,
STP,Sao Tome and Principe,1961,,,,,,,
STP,Sao Tome and Principe,1962,,,,,,,
STP,Sao Tome and Principe,1963,,,,,,,
STP,Sao Tome and Principe,1964,,,,,,,
STP,Sao Tome and Principe,1965,,,,,,,
STP,Sao Tome and Principe,1966,,,,,,,
STP,Sao Tome and Principe,1967,,,,,,,
STP,Sao Tome and Principe,1968,,,,,,,
STP,Sao Tome and Principe,1969,,,,,,,
STP,Sao Tome and Principe,1970,,623,,165,,137,141
STP,Sao Tome and Principe,1971,,625,,166,,144,147
STP,Sao Tome and Principe,1972,,627,,167,,148,151
STP,Sao Tome and Principe,1973,,623,,166,,153,156
STP,Sao Tome and Principe,1974,,622,,166,,162,165
STP,Sao Tome and Principe,1975,,630,,168,,171,174
STP,Sao Tome and Principe,1976,,643,,172,,174,178
STP,Sao Tome and Principe,1977,,698,,186,,210,215
STP,Sao Tome and Principe,1978,,714,,190,,226,234
STP,Sao Tome and Principe,1979,,751,,200,,263,272
STP,Sao Tome and Principe,1980,,801,0.171090424,213,0.00000649300318400,224,223
STP,Sao Tome and Principe,1981,,838,0.18033585,223,0.00000672424630466,202,201
STP,Sao Tome and Principe,1982,,875,0.189397424,234,0.00000703613613950,209,209
STP,Sao Tome and Principe,1983,,906,0.196905524,241,0.00000735395769880,199,201
STP,Sao Tome and Principe,1984,,931,0.202650264,248,0.00000741918529457,193,197
STP,Sao Tome and Principe,1985,,955,0.208054796,255,0.00000747461990613,202,198
STP,Sao Tome and Principe,1986,,971,0.210946843,260,0.00000745662691770,192,193
STP,Sao Tome and Principe,1987,,983,0.212344334,263,0.00000728472650735,185,187
STP,Sao Tome and Principe,1988,,1019,0.222352892,274,0.00000742240808904,180,187
STP,Sao Tome and Principe,1989,,1084,0.244213089,291,0.00000799588360678,204,217
STP,Sao Tome and Principe,1990,,1155,0.269731909,311,0.00000885114968696,205,204
STP,Sao Tome and Principe,1991,,1251,0.308283865,336,0.00000998966788757,201,202
STP,Sao Tome and Principe,1992,,1346,0.345779181,361,0.00001115038594435,200,200
STP,Sao Tome and Principe,1993,,1419,0.372139245,381,0.00001183278345707,202,183
STP,Sao Tome and Principe,1994,,1516,0.412243873,407,0.00001254177550436,199,189
STP,Sao Tome and Principe,1995,,1728,0.520451307,463,0.00001231123951584,191,192
STP,Sao Tome and Principe,1996,,1863,0.583214939,499,0.00001196306220663,202,196
STP,Sao Tome and Principe,1997,,1953,0.622297168,522,0.00001153094217443,202,210
STP,Sao Tome and Principe,1998,,1978,0.621436477,529,0.00001134471131081,217,258
STP,Sao Tome and Principe,1999,,2031,0.618749559,541,0.00001089430679713,216,245
STP,Sao Tome and Principe,2000,,2069,0.615562558,548,0.00001018996681523,231,252
STP,Sao Tome and Principe,2001,,2154,0.621361673,574,0.00001270809934795,285,327
STP,Sao Tome and Principe,2002,,2229,0.633015752,597,0.00001296333903156,296,327
STP,Sao Tome and Principe,2003,,2324,0.658081174,624,0.00001309187427978,309,339
STP,Sao Tome and Principe,2004,,2417,0.675340831,653,0.00001303162935073,332,367
STP,Sao Tome and Principe,2005,,2530,0.70001483,689,0.00001331695239060,358,403
STP,Sao Tome and Principe,2006,,2621,0.724601984,648,0.00001173752116301,371,425
STP,Sao Tome and Principe,2007,,2773,0.771310985,559,0.00000948192791839,377,428
STP,Sao Tome and Principe,2008,,2926,0.823982358,482,0.00000787211683928,409,464
STP,Sao Tome and Principe,2009,,3034,0.848721743,429,0.00000708807920091,437,494
STP,Sao Tome and Principe,2010,,3205,0.931455195,408,0.00000590887475482,471,548
STP,Sao Tome and Principe,2011,,3251,0.930557847,420,0.00000663893388264,664,812
STP,Sao Tome and Principe,2012,,3355,0.960968733,4433,0.00004326646376285,602,709
STP,Sao Tome and Principe,2013,,3359,0.950765312,3722,0.00004598648592946,676,770
STP,Sao Tome and Principe,2014,,3365,0.949593663,5641,0.00004897172038909,766,860
STP,Sao Tome and Principe,2015,,3435,0.982136428,4473,0.00004902115688310,775,863
STP,Sao Tome and Principe,2016,,3477,0.992108881,3794,0.00005054272696725,778,831
STP,Sao Tome and Principe,2017,,3528,1,3528,0.00005027429142501,795,842
STP,Sao Tome and Principe,2018,,3533,0.980650425,3527,0.00004847249874729,772,803
STP,Sao Tome and Principe,2019,,3513,0.953005254,3511,0.00004591975448420,783,821
SUR,Suriname,1950,,,,,,,
SUR,Suriname,1951,,,,,,,
SUR,Suriname,1952,,,,,,,
SUR,Suriname,1953,,,,,,,
SUR,Suriname,1954,,,,,,,
SUR,Suriname,1955,,,,,,,
SUR,Suriname,1956,,,,,,,
SUR,Suriname,1957,,,,,,,
SUR,Suriname,1958,,,,,,,
SUR,Suriname,1959,,,,,,,
SUR,Suriname,1960,,,,,,,
SUR,Suriname,1961,,,,,,,
SUR,Suriname,1962,,,,,,,
SUR,Suriname,1963,,,,,,,
SUR,Suriname,1964,,,,,,,
SUR,Suriname,1965,,,,,,,
SUR,Suriname,1966,,,,,,,
SUR,Suriname,1967,,,,,,,
SUR,Suriname,1968,,,,,,,
SUR,Suriname,1969,,,,,,,
SUR,Suriname,1970,,9187,,3289,,1873,2004
SUR,Suriname,1971,,9554,,3429,,1990,2137
SUR,Suriname,1972,,10121,,3651,,2055,2113
SUR,Suriname,1973,,10747,,3885,,2149,2269
SUR,Suriname,1974,,11557,0.119774498,4196,0.00024365985882469,1965,1999
SUR,Suriname,1975,,12309,0.130077824,4520,0.00025856491993181,2152,2188
SUR,Suriname,1976,,13331,0.143012628,4921,0.00027294529718347,2238,2342
SUR,Suriname,1977,,14366,0.153392375,5276,0.00027293982566334,2528,2491
SUR,Suriname,1978,,15289,0.163335443,5592,0.00026944716228172,2682,2809
SUR,Suriname,1979,,15828,0.167825133,5755,0.00025917938910425,2614,2775
SUR,Suriname,1980,,16245,0.171699122,5883,0.00024278942146339,2395,2455
SUR,Suriname,1981,,17032,0.180665761,6191,0.00024497392587364,2542,2530
SUR,Suriname,1982,,17783,0.188606188,6476,0.00025102225481533,2455,2397
SUR,Suriname,1983,,18057,0.189389959,6525,0.00024643802316859,2473,2486
SUR,Suriname,1984,,18226,0.188631907,6541,0.00023521085677203,2405,2490
SUR,Suriname,1985,,18522,0.190358266,6628,0.00023062665422913,2683,2750
SUR,Suriname,1986,,18872,0.193721652,6757,0.00023163817240857,2570,2590
SUR,Suriname,1987,,18976,0.194297716,6825,0.00022863919730298,2345,2421
SUR,Suriname,1988,,19057,0.19419378,6924,0.00022673461353406,2712,2637
SUR,Suriname,1989,,19311,0.198488474,7161,0.00023506944125984,2852,2709
SUR,Suriname,1990,,19417,0.200770631,7345,0.00024272112932522,2910,2875
SUR,Suriname,1991,,19525,0.203371212,7551,0.00024778922670521,2995,3022
SUR,Suriname,1992,,19639,0.206135884,7821,0.00025175823247992,3077,3139
SUR,Suriname,1993,,19548,0.205335155,8015,0.00024974270490930,2855,2824
SUR,Suriname,1994,,20294,0.220970199,8699,0.00026602129219100,2839,2653
SUR,Suriname,1995,,21222,0.242182136,9557,0.00029313302366063,2678,2660
SUR,Suriname,1996,,21640,0.251583189,10176,0.00030036162934266,3178,3050
SUR,Suriname,1997,,21881,0.257821381,10765,0.00029764065402560,3444,3280
SUR,Suriname,1998,,22090,0.262291521,11395,0.00029578001704067,3655,3471
SUR,Suriname,1999,,24902,0.324034154,13637,0.00037567186518572,3134,3086
SUR,Suriname,2000,,26101,0.352033943,15059,0.00040212480234914,3609,3557
SUR,Suriname,2001,,27633,0.390638679,16889,0.00045765060349368,3843,3796
SUR,Suriname,2002,,28766,0.419505,18628,0.00051873811753467,4087,3933
SUR,Suriname,2003,,29473,0.436042398,20021,0.00054468866437674,4545,4468
SUR,Suriname,2004,,30963,0.471482337,22196,0.00059140316443518,4945,4567
SUR,Suriname,2005,,32616,0.512058496,24790,0.00066364405211061,5319,4904
SUR,Suriname,2006,,33696,0.531024754,27150,0.00070727791171521,5706,5274
SUR,Suriname,2007,,35307,0.574522734,29982,0.00080170854926109,6071,5566
SUR,Suriname,2008,,37279,0.617113352,33204,0.00084381771739572,6614,5983
SUR,Suriname,2009,,39398,0.661523223,36557,0.00102713762316853,6969,6312
SUR,Suriname,2010,,40606,0.697822273,38773,0.00115117523819208,7680,6913
SUR,Suriname,2011,,42587,0.755177438,41317,0.00128363445401192,8417,7358
SUR,Suriname,2012,,44438,0.808357537,42271,0.00136164273135364,9054,8359
SUR,Suriname,2013,,46090,0.855460465,43330,0.00139597232919186,9349,8597
SUR,Suriname,2014,,47789,0.904577017,44516,0.00137423386331648,9444,8859
SUR,Suriname,2015,,49155,0.943959892,46069,0.00131608569063246,8919,8185
SUR,Suriname,2016,,50145,0.971287727,46686,0.00120735971722752,7811,7286
SUR,Suriname,2017,,51194,1,51194,0.00130217173136771,8606,7803
SUR,Suriname,2018,,52306,1.028509021,51934,0.00131603493355215,8809,8230
SUR,Suriname,2019,,53361,1.054792523,52719,0.00126566132530570,8813,8440
SVK,Slovakia,1950,,,,,,,
SVK,Slovakia,1951,,,,,,,
SVK,Slovakia,1952,,,,,,,
SVK,Slovakia,1953,,,,,,,
SVK,Slovakia,1954,,,,,,,
SVK,Slovakia,1955,,,,,,,
SVK,Slovakia,1956,,,,,,,
SVK,Slovakia,1957,,,,,,,
SVK,Slovakia,1958,,,,,,,
SVK,Slovakia,1959,,,,,,,
SVK,Slovakia,1960,,,,,,,
SVK,Slovakia,1961,,,,,,,
SVK,Slovakia,1962,,,,,,,
SVK,Slovakia,1963,,,,,,,
SVK,Slovakia,1964,,,,,,,
SVK,Slovakia,1965,,,,,,,
SVK,Slovakia,1966,,,,,,,
SVK,Slovakia,1967,,,,,,,
SVK,Slovakia,1968,,,,,,,
SVK,Slovakia,1969,,,,,,,
SVK,Slovakia,1970,,,,,,,
SVK,Slovakia,1971,,,,,,,
SVK,Slovakia,1972,,,,,,,
SVK,Slovakia,1973,,,,,,,
SVK,Slovakia,1974,,,,,,,
SVK,Slovakia,1975,,,,,,,
SVK,Slovakia,1976,,,,,,,
SVK,Slovakia,1977,,,,,,,
SVK,Slovakia,1978,,,,,,,
SVK,Slovakia,1979,,,,,,,
SVK,Slovakia,1980,,,,,,,
SVK,Slovakia,1981,,,,,,,
SVK,Slovakia,1982,,,,,,,
SVK,Slovakia,1983,,,,,,,
SVK,Slovakia,1984,,,,,,,
SVK,Slovakia,1985,,,,,,,
SVK,Slovakia,1986,,,,,,,
SVK,Slovakia,1987,,,,,,,
SVK,Slovakia,1988,,,,,,,
SVK,Slovakia,1989,,,,,,,
SVK,Slovakia,1990,3.087144613,352154,,338843,,94771,95601
SVK,Slovakia,1991,3.114013672,361966,,346344,,75446,75934
SVK,Slovakia,1992,3.141116381,370123,,353940,,70687,71291
SVK,Slovakia,1993,3.168454885,376718,,360248,,70896,71871
SVK,Slovakia,1994,3.196031332,382175,0.496365726,365220,0.00738241523504257,74429,74413
SVK,Slovakia,1995,3.223847866,387617,0.502969444,369440,0.00709000695496798,77971,77417
SVK,Slovakia,1996,3.229552269,399826,0.526749372,379574,0.00699636898934841,78498,81138
SVK,Slovakia,1997,3.235267162,415193,0.558480382,349353,0.00641173170879483,81343,84331
SVK,Slovakia,1998,3.240991592,432657,0.59684366,329041,0.00601297849789262,81403,83267
SVK,Slovakia,1999,3.246726513,443219,0.618091047,307988,0.00554371066391468,79509,79904
SVK,Slovakia,2000,3.252471447,449128,0.6231969,302539,0.00506401760503650,83429,83957
SVK,Slovakia,2001,3.299450159,458884,0.640223145,299086,0.00474054040387273,86828,88661
SVK,Slovakia,2002,3.347107649,468080,0.65717411,282579,0.00442170025780797,90582,90468
SVK,Slovakia,2003,3.395453453,475337,0.67067498,291570,0.00449815904721618,95543,91252
SVK,Slovakia,2004,3.444497585,484029,0.686589718,309146,0.00470894901081920,99285,92173
SVK,Slovakia,2005,3.494249821,497680,0.711818457,331894,0.00500406557694077,108152,102363
SVK,Slovakia,2006,3.517637491,513039,0.736681342,373251,0.00544879212975502,119121,111699
SVK,Slovakia,2007,3.541181326,531601,0.769524574,406814,0.00571403419598937,132388,121413
SVK,Slovakia,2008,3.564882755,550415,0.803135395,450366,0.00617823470383883,145079,129959
SVK,Slovakia,2009,3.588742971,559381,0.813859463,478073,0.00662200525403023,140010,127742
SVK,Slovakia,2010,3.612762928,570850,0.837738276,484718,0.00678579788655043,153058,139083
SVK,Slovakia,2011,3.637505531,586832,0.864827931,509392,0.00699779205024242,156692,139079
SVK,Slovakia,2012,3.662609577,597484,0.880365491,547862,0.00725579215213656,160587,139546
SVK,Slovakia,2013,3.688081741,608170,0.897392988,569630,0.00735723460093141,158537,136215
SVK,Slovakia,2014,3.713928938,619348,0.917261541,633486,0.00792577769607306,162945,141817
SVK,Slovakia,2015,3.740157843,638380,0.953160226,631307,0.00784543063491583,169188,148570
SVK,Slovakia,2016,3.766775608,651287,0.976986885,654488,0.00804504472762346,163245,144576
SVK,Slovakia,2017,3.793789625,664757,1,664757,0.00805556122213602,167727,144190
SVK,Slovakia,2018,3.821207047,678512,1.023436666,677437,0.00814359541982412,172541,146540
SVK,Slovakia,2019,3.849035501,693934,1.052734613,693622,0.00813384540379047,176179,151482
SVN,Slovenia,1950,,,,,,,
SVN,Slovenia,1951,,,,,,,
SVN,Slovenia,1952,,,,,,,
SVN,Slovenia,1953,,,,,,,
SVN,Slovenia,1954,,,,,,,
SVN,Slovenia,1955,,,,,,,
SVN,Slovenia,1956,,,,,,,
SVN,Slovenia,1957,,,,,,,
SVN,Slovenia,1958,,,,,,,
SVN,Slovenia,1959,,,,,,,
SVN,Slovenia,1960,,,,,,,
SVN,Slovenia,1961,,,,,,,
SVN,Slovenia,1962,,,,,,,
SVN,Slovenia,1963,,,,,,,
SVN,Slovenia,1964,,,,,,,
SVN,Slovenia,1965,,,,,,,
SVN,Slovenia,1966,,,,,,,
SVN,Slovenia,1967,,,,,,,
SVN,Slovenia,1968,,,,,,,
SVN,Slovenia,1969,,,,,,,
SVN,Slovenia,1970,,,,,,,
SVN,Slovenia,1971,,,,,,,
SVN,Slovenia,1972,,,,,,,
SVN,Slovenia,1973,,,,,,,
SVN,Slovenia,1974,,,,,,,
SVN,Slovenia,1975,,,,,,,
SVN,Slovenia,1976,,,,,,,
SVN,Slovenia,1977,,,,,,,
SVN,Slovenia,1978,,,,,,,
SVN,Slovenia,1979,,,,,,,
SVN,Slovenia,1980,,,,,,,
SVN,Slovenia,1981,,,,,,,
SVN,Slovenia,1982,,,,,,,
SVN,Slovenia,1983,,,,,,,
SVN,Slovenia,1984,,,,,,,
SVN,Slovenia,1985,,,,,,,
SVN,Slovenia,1986,,,,,,,
SVN,Slovenia,1987,,,,,,,
SVN,Slovenia,1988,,,,,,,
SVN,Slovenia,1989,,,,,,,
SVN,Slovenia,1990,3.119560719,255922,,173961,,42565,38634
SVN,Slovenia,1991,3.133481741,260924,,175721,,37228,35614
SVN,Slovenia,1992,3.147464991,263351,,177089,,35195,33941
SVN,Slovenia,1993,3.161510706,267002,,180114,,37339,36491
SVN,Slovenia,1994,3.175618887,272314,0.454541832,184440,0.00372716668061912,39698,39017
SVN,Slovenia,1995,3.189790249,279077,0.481900394,190923,0.00377175281755626,42023,40977
SVN,Slovenia,1996,3.204533339,286231,0.507810414,196076,0.00373877980746329,43369,42117
SVN,Slovenia,1997,3.219344616,295000,0.538257301,201558,0.00374792958609760,44391,43351
SVN,Slovenia,1998,3.234224558,304713,0.574135005,208237,0.00377149274572730,44813,43742
SVN,Slovenia,1999,3.249172926,316480,0.617278099,215744,0.00376282585784793,46491,45184
SVN,Slovenia,2000,3.264190674,327656,0.651581943,220441,0.00363436015322804,47856,46834
SVN,Slovenia,2001,3.270853996,338305,0.6872347,217993,0.00342998094856739,49038,47361
SVN,Slovenia,2002,3.277530909,347856,0.716502368,206484,0.00319847138598561,50635,48575
SVN,Slovenia,2003,3.284221888,358064,0.745546997,209827,0.00324100023135543,51792,49362
SVN,Slovenia,2004,3.29092598,368907,0.778704822,237544,0.00359298218972981,54974,51417
SVN,Slovenia,2005,3.2976439,379837,0.811948895,262648,0.00390970986336470,58285,54359
SVN,Slovenia,2006,3.316124678,392596,0.855850995,270558,0.00397024676203728,61011,55686
SVN,Slovenia,2007,3.334709167,407503,0.901688874,269187,0.00388013245537877,64827,57867
SVN,Slovenia,2008,3.353397608,423423,0.945072472,290339,0.00407590530812740,68549,61720
SVN,Slovenia,2009,3.372190952,430994,0.957165122,300856,0.00426563667133451,63324,58626
SVN,Slovenia,2010,3.391089439,434945,0.962806046,323131,0.00461545307189226,64043,58976
SVN,Slovenia,2011,3.41049099,437617,0.970893264,339039,0.00475749978795648,66312,60588
SVN,Slovenia,2012,3.430138826,438467,0.970502377,391052,0.00519691780209541,65400,59558
SVN,Slovenia,2013,3.450036764,439946,0.975528896,416753,0.00525916274636984,65511,59180
SVN,Slovenia,2014,3.470188856,441364,0.978307605,411684,0.00506160873919725,66314,59977
SVN,Slovenia,2015,3.490599394,442655,0.983774722,418514,0.00498611107468605,68591,61359
SVN,Slovenia,2016,3.511272192,443053,0.988463819,444007,0.00521387392655015,71197,63707
SVN,Slovenia,2017,3.532211781,445231,1,445231,0.00516847753897309,76439,65603
SVN,Slovenia,2018,3.553422213,449007,1.017433047,448051,0.00518840737640858,79902,69886
SVN,Slovenia,2019,3.574908018,453769,1.037345409,453203,0.00516042904928327,82342,71354
SWE,Sweden,1950,2.317561865,391048,,240462,,74533,71585
SWE,Sweden,1951,2.331608534,407288,,252066,,79826,73348
SWE,Sweden,1952,2.345740318,420316,,261591,,79922,74939
SWE,Sweden,1953,2.359957695,431950,,269155,,82543,78563
SWE,Sweden,1954,2.374261141,448093,0.123877183,280449,0.02704439125955100,87028,82393
SWE,Sweden,1955,2.388651371,466029,0.129397616,293086,0.02705230936408040,89820,84455
SWE,Sweden,1956,2.414146662,483503,0.134694234,305040,0.02761756069958210,92835,87378
SWE,Sweden,1957,2.439913988,500899,0.139961705,317128,0.02793737873435020,94971,88990
SWE,Sweden,1958,2.465956688,518563,0.145329535,328820,0.02859784290194510,97850,92522
SWE,Sweden,1959,2.492277145,538456,0.151317522,341505,0.02910582907497880,103068,97936
SWE,Sweden,1960,2.51887846,564123,0.159386396,357370,0.02976500615477560,107617,97402
SWE,Sweden,1961,2.546132088,589837,0.167470723,374540,0.03029073402285580,113228,103858
SWE,Sweden,1962,2.569196701,615608,0.175588474,391684,0.03072362020611760,116884,110164
SWE,Sweden,1963,2.587879181,642087,0.183823928,409142,0.03127476945519450,122632,116207
SWE,Sweden,1964,2.606697559,675835,0.194551662,430098,0.03231044858694080,130770,124762
SWE,Sweden,1965,2.625653028,712289,0.206170902,453607,0.03256438300013540,136136,129242
SWE,Sweden,1966,2.644746304,745711,0.217091218,473692,0.03292504698038100,139126,132476
SWE,Sweden,1967,2.663978338,778300,0.22746262,493475,0.03235636278986930,144154,138373
SWE,Sweden,1968,2.683350086,809816,0.236950427,512710,0.03176069259643550,149735,143976
SWE,Sweden,1969,2.70286274,845019,0.247595146,534468,0.03090974316000940,157705,151403
SWE,Sweden,1970,2.72251749,888769,0.261419386,563336,0.03089642710983750,169570,162381
SWE,Sweden,1971,2.743097305,929900,0.274661183,590876,0.03157049417495730,170781,164860
SWE,Sweden,1972,2.763832569,972535,0.288572729,618803,0.03224791586399080,174428,169495
SWE,Sweden,1973,2.784724474,1014933,0.303155154,643578,0.03172922879457470,180531,176032
SWE,Sweden,1974,2.80577445,1052195,0.316983163,669473,0.03161929920315740,184832,177230
SWE,Sweden,1975,2.82698369,1089840,0.330329061,697385,0.03309855610132220,195045,181927
SWE,Sweden,1976,2.848353148,1126861,0.344245136,718638,0.03488453850150110,195607,182970
SWE,Sweden,1977,2.869884014,1158746,0.356589943,735724,0.03476325049996380,188595,178208
SWE,Sweden,1978,2.891577721,1183577,0.364442647,747216,0.03419185429811480,188108,182223
SWE,Sweden,1979,2.913435459,1211496,0.374619871,760485,0.03294943645596500,194783,186654
SWE,Sweden,1980,2.935458422,1241641,0.386589378,777012,0.03176860511302950,197025,185079
SWE,Sweden,1981,2.954866409,1267446,0.395866156,793534,0.03087905421853070,197477,187117
SWE,Sweden,1982,2.974403143,1292844,0.405535907,810382,0.02999043837189670,198765,190413
SWE,Sweden,1983,2.994068861,1320120,0.417100042,825787,0.02946685627102850,201282,195657
SWE,Sweden,1984,3.013864517,1352926,0.43154785,845166,0.02959818765521050,210692,204496
SWE,Sweden,1985,3.033790827,1390876,0.449694633,869604,0.02996412478387360,216464,210586
SWE,Sweden,1986,3.053849459,1426632,0.466141373,896441,0.03056441061198710,227162,221668
SWE,Sweden,1987,3.074040413,1465775,0.485490441,930376,0.03188996389508250,235518,229947
SWE,Sweden,1988,3.094364882,1506770,0.50700748,976007,0.03303229436278340,244162,239986
SWE,Sweden,1989,3.11482358,1556016,0.534463525,1040403,0.03525767847895620,253148,247932
SWE,Sweden,1990,3.1354177,1600039,0.558141887,1113820,0.03725663572549820,254167,247860
SWE,Sweden,1991,3.140028477,1630037,0.569662988,1184347,0.03840146586298940,253092,248082
SWE,Sweden,1992,3.144645929,1648273,0.574761748,1244448,0.03638970851898190,252056,247886
SWE,Sweden,1993,3.149270535,1651188,0.575089693,1296533,0.03492174297571180,242565,237560
SWE,Sweden,1994,3.153901815,1659171,0.581112325,1345005,0.03477604314684870,256078,252779
SWE,Sweden,1995,3.158539534,1672501,0.590996683,1380502,0.03402383998036380,271722,267457
SWE,Sweden,1996,3.163184404,1689004,0.603322923,1406709,0.03302173316478730,275283,274255
SWE,Sweden,1997,3.167836189,1705226,0.617537498,1370315,0.03156033530831340,289451,289538
SWE,Sweden,1998,3.17249465,1726853,0.638152659,1337942,0.02979466505348680,305555,308577
SWE,Sweden,1999,3.177160025,1751668,0.66112113,1296847,0.02805412933230400,325764,326465
SWE,Sweden,2000,3.181832075,1779491,0.685032487,1266196,0.02652285620570180,343831,351834
SWE,Sweden,2001,3.19793129,1805872,0.705197692,1234794,0.02512555569410320,339634,343049
SWE,Sweden,2002,3.214112043,1828272,0.719714105,1191975,0.02371694520115850,338924,345813
SWE,Sweden,2003,3.230374575,1850366,0.735738397,1216761,0.02433737553656100,343914,352650
SWE,Sweden,2004,3.246719122,1875438,0.752258062,1192782,0.02326977811753750,357021,369415
SWE,Sweden,2005,3.263146877,1903701,0.771389186,1143875,0.02197691611945630,366358,378197
SWE,Sweden,2006,3.279657364,1939009,0.793433487,1314113,0.02392700314521790,393926,401235
SWE,Sweden,2007,3.296251535,1980454,0.818107009,1493365,0.02601210772991180,427008,426857
SWE,Sweden,2008,3.312929392,2018515,0.840912402,1617882,0.02716857567429540,436421,427676
SWE,Sweden,2009,3.329692125,2037953,0.849858403,1678182,0.02858658693730830,415502,408163
SWE,Sweden,2010,3.346539259,2063729,0.863729179,1799198,0.03018577583134170,437909,426452
SWE,Sweden,2011,3.356361866,2093873,0.881248176,1858369,0.03082235157489780,466685,453589
SWE,Sweden,2012,3.366213083,2120670,0.895900548,1984268,0.03234288841485980,470694,455691
SWE,Sweden,2013,3.376093149,2146371,0.909791231,2152983,0.03373200073838230,473450,455064
SWE,Sweden,2014,3.386002541,2178362,0.927057207,2131156,0.03222084417939190,480252,457364
SWE,Sweden,2015,3.395940542,2217425,0.950307846,2163541,0.03159667551517490,509046,485116
SWE,Sweden,2016,3.405908108,2258994,0.972828746,2251251,0.03241287171840670,520679,496534
SWE,Sweden,2017,3.41590476,2306150,1,2306150,0.03303071483969690,544588,515378
SWE,Sweden,2018,3.425930977,2352153,1.027361155,2343227,0.03364921733736990,551599,516470
SWE,Sweden,2019,3.43598628,2393696,1.051183939,2380619,0.03365505486726760,559511,527788
SWZ,Eswatini,1950,,,,,,,
SWZ,Eswatini,1951,,,,,,,
SWZ,Eswatini,1952,,,,,,,
SWZ,Eswatini,1953,,,,,,,
SWZ,Eswatini,1954,,,,,,,
SWZ,Eswatini,1955,,,,,,,
SWZ,Eswatini,1956,,,,,,,
SWZ,Eswatini,1957,,,,,,,
SWZ,Eswatini,1958,,,,,,,
SWZ,Eswatini,1959,,,,,,,
SWZ,Eswatini,1960,,,,,,,
SWZ,Eswatini,1961,,,,,,,
SWZ,Eswatini,1962,,,,,,,
SWZ,Eswatini,1963,,,,,,,
SWZ,Eswatini,1964,,,,,,,
SWZ,Eswatini,1965,,,,,,,
SWZ,Eswatini,1966,,,,,,,
SWZ,Eswatini,1967,,,,,,,
SWZ,Eswatini,1968,,,,,,,
SWZ,Eswatini,1969,,,,,,,
SWZ,Eswatini,1970,1.337787747,1233,,372,,1125,1068
SWZ,Eswatini,1971,1.362463832,1439,,451,,1317,1124
SWZ,Eswatini,1972,1.387595057,1667,,532,,1601,1316
SWZ,Eswatini,1973,1.413189888,1968,,635,,1570,1270
SWZ,Eswatini,1974,1.439256668,2351,,764,,1613,1349
SWZ,Eswatini,1975,1.465804458,2779,,908,,2048,1845
SWZ,Eswatini,1976,1.493487954,3200,,1045,,2331,2158
SWZ,Eswatini,1977,1.521694303,3696,,1199,,2323,2168
SWZ,Eswatini,1978,1.550433517,4614,,1501,,2200,2063
SWZ,Eswatini,1979,1.579715371,5680,,1844,,2192,1999
SWZ,Eswatini,1980,1.609550238,6247,0.24416779,2024,0.00013490911806002,2368,2074
SWZ,Eswatini,1981,1.637325048,6977,0.272802204,2274,0.00015445009921677,2593,2232
SWZ,Eswatini,1982,1.665579081,7635,0.29591459,2494,0.00015222387446556,2662,2399
SWZ,Eswatini,1983,1.694320679,8842,0.344174504,2913,0.00021054096578155,2863,2532
SWZ,Eswatini,1984,1.720000386,9850,0.38762486,3204,0.00016896889428608,2856,2609
SWZ,Eswatini,1985,1.742324471,10329,0.402147144,3345,0.00017228921933565,2942,2894
SWZ,Eswatini,1986,1.747806907,10607,0.408265114,3448,0.00014108417963143,3586,3545
SWZ,Eswatini,1987,1.753306627,11605,0.445922017,3964,0.00014753891446162,4319,4291
SWZ,Eswatini,1988,1.758823633,12759,0.489430189,4455,0.00016944610979408,4426,4223
SWZ,Eswatini,1989,1.764358044,14026,0.536206722,5225,0.00018100217857864,4576,4574
SWZ,Eswatini,1990,1.769909859,15182,0.577695012,6264,0.00020109191245865,5335,5384
SWZ,Eswatini,1991,1.766300917,16371,0.620274544,7544,0.00023855616746005,5610,5776
SWZ,Eswatini,1992,1.762699366,17801,0.674341083,9361,0.00027742426027544,5896,6105
SWZ,Eswatini,1993,1.759105206,19050,0.718820333,11719,0.00032380616175942,6518,6795
SWZ,Eswatini,1994,1.755518317,20249,0.759997249,14660,0.00038320801104419,6684,6744
SWZ,Eswatini,1995,1.751938701,21323,0.796834826,17661,0.00043255041236989,7659,7889
SWZ,Eswatini,1996,1.738208532,22167,0.825569212,19543,0.00045007999869995,8177,8802
SWZ,Eswatini,1997,1.724585891,23051,0.854609668,20416,0.00044373041600920,8023,8319
SWZ,Eswatini,1998,1.711070061,24102,0.890110135,21198,0.00044415277079679,7729,8176
SWZ,Eswatini,1999,1.693920732,24524,0.907468379,21122,0.00043273865594529,7547,8006
SWZ,Eswatini,2000,1.676330209,24653,0.901505828,20778,0.00039801618549973,8110,8599
SWZ,Eswatini,2001,1.644034624,24923,0.901421368,20627,0.00038000705535524,7929,8351
SWZ,Eswatini,2002,1.612361312,25117,0.902918875,20501,0.00037461533793248,7830,7666
SWZ,Eswatini,2003,1.581298232,25234,0.895129025,20401,0.00035717961145565,7798,7686
SWZ,Eswatini,2004,1.550833583,25474,0.893285275,20545,0.00034429528750479,7855,7706
SWZ,Eswatini,2005,1.52095592,25701,0.889936328,20856,0.00033494507079013,8459,8891
SWZ,Eswatini,2006,1.557643294,25934,0.89188534,22028,0.00033758833887987,8819,8498
SWZ,Eswatini,2007,1.595215678,26164,0.883229494,24719,0.00035305219353177,8899,8862
SWZ,Eswatini,2008,1.63369441,26383,0.87685591,29387,0.00039354077307507,8725,8137
SWZ,Eswatini,2009,1.673101187,26697,0.886319458,36373,0.00047361181350425,9096,8617
SWZ,Eswatini,2010,1.712398052,26992,0.904341161,44561,0.00057689234381542,9368,9100
SWZ,Eswatini,2011,1.74842751,27135,0.918309152,48614,0.00062234495999292,9538,9277
SWZ,Eswatini,2012,1.787123084,27223,0.928609014,43747,0.00055554660502821,9809,9520
SWZ,Eswatini,2013,1.828727365,27365,0.941382408,41485,0.00052191078430042,9978,9421
SWZ,Eswatini,2014,1.873510718,27517,0.954649568,39694,0.00049553456483409,9964,9360
SWZ,Eswatini,2015,1.921774387,27715,0.969085217,35117,0.00043934883433394,10110,9554
SWZ,Eswatini,2016,1.973855257,28002,0.985548079,31028,0.00038903552922420,9970,9525
SWZ,Eswatini,2017,2.030130148,28239,1,28239,0.00035565768484958,9843,9338
SWZ,Eswatini,2018,2.091022968,28974,1.035265684,28771,0.00036170863313600,10335,9844
SWZ,Eswatini,2019,2.15700984,28890,1.032378197,28794,0.00035115933860652,9686,9043
SXM,Sint Maarten (Dutch part),1950,,,,,,,
SXM,Sint Maarten (Dutch part),1951,,,,,,,
SXM,Sint Maarten (Dutch part),1952,,,,,,,
SXM,Sint Maarten (Dutch part),1953,,,,,,,
SXM,Sint Maarten (Dutch part),1954,,,,,,,
SXM,Sint Maarten (Dutch part),1955,,,,,,,
SXM,Sint Maarten (Dutch part),1956,,,,,,,
SXM,Sint Maarten (Dutch part),1957,,,,,,,
SXM,Sint Maarten (Dutch part),1958,,,,,,,
SXM,Sint Maarten (Dutch part),1959,,,,,,,
SXM,Sint Maarten (Dutch part),1960,,,,,,,
SXM,Sint Maarten (Dutch part),1961,,,,,,,
SXM,Sint Maarten (Dutch part),1962,,,,,,,
SXM,Sint Maarten (Dutch part),1963,,,,,,,
SXM,Sint Maarten (Dutch part),1964,,,,,,,
SXM,Sint Maarten (Dutch part),1965,,,,,,,
SXM,Sint Maarten (Dutch part),1966,,,,,,,
SXM,Sint Maarten (Dutch part),1967,,,,,,,
SXM,Sint Maarten (Dutch part),1968,,,,,,,
SXM,Sint Maarten (Dutch part),1969,,,,,,,
SXM,Sint Maarten (Dutch part),1970,,,,,,,
SXM,Sint Maarten (Dutch part),1971,,,,,,,
SXM,Sint Maarten (Dutch part),1972,,,,,,,
SXM,Sint Maarten (Dutch part),1973,,,,,,,
SXM,Sint Maarten (Dutch part),1974,,,,,,,
SXM,Sint Maarten (Dutch part),1975,,,,,,,
SXM,Sint Maarten (Dutch part),1976,,,,,,,
SXM,Sint Maarten (Dutch part),1977,,,,,,,
SXM,Sint Maarten (Dutch part),1978,,,,,,,
SXM,Sint Maarten (Dutch part),1979,,,,,,,
SXM,Sint Maarten (Dutch part),1980,,,,,,,
SXM,Sint Maarten (Dutch part),1981,,,,,,,
SXM,Sint Maarten (Dutch part),1982,,,,,,,
SXM,Sint Maarten (Dutch part),1983,,,,,,,
SXM,Sint Maarten (Dutch part),1984,,,,,,,
SXM,Sint Maarten (Dutch part),1985,,,,,,,
SXM,Sint Maarten (Dutch part),1986,,,,,,,
SXM,Sint Maarten (Dutch part),1987,,,,,,,
SXM,Sint Maarten (Dutch part),1988,,,,,,,
SXM,Sint Maarten (Dutch part),1989,,,,,,,
SXM,Sint Maarten (Dutch part),1990,,,,,,,
SXM,Sint Maarten (Dutch part),1991,,,,,,,
SXM,Sint Maarten (Dutch part),1992,,,,,,,
SXM,Sint Maarten (Dutch part),1993,,,,,,,
SXM,Sint Maarten (Dutch part),1994,,,,,,,
SXM,Sint Maarten (Dutch part),1995,,,,,,,
SXM,Sint Maarten (Dutch part),1996,,,,,,,
SXM,Sint Maarten (Dutch part),1997,,,,,,,
SXM,Sint Maarten (Dutch part),1998,,,,,,,
SXM,Sint Maarten (Dutch part),1999,,,,,,,
SXM,Sint Maarten (Dutch part),2000,,,,,,,
SXM,Sint Maarten (Dutch part),2001,,,,,,,
SXM,Sint Maarten (Dutch part),2002,,,,,,,
SXM,Sint Maarten (Dutch part),2003,,,,,,,
SXM,Sint Maarten (Dutch part),2004,,,,,,,
SXM,Sint Maarten (Dutch part),2005,,,,,,1159,983
SXM,Sint Maarten (Dutch part),2006,,,,,,1213,1142
SXM,Sint Maarten (Dutch part),2007,,,,,,1266,1153
SXM,Sint Maarten (Dutch part),2008,,,,,,1290,1203
SXM,Sint Maarten (Dutch part),2009,,,,,,1284,1144
SXM,Sint Maarten (Dutch part),2010,,,,,,1302,1121
SXM,Sint Maarten (Dutch part),2011,,,,,,1312,1054
SXM,Sint Maarten (Dutch part),2012,,,,,,1288,305
SXM,Sint Maarten (Dutch part),2013,,,,,,1292,1065
SXM,Sint Maarten (Dutch part),2014,,,,,,1313,175
SXM,Sint Maarten (Dutch part),2015,,,,,,1329,932
SXM,Sint Maarten (Dutch part),2016,,,,,,1333,371
SXM,Sint Maarten (Dutch part),2017,,,,,,1257,684
SXM,Sint Maarten (Dutch part),2018,,,,,,1463,1135
SXM,Sint Maarten (Dutch part),2019,,,,,,1509,1355
SYC,Seychelles,1950,,,,,,,
SYC,Seychelles,1951,,,,,,,
SYC,Seychelles,1952,,,,,,,
SYC,Seychelles,1953,,,,,,,
SYC,Seychelles,1954,,,,,,,
SYC,Seychelles,1955,,,,,,,
SYC,Seychelles,1956,,,,,,,
SYC,Seychelles,1957,,,,,,,
SYC,Seychelles,1958,,,,,,,
SYC,Seychelles,1959,,,,,,,
SYC,Seychelles,1960,,441,,376,,235,217
SYC,Seychelles,1961,,457,,389,,235,219
SYC,Seychelles,1962,,478,,407,,247,234
SYC,Seychelles,1963,,504,,428,,271,262
SYC,Seychelles,1964,,532,,451,,298,285
SYC,Seychelles,1965,,562,,475,,278,263
SYC,Seychelles,1966,,589,,496,,266,257
SYC,Seychelles,1967,,612,,515,,280,278
SYC,Seychelles,1968,,638,,535,,339,331
SYC,Seychelles,1969,,707,,590,,296,310
SYC,Seychelles,1970,,855,,709,,382,404
SYC,Seychelles,1971,,1021,,842,,446,694
SYC,Seychelles,1972,,1187,,974,,477,749
SYC,Seychelles,1973,,1362,,1110,,517,784
SYC,Seychelles,1974,,1529,,1245,,537,755
SYC,Seychelles,1975,,1695,,1378,,566,843
SYC,Seychelles,1976,,1890,,1530,,626,996
SYC,Seychelles,1977,,2101,,1692,,723,903
SYC,Seychelles,1978,,2331,,1864,,780,1127
SYC,Seychelles,1979,,2592,,2068,,882,1328
SYC,Seychelles,1980,,2831,,2250,,760,936
SYC,Seychelles,1981,,3023,,2415,,722,847
SYC,Seychelles,1982,,3196,,2555,,648,755
SYC,Seychelles,1983,,3340,,2674,,708,807
SYC,Seychelles,1984,,3501,,2803,,772,873
SYC,Seychelles,1985,,3686,,2945,,812,876
SYC,Seychelles,1986,,3845,,3073,,790,858
SYC,Seychelles,1987,,4019,,3217,,936,1052
SYC,Seychelles,1988,,4269,,3407,,982,1091
SYC,Seychelles,1989,,4561,,3632,,1048,1196
SYC,Seychelles,1990,,4838,,3867,,1116,1189
SYC,Seychelles,1991,,5090,,4046,,1127,1249
SYC,Seychelles,1992,,5355,,4261,,1204,1224
SYC,Seychelles,1993,,5771,,4587,,1364,1417
SYC,Seychelles,1994,,6107,,4876,,1408,1483
SYC,Seychelles,1995,,6523,,5166,,1298,1326
SYC,Seychelles,1996,,7110,,5589,,1351,1362
SYC,Seychelles,1997,,7651,,6053,,1523,1511
SYC,Seychelles,1998,,8287,,6521,,1547,1480
SYC,Seychelles,1999,,8916,,7024,,1592,1561
SYC,Seychelles,2000,,9436,,7444,,1692,1670
SYC,Seychelles,2001,,10114,,8061,,1581,1512
SYC,Seychelles,2002,,10604,,8482,,1756,1594
SYC,Seychelles,2003,,10711,,8642,,1653,1603
SYC,Seychelles,2004,,10616,,8647,,1435,1328
SYC,Seychelles,2005,,10956,,9013,,1679,1632
SYC,Seychelles,2006,,11215,,9312,,1889,1863
SYC,Seychelles,2007,,11440,,9566,,2054,2225
SYC,Seychelles,2008,,11533,,9729,,1793,1357
SYC,Seychelles,2009,,11596,,9846,,1637,1712
SYC,Seychelles,2010,,11954,,10170,,1879,1764
SYC,Seychelles,2011,,12286,,10444,,2116,2052
SYC,Seychelles,2012,,12696,,11086,,2209,2158
SYC,Seychelles,2013,,13107,,9836,,2212,2050
SYC,Seychelles,2014,,13561,,11982,,2327,2215
SYC,Seychelles,2015,,14021,,12023,,2426,2199
SYC,Seychelles,2016,,14469,,13218,,2573,1967
SYC,Seychelles,2017,,14899,,14899,,2679,2244
SYC,Seychelles,2018,,15234,,15178,,2808,2483
SYC,Seychelles,2019,,15575,,15507,,3027,2780
SYR,Syrian Arab Republic,1950,,,,,,,
SYR,Syrian Arab Republic,1951,,,,,,,
SYR,Syrian Arab Republic,1952,,,,,,,
SYR,Syrian Arab Republic,1953,,,,,,,
SYR,Syrian Arab Republic,1954,,,,,,,
SYR,Syrian Arab Republic,1955,,,,,,,
SYR,Syrian Arab Republic,1956,,,,,,,
SYR,Syrian Arab Republic,1957,,,,,,,
SYR,Syrian Arab Republic,1958,,,,,,,
SYR,Syrian Arab Republic,1959,,,,,,,
SYR,Syrian Arab Republic,1960,1.22565937,37224,,35541,,9131,10849
SYR,Syrian Arab Republic,1961,1.235452771,38457,,36616,,9961,11405
SYR,Syrian Arab Republic,1962,1.245324373,40623,,38670,,12366,14469
SYR,Syrian Arab Republic,1963,1.255274892,42025,,39889,,9984,12830
SYR,Syrian Arab Republic,1964,1.265304923,43788,,41465,,14200,15993
SYR,Syrian Arab Republic,1965,1.275415063,44992,,42480,,14322,15760
SYR,Syrian Arab Republic,1966,1.285605907,46776,,44024,,12858,14256
SYR,Syrian Arab Republic,1967,1.295878291,48377,,45443,,14824,15995
SYR,Syrian Arab Republic,1968,1.306232691,50691,,47441,,15512,16787
SYR,Syrian Arab Republic,1969,1.316669941,54013,,50505,,18959,19878
SYR,Syrian Arab Republic,1970,1.327190518,55581,,52405,,20408,20053
SYR,Syrian Arab Republic,1971,1.344140291,57705,,54383,,22620,22166
SYR,Syrian Arab Republic,1972,1.361306548,60862,,57534,,27854,27755
SYR,Syrian Arab Republic,1973,1.37869215,63590,,59998,,25293,25301
SYR,Syrian Arab Republic,1974,1.396299601,68058,,64255,,32600,31197
SYR,Syrian Arab Republic,1975,1.414131999,74978,,70876,,37668,37127
SYR,Syrian Arab Republic,1976,1.432192206,84413,,75242,,33199,32441
SYR,Syrian Arab Republic,1977,1.450483084,95349,,73254,,28487,23692
SYR,Syrian Arab Republic,1978,1.469007373,103703,,65456,,27086,22736
SYR,Syrian Arab Republic,1979,1.487768412,111878,,57291,,25108,20117
SYR,Syrian Arab Republic,1980,1.506769061,123002,,51211,,24887,19172
SYR,Syrian Arab Republic,1981,1.531204939,133978,,46160,,24174,18790
SYR,Syrian Arab Republic,1982,1.556037188,144996,,42083,,23244,19454
SYR,Syrian Arab Republic,1983,1.581272244,156626,,38616,,21226,18125
SYR,Syrian Arab Republic,1984,1.606916428,168017,,35832,,19572,16101
SYR,Syrian Arab Republic,1985,1.632976532,179824,,33786,,19638,18695
SYR,Syrian Arab Republic,1986,1.659459352,188905,,31654,,17717,17590
SYR,Syrian Arab Republic,1987,1.686371565,192114,,29200,,16575,16631
SYR,Syrian Arab Republic,1988,1.712595224,194811,,27095,,17535,17498
SYR,Syrian Arab Republic,1989,1.733487725,196518,,25386,,16218,16822
SYR,Syrian Arab Republic,1990,1.754635215,199437,,24095,,15323,16624
SYR,Syrian Arab Republic,1991,1.791771412,202670,,23078,,14141,14142
SYR,Syrian Arab Republic,1992,1.829693675,209474,,22800,,14606,15294
SYR,Syrian Arab Republic,1993,1.868418455,216136,,22778,,13920,14074
SYR,Syrian Arab Republic,1994,1.907962799,225771,,23205,,13407,13369
SYR,Syrian Arab Republic,1995,1.948344111,234757,,23764,,14324,14421
SYR,Syrian Arab Republic,1996,1.989580035,242838,,24476,,14325,14541
SYR,Syrian Arab Republic,1997,2.03168869,249328,,25967,,16492,16879
SYR,Syrian Arab Republic,1998,2.074688673,256018,,29275,,19104,19038
SYR,Syrian Arab Republic,1999,2.1185987,261875,,34573,,20661,20905
SYR,Syrian Arab Republic,2000,2.163438082,266821,,43020,,25677,26256
SYR,Syrian Arab Republic,2001,2.18481946,272705,,57606,,29759,30265
SYR,Syrian Arab Republic,2002,2.206412315,280768,,83874,,37380,38181
SYR,Syrian Arab Republic,2003,2.228218555,291686,,133320,,46613,47123
SYR,Syrian Arab Republic,2004,2.250240326,304262,,220842,,65861,66430
SYR,Syrian Arab Republic,2005,2.272479534,319770,,300755,,102422,103217
SYR,Syrian Arab Republic,2006,2.294938564,336583,,320204,,99718,100419
SYR,Syrian Arab Republic,2007,2.317619562,349638,,336883,,106567,107684
SYR,Syrian Arab Republic,2008,2.340524912,360311,,352330,,113539,114546
SYR,Syrian Arab Republic,2009,2.363656521,374135,,369855,,116138,116394
SYR,Syrian Arab Republic,2010,2.387016773,391818,,390202,,127041,127601
SYR,Syrian Arab Republic,2011,2.412527084,406088,,404763,,127039,130268
SYR,Syrian Arab Republic,2012,2.43868351,409928,,408073,,104372,106984
SYR,Syrian Arab Republic,2013,2.465506077,406082,,406201,,85707,93395
SYR,Syrian Arab Republic,2014,2.49301672,402935,,408504,,86887,99563
SYR,Syrian Arab Republic,2015,2.521237135,400366,,402841,,85912,101024
SYR,Syrian Arab Republic,2016,2.550190449,398367,,399325,,86017,111430
SYR,Syrian Arab Republic,2017,2.573375463,397566,,397566,,88025,113876
SYR,Syrian Arab Republic,2018,2.593813181,398577,,397727,,91557,116782
SYR,Syrian Arab Republic,2019,2.614711046,401796,,401233,,97221,123770
TCA,Turks and Caicos Islands,1950,,,,,,,
TCA,Turks and Caicos Islands,1951,,,,,,,
TCA,Turks and Caicos Islands,1952,,,,,,,
TCA,Turks and Caicos Islands,1953,,,,,,,
TCA,Turks and Caicos Islands,1954,,,,,,,
TCA,Turks and Caicos Islands,1955,,,,,,,
TCA,Turks and Caicos Islands,1956,,,,,,,
TCA,Turks and Caicos Islands,1957,,,,,,,
TCA,Turks and Caicos Islands,1958,,,,,,,
TCA,Turks and Caicos Islands,1959,,,,,,,
TCA,Turks and Caicos Islands,1960,,,,,,,
TCA,Turks and Caicos Islands,1961,,,,,,,
TCA,Turks and Caicos Islands,1962,,,,,,,
TCA,Turks and Caicos Islands,1963,,,,,,,
TCA,Turks and Caicos Islands,1964,,,,,,,
TCA,Turks and Caicos Islands,1965,,,,,,,
TCA,Turks and Caicos Islands,1966,,,,,,,
TCA,Turks and Caicos Islands,1967,,,,,,,
TCA,Turks and Caicos Islands,1968,,,,,,,
TCA,Turks and Caicos Islands,1969,,,,,,,
TCA,Turks and Caicos Islands,1970,,18,,14,,20,18
TCA,Turks and Caicos Islands,1971,,21,,17,,22,20
TCA,Turks and Caicos Islands,1972,,24,,19,,25,23
TCA,Turks and Caicos Islands,1973,,27,,22,,27,25
TCA,Turks and Caicos Islands,1974,,31,,26,,31,26
TCA,Turks and Caicos Islands,1975,,35,,29,,34,29
TCA,Turks and Caicos Islands,1976,,40,,33,,38,32
TCA,Turks and Caicos Islands,1977,,45,,37,,42,36
TCA,Turks and Caicos Islands,1978,,51,,42,,46,40
TCA,Turks and Caicos Islands,1979,,58,,47,,51,43
TCA,Turks and Caicos Islands,1980,,66,,53,,57,46
TCA,Turks and Caicos Islands,1981,,74,,61,,63,51
TCA,Turks and Caicos Islands,1982,,84,,69,,70,58
TCA,Turks and Caicos Islands,1983,,95,,78,,77,65
TCA,Turks and Caicos Islands,1984,,107,,88,,84,72
TCA,Turks and Caicos Islands,1985,,121,,99,,94,76
TCA,Turks and Caicos Islands,1986,,137,,111,,104,86
TCA,Turks and Caicos Islands,1987,,155,,125,,114,99
TCA,Turks and Caicos Islands,1988,,174,,141,,127,112
TCA,Turks and Caicos Islands,1989,,197,,159,,141,128
TCA,Turks and Caicos Islands,1990,,224,,181,,154,141
TCA,Turks and Caicos Islands,1991,,252,,203,,170,157
TCA,Turks and Caicos Islands,1992,,281,,225,,186,160
TCA,Turks and Caicos Islands,1993,,320,,255,,208,180
TCA,Turks and Caicos Islands,1994,,367,,292,,236,199
TCA,Turks and Caicos Islands,1995,,419,,333,,252,219
TCA,Turks and Caicos Islands,1996,,456,,359,,269,199
TCA,Turks and Caicos Islands,1997,,511,,403,,289,150
TCA,Turks and Caicos Islands,1998,,584,,459,,317,145
TCA,Turks and Caicos Islands,1999,,662,,518,,345,173
TCA,Turks and Caicos Islands,2000,,725,,563,,367,179
TCA,Turks and Caicos Islands,2001,,796,,618,,391,164
TCA,Turks and Caicos Islands,2002,,889,,695,,455,206
TCA,Turks and Caicos Islands,2003,,1005,,776,,499,17
TCA,Turks and Caicos Islands,2004,,1183,,907,,559,299
TCA,Turks and Caicos Islands,2005,,1455,,1111,,651,285
TCA,Turks and Caicos Islands,2006,,1861,,1406,,760,233
TCA,Turks and Caicos Islands,2007,,2287,,1709,,796,275
TCA,Turks and Caicos Islands,2008,,2704,,1998,,868,442
TCA,Turks and Caicos Islands,2009,,2892,,2121,,694,378
TCA,Turks and Caicos Islands,2010,,2990,,2171,,707,241
TCA,Turks and Caicos Islands,2011,,3036,,2188,,742,268
TCA,Turks and Caicos Islands,2012,,3098,,2334,,724,284
TCA,Turks and Caicos Islands,2013,,3170,,2514,,739,305
TCA,Turks and Caicos Islands,2014,,3245,,2677,,823,220
TCA,Turks and Caicos Islands,2015,,3345,,2876,,915,353
TCA,Turks and Caicos Islands,2016,,3458,,3137,,999,365
TCA,Turks and Caicos Islands,2017,,3560,,3560,,1028,556
TCA,Turks and Caicos Islands,2018,,3673,,3662,,1086,575
TCA,Turks and Caicos Islands,2019,,3796,,3776,,1143,632
TCD,Chad,1950,,,,,,,
TCD,Chad,1951,,,,,,,
TCD,Chad,1952,,,,,,,
TCD,Chad,1953,,,,,,,
TCD,Chad,1954,,,,,,,
TCD,Chad,1955,,,,,,,
TCD,Chad,1956,,,,,,,
TCD,Chad,1957,,,,,,,
TCD,Chad,1958,,,,,,,
TCD,Chad,1959,,,,,,,
TCD,Chad,1960,,2454,,2656,,4255,4232
TCD,Chad,1961,,2745,,2948,,4498,4479
TCD,Chad,1962,,2967,,3168,,5163,5193
TCD,Chad,1963,,3269,,3469,,4709,4661
TCD,Chad,1964,,3550,0.060853221,3751,0.00019998835341539,4734,4689
TCD,Chad,1965,,3722,0.063738853,3918,0.00019849294039886,4992,4914
TCD,Chad,1966,,3940,0.067408122,4134,0.00019855100254063,4771,4722
TCD,Chad,1967,,4218,0.07214161,4412,0.00020269735250622,4637,4601
TCD,Chad,1968,,4475,0.07649821,4666,0.00020446769485716,4649,4597
TCD,Chad,1969,,4797,0.081981979,4991,0.00020954471256118,4689,4690
TCD,Chad,1970,,5101,0.087163717,5380,0.00021467990882229,4984,5126
TCD,Chad,1971,,5425,0.092725299,5729,0.00022305104357656,5092,5236
TCD,Chad,1972,,5756,0.098402627,6085,0.00022963076480664,4674,4746
TCD,Chad,1973,,6061,0.103653148,6418,0.00023487949511036,4314,4470
TCD,Chad,1974,,6546,0.112274647,6961,0.00024956837296486,4986,5138
TCD,Chad,1975,,7301,0.12579225,7787,0.00028044386999682,5757,5949
TCD,Chad,1976,,7963,0.137601376,8490,0.00030182869522832,5743,5604
TCD,Chad,1977,,8484,0.146841168,9055,0.00031348355696537,5487,5321
TCD,Chad,1978,,8887,0.153851509,9460,0.00031501584453508,5420,5488
TCD,Chad,1979,,8956,0.154533088,9528,0.00030453974613920,4466,4348
TCD,Chad,1980,,8963,0.154045746,9515,0.00028577825287357,4230,4062
TCD,Chad,1981,,8943,0.153122663,9518,0.00027728624991141,3777,3672
TCD,Chad,1982,,8919,0.152243435,9499,0.00027225553640164,3997,3963
TCD,Chad,1983,,8785,0.149393037,9344,0.00026313954731450,5378,5165
TCD,Chad,1984,,8656,0.146703959,9176,0.00024954951368272,5674,5615
TCD,Chad,1985,,8584,0.14516896,9112,0.00023969344329089,6087,6190
TCD,Chad,1986,,8580,0.144655585,9101,0.00023175889509730,6036,6065
TCD,Chad,1987,,8659,0.146104977,9185,0.00022494977747556,6170,6213
TCD,Chad,1988,,8748,0.14781329,9300,0.00022068120597396,6774,6801
TCD,Chad,1989,,8831,0.149115533,9423,0.00021689414279535,7040,7144
TCD,Chad,1990,,8950,0.151230052,9501,0.00021703947277274,7363,7380
TCD,Chad,1991,,9062,0.153301865,9610,0.00021643808577210,7654,7692
TCD,Chad,1992,,9197,0.155612499,9770,0.00021689999266528,7729,7777
TCD,Chad,1993,,9307,0.157402158,9914,0.00021698276395910,7632,7656
TCD,Chad,1994,,9423,0.159756258,10064,0.00021230781567283,7975,7995
TCD,Chad,1995,,9506,0.161629766,10183,0.00021332346659619,8246,8499
TCD,Chad,1996,,9617,0.164157316,10341,0.00021892393124290,8188,8144
TCD,Chad,1997,,9725,0.166681841,10499,0.00022069235274103,9145,8969
TCD,Chad,1998,,9856,0.169618875,10723,0.00022498935868498,9010,8926
TCD,Chad,1999,,10035,0.173440233,10958,0.00023019162472338,9224,9123
TCD,Chad,2000,,10255,0.179005519,11215,0.00024635490262881,8853,8840
TCD,Chad,2001,,11401,0.213178709,12665,0.00034400419099256,9189,9652
TCD,Chad,2002,,13686,0.279911041,15533,0.00047465300303884,7119,7265
TCD,Chad,2003,,15470,0.324527323,17794,0.00054501963313669,8422,8514
TCD,Chad,2004,,16953,0.356795609,19704,0.00056603539269418,12680,12796
TCD,Chad,2005,,18467,0.39003098,21754,0.00059540243819356,16151,16212
TCD,Chad,2006,,20660,0.439016044,24776,0.00071904470678419,17229,17294
TCD,Chad,2007,,22624,0.483199,27760,0.00079110777005553,19113,19016
TCD,Chad,2008,,24562,0.526745856,31005,0.00086299778195098,20261,20357
TCD,Chad,2009,,26592,0.572893381,34500,0.00104932999238372,18913,19293
TCD,Chad,2010,,28960,0.632928133,38306,0.00125582318287343,25452,25312
TCD,Chad,2011,,32536,0.736138344,42718,0.00134463247377425,24928,25077
TCD,Chad,2012,,35356,0.795960724,39856,0.00114116573240608,26752,26808
TCD,Chad,2013,,38113,0.848099053,38651,0.00101861252915114,22951,23353
TCD,Chad,2014,,40325,0.887955248,47015,0.00112189946230501,24010,24389
TCD,Chad,2015,,42418,0.944532573,48688,0.00106156687252223,27593,27510
TCD,Chad,2016,,42825,0.962055504,58111,0.00121431169100106,24471,24302
TCD,Chad,2017,,43903,1,43903,0.00087026244727895,23888,23715
TCD,Chad,2018,,45008,1.036493182,44795,0.00085325585678220,25278,25037
TCD,Chad,2019,,46153,1.077363133,45987,0.00087703153258190,25586,25472
TGO,Togo,1950,,,,,,,
TGO,Togo,1951,,,,,,,
TGO,Togo,1952,,,,,,,
TGO,Togo,1953,,,,,,,
TGO,Togo,1954,,,,,,,
TGO,Togo,1955,,,,,,,
TGO,Togo,1956,,,,,,,
TGO,Togo,1957,,,,,,,
TGO,Togo,1958,,,,,,,
TGO,Togo,1959,,,,,,,
TGO,Togo,1960,1.047603607,11013,,6731,,1771,1804
TGO,Togo,1961,1.049781919,10816,,6602,,1927,1974
TGO,Togo,1962,1.051964879,10700,,6528,,1968,2051
TGO,Togo,1963,1.054152369,10680,,6514,,2109,2188
TGO,Togo,1964,1.056344271,10976,,6708,,2422,2520
TGO,Togo,1965,1.058540821,11415,,6991,,2738,2880
TGO,Togo,1966,1.060236573,11702,,7158,,3079,3176
TGO,Togo,1967,1.061935067,11828,,7221,,3232,3342
TGO,Togo,1968,1.063636184,11893,,7245,,3403,3447
TGO,Togo,1969,1.065340161,12100,,7372,,3737,3876
TGO,Togo,1970,1.067046762,12376,,7570,,3790,3935
TGO,Togo,1971,1.082562208,12852,,7883,,3994,4189
TGO,Togo,1972,1.098303199,13426,,8248,,4052,4373
TGO,Togo,1973,1.11427319,13978,,8575,,3982,4280
TGO,Togo,1974,1.130475283,14590,,8923,,5239,4698
TGO,Togo,1975,1.146913052,15534,,9540,,4420,4610
TGO,Togo,1976,1.16854322,16291,,10033,,4326,4691
TGO,Togo,1977,1.190581441,17828,,11000,,5198,5575
TGO,Togo,1978,1.213035226,20044,,12383,,5650,6323
TGO,Togo,1979,1.235912442,22333,,13813,,5751,6654
TGO,Togo,1980,1.259221196,23579,0.584430218,14513,0.00062542315572500,5673,6161
TGO,Togo,1981,1.281226277,23997,0.588852704,14895,0.00046319878310897,5016,5573
TGO,Togo,1982,1.303615928,24227,0.583925784,15070,0.00045718302135356,5090,5499
TGO,Togo,1983,1.326396823,24149,0.565928459,14985,0.00041071893065237,4802,5077
TGO,Togo,1984,1.349575758,23941,0.547186673,14902,0.00031965371454135,4877,4883
TGO,Togo,1985,1.373159885,23900,0.535140932,14869,0.00033594935666770,4988,5100
TGO,Togo,1986,1.396164894,24016,0.528381646,14917,0.00035936309723184,5187,5325
TGO,Togo,1987,1.419555426,24137,0.527777851,14996,0.00033992188400589,5095,5285
TGO,Togo,1988,1.443337679,24256,0.524556339,15094,0.00037866036291234,5812,6068
TGO,Togo,1989,1.467518449,24936,0.542847335,15555,0.00038835761370137,5874,6126
TGO,Togo,1990,1.492104292,25630,0.563830793,15915,0.00055466959020123,6573,6829
TGO,Togo,1991,1.513903022,25583,0.551876366,15925,0.00039701760397293,6216,6354
TGO,Togo,1992,1.53602016,25411,0.533894777,15801,0.00037903172778897,6127,6364
TGO,Togo,1993,1.558460474,24812,0.501712739,15426,0.00031319377012551,5118,5264
TGO,Togo,1994,1.581228614,24556,0.483055055,15261,0.00034890355891548,5776,5871
TGO,Togo,1995,1.604329467,24561,0.477251858,15266,0.00036356231430545,5833,6000
TGO,Togo,1996,1.623746872,24630,0.473562151,15321,0.00037921048351564,6814,7145
TGO,Togo,1997,1.643399358,24625,0.465886414,15328,0.00037847383646295,7348,7799
TGO,Togo,1998,1.663289666,24979,0.475552499,15633,0.00035490954178385,6486,6801
TGO,Togo,1999,1.683420658,25006,0.469142288,15653,0.00037844973849133,7072,7510
TGO,Togo,2000,1.703795314,25318,0.471712351,15895,0.00031028411467560,6769,7019
TGO,Togo,2001,1.713900924,25678,0.474302739,16196,0.00029821324278601,6827,7042
TGO,Togo,2002,1.722733021,26078,0.481985807,16564,0.00030067755142227,7152,7375
TGO,Togo,2003,1.731610656,26580,0.487772316,16956,0.00031903700437397,7571,7579
TGO,Togo,2004,1.740534067,26972,0.492117971,17301,0.00030846844310872,7350,7491
TGO,Togo,2005,1.749503374,27458,0.499975592,17726,0.00030876594246365,7088,7288
TGO,Togo,2006,1.752863526,28067,0.501806438,18841,0.00030448750476353,7124,12911
TGO,Togo,2007,1.756229997,28522,0.499489069,21117,0.00029118981910870,7075,7550
TGO,Togo,2008,1.759603024,29112,0.510501981,25012,0.00034719731775113,7407,7396
TGO,Togo,2009,1.762982607,29913,0.535667121,30780,0.00040945142973214,7700,7736
TGO,Togo,2010,1.766368508,30819,0.584363341,37436,0.00047923112288117,8141,8218
TGO,Togo,2011,1.769806623,32239,0.654314816,42158,0.00052590540144593,9057,9076
TGO,Togo,2012,1.773266554,33518,0.694584131,40145,0.00053769804071635,9895,10365
TGO,Togo,2013,1.776748776,35010,0.753085315,40456,0.00056124117691070,10756,11144
TGO,Togo,2014,1.780253291,36745,0.816753507,40535,0.00057628960348666,11921,12314
TGO,Togo,2015,1.783780456,38758,0.887389421,41638,0.00063061923719943,13325,14123
TGO,Togo,2016,1.787330389,41118,0.965852201,41278,0.00068709353217855,14818,15335
TGO,Togo,2017,1.790903211,42521,1,42521,0.00070569384843111,15468,15795
TGO,Togo,2018,1.79449904,44100,1.050147414,43966,0.00076823204290122,16475,16973
TGO,Togo,2019,1.798118234,45689,1.098505259,45573,0.00077193591278046,17588,18116
THA,Thailand,1950,1.211704135,55396,,46011,,23438,23781
THA,Thailand,1951,1.224767923,57123,,47257,,23396,23010
THA,Thailand,1952,1.237972498,59036,,48940,,22990,23056
THA,Thailand,1953,1.251319408,60994,,50518,,21538,21400
THA,Thailand,1954,1.264810205,63112,0.007429664,52257,0.00413236347958446,23210,23323
THA,Thailand,1955,1.278446555,65695,0.007746594,54342,0.00416084425523877,22194,21536
THA,Thailand,1956,1.291734338,67616,0.007967229,55938,0.00411891378462315,23197,22559
THA,Thailand,1957,1.305160284,70986,0.008387943,58503,0.00418227398768067,25984,25503
THA,Thailand,1958,1.318725705,74382,0.008804848,61223,0.00423166248947382,26759,26394
THA,Thailand,1959,1.332432151,78909,0.009370402,65030,0.00432313792407513,29571,29111
THA,Thailand,1960,1.346281052,84118,0.010022132,69359,0.00439279060810804,33301,31973
THA,Thailand,1961,1.354767442,89388,0.01067077,73542,0.00447381008416414,35721,34209
THA,Thailand,1962,1.363307357,96990,0.011637154,79841,0.00466229626908898,37309,36557
THA,Thailand,1963,1.371901035,107146,0.012975187,88090,0.00497050629928708,39597,39035
THA,Thailand,1964,1.380548954,117087,0.014316008,96073,0.00516758579760790,43096,42241
THA,Thailand,1965,1.389251351,128169,0.015792778,104818,0.00542259868234396,47779,47176
THA,Thailand,1966,1.398008585,143903,0.017936869,117313,0.00583550613373518,54484,55318
THA,Thailand,1967,1.406821012,160602,0.02022858,130493,0.00627900287508965,56769,57088
THA,Thailand,1968,1.415688992,178980,0.022750726,144983,0.00673451833426952,60582,61370
THA,Thailand,1969,1.42461288,201322,0.025806846,162570,0.00729043502360582,66643,67896
THA,Thailand,1970,1.433593035,229598,0.029812334,185120,0.00802142731845379,90347,91753
THA,Thailand,1971,1.445798635,255960,0.03353788,205855,0.00870236288756132,93780,96533
THA,Thailand,1972,1.458108068,280789,0.037067447,225185,0.00926881004124880,98793,100748
THA,Thailand,1973,1.470522404,307570,0.041056614,244700,0.00974315870553255,109721,109115
THA,Thailand,1974,1.483042359,331976,0.044780161,263984,0.00998870469629765,112623,112857
THA,Thailand,1975,1.495668888,354187,0.04791541,281808,0.01051233056932690,116736,119087
THA,Thailand,1976,1.508402944,380719,0.051759154,296783,0.01076195389032360,128282,129406
THA,Thailand,1977,1.52124536,417194,0.057697725,312055,0.01092442963272330,140358,143669
THA,Thailand,1978,1.534197211,457853,0.064469613,323836,0.01090432144701480,154313,157762
THA,Thailand,1979,1.547259331,498403,0.071716905,330057,0.01093096844851970,162127,166190
THA,Thailand,1980,1.560432553,538269,0.078503393,333020,0.01048592943698170,168005,173765
THA,Thailand,1981,1.612677336,580426,0.085518092,340631,0.01038699131459000,176963,184200
THA,Thailand,1982,1.666671276,619957,0.091480963,347982,0.01050775963813070,185809,192042
THA,Thailand,1983,1.719183922,668283,0.098945878,359900,0.01075848750770090,193879,202594
THA,Thailand,1984,1.762392163,719632,0.107066281,377036,0.01076203119009730,206667,213138
THA,Thailand,1985,1.806686401,765559,0.114306144,397064,0.01098946761339900,216499,221497
THA,Thailand,1986,1.852093935,809195,0.120872788,423505,0.01131704542785880,224668,225721
THA,Thailand,1987,1.89864254,867759,0.130734339,467778,0.01196881197392940,241024,245510
THA,Thailand,1988,1.946361184,946627,0.144566044,537800,0.01330033317208290,265302,274535
THA,Thailand,1989,1.995278955,1050532,0.163091615,640195,0.01543071214109660,288963,301338
THA,Thailand,1990,2.045426369,1194029,0.189642549,796134,0.01865532249212270,310724,330013
THA,Thailand,1991,2.064236403,1349202,0.218395516,996615,0.02285310812294480,336671,354131
THA,Thailand,1992,2.083219528,1512057,0.25009048,1256489,0.02796396985650060,378411,389132
THA,Thailand,1993,2.102377176,1690654,0.284347892,1589928,0.03387669846415520,414207,421993
THA,Thailand,1994,2.121711016,1889948,0.322124034,1996790,0.04162049666047100,453425,459862
THA,Thailand,1995,2.141222477,2114247,0.367629528,2427275,0.04905304685235020,503472,516269
THA,Thailand,1996,2.160913467,2347936,0.419267386,2776098,0.05510584264993670,547555,563009
THA,Thailand,1997,2.180785656,2492657,0.451830924,2877671,0.05509223416447640,517250,520968
THA,Thailand,1998,2.200840473,2506375,0.445784181,2764988,0.04869517683982850,468849,445311
THA,Thailand,1999,2.221079826,2520802,0.446140498,2630079,0.04420045390725140,477055,461709
THA,Thailand,2000,2.241505146,2546677,0.454820961,2469560,0.03996162489056590,493488,481151
THA,Thailand,2001,2.270840168,2580163,0.469654649,2342118,0.03666022047400470,504768,500397
THA,Thailand,2002,2.300559044,2620593,0.48380506,2277481,0.03536673262715340,547122,543121
THA,Thailand,2003,2.330666542,2684852,0.505140007,2248636,0.03493378683924670,593462,583488
THA,Thailand,2004,2.361168385,2776821,0.535747766,2272430,0.03510403260588650,637551,630186
THA,Thailand,2005,2.39206934,2898553,0.577403724,2358602,0.03614773973822590,679310,684080
THA,Thailand,2006,2.423374653,3015447,0.617273986,2518898,0.03823465853929520,731977,726747
THA,Thailand,2007,2.455089569,3127975,0.653609276,2756838,0.04113904759287830,795081,774278
THA,Thailand,2008,2.48721981,3240470,0.691936016,3068754,0.04515100643038750,826822,819734
THA,Thailand,2009,2.519770384,3313637,0.710834622,3396729,0.05001161992549900,861168,816754
THA,Thailand,2010,2.552746773,3416300,0.739634693,3748099,0.05580649897456170,958464,922411
THA,Thailand,2011,2.579838276,3529454,0.77645123,3986834,0.05874962732195850,994211,971033
THA,Thailand,2012,2.605253458,3667581,0.820788026,4075451,0.05816819146275520,1078492,1075336
THA,Thailand,2013,2.63137722,3787880,0.858390689,4163276,0.05830365046858790,1079972,1082614
THA,Thailand,2014,2.658234119,3894589,0.893024325,4178545,0.05789440870285030,1072882,1050659
THA,Thailand,2015,2.685849905,4016220,0.930764437,4170070,0.05655396729707720,1103931,1065693
THA,Thailand,2016,2.714250803,4137130,0.964480102,4183659,0.05607777461409570,1136613,1091626
THA,Thailand,2017,2.743464708,4257519,1,4257519,0.05618614703416820,1171982,1153408
THA,Thailand,2018,2.773520708,4383817,1.036056995,4362395,0.05659841746091840,1194563,1174799
THA,Thailand,2019,2.804448605,4511783,1.072659254,4478949,0.05657305568456650,1219962,1192240
TJK,Tajikistan,1950,,,,,,,
TJK,Tajikistan,1951,,,,,,,
TJK,Tajikistan,1952,,,,,,,
TJK,Tajikistan,1953,,,,,,,
TJK,Tajikistan,1954,,,,,,,
TJK,Tajikistan,1955,,,,,,,
TJK,Tajikistan,1956,,,,,,,
TJK,Tajikistan,1957,,,,,,,
TJK,Tajikistan,1958,,,,,,,
TJK,Tajikistan,1959,,,,,,,
TJK,Tajikistan,1960,,,,,,,
TJK,Tajikistan,1961,,,,,,,
TJK,Tajikistan,1962,,,,,,,
TJK,Tajikistan,1963,,,,,,,
TJK,Tajikistan,1964,,,,,,,
TJK,Tajikistan,1965,,,,,,,
TJK,Tajikistan,1966,,,,,,,
TJK,Tajikistan,1967,,,,,,,
TJK,Tajikistan,1968,,,,,,,
TJK,Tajikistan,1969,,,,,,,
TJK,Tajikistan,1970,,,,,,,
TJK,Tajikistan,1971,,,,,,,
TJK,Tajikistan,1972,,,,,,,
TJK,Tajikistan,1973,,,,,,,
TJK,Tajikistan,1974,,,,,,,
TJK,Tajikistan,1975,,,,,,,
TJK,Tajikistan,1976,,,,,,,
TJK,Tajikistan,1977,,,,,,,
TJK,Tajikistan,1978,,,,,,,
TJK,Tajikistan,1979,,,,,,,
TJK,Tajikistan,1980,,,,,,,
TJK,Tajikistan,1981,,,,,,,
TJK,Tajikistan,1982,,,,,,,
TJK,Tajikistan,1983,,,,,,,
TJK,Tajikistan,1984,,,,,,,
TJK,Tajikistan,1985,,,,,,,
TJK,Tajikistan,1986,,,,,,,
TJK,Tajikistan,1987,,,,,,,
TJK,Tajikistan,1988,,,,,,,
TJK,Tajikistan,1989,,,,,,,
TJK,Tajikistan,1990,2.84784174,552343,,81669,,34337,35516
TJK,Tajikistan,1991,2.886538982,540964,,79087,,33936,35347
TJK,Tajikistan,1992,2.925762177,528159,,78858,,17725,18160
TJK,Tajikistan,1993,2.965518475,515130,,77261,,16393,15883
TJK,Tajikistan,1994,3.005815029,502261,1.937112689,76164,0.00062331499066204,12338,10656
TJK,Tajikistan,1995,3.046658754,490317,1.845509171,74321,0.00066855928162113,11789,10637
TJK,Tajikistan,1996,3.069699764,477757,1.750854373,72354,0.00068599556107074,8820,8699
TJK,Tajikistan,1997,3.092915297,466955,1.673266053,71597,0.00065860978793353,9830,9691
TJK,Tajikistan,1998,3.116306067,455916,1.595194459,72431,0.00062140432419255,8564,8377
TJK,Tajikistan,1999,3.139873981,446131,1.528214931,74312,0.00060538691468537,7423,7175
TJK,Tajikistan,2000,3.163619995,435168,1.45738709,77227,0.00044578959932551,7718,7453
TJK,Tajikistan,2001,3.164700508,425706,1.397749424,81275,0.00065202551195398,8323,8162
TJK,Tajikistan,2002,3.16578126,416279,1.343585372,86913,0.00083495781291276,9334,8900
TJK,Tajikistan,2003,3.166862488,408108,1.300925374,94132,0.00096653320360929,10672,10898
TJK,Tajikistan,2004,3.167943954,400223,1.261364818,103163,0.00100844143889844,11907,12587
TJK,Tajikistan,2005,3.169026136,393035,1.226637721,112706,0.00108819326851517,12742,13561
TJK,Tajikistan,2006,3.158856153,386423,1.198345661,124728,0.00101113703567535,13726,15631
TJK,Tajikistan,2007,3.148718596,380413,1.171578288,142078,0.00088349002180621,14821,17112
TJK,Tajikistan,2008,3.138613939,374778,1.145617604,165590,0.00105413061100990,14665,18886
TJK,Tajikistan,2009,3.12854147,369030,1.118949056,195384,0.00107378012035042,15746,18937
TJK,Tajikistan,2010,3.118501425,363652,1.093109608,228480,0.00144276709761471,18430,22553
TJK,Tajikistan,2011,3.108621597,358727,1.072800398,257154,0.00140002765692770,20317,25501
TJK,Tajikistan,2012,3.098814964,353136,1.048059344,269841,0.00140227656811476,23263,27784
TJK,Tajikistan,2013,3.089081049,348242,1.027466536,275804,0.00155141076538712,22646,26186
TJK,Tajikistan,2014,3.079419374,344104,1.009729743,497920,0.00237706233747303,27280,32083
TJK,Tajikistan,2015,3.069828987,340955,0.999145746,304004,0.00196575629524887,23462,27554
TJK,Tajikistan,2016,3.06030941,338734,1.000444055,318910,0.00226883683353662,24320,29560
TJK,Tajikistan,2017,3.050859928,336679,1,336679,0.00283501483500004,29651,35591
TJK,Tajikistan,2018,3.041479588,335440,1.002360702,334016,0.00302098598331213,28553,34113
TJK,Tajikistan,2019,3.03216815,334947,1.017619967,335252,0.00295649515464902,30830,36496
TKM,Turkmenistan,1950,,,,,,,
TKM,Turkmenistan,1951,,,,,,,
TKM,Turkmenistan,1952,,,,,,,
TKM,Turkmenistan,1953,,,,,,,
TKM,Turkmenistan,1954,,,,,,,
TKM,Turkmenistan,1955,,,,,,,
TKM,Turkmenistan,1956,,,,,,,
TKM,Turkmenistan,1957,,,,,,,
TKM,Turkmenistan,1958,,,,,,,
TKM,Turkmenistan,1959,,,,,,,
TKM,Turkmenistan,1960,,,,,,,
TKM,Turkmenistan,1961,,,,,,,
TKM,Turkmenistan,1962,,,,,,,
TKM,Turkmenistan,1963,,,,,,,
TKM,Turkmenistan,1964,,,,,,,
TKM,Turkmenistan,1965,,,,,,,
TKM,Turkmenistan,1966,,,,,,,
TKM,Turkmenistan,1967,,,,,,,
TKM,Turkmenistan,1968,,,,,,,
TKM,Turkmenistan,1969,,,,,,,
TKM,Turkmenistan,1970,,,,,,,
TKM,Turkmenistan,1971,,,,,,,
TKM,Turkmenistan,1972,,,,,,,
TKM,Turkmenistan,1973,,,,,,,
TKM,Turkmenistan,1974,,,,,,,
TKM,Turkmenistan,1975,,,,,,,
TKM,Turkmenistan,1976,,,,,,,
TKM,Turkmenistan,1977,,,,,,,
TKM,Turkmenistan,1978,,,,,,,
TKM,Turkmenistan,1979,,,,,,,
TKM,Turkmenistan,1980,,,,,,,
TKM,Turkmenistan,1981,,,,,,,
TKM,Turkmenistan,1982,,,,,,,
TKM,Turkmenistan,1983,,,,,,,
TKM,Turkmenistan,1984,,,,,,,
TKM,Turkmenistan,1985,,,,,,,
TKM,Turkmenistan,1986,,,,,,,
TKM,Turkmenistan,1987,,,,,,,
TKM,Turkmenistan,1988,,,,,,,
TKM,Turkmenistan,1989,,,,,,,
TKM,Turkmenistan,1990,,168863,,162139,,39020,39449
TKM,Turkmenistan,1991,,178276,,170297,,36911,37311
TKM,Turkmenistan,1992,,185446,,177466,,31646,32062
TKM,Turkmenistan,1993,,193316,,186419,,35911,36029
TKM,Turkmenistan,1994,,195803,,189777,,24982,25408
TKM,Turkmenistan,1995,,196277,,190801,,23414,22327
TKM,Turkmenistan,1996,,204042,,198583,,24056,24422
TKM,Turkmenistan,1997,,209682,,203758,,23235,25920
TKM,Turkmenistan,1998,,217425,,211805,,25824,28246
TKM,Turkmenistan,1999,,224943,,218783,,28472,29979
TKM,Turkmenistan,2000,,231080,,225292,,36688,33089
TKM,Turkmenistan,2001,,236623,,231919,,34306,31644
TKM,Turkmenistan,2002,,240043,,237439,,35745,33454
TKM,Turkmenistan,2003,,243179,,242061,,36781,35841
TKM,Turkmenistan,2004,,245885,,246614,,39051,38169
TKM,Turkmenistan,2005,,250058,,253293,,49361,46076
TKM,Turkmenistan,2006,,253598,,259163,,55337,49418
TKM,Turkmenistan,2007,,257943,,265569,,58228,53144
TKM,Turkmenistan,2008,,274633,,285229,,59073,55972
TKM,Turkmenistan,2009,,304728,,317354,,72170,84448
TKM,Turkmenistan,2010,,341770,,354937,,79704,88151
TKM,Turkmenistan,2011,,383878,,397184,,90076,91367
TKM,Turkmenistan,2012,,424714,,435956,,98427,97517
TKM,Turkmenistan,2013,,473647,,485125,,110359,108144
TKM,Turkmenistan,2014,,526881,,542801,,121216,116667
TKM,Turkmenistan,2015,,581700,,591254,,128612,123159
TKM,Turkmenistan,2016,,640361,,644161,,137475,131874
TKM,Turkmenistan,2017,,701565,,701565,,148462,141747
TKM,Turkmenistan,2018,,765632,,761263,,157539,150213
TKM,Turkmenistan,2019,,830243,,823007,,162292,153781
TTO,Trinidad and Tobago,1950,1.818294644,2443,,3527,,2793,3682
TTO,Trinidad and Tobago,1951,1.832988977,2675,,3914,,3097,4085
TTO,Trinidad and Tobago,1952,1.847802162,2897,,4261,,3190,4305
TTO,Trinidad and Tobago,1953,1.862735033,3064,,4514,,3600,4430
TTO,Trinidad and Tobago,1954,1.877788663,3236,0.049621731,4767,0.00050976354395971,3827,4714
TTO,Trinidad and Tobago,1955,1.892963886,3486,0.053770185,5167,0.00053401233162731,4208,5135
TTO,Trinidad and Tobago,1956,1.899745226,3743,0.057913221,5565,0.00055250176228583,4814,5665
TTO,Trinidad and Tobago,1957,1.906551003,4137,0.064525023,6203,0.00060254882555455,5434,6172
TTO,Trinidad and Tobago,1958,1.9133811,4583,0.072065264,6906,0.00065471330890432,5835,6770
TTO,Trinidad and Tobago,1959,1.920235634,5085,0.080662064,7694,0.00070451392093673,6201,7321
TTO,Trinidad and Tobago,1960,1.927114725,5607,0.089684747,8497,0.00076067639747635,6508,8107
TTO,Trinidad and Tobago,1961,1.93908,6005,0.096070044,9108,0.00079026934690774,7701,9359
TTO,Trinidad and Tobago,1962,1.951119542,6472,0.103823937,9816,0.00082528928760439,7600,9098
TTO,Trinidad and Tobago,1963,1.963233829,6811,0.108958818,10302,0.00082341599045321,8613,10031
TTO,Trinidad and Tobago,1964,1.975423336,7143,0.113939889,10761,0.00077695539221168,8912,10748
TTO,Trinidad and Tobago,1965,1.987688541,7573,0.120885417,11412,0.00079308683052659,8134,10391
TTO,Trinidad and Tobago,1966,1.995777011,7874,0.125484094,11812,0.00077922956552357,9469,11091
TTO,Trinidad and Tobago,1967,2.003898382,7992,0.126481816,11933,0.00074501091148704,10366,11630
TTO,Trinidad and Tobago,1968,2.012053013,8204,0.12916474,12202,0.00072198233101517,10806,12465
TTO,Trinidad and Tobago,1969,2.020240784,8278,0.129532874,12263,0.00069547194289044,11122,13264
TTO,Trinidad and Tobago,1970,2.028461695,8628,0.134852886,12825,0.00069634401006624,10528,13115
TTO,Trinidad and Tobago,1971,2.056300402,9412,0.149108142,14105,0.00087014958262444,10186,12634
TTO,Trinidad and Tobago,1972,2.084521294,9993,0.158364341,14994,0.00102339172735810,11119,14542
TTO,Trinidad and Tobago,1973,2.113129139,10434,0.164506614,15601,0.00102115864865482,12168,14880
TTO,Trinidad and Tobago,1974,2.142129898,11281,0.178882346,16881,0.00091290229465812,16547,15947
TTO,Trinidad and Tobago,1975,2.171528578,12369,0.197413385,18647,0.00106889696326107,17136,15995
TTO,Trinidad and Tobago,1976,2.198521614,13637,0.217521608,20495,0.00126608333084732,19135,17762
TTO,Trinidad and Tobago,1977,2.225850105,14897,0.238030598,22334,0.00137666799128056,20033,18315
TTO,Trinidad and Tobago,1978,2.253518343,16655,0.267823666,24945,0.00163747102487832,20873,20861
TTO,Trinidad and Tobago,1979,2.28153038,18405,0.292757422,27343,0.00166399322915822,23547,22037
TTO,Trinidad and Tobago,1980,2.309890747,20685,0.330340743,30633,0.00160735251847655,26928,23432
TTO,Trinidad and Tobago,1981,2.335908175,22290,0.354091525,33035,0.00185178255196661,26477,24376
TTO,Trinidad and Tobago,1982,2.362218857,23909,0.374534726,35416,0.00228680088184774,24719,25349
TTO,Trinidad and Tobago,1983,2.388825655,25398,0.388861686,37360,0.00234853383153677,21766,22741
TTO,Trinidad and Tobago,1984,2.415732384,26539,0.399689019,38920,0.00219034636393189,20526,21086
TTO,Trinidad and Tobago,1985,2.442942142,27267,0.405325025,39940,0.00216927099972963,20498,20664
TTO,Trinidad and Tobago,1986,2.462799311,27611,0.402928799,39627,0.00208273041062057,17354,18239
TTO,Trinidad and Tobago,1987,2.482818127,27621,0.399649918,37810,0.00184619450010359,15662,16318
TTO,Trinidad and Tobago,1988,2.502999783,27199,0.382686555,34895,0.00152722455095500,14882,15156
TTO,Trinidad and Tobago,1989,2.523345232,27003,0.374215335,32399,0.00122870632912964,14071,14096
TTO,Trinidad and Tobago,1990,2.543856144,26888,0.368217677,30215,0.00108227378223091,14966,14507
TTO,Trinidad and Tobago,1991,2.570188284,26820,0.367850244,28499,0.00102119648363441,14188,13302
TTO,Trinidad and Tobago,1992,2.59143734,26496,0.361672848,26856,0.00093452102737501,13250,14302
TTO,Trinidad and Tobago,1993,2.61286211,26184,0.354950875,25638,0.00086442998144776,12531,12775
TTO,Trinidad and Tobago,1994,2.634464025,26109,0.355509758,25125,0.00076744542457163,12927,12732
TTO,Trinidad and Tobago,1995,2.656244516,26290,0.361388773,25341,0.00072547741001472,12988,12678
TTO,Trinidad and Tobago,1996,2.678848267,26503,0.369906574,25861,0.00074105680687353,12701,12319
TTO,Trinidad and Tobago,1997,2.701644421,27250,0.391955465,27629,0.00075934216147289,13100,12608
TTO,Trinidad and Tobago,1998,2.724634409,27922,0.407737255,29265,0.00080243940465152,13023,12779
TTO,Trinidad and Tobago,1999,2.747819901,28030,0.406796843,30178,0.00076599774183705,15070,15397
TTO,Trinidad and Tobago,2000,2.771203041,27986,0.405104637,31697,0.00070591823896393,18076,19150
TTO,Trinidad and Tobago,2001,2.794570208,28643,0.4139916,34644,0.00076653488213196,17333,17470
TTO,Trinidad and Tobago,2002,2.818134308,29018,0.414653361,37721,0.00081475335173309,18138,18674
TTO,Trinidad and Tobago,2003,2.841897249,30420,0.432178468,43151,0.00086298136739060,22693,24164
TTO,Trinidad and Tobago,2004,2.865860462,31480,0.445731252,49637,0.00095382088329643,26826,26984
TTO,Trinidad and Tobago,2005,2.890025616,33807,0.478391379,60549,0.00113035703543574,29447,31612
TTO,Trinidad and Tobago,2006,2.913143158,34831,0.491084188,71963,0.00127347884699702,34828,37382
TTO,Trinidad and Tobago,2007,2.936445713,35654,0.500596523,86043,0.00145838933531195,38508,40264
TTO,Trinidad and Tobago,2008,2.959934473,36483,0.51007688,104120,0.00168321642559022,44103,46304
TTO,Trinidad and Tobago,2009,2.983611107,38283,0.539120555,128669,0.00213120831176639,35374,35744
TTO,Trinidad and Tobago,2010,3.007477283,39938,0.56139487,152060,0.00247070193290710,40519,40341
TTO,Trinidad and Tobago,2011,3.016028643,41516,0.584147096,165719,0.00264664273709059,46304,46066
TTO,Trinidad and Tobago,2012,3.024604559,43766,0.616533816,131462,0.00204721488989890,44151,44683
TTO,Trinidad and Tobago,2013,3.033204556,48591,0.686155617,77712,0.00117610918823630,43219,43841
TTO,Trinidad and Tobago,2014,3.041829109,54526,0.771230757,70665,0.00106076058000326,41778,42715
TTO,Trinidad and Tobago,2015,3.05047822,59916,0.848531663,89107,0.00128656625747681,38105,40005
TTO,Trinidad and Tobago,2016,3.059151888,65690,0.931033015,80709,0.00112905818969011,35403,36246
TTO,Trinidad and Tobago,2017,3.067850113,70580,1,70580,0.00096709205536172,35089,36123
TTO,Trinidad and Tobago,2018,3.076573133,73184,1.035433412,73142,0.00096991693135351,37962,38376
TTO,Trinidad and Tobago,2019,3.08532095,74498,1.0517205,74219,0.00095232436433435,37296,39585
TUN,Tunisia,1950,,,,,,,
TUN,Tunisia,1951,,,,,,,
TUN,Tunisia,1952,,,,,,,
TUN,Tunisia,1953,,,,,,,
TUN,Tunisia,1954,,,,,,,
TUN,Tunisia,1955,,,,,,,
TUN,Tunisia,1956,,,,,,,
TUN,Tunisia,1957,,,,,,,
TUN,Tunisia,1958,,,,,,,
TUN,Tunisia,1959,,,,,,,
TUN,Tunisia,1960,1.089583039,28558,,13472,,6751,6879
TUN,Tunisia,1961,1.092287183,29255,,13749,,7382,7183
TUN,Tunisia,1962,1.094997883,30538,,14341,,7476,7381
TUN,Tunisia,1963,1.097715378,32112,,15087,,8188,8144
TUN,Tunisia,1964,1.100439548,33914,0.094717525,15950,0.00081137102097273,8262,8370
TUN,Tunisia,1965,1.103170514,35706,0.099452741,16785,0.00081623136065900,8582,8725
TUN,Tunisia,1966,1.111244678,37393,0.103855565,17560,0.00080910540418699,8994,9152
TUN,Tunisia,1967,1.119377851,39069,0.108086146,18315,0.00080407538916916,9074,9238
TUN,Tunisia,1968,1.12757051,40768,0.112473272,19091,0.00079890078632161,9930,10075
TUN,Tunisia,1969,1.13582325,42531,0.11702323,19904,0.00079753709724173,10289,10493
TUN,Tunisia,1970,1.14413631,44619,0.122609004,21089,0.00080585136311129,13461,13797
TUN,Tunisia,1971,1.153553009,47141,0.129847065,22400,0.00085324019892141,14624,15087
TUN,Tunisia,1972,1.163047075,50125,0.13872765,23963,0.00091070542111993,17210,17703
TUN,Tunisia,1973,1.172619462,53009,0.147285908,25424,0.00096079672221094,17283,17836
TUN,Tunisia,1974,1.182270527,56569,0.157942444,27289,0.00103483849670738,19594,19661
TUN,Tunisia,1975,1.192000985,61323,0.172035351,29731,0.00115058245137334,20589,21085
TUN,Tunisia,1976,1.214993715,66853,0.188432693,32469,0.00126664305571467,21371,22494
TUN,Tunisia,1977,1.238429904,72238,0.204705507,35174,0.00136022211518139,22480,23455
TUN,Tunisia,1978,1.262318134,77795,0.22166878,37898,0.00143611873500049,23909,24995
TUN,Tunisia,1979,1.286667228,83712,0.239618599,40850,0.00152209529187530,25960,26733
TUN,Tunisia,1980,1.311486006,89727,0.258223683,43817,0.00156844651792198,28825,29333
TUN,Tunisia,1981,1.332599521,96772,0.281520247,47539,0.00164944701828063,30825,31108
TUN,Tunisia,1982,1.35405302,104323,0.305956274,52279,0.00174153328407556,31624,32078
TUN,Tunisia,1983,1.37585187,111046,0.326070666,57606,0.00184136035386473,33685,34342
TUN,Tunisia,1984,1.398001552,118016,0.348306865,64462,0.00193665560800582,35141,36379
TUN,Tunisia,1985,1.420507908,123811,0.365012884,71397,0.00202163844369352,37789,38517
TUN,Tunisia,1986,1.451746464,127651,0.376084656,78136,0.00209491210989654,37399,38927
TUN,Tunisia,1987,1.483672142,130052,0.382485718,86252,0.00216889195144176,40051,41970
TUN,Tunisia,1988,1.516299725,131951,0.388519883,96966,0.00232692016288638,41983,44079
TUN,Tunisia,1989,1.549644947,134583,0.399225831,112065,0.00259305187501013,43674,46413
TUN,Tunisia,1990,1.583723307,138068,0.414464712,132753,0.00298054865561426,46967,50000
TUN,Tunisia,1991,1.613787174,141463,0.429576576,159730,0.00350474147126079,50294,52342
TUN,Tunisia,1992,1.644421816,146301,0.446758062,197995,0.00419769017025828,55450,58426
TUN,Tunisia,1993,1.675637841,151313,0.464280903,247983,0.00506099360063672,59131,62571
TUN,Tunisia,1994,1.707446575,156201,0.480598062,307031,0.00595741812139750,65016,68755
TUN,Tunisia,1995,1.732247114,160156,0.493359059,362091,0.00671298429369926,70548,74947
TUN,Tunisia,1996,1.759360552,164220,0.506703734,392660,0.00699389493092895,81515,85731
TUN,Tunisia,1997,1.786898255,169052,0.523034692,394242,0.00673088617622852,81455,86320
TUN,Tunisia,1998,1.814867139,174367,0.541208446,382622,0.00627849623560905,80631,85452
TUN,Tunisia,1999,1.84327364,180432,0.564122677,364436,0.00585185317322612,80983,85072
TUN,Tunisia,2000,1.872124791,186788,0.588141918,342854,0.00531139550730586,82463,87420
TUN,Tunisia,2001,1.904421449,193930,0.61503154,328519,0.00498383538797498,84735,89103
TUN,Tunisia,2002,1.93727529,200457,0.638412118,317467,0.00483888993039727,85185,88650
TUN,Tunisia,2003,1.970695734,206461,0.658875108,311110,0.00470661930739880,86810,89414
TUN,Tunisia,2004,2.004693031,212473,0.678026676,310775,0.00462182657793164,89362,91217
TUN,Tunisia,2005,2.0392766,218700,0.696931481,318547,0.00464885961264372,94461,96474
TUN,Tunisia,2006,2.073808432,226214,0.721956491,340769,0.00484092300757766,98693,100968
TUN,Tunisia,2007,2.108925343,234538,0.750375688,380874,0.00522993318736553,105266,108032
TUN,Tunisia,2008,2.144636631,243511,0.780619979,441229,0.00585549231618643,110717,112840
TUN,Tunisia,2009,2.180952787,252782,0.812832713,523417,0.00682322122156620,116737,119097
TUN,Tunisia,2010,2.217883825,262608,0.85051018,606654,0.00780717935413122,122306,125667
TUN,Tunisia,2011,2.27330327,269163,0.871796727,657942,0.00820205640047789,120481,123820
TUN,Tunisia,2012,2.330107212,276849,0.897796154,590438,0.00724091846495867,120192,124945
TUN,Tunisia,2013,2.388330936,284295,0.922058344,519382,0.00624437816441059,117919,120944
TUN,Tunisia,2014,2.448009253,290963,0.940897226,455113,0.00532901799306273,119022,121427
TUN,Tunisia,2015,2.509178877,297521,0.959097922,401531,0.00462022190913558,117954,119847
TUN,Tunisia,2016,2.567984104,304280,0.97905606,350502,0.00396245298907161,119678,122269
TUN,Tunisia,2017,2.611011744,310991,1,310991,0.00345452222973108,120653,124740
TUN,Tunisia,2018,2.654759884,317940,1.027682424,317117,0.00345125515013933,121957,127965
TUN,Tunisia,2019,2.6992414,324895,1.058583498,323799,0.00343128782697022,125569,130405
TUR,Turkey,1950,1.141769409,107303,,147919,,69536,70566
TUR,Turkey,1951,1.149555326,110878,,152641,,85151,87262
TUR,Turkey,1952,1.157394171,117135,,161234,,93728,97927
TUR,Turkey,1953,1.16528666,124340,,171225,,105802,109693
TUR,Turkey,1954,1.173232794,132145,0.013883207,182050,0.01567555218935010,96778,99977
TUR,Turkey,1955,1.181233168,140741,0.014818096,194235,0.01618453301489350,105772,108833
TUR,Turkey,1956,1.189169526,149514,0.015759487,206789,0.01659407094120980,107561,109120
TUR,Turkey,1957,1.197159052,161097,0.01700451,223497,0.01731134951114650,132798,132755
TUR,Turkey,1958,1.205202341,177614,0.018783441,247081,0.01867512613534930,145720,146472
TUR,Turkey,1959,1.213299632,190709,0.020179302,265457,0.01953160576522350,138608,142995
TUR,Turkey,1960,1.221451402,203021,0.021488961,281777,0.01966649107635020,139504,140517
TUR,Turkey,1961,1.234321237,215463,0.022809641,299601,0.02010979503393170,142074,143332
TUR,Turkey,1962,1.247326612,228781,0.024237918,318260,0.02051653154194360,150526,152757
TUR,Turkey,1963,1.260469079,244325,0.025884541,340090,0.02082342840731140,164310,167209
TUR,Turkey,1964,1.273749948,259906,0.027472865,361669,0.02065359801054000,171014,172263
TUR,Turkey,1965,1.287170768,275045,0.02899931,381757,0.02076218090951440,175137,176196
TUR,Turkey,1966,1.291937113,299438,0.031637173,414455,0.02143675461411480,199207,203158
TUR,Turkey,1967,1.296720982,322987,0.034135237,446739,0.02200448699295520,207923,209253
TUR,Turkey,1968,1.301522493,349364,0.0369666,482775,0.02282146923244000,222367,224472
TUR,Turkey,1969,1.306341887,375647,0.03973265,518487,0.02332391962409020,233244,234907
TUR,Turkey,1970,1.311179161,409692,0.043396115,569149,0.02457360550761220,249032,250206
TUR,Turkey,1971,1.320658326,437903,0.046468996,609295,0.02555955946445470,254254,257541
TUR,Turkey,1972,1.330206037,473522,0.050420936,659814,0.02671957388520240,276239,280128
TUR,Turkey,1973,1.339822769,511551,0.05469517,712520,0.02811568975448610,289020,291991
TUR,Turkey,1974,1.34950912,574848,0.061870236,800018,0.03056780435144900,325589,333963
TUR,Turkey,1975,1.359265447,638277,0.068974733,892509,0.03362925723195080,350613,360945
TUR,Turkey,1976,1.380540609,721045,0.078144751,1015656,0.03775778040289880,389501,398793
TUR,Turkey,1977,1.402148724,772905,0.083675452,1081121,0.03951773047447200,382785,391532
TUR,Turkey,1978,1.424094915,807165,0.086707018,1123663,0.03794430941343310,372106,378415
TUR,Turkey,1979,1.446384788,843831,0.090668455,1174257,0.03801588341593740,366522,371860
TUR,Turkey,1980,1.469023466,865582,0.092461959,1204790,0.03644076362252240,363498,369498
TUR,Turkey,1981,1.512836695,910345,0.097011715,1274523,0.03726344928145410,407480,413993
TUR,Turkey,1982,1.557956576,948682,0.101100251,1335225,0.03862006962299350,405523,411480
TUR,Turkey,1983,1.604422212,987791,0.105328627,1389356,0.04000710695981980,424148,430772
TUR,Turkey,1984,1.652273655,1026596,0.109533578,1445364,0.04043134301900860,444895,454703
TUR,Turkey,1985,1.701552153,1074903,0.11493101,1515906,0.04162570834159850,473756,481870
TUR,Turkey,1986,1.72277844,1130566,0.121018387,1561808,0.04164823889732360,503723,513332
TUR,Turkey,1987,1.742355108,1231680,0.131915182,1610871,0.04120231047272680,558783,570774
TUR,Turkey,1988,1.762154222,1326455,0.141942859,1610623,0.03990558162331580,567350,575169
TUR,Turkey,1989,1.782178402,1419436,0.151330709,1581757,0.03755449131131170,564484,573433
TUR,Turkey,1990,1.802430034,1533019,0.164024472,1562965,0.03636842593550680,607195,617017
TUR,Turkey,1991,1.812666893,1640912,0.176038593,1531002,0.03512232378125190,584148,591055
TUR,Turkey,1992,1.822961926,1755637,0.189044103,1510959,0.03390347212553020,613488,619893
TUR,Turkey,1993,1.833315372,1910941,0.207785144,1538773,0.03419219702482220,673010,682303
TUR,Turkey,1994,1.843727708,2021086,0.219375655,1535078,0.03264515474438670,613518,622620
TUR,Turkey,1995,1.854199052,2145408,0.233447969,1558471,0.03217275440692900,671246,689416
TUR,Turkey,1996,1.881823897,2293877,0.250972509,1619843,0.03271588683128360,731123,756432
TUR,Turkey,1997,1.909860253,2466297,0.272234768,1747078,0.03395219519734380,767830,794992
TUR,Turkey,1998,1.938314438,2614841,0.289682537,1869715,0.03453094139695170,770716,791986
TUR,Turkey,1999,1.967192411,2714970,0.299674392,1964004,0.03430385515093800,741202,758004
TUR,Turkey,2000,1.996500611,2865211,0.316968352,2029505,0.03342320397496220,791691,821823
TUR,Turkey,2001,2.017451048,2930947,0.322341591,1807209,0.02831254340708260,781913,804904
TUR,Turkey,2002,2.038621426,3038637,0.333362758,1501711,0.02306507714092730,779547,799336
TUR,Turkey,2003,2.060014009,3194251,0.35086146,1590735,0.02425034157931800,775119,786001
TUR,Turkey,2004,2.081631184,3441066,0.381723285,1817291,0.02769262343645100,868026,877446
TUR,Turkey,2005,2.103474855,3741425,0.42001,1987330,0.03058494068682190,965419,973081
TUR,Turkey,2006,2.125199795,4090180,0.46372965,2736273,0.04035022109746930,1098249,1112484
TUR,Turkey,2007,2.147148848,4440432,0.506307423,3658775,0.05048703774809840,1200558,1210343
TUR,Turkey,2008,2.169324636,4750752,0.542813122,3917047,0.05211103335022930,1278351,1285012
TUR,Turkey,2009,2.191729546,4939534,0.562535107,3839462,0.05213854461908340,1243994,1250954
TUR,Turkey,2010,2.214365721,5221784,0.595890403,4660638,0.06399064511060710,1417073,1432651
TUR,Turkey,2011,2.245840788,5617258,0.644176841,4852698,0.06606750935316090,1564286,1600421
TUR,Turkey,2012,2.27776289,6009897,0.690810859,5754042,0.07550571858882900,1663627,1681422
TUR,Turkey,2013,2.310139179,6483057,0.745389521,6493510,0.08165805786848070,1767367,1788435
TUR,Turkey,2014,2.342975378,6976185,0.801971853,7675241,0.09214455634355550,1850263,1882508
TUR,Turkey,2015,2.3762784,7526624,0.867135227,8296090,0.09707088768482210,1984242,2018635
TUR,Turkey,2016,2.410054684,8069773,0.930415452,8721540,0.09988250583410260,1986428,2016277
TUR,Turkey,2017,2.44431138,8669485,1,8669485,0.09784976392984390,2106731,2158605
TUR,Turkey,2018,2.479054689,9244392,1.065530062,9238967,0.10251606255769700,2207112,2262638
TUR,Turkey,2019,2.514292002,9668870,1.114610195,9685274,0.10407440364360800,2219237,2246182
TWN,Taiwan,1950,,,,,,,
TWN,Taiwan,1951,1.451182961,21417,,21763,,11960,11698
TWN,Taiwan,1952,1.464792609,22141,,22939,,14120,13595
TWN,Taiwan,1953,1.47852993,23251,,23581,,15651,15212
TWN,Taiwan,1954,1.492395997,24418,,24749,,16846,16631
TWN,Taiwan,1955,1.506392241,25252,0.002974697,25382,0.00179805292282254,18143,17888
TWN,Taiwan,1956,1.522023439,26375,0.00313753,26875,0.00182623148430139,19235,19272
TWN,Taiwan,1957,1.537816882,27422,0.003300462,27881,0.00181420636363328,20948,20903
TWN,Taiwan,1958,1.553774238,28784,0.00352009,29427,0.00187547283712775,22455,22594
TWN,Taiwan,1959,1.569897175,30653,0.00380907,30991,0.00194396637380123,24042,24626
TWN,Taiwan,1960,1.586187363,33015,0.004151781,33085,0.00202695094048977,26181,26199
TWN,Taiwan,1961,1.592103243,35499,0.004517599,35343,0.00211522984318435,28737,28809
TWN,Taiwan,1962,1.598041058,37961,0.004859719,37699,0.00219129468314350,31237,31226
TWN,Taiwan,1963,1.604001045,41062,0.005294763,40763,0.00228232122026384,35261,34352
TWN,Taiwan,1964,1.609983206,44411,0.005781477,44049,0.00235164351761341,40374,38800
TWN,Taiwan,1965,1.615987659,49088,0.006521883,48383,0.00250679790042341,44490,44328
TWN,Taiwan,1966,1.623901248,55127,0.007537758,53849,0.00272359745576978,49004,48188
TWN,Taiwan,1967,1.63185358,62635,0.008808896,60805,0.00298801157623529,55299,54892
TWN,Taiwan,1968,1.639844894,71731,0.01032566,69065,0.00329245277680457,61793,61357
TWN,Taiwan,1969,1.647875309,81684,0.012027392,78116,0.00362371746450663,69170,67710
TWN,Taiwan,1970,1.655945063,93293,0.014137094,88084,0.00404267478734255,79180,77572
TWN,Taiwan,1971,1.671615362,107862,0.016839297,100678,0.00454354053363204,90929,88591
TWN,Taiwan,1972,1.687433958,124899,0.020030797,115343,0.00508601125329733,105469,101287
TWN,Taiwan,1973,1.703402162,143002,0.023488557,130438,0.00560471182689071,118727,115871
TWN,Taiwan,1974,1.716963053,163069,0.027500903,147008,0.00607735104858875,117737,122114
TWN,Taiwan,1975,1.729195356,187380,0.03203395,168170,0.00686095980927348,122477,123328
TWN,Taiwan,1976,1.767424107,211406,0.03639736,188304,0.00741830328479409,144422,142179
TWN,Taiwan,1977,1.80649817,235452,0.040424969,209389,0.00781500618904829,158346,153704
TWN,Taiwan,1978,1.846436024,264068,0.045691095,233384,0.00828934274613857,178938,176034
TWN,Taiwan,1979,1.887256742,297371,0.052243903,261582,0.00901306327432394,192158,193470
TWN,Taiwan,1980,1.928980112,336624,0.060609404,293385,0.00972547102719545,203712,207447
TWN,Taiwan,1981,1.968637586,375549,0.068835959,326832,0.01050906721502540,218175,219478
TWN,Taiwan,1982,2.009110451,412494,0.076270223,360026,0.01141075696796180,229498,227183
TWN,Taiwan,1983,2.050415516,447229,0.083201438,390012,0.01224626414477830,248096,243806
TWN,Taiwan,1984,2.09256959,484171,0.090485893,422706,0.01267687696963550,268751,263934
TWN,Taiwan,1985,2.135590315,516727,0.096279629,452836,0.01313446369022130,280910,268762
TWN,Taiwan,1986,2.177501678,556020,0.103747614,486925,0.01371593773365020,319661,299557
TWN,Taiwan,1987,2.220235825,608016,0.114461981,530886,0.01451681368052960,353966,341916
TWN,Taiwan,1988,2.263808489,669480,0.127355874,584259,0.01563035324215890,374303,368611
TWN,Taiwan,1989,2.308236361,740419,0.142766044,645207,0.01701455190777780,406891,403277
TWN,Taiwan,1990,2.353536129,816239,0.159418032,711421,0.01848571561276910,426271,433329
TWN,Taiwan,1991,2.396707773,900404,0.177521452,782052,0.02027146518230440,462227,463979
TWN,Taiwan,1992,2.440671444,994886,0.199450076,861022,0.02212610282003880,494528,501247
TWN,Taiwan,1993,2.485441446,1097973,0.221731231,949124,0.02363196015357970,526698,526272
TWN,Taiwan,1994,2.531032801,1210603,0.246378154,1045004,0.02557331696152690,558333,551153
TWN,Taiwan,1995,2.571736336,1330880,0.273020089,1144491,0.02710035815835000,585660,574973
TWN,Taiwan,1996,2.602967024,1449993,0.301850915,1241055,0.02810522727668290,623668,608540
TWN,Taiwan,1997,2.634576797,1581194,0.336177319,1348453,0.02948890067636970,666423,656043
TWN,Taiwan,1998,2.666570425,1721386,0.375319421,1466837,0.03120849654078480,701945,700718
TWN,Taiwan,1999,2.698952675,1860312,0.418328792,1579048,0.03273400664329530,734349,732443
TWN,Taiwan,2000,2.731728077,2007259,0.468674898,1696851,0.03408305719494820,769693,780982
TWN,Taiwan,2001,2.773245096,2095383,0.495861888,1775387,0.03454959020018580,763432,759757
TWN,Taiwan,2002,2.815392971,2182699,0.526087701,1854604,0.03616005182266240,802248,785926
TWN,Taiwan,2003,2.858181477,2270406,0.556924582,1933964,0.03742586448788640,822667,809294
TWN,Taiwan,2004,2.901620388,2385039,0.599626184,2033946,0.03815189376473430,853084,851701
TWN,Taiwan,2005,2.945719242,2498787,0.642986178,2149721,0.03948361054062840,894134,898943
TWN,Taiwan,2006,2.97183919,2610080,0.683084071,2306271,0.04106109961867330,919611,924593
TWN,Taiwan,2007,2.998190403,2719040,0.725385725,2543406,0.04342966526746750,963962,953118
TWN,Taiwan,2008,3.024775267,2793108,0.752705097,2821361,0.04569323360919950,928687,905509
TWN,Taiwan,2009,3.051596165,2844014,0.77118969,3142743,0.05039881169795990,928495,887329
TWN,Taiwan,2010,3.078654766,2934973,0.803591609,3483864,0.05485318228602410,1010176,957736
TWN,Taiwan,2011,3.106996775,3016983,0.830076337,3677695,0.05601781234145160,1028930,980165
TWN,Taiwan,2012,3.135961056,3091477,0.853712618,3638505,0.05308895185589790,1056612,997886
TWN,Taiwan,2013,3.165565014,3177995,0.881085753,3662728,0.05228196084499360,1060723,992607
TWN,Taiwan,2014,3.195826054,3269340,0.910261095,3663499,0.05088307335972790,1091579,1025041
TWN,Taiwan,2015,3.226762533,3361606,0.939051807,3614061,0.04940489307045940,1123070,1036320
TWN,Taiwan,2016,3.258393526,3459452,0.970726669,3546085,0.04839242622256280,1111742,1041654
TWN,Taiwan,2017,3.290738106,3549967,1,3549967,0.04799166694283490,1125149,1068841
TWN,Taiwan,2018,3.323816776,3644489,1.031235695,3629686,0.04898205772042270,1132769,1071577
TWN,Taiwan,2019,3.357650518,3760365,1.075259805,3739328,0.05012571811676030,1151412,1100433
TZA,U.R. of Tanzania: Mainland,1950,,,,,,,
TZA,U.R. of Tanzania: Mainland,1951,,,,,,,
TZA,U.R. of Tanzania: Mainland,1952,,,,,,,
TZA,U.R. of Tanzania: Mainland,1953,,,,,,,
TZA,U.R. of Tanzania: Mainland,1954,,,,,,,
TZA,U.R. of Tanzania: Mainland,1955,,,,,,,
TZA,U.R. of Tanzania: Mainland,1956,,,,,,,
TZA,U.R. of Tanzania: Mainland,1957,,,,,,,
TZA,U.R. of Tanzania: Mainland,1958,,,,,,,
TZA,U.R. of Tanzania: Mainland,1959,,,,,,,
TZA,U.R. of Tanzania: Mainland,1960,1.304900289,14485,,19162,,11692,11315
TZA,U.R. of Tanzania: Mainland,1961,1.304900289,15175,,20008,,11963,11731
TZA,U.R. of Tanzania: Mainland,1962,1.304900289,15785,,20750,,13172,12914
TZA,U.R. of Tanzania: Mainland,1963,1.304900289,16343,,21430,,14299,13936
TZA,U.R. of Tanzania: Mainland,1964,1.304900289,17499,0.056225274,22944,0.00141431670635939,16445,16145
TZA,U.R. of Tanzania: Mainland,1965,1.304900289,18906,0.060844518,24800,0.00147169874981046,16499,16431
TZA,U.R. of Tanzania: Mainland,1966,1.304900289,20503,0.066114873,26914,0.00152875692583621,17884,17872
TZA,U.R. of Tanzania: Mainland,1967,1.304900289,22417,0.072583541,29475,0.00161741243209690,18944,18996
TZA,U.R. of Tanzania: Mainland,1968,1.304900289,24510,0.07964588,32276,0.00170529552269727,20461,20468
TZA,U.R. of Tanzania: Mainland,1969,1.304900289,26221,0.085195869,34541,0.00175000249873847,21522,21553
TZA,U.R. of Tanzania: Mainland,1970,1.304900289,29097,0.095125414,38841,0.00189828302245587,23426,23442
TZA,U.R. of Tanzania: Mainland,1971,1.305250764,32717,0.107830748,43926,0.00209516379982233,24710,24761
TZA,U.R. of Tanzania: Mainland,1972,1.305601358,35837,0.118705884,48312,0.00222506350837648,26281,26363
TZA,U.R. of Tanzania: Mainland,1973,1.305951953,38660,0.128189996,52154,0.00230143521912396,28113,28250
TZA,U.R. of Tanzania: Mainland,1974,1.306302786,41273,0.137059301,55869,0.00235510012134910,29327,28954
TZA,U.R. of Tanzania: Mainland,1975,1.306653619,43937,0.146235272,59641,0.00246942066587508,31750,31462
TZA,U.R. of Tanzania: Mainland,1976,1.307004452,46846,0.156919613,63589,0.00257219979539514,34664,34492
TZA,U.R. of Tanzania: Mainland,1977,1.307355523,50051,0.168747142,68054,0.00266881706193089,33751,33554
TZA,U.R. of Tanzania: Mainland,1978,1.307706594,53050,0.180980638,72075,0.00273117003962398,34396,34222
TZA,U.R. of Tanzania: Mainland,1979,1.308057904,56219,0.193841532,76536,0.00282824342139065,34928,34585
TZA,U.R. of Tanzania: Mainland,1980,1.308409214,58592,0.202198833,79650,0.00278113665990531,33691,32849
TZA,U.R. of Tanzania: Mainland,1981,1.308744192,59584,0.204329833,85725,0.00289602181874216,30159,29394
TZA,U.R. of Tanzania: Mainland,1982,1.309079409,60100,0.204216957,99410,0.00327452505007386,30318,29845
TZA,U.R. of Tanzania: Mainland,1983,1.309414744,59803,0.201566279,119083,0.00380240171216428,31772,31442
TZA,U.R. of Tanzania: Mainland,1984,1.30975008,59132,0.19712615,144051,0.00434525776654482,33034,33151
TZA,U.R. of Tanzania: Mainland,1985,1.310085535,58435,0.19169867,157894,0.00454235915094614,38136,38199
TZA,U.R. of Tanzania: Mainland,1986,1.31042099,58183,0.18845132,155929,0.00432584621012211,26005,26138
TZA,U.R. of Tanzania: Mainland,1987,1.310756683,59026,0.190057352,154106,0.00405803928151727,21600,21659
TZA,U.R. of Tanzania: Mainland,1988,1.311092377,59892,0.190119222,150819,0.00378262810409069,27776,28379
TZA,U.R. of Tanzania: Mainland,1989,1.311428189,61198,0.194213375,147450,0.00361566012725234,27018,27423
TZA,U.R. of Tanzania: Mainland,1990,1.311764002,64461,0.205334082,147411,0.00357785588130355,26886,27565
TZA,U.R. of Tanzania: Mainland,1991,1.3293643,68212,0.217536762,147311,0.00355714117176831,27424,28042
TZA,U.R. of Tanzania: Mainland,1992,1.347200632,71719,0.229298249,147949,0.00346530834212899,25739,26671
TZA,U.R. of Tanzania: Mainland,1993,1.365276456,74404,0.236964449,147301,0.00332413869909942,24719,25341
TZA,U.R. of Tanzania: Mainland,1994,1.383594632,77092,0.244036019,146714,0.00315588293597102,24432,25032
TZA,U.R. of Tanzania: Mainland,1995,1.402158737,78855,0.252202451,144532,0.00303403683938086,25548,27117
TZA,U.R. of Tanzania: Mainland,1996,1.42097187,80385,0.257496476,142947,0.00288319634273648,28162,28801
TZA,U.R. of Tanzania: Mainland,1997,1.44003737,81901,0.261060029,141753,0.00268961582332850,31242,31866
TZA,U.R. of Tanzania: Mainland,1998,1.459358692,84050,0.268301189,141838,0.00254008895717561,33452,34173
TZA,U.R. of Tanzania: Mainland,1999,1.478939295,86440,0.275620908,141407,0.00240188674069941,35722,36487
TZA,U.R. of Tanzania: Mainland,2000,1.498782635,89086,0.283948094,141272,0.00225306721404195,38081,38881
TZA,U.R. of Tanzania: Mainland,2001,1.508247495,92365,0.29496634,142452,0.00216911593452096,41304,42270
TZA,U.R. of Tanzania: Mainland,2002,1.517772079,96020,0.307176679,146025,0.00218642852269113,45796,46533
TZA,U.R. of Tanzania: Mainland,2003,1.527356982,100580,0.322080731,151143,0.00222670822404325,48791,49858
TZA,U.R. of Tanzania: Mainland,2004,1.537002325,105876,0.338893563,158238,0.00226839003153145,52029,53086
TZA,U.R. of Tanzania: Mainland,2005,1.546708465,112700,0.361389071,171158,0.00241184863261878,58602,60563
TZA,U.R. of Tanzania: Mainland,2006,1.556475997,121132,0.391035855,190091,0.00267333094961941,63395,67052
TZA,U.R. of Tanzania: Mainland,2007,1.566305161,131353,0.42775616,227510,0.00307178171351552,68717,73628
TZA,U.R. of Tanzania: Mainland,2008,1.576196551,142869,0.466836184,289934,0.00377445155754685,76157,80976
TZA,U.R. of Tanzania: Mainland,2009,1.586150289,153687,0.501238286,370932,0.00483385846018791,83615,86964
TZA,U.R. of Tanzania: Mainland,2010,1.596166849,165892,0.541395903,475403,0.00606831582263112,95141,99422
TZA,U.R. of Tanzania: Mainland,2011,1.609234691,181699,0.594181657,560172,0.00703841075301170,107685,116590
TZA,U.R. of Tanzania: Mainland,2012,1.622409344,196999,0.644997835,484519,0.00609310017898679,104713,109716
TZA,U.R. of Tanzania: Mainland,2013,1.635692,215625,0.703548312,429992,0.00527116749435663,107953,113441
TZA,U.R. of Tanzania: Mainland,2014,1.649083376,235503,0.770209908,394317,0.00476545002311468,109936,114285
TZA,U.R. of Tanzania: Mainland,2015,1.662584305,256648,0.835327029,370205,0.00451948819682002,116403,123529
TZA,U.R. of Tanzania: Mainland,2016,1.67619586,281989,0.91169858,339083,0.00418617110699415,122260,123971
TZA,U.R. of Tanzania: Mainland,2017,1.689918876,312092,1,312092,0.00387523113749921,120633,122196
TZA,U.R. of Tanzania: Mainland,2018,1.703754187,347800,1.106782317,348610,0.00424184603616595,125040,126788
TZA,U.R. of Tanzania: Mainland,2019,1.715594053,389919,1.232898474,391569,0.00459001818671823,130907,132854
UGA,Uganda,1950,1.1111269,2028,,2374,,5050,4882
UGA,Uganda,1951,1.115081429,2310,,2701,,6376,6083
UGA,Uganda,1952,1.119050145,2741,,3200,,5958,5750
UGA,Uganda,1953,1.123033047,3139,,3661,,4800,4748
UGA,Uganda,1954,1.127030015,3496,,4072,,5286,5170
UGA,Uganda,1955,1.131041288,3915,,4563,,5252,5190
UGA,Uganda,1956,1.134261727,4310,,5026,,5266,5218
UGA,Uganda,1957,1.137491345,4566,,5324,,6162,6052
UGA,Uganda,1958,1.140730143,4825,,5620,,5916,5812
UGA,Uganda,1959,1.143978119,5002,,5825,,6161,6066
UGA,Uganda,1960,1.147235394,5181,,6011,,6143,6033
UGA,Uganda,1961,1.145892382,5435,,6302,,6283,6204
UGA,Uganda,1962,1.14455092,5709,,6625,,6449,6374
UGA,Uganda,1963,1.143210888,6115,,7102,,6673,6483
UGA,Uganda,1964,1.141872525,6767,,7851,,7619,6993
UGA,Uganda,1965,1.140535831,7324,,8493,,7610,7055
UGA,Uganda,1966,1.142593145,7829,,9065,,8120,7458
UGA,Uganda,1967,1.144654155,8461,,9795,,8007,7355
UGA,Uganda,1968,1.146718979,9102,,10537,,8390,7777
UGA,Uganda,1969,1.148787379,9920,,11483,,8967,8474
UGA,Uganda,1970,1.150859594,10453,,12112,,10631,10320
UGA,Uganda,1971,1.162609816,11007,,12785,,9982,10220
UGA,Uganda,1972,1.174479961,11509,,13384,,11559,11249
UGA,Uganda,1973,1.186471224,11944,,13849,,12033,11627
UGA,Uganda,1974,1.198585033,12341,,14293,,11248,11142
UGA,Uganda,1975,1.210822463,12677,,14656,,11605,11845
UGA,Uganda,1976,1.223715067,12975,,14928,,12465,12413
UGA,Uganda,1977,1.236745,13262,,15195,,12858,12905
UGA,Uganda,1978,1.249913692,13487,,15363,,12196,12688
UGA,Uganda,1979,1.263222575,13574,,15409,,10526,10790
UGA,Uganda,1980,1.276673198,13629,,15414,,10010,10221
UGA,Uganda,1981,1.291949987,13745,,15677,,10083,10798
UGA,Uganda,1982,1.307409644,13977,,15984,,11781,12191
UGA,Uganda,1983,1.323054314,14192,,16172,,13129,13289
UGA,Uganda,1984,1.338886142,14337,,16348,,12872,12940
UGA,Uganda,1985,1.354907393,14491,,16474,,12630,12642
UGA,Uganda,1986,1.373221874,14779,,16861,,12705,12764
UGA,Uganda,1987,1.391783834,15698,,17928,,13593,13611
UGA,Uganda,1988,1.410596728,16534,,19043,,14396,14456
UGA,Uganda,1989,1.429663897,17352,,20181,,14882,14907
UGA,Uganda,1990,1.448988795,18225,,21504,,15417,15516
UGA,Uganda,1991,1.473056674,19103,,22592,,15619,15844
UGA,Uganda,1992,1.497524261,19900,,23610,,16364,16457
UGA,Uganda,1993,1.522398233,20811,,24837,,17091,17227
UGA,Uganda,1994,1.547685385,22253,,26552,,22812,23071
UGA,Uganda,1995,1.57339263,24356,,29097,,22957,23423
UGA,Uganda,1996,1.593799233,26272,,31467,,23372,23508
UGA,Uganda,1997,1.614470601,28310,,34003,,24338,24647
UGA,Uganda,1998,1.63541007,30658,,37084,,26304,26909
UGA,Uganda,1999,1.656621099,33153,,40265,,27538,28390
UGA,Uganda,2000,1.678107262,35698,,43426,,28799,29964
UGA,Uganda,2001,1.703820109,38410,,47009,,30904,31999
UGA,Uganda,2002,1.724788547,41460,,51176,,32774,33962
UGA,Uganda,2003,1.744670868,44926,,56017,,34094,35849
UGA,Uganda,2004,1.76478231,48986,,61762,,36106,38053
UGA,Uganda,2005,1.785125732,54063,,69035,,40525,42451
UGA,Uganda,2006,1.821036458,59701,,79547,,43558,45374
UGA,Uganda,2007,1.857669592,66331,,97309,,46674,48515
UGA,Uganda,2008,1.895039678,73063,,123182,,50227,52452
UGA,Uganda,2009,1.933161497,80495,,158194,,55905,58179
UGA,Uganda,2010,1.97205019,88123,,200290,,60535,63618
UGA,Uganda,2011,2.018983364,97089,,236535,,65525,69218
UGA,Uganda,2012,2.067033291,106371,,221597,,64265,66567
UGA,Uganda,2013,2.116226673,115561,,208074,,65808,67666
UGA,Uganda,2014,2.166590929,124624,,196783,,69358,70311
UGA,Uganda,2015,2.218153954,134342,,179973,,73096,75802
UGA,Uganda,2016,2.27094388,143909,,166486,,72867,75292
UGA,Uganda,2017,2.324990273,153943,,153943,,77850,79338
UGA,Uganda,2018,2.380322933,165481,,165164,,82497,85237
UGA,Uganda,2019,2.43697238,177876,,177838,,89276,92851
UKR,Ukraine,1950,,,,,,,
UKR,Ukraine,1951,,,,,,,
UKR,Ukraine,1952,,,,,,,
UKR,Ukraine,1953,,,,,,,
UKR,Ukraine,1954,,,,,,,
UKR,Ukraine,1955,,,,,,,
UKR,Ukraine,1956,,,,,,,
UKR,Ukraine,1957,,,,,,,
UKR,Ukraine,1958,,,,,,,
UKR,Ukraine,1959,,,,,,,
UKR,Ukraine,1960,,,,,,,
UKR,Ukraine,1961,,,,,,,
UKR,Ukraine,1962,,,,,,,
UKR,Ukraine,1963,,,,,,,
UKR,Ukraine,1964,,,,,,,
UKR,Ukraine,1965,,,,,,,
UKR,Ukraine,1966,,,,,,,
UKR,Ukraine,1967,,,,,,,
UKR,Ukraine,1968,,,,,,,
UKR,Ukraine,1969,,,,,,,
UKR,Ukraine,1970,,,,,,,
UKR,Ukraine,1971,,,,,,,
UKR,Ukraine,1972,,,,,,,
UKR,Ukraine,1973,,,,,,,
UKR,Ukraine,1974,,,,,,,
UKR,Ukraine,1975,,,,,,,
UKR,Ukraine,1976,,,,,,,
UKR,Ukraine,1977,,,,,,,
UKR,Ukraine,1978,,,,,,,
UKR,Ukraine,1979,,,,,,,
UKR,Ukraine,1980,,,,,,,
UKR,Ukraine,1981,,,,,,,
UKR,Ukraine,1982,,,,,,,
UKR,Ukraine,1983,,,,,,,
UKR,Ukraine,1984,,,,,,,
UKR,Ukraine,1985,,,,,,,
UKR,Ukraine,1986,,,,,,,
UKR,Ukraine,1987,,,,,,,
UKR,Ukraine,1988,,,,,,,
UKR,Ukraine,1989,,,,,,,
UKR,Ukraine,1990,2.765498161,8298420,,2893033,,572326,577257
UKR,Ukraine,1991,2.799876213,8479779,,2946823,,535126,533413
UKR,Ukraine,1992,2.834681749,8582038,,3017706,,493264,494943
UKR,Ukraine,1993,2.869920015,8550619,,3027906,,397533,394293
UKR,Ukraine,1994,2.905596018,8405535,1.409580827,3004624,0.04776559397578240,329133,320547
UKR,Ukraine,1995,2.941715717,8222605,1.343072891,2958491,0.02767107449471950,284534,279669
UKR,Ukraine,1996,2.967165709,8028820,1.280287385,2897247,0.02345981262624260,255047,265904
UKR,Ukraine,1997,2.992835999,7852600,1.227806211,2824091,0.02402771636843680,236156,242656
UKR,Ukraine,1998,3.018728256,7692356,1.184756041,2748209,0.02402492798864840,225895,232333
UKR,Ukraine,1999,3.044844627,7543708,1.147760034,2653038,0.02352644689381120,224132,226138
UKR,Ukraine,2000,3.071186781,7416340,1.121003866,2552387,0.02431050129234790,228314,226173
UKR,Ukraine,2001,3.091333866,7303425,1.09810698,2466424,0.02466196566820140,240873,240602
UKR,Ukraine,2002,3.111612797,7200469,1.080219388,2390405,0.02587203495204450,254973,252423
UKR,Ukraine,2003,3.132025003,7129775,1.073285818,2331512,0.02837786450982090,281037,281691
UKR,Ukraine,2004,3.152570963,7091754,1.069082141,2294957,0.02802609838545320,322476,310058
UKR,Ukraine,2005,3.173251629,7062939,1.072495461,2273001,0.02869146503508090,356146,359941
UKR,Ukraine,2006,3.181306839,7072797,1.083114147,2263835,0.02864946611225610,389471,400204
UKR,Ukraine,2007,3.189382792,7134487,1.102357149,2269817,0.02892679162323470,441165,454918
UKR,Ukraine,2008,3.197478771,7189014,1.118444562,2280689,0.02943455055356030,475202,489146
UKR,Ukraine,2009,3.205595732,7105102,1.092070699,2248297,0.02887730114161970,405408,413613
UKR,Ukraine,2010,3.213732958,7019612,1.073113084,2211308,0.02948183566331860,417137,427695
UKR,Ukraine,2011,3.221972466,6950922,1.061319947,2186528,0.02905552834272380,465735,479670
UKR,Ukraine,2012,3.230260849,6893117,1.057380795,2622620,0.03153189271688460,492695,506392
UKR,Ukraine,2013,3.23859787,6824892,1.046308279,3068193,0.03353238105773930,515150,528428
UKR,Ukraine,2014,3.246984243,6730917,1.021448374,3596534,0.03502866625785830,512704,509187
UKR,Ukraine,2015,3.255420208,6632538,0.999494612,4445436,0.03811016306281090,465431,460078
UKR,Ukraine,2016,3.263906479,6554077,0.995193481,5294900,0.04402199387550350,477362,484267
UKR,Ukraine,2017,3.272443056,6488015,1,6488015,0.05063270032405850,522578,537900
UKR,Ukraine,2018,3.281030178,6434596,1.012833357,6541193,0.05037068203091620,542380,562724
UKR,Ukraine,2019,3.28966856,6392188,1.026110291,6535627,0.04981063306331630,563291,580797
URY,Uruguay,1950,1.721686363,15344,,8152,,14828,14342
URY,Uruguay,1951,1.728944778,23166,,12193,,18125,16742
URY,Uruguay,1952,1.736233711,29404,,15451,,16572,16022
URY,Uruguay,1953,1.743553638,33996,,17877,,17255,16927
URY,Uruguay,1954,1.750904202,40435,0.149933115,21284,0.00199181865900755,19638,18643
URY,Uruguay,1955,1.758285761,45337,0.167017058,23954,0.00215887464582920,20035,19165
URY,Uruguay,1956,1.768059373,49273,0.17989324,26249,0.00218904390931129,19672,19059
URY,Uruguay,1957,1.777887225,53573,0.194942191,28777,0.00240182876586914,20532,19647
URY,Uruguay,1958,1.787769794,55081,0.193819523,30159,0.00234585790894926,18979,18697
URY,Uruguay,1959,1.7977072,58085,0.200522795,32182,0.00235160300508142,18259,18019
URY,Uruguay,1960,1.807699919,61731,0.21189262,33451,0.00236248178407550,19400,18699
URY,Uruguay,1961,1.814166427,65503,0.225900665,35186,0.00245040538720787,19783,19123
URY,Uruguay,1962,1.820656061,68031,0.237064824,37286,0.00246407138183713,20229,19573
URY,Uruguay,1963,1.827168941,69653,0.241936803,37936,0.00209281151182950,19596,19162
URY,Uruguay,1964,1.833705068,70403,0.233998999,40351,0.00205928250215948,20408,19855
URY,Uruguay,1965,1.840264559,71379,0.225241497,40663,0.00204156944528222,20215,19862
URY,Uruguay,1966,1.859355211,72679,0.216485977,42159,0.00192639755550772,21205,20707
URY,Uruguay,1967,1.87864387,74413,0.218750998,42451,0.00184265442658216,20498,20197
URY,Uruguay,1968,1.898132682,75575,0.215855733,43103,0.00179925735574216,20887,20601
URY,Uruguay,1969,1.917823672,77869,0.223469377,44523,0.00175069831311703,22316,21950
URY,Uruguay,1970,1.937718868,80552,0.231813654,46139,0.00178941711783409,23967,23447
URY,Uruguay,1971,1.952311039,83017,0.23886472,48224,0.00177155935671180,24090,23544
URY,Uruguay,1972,1.967013001,84642,0.241662502,48831,0.00170791614800692,23458,22825
URY,Uruguay,1973,1.981825709,85619,0.242547289,50326,0.00163140450604260,24240,23196
URY,Uruguay,1974,1.996749997,87222,0.245682999,52094,0.00160029006656259,23769,23542
URY,Uruguay,1975,2.011786699,90656,0.255697429,53032,0.00163636100478470,24395,24454
URY,Uruguay,1976,2.037751913,95782,0.272138238,55935,0.00169462186750025,24822,24715
URY,Uruguay,1977,2.064052105,101211,0.289397299,60898,0.00182196253444999,24418,24506
URY,Uruguay,1978,2.090692043,107735,0.308730841,68204,0.00198067934252322,25807,25722
URY,Uruguay,1979,2.117675543,115835,0.333507776,79112,0.00221049576066434,27970,27979
URY,Uruguay,1980,2.14500761,124196,0.359508157,88258,0.00232561235316098,29961,29824
URY,Uruguay,1981,2.171497345,131718,0.381497383,94687,0.00243436708115041,30605,30170
URY,Uruguay,1982,2.19831419,137240,0.395376563,98749,0.00251679518260062,27634,27240
URY,Uruguay,1983,2.225462198,139150,0.398971409,98063,0.00249845907092094,24932,24382
URY,Uruguay,1984,2.252945662,139361,0.396894962,98264,0.00238279276527464,24428,24135
URY,Uruguay,1985,2.280768394,138678,0.393206418,98579,0.00231394614093006,24484,24056
URY,Uruguay,1986,2.293541908,138711,0.392884046,98057,0.00225379248149693,27735,27272
URY,Uruguay,1987,2.306386948,140176,0.397282273,99766,0.00217678351327777,30424,30271
URY,Uruguay,1988,2.319303989,141913,0.402070284,101074,0.00213144673034549,30518,30105
URY,Uruguay,1989,2.332293272,143573,0.406315863,104097,0.00211565429344773,30873,30333
URY,Uruguay,1990,2.345355272,144829,0.409611642,105496,0.00208432483486831,30398,30034
URY,Uruguay,1991,2.354188919,147077,0.417519659,110193,0.00211082934401929,31802,31631
URY,Uruguay,1992,2.363055706,151528,0.433350652,114586,0.00219088955782354,35598,35650
URY,Uruguay,1993,2.371955872,156841,0.450280696,119670,0.00224914005957544,37118,36854
URY,Uruguay,1994,2.380889416,162755,0.468781888,124787,0.00225679599680007,40391,39990
URY,Uruguay,1995,2.389856815,167809,0.484842747,128423,0.00226363609544933,40086,39675
URY,Uruguay,1996,2.420107126,173753,0.504127502,131906,0.00226121651940048,42395,41860
URY,Uruguay,1997,2.450740099,180510,0.526405156,134873,0.00223246053792536,43139,42351
URY,Uruguay,1998,2.481760979,187883,0.550632596,137904,0.00219421624206007,43977,43198
URY,Uruguay,1999,2.513174534,193501,0.566989303,138706,0.00210637529380620,41794,40948
URY,Uruguay,2000,2.544985533,197859,0.578801215,138145,0.00196775305084884,39663,39024
URY,Uruguay,2001,2.54196763,201384,0.5875175,137830,0.00186515646055341,37814,37265
URY,Uruguay,2002,2.538953304,202655,0.58845526,136874,0.00180355447810143,34577,34379
URY,Uruguay,2003,2.535942554,203869,0.590918839,136853,0.00175823620520532,34333,33979
URY,Uruguay,2004,2.532935381,206652,0.600939333,138716,0.00174839037936181,35545,35055
URY,Uruguay,2005,2.529931784,211144,0.617583334,142908,0.00177979085128754,37521,37056
URY,Uruguay,2006,2.54152894,216934,0.639182985,151818,0.00184902374166995,39797,39205
URY,Uruguay,2007,2.553179264,223484,0.663224041,167408,0.00198060530237854,43940,43219
URY,Uruguay,2008,2.563280344,232086,0.698479116,191036,0.00224287528544664,49513,48294
URY,Uruguay,2009,2.57118535,239001,0.724180102,215831,0.00255227810703218,53600,51864
URY,Uruguay,2010,2.579114676,247658,0.760848343,243267,0.00293163093738258,61254,59247
URY,Uruguay,2011,2.600324631,256569,0.797183752,262019,0.00317078432999551,67614,64754
URY,Uruguay,2012,2.621709108,267926,0.842148364,268925,0.00320213381201029,69004,65817
URY,Uruguay,2013,2.6432693,279195,0.885874867,276944,0.00323717691935599,70309,66884
URY,Uruguay,2014,2.665006876,290260,0.927742422,279859,0.00323778414167464,72090,69525
URY,Uruguay,2015,2.686923265,298902,0.958340824,288794,0.00328649673610926,71978,69820
URY,Uruguay,2016,2.709019899,306890,0.986949801,294405,0.00330135039985180,71625,69881
URY,Uruguay,2017,2.731298208,311680,1,311680,0.00343471881933510,72320,70848
URY,Uruguay,2018,2.753759623,316096,1.012669563,313389,0.00341835594736040,73093,70676
URY,Uruguay,2019,2.776405811,320631,1.026140451,317724,0.00334859173744917,73335,71311
USA,United States,1950,2.583212852,10563268,,10563535,,2491077,2487508
USA,United States,1951,2.595999956,10898386,,10897412,,2684319,2688160
USA,United States,1952,2.608850241,11258935,,11257288,,2799124,2795586
USA,United States,1953,2.621764421,11667803,,11665734,,2937958,2928556
USA,United States,1954,2.634742498,12058041,0.117049277,12055788,1.00000000000000000,2914079,2910510
USA,United States,1955,2.647784472,12496091,0.121404253,12493714,1.00000000000000000,3124573,3119068
USA,United States,1956,2.662317276,12930121,0.125784874,12927628,1.00000000000000000,3187240,3184019
USA,United States,1957,2.676929951,13353822,0.130188406,13351198,1.00000000000000000,3257928,3252465
USA,United States,1958,2.691622734,13737182,0.133861944,13734439,1.00000000000000000,3240498,3228752
USA,United States,1959,2.706396103,14221670,0.138598397,14218811,1.00000000000000000,3462321,3452002
USA,United States,1960,2.721250534,14693055,0.143193677,14693844,1.00000000000000000,3565275,3540699
USA,United States,1961,2.755555153,15185855,0.148068845,15186402,1.00000000000000000,3655125,3630273
USA,United States,1962,2.790292025,15739644,0.153738528,15740184,1.00000000000000000,3871828,3852552
USA,United States,1963,2.825466871,16340958,0.160214141,16341326,1.00000000000000000,4032528,4019659
USA,United States,1964,2.861085176,17002594,0.16738233,17002892,1.00000000000000000,4261045,4252924
USA,United States,1965,2.897152424,17730630,0.175825283,17730896,1.00000000000000000,4547274,4528655
USA,United States,1966,2.928370714,18508236,0.185655862,18508464,1.00000000000000000,4850595,4827972
USA,United States,1967,2.959925413,19239902,0.194727033,19240100,1.00000000000000000,4988774,4959432
USA,United States,1968,2.991819859,19990580,0.203778923,19990780,1.00000000000000000,5243029,5203598
USA,United States,1969,3.024058342,20734748,0.212776825,20734944,1.00000000000000000,5407466,5366857
USA,United States,1970,3.056643963,21379038,0.22021018,21379222,1.00000000000000000,5413544,5378397
USA,United States,1971,3.089885235,22033236,0.227213934,22033434,1.00000000000000000,5591325,5554756
USA,United States,1972,3.123487711,22780132,0.235569268,22780352,1.00000000000000000,5882465,5847313
USA,United States,1973,3.157455921,23606602,0.245406926,23606832,1.00000000000000000,6200567,6179186
USA,United States,1974,3.191793442,24310780,0.254399657,24311020,1.00000000000000000,6143633,6145901
USA,United States,1975,3.226504326,24845794,0.260702044,24845978,1.00000000000000000,6136286,6134045
USA,United States,1976,3.249995708,25479508,0.268230051,25479700,1.00000000000000000,6472004,6464280
USA,United States,1977,3.273658037,26253260,0.277739108,26253466,1.00000000000000000,6764709,6764340
USA,United States,1978,3.297492504,27174884,0.290068775,27175102,1.00000000000000000,7134495,7138521
USA,United States,1979,3.321500778,28144202,0.303727716,28144408,1.00000000000000000,7333369,7364005
USA,United States,1980,3.345683813,28952150,0.315729529,28952350,1.00000000000000000,7259293,7341787
USA,United States,1981,3.354768991,29738288,0.327781767,29738416,1.00000000000000000,7472227,7524190
USA,United States,1982,3.363878965,30368384,0.337138861,30368476,1.00000000000000000,7358678,7380425
USA,United States,1983,3.373013735,31093054,0.347872525,31093094,1.00000000000000000,7722737,7713319
USA,United States,1984,3.3821733,32068518,0.362930387,32068474,1.00000000000000000,8304635,8265619
USA,United States,1985,3.39135766,33127016,0.378511101,33126930,1.00000000000000000,8674077,8608782
USA,United States,1986,3.400060654,34181992,0.39310652,34181908,1.00000000000000000,8948904,8902163
USA,United States,1987,3.408786058,35208604,0.407222182,35208520,1.00000000000000000,9214460,9207579
USA,United States,1988,3.417533636,36224176,0.42139712,36224080,1.00000000000000000,9593797,9586360
USA,United States,1989,3.426303864,37242084,0.43623057,37241976,1.00000000000000000,9923342,9932078
USA,United States,1990,3.435096502,38181148,0.449525952,38181020,1.00000000000000000,10104369,10110408
USA,United States,1991,3.452302456,38943580,0.460626036,38943404,1.00000000000000000,10083513,10093921
USA,United States,1992,3.469594955,39749632,0.472995311,39749448,1.00000000000000000,10453822,10444359
USA,United States,1993,3.486973524,40619356,0.486599267,40619168,1.00000000000000000,10774939,10730839
USA,United States,1994,3.504439592,41576888,0.501657367,41576692,1.00000000000000000,11178786,11162312
USA,United States,1995,3.52199316,42589128,0.519351363,42588924,1.00000000000000000,11467534,11461592
USA,United States,1996,3.533238888,43715496,0.53994602,43715280,1.00000000000000000,11903335,11893809
USA,United States,1997,3.544520617,44934860,0.563955367,44934620,1.00000000000000000,12433358,12424660
USA,United States,1998,3.555838585,46303760,0.59196645,46303492,1.00000000000000000,12987007,12980315
USA,United States,1999,3.567192554,47787892,0.623854816,47787512,1.00000000000000000,13624725,13596571
USA,United States,2000,3.578582525,49329540,0.65589273,49329068,1.00000000000000000,14197566,14156661
USA,United States,2001,3.588337183,50697112,0.681236565,50696672,1.00000000000000000,14396745,14295339
USA,United States,2002,3.598118544,51889248,0.700911939,51888828,1.00000000000000000,14700074,14540255
USA,United States,2003,3.60792613,53148096,0.720951915,53147924,1.00000000000000000,15090390,14954228
USA,United States,2004,3.617760897,54536764,0.743641376,54536708,1.00000000000000000,15652782,15523249
USA,United States,2005,3.627622366,56048848,0.769359946,56048904,1.00000000000000000,16415791,16070041
USA,United States,2006,3.642328978,57539832,0.797229826,57539900,1.00000000000000000,16750561,16525906
USA,United States,2007,3.657094717,58882184,0.82425499,58882244,1.00000000000000000,16985660,16835740
USA,United States,2008,3.671920776,59951996,0.845964253,59952004,1.00000000000000000,16850342,16808304
USA,United States,2009,3.686806679,60486876,0.856794894,60486828,1.00000000000000000,16405376,16380414
USA,United States,2010,3.701753378,61035284,0.87068522,61035260,1.00000000000000000,16843858,16800636
USA,United States,2011,3.707010984,61657132,0.886129022,61657100,1.00000000000000000,17140938,17060996
USA,United States,2012,3.712275982,62424416,0.904019356,62424364,1.00000000000000000,17539960,17444592
USA,United States,2013,3.717548609,63225104,0.921854019,63225060,1.00000000000000000,17838098,17765868
USA,United States,2014,3.722828627,64118472,0.941271424,64118460,1.00000000000000000,18332030,18214814
USA,United States,2015,3.728116274,65053556,0.961123466,65053528,1.00000000000000000,18927364,18775850
USA,United States,2016,3.733411312,65971328,0.980157375,65971316,1.00000000000000000,19241262,19096542
USA,United States,2017,3.73871398,66940280,1,66940280,1.00000000000000000,19754754,19542980
USA,United States,2018,3.7440238,68005632,1.022971153,68005664,1.00000000000000000,20333180,20128448
USA,United States,2019,3.749341488,69059464,1.046049714,69059488,1.00000000000000000,20791364,20566034
UZB,Uzbekistan,1950,,,,,,,
UZB,Uzbekistan,1951,,,,,,,
UZB,Uzbekistan,1952,,,,,,,
UZB,Uzbekistan,1953,,,,,,,
UZB,Uzbekistan,1954,,,,,,,
UZB,Uzbekistan,1955,,,,,,,
UZB,Uzbekistan,1956,,,,,,,
UZB,Uzbekistan,1957,,,,,,,
UZB,Uzbekistan,1958,,,,,,,
UZB,Uzbekistan,1959,,,,,,,
UZB,Uzbekistan,1960,,,,,,,
UZB,Uzbekistan,1961,,,,,,,
UZB,Uzbekistan,1962,,,,,,,
UZB,Uzbekistan,1963,,,,,,,
UZB,Uzbekistan,1964,,,,,,,
UZB,Uzbekistan,1965,,,,,,,
UZB,Uzbekistan,1966,,,,,,,
UZB,Uzbekistan,1967,,,,,,,
UZB,Uzbekistan,1968,,,,,,,
UZB,Uzbekistan,1969,,,,,,,
UZB,Uzbekistan,1970,,,,,,,
UZB,Uzbekistan,1971,,,,,,,
UZB,Uzbekistan,1972,,,,,,,
UZB,Uzbekistan,1973,,,,,,,
UZB,Uzbekistan,1974,,,,,,,
UZB,Uzbekistan,1975,,,,,,,
UZB,Uzbekistan,1976,,,,,,,
UZB,Uzbekistan,1977,,,,,,,
UZB,Uzbekistan,1978,,,,,,,
UZB,Uzbekistan,1979,,,,,,,
UZB,Uzbekistan,1980,,,,,,,
UZB,Uzbekistan,1981,,,,,,,
UZB,Uzbekistan,1982,,,,,,,
UZB,Uzbekistan,1983,,,,,,,
UZB,Uzbekistan,1984,,,,,,,
UZB,Uzbekistan,1985,,,,,,,
UZB,Uzbekistan,1986,,,,,,,
UZB,Uzbekistan,1987,,,,,,,
UZB,Uzbekistan,1988,,,,,,,
UZB,Uzbekistan,1989,,,,,,,
UZB,Uzbekistan,1990,,115498,,109124,,102191,105337
UZB,Uzbekistan,1991,,127296,,119864,,100125,101539
UZB,Uzbekistan,1992,,138072,,130249,,81505,83093
UZB,Uzbekistan,1993,,147696,,139597,,97622,98556
UZB,Uzbekistan,1994,,156844,0.147466734,148321,0.00308925309218466,85662,85274
UZB,Uzbekistan,1995,,168948,0.160405114,159419,0.00329666049219668,85141,84548
UZB,Uzbekistan,1996,,181601,0.175250977,171284,0.00354803446680307,87820,91205
UZB,Uzbekistan,1997,,196493,0.192010358,184551,0.00383032439276576,87044,88826
UZB,Uzbekistan,1998,,211497,0.20823805,199162,0.00413249945268035,87776,88228
UZB,Uzbekistan,1999,,226111,0.222222403,213285,0.00441299006342888,94000,94501
UZB,Uzbekistan,2000,,240420,0.236371398,226747,0.00466516660526395,95111,93770
UZB,Uzbekistan,2001,,255090,0.254819214,241898,0.00513840606436133,102989,103111
UZB,Uzbekistan,2002,,269360,0.270948082,256349,0.00576610816642642,109125,111660
UZB,Uzbekistan,2003,,284056,0.287026465,272831,0.00634496007114649,119322,120495
UZB,Uzbekistan,2004,,299454,0.305457383,290939,0.00691132387146354,131336,130470
UZB,Uzbekistan,2005,,315716,0.325167298,309503,0.00751026486977935,145374,141529
UZB,Uzbekistan,2006,,333593,0.347174823,329620,0.00794812105596066,154870,147253
UZB,Uzbekistan,2007,,357558,0.374624044,355531,0.00830781552940607,171671,170115
UZB,Uzbekistan,2008,,390845,0.415594935,391034,0.00887191947549582,172436,178753
UZB,Uzbekistan,2009,,434055,0.464419246,435850,0.00952582061290741,185831,198635
UZB,Uzbekistan,2010,,480655,0.515330851,483308,0.01015708688646550,199135,204002
UZB,Uzbekistan,2011,,526624,0.56616044,528296,0.01039981655776500,227905,235203
UZB,Uzbekistan,2012,,577547,0.622063339,576970,0.01048766169697050,245099,259268
UZB,Uzbekistan,2013,,634713,0.684088945,635435,0.01067334320396180,260021,274587
UZB,Uzbekistan,2014,,697472,0.752865016,707119,0.01106911618262530,284790,289984
UZB,Uzbekistan,2015,,765985,0.82692188,771617,0.01133741345256570,307894,317099
UZB,Uzbekistan,2016,,835692,0.902264953,838802,0.01190880592912440,320097,324602
UZB,Uzbekistan,2017,,922329,1,922329,0.01226784102618690,346573,355326
UZB,Uzbekistan,2018,,1041891,1.141050339,1037735,0.01356119196861980,359861,399188
UZB,Uzbekistan,2019,,1208570,1.337827325,1201077,0.01553206797689200,379531,416047
VCT,St. Vincent and the Grenadines,1950,,,,,,,
VCT,St. Vincent and the Grenadines,1951,,,,,,,
VCT,St. Vincent and the Grenadines,1952,,,,,,,
VCT,St. Vincent and the Grenadines,1953,,,,,,,
VCT,St. Vincent and the Grenadines,1954,,,,,,,
VCT,St. Vincent and the Grenadines,1955,,,,,,,
VCT,St. Vincent and the Grenadines,1956,,,,,,,
VCT,St. Vincent and the Grenadines,1957,,,,,,,
VCT,St. Vincent and the Grenadines,1958,,,,,,,
VCT,St. Vincent and the Grenadines,1959,,,,,,,
VCT,St. Vincent and the Grenadines,1960,,,,,,,
VCT,St. Vincent and the Grenadines,1961,,,,,,,
VCT,St. Vincent and the Grenadines,1962,,,,,,,
VCT,St. Vincent and the Grenadines,1963,,,,,,,
VCT,St. Vincent and the Grenadines,1964,,,,,,,
VCT,St. Vincent and the Grenadines,1965,,,,,,,
VCT,St. Vincent and the Grenadines,1966,,,,,,,
VCT,St. Vincent and the Grenadines,1967,,,,,,,
VCT,St. Vincent and the Grenadines,1968,,,,,,,
VCT,St. Vincent and the Grenadines,1969,,,,,,,
VCT,St. Vincent and the Grenadines,1970,,1589,,348,,278,326
VCT,St. Vincent and the Grenadines,1971,,1627,,356,,287,336
VCT,St. Vincent and the Grenadines,1972,,1690,,370,,353,423
VCT,St. Vincent and the Grenadines,1973,,1738,,377,,324,376
VCT,St. Vincent and the Grenadines,1974,,1778,,384,,297,329
VCT,St. Vincent and the Grenadines,1975,,1807,,389,,247,297
VCT,St. Vincent and the Grenadines,1976,,1847,,394,,342,348
VCT,St. Vincent and the Grenadines,1977,,1900,,406,,311,342
VCT,St. Vincent and the Grenadines,1978,,1940,,413,,358,383
VCT,St. Vincent and the Grenadines,1979,,2001,,427,,360,393
VCT,St. Vincent and the Grenadines,1980,,2084,,447,,366,386
VCT,St. Vincent and the Grenadines,1981,,2145,,462,,401,415
VCT,St. Vincent and the Grenadines,1982,,2194,,472,,427,444
VCT,St. Vincent and the Grenadines,1983,,2232,,475,,451,470
VCT,St. Vincent and the Grenadines,1984,,2292,,491,,475,490
VCT,St. Vincent and the Grenadines,1985,,2356,,507,,496,476
VCT,St. Vincent and the Grenadines,1986,,2447,,529,,529,516
VCT,St. Vincent and the Grenadines,1987,,2551,,555,,534,546
VCT,St. Vincent and the Grenadines,1988,,2660,,583,,629,610
VCT,St. Vincent and the Grenadines,1989,,2763,,608,,625,610
VCT,St. Vincent and the Grenadines,1990,,2900,,645,,612,590
VCT,St. Vincent and the Grenadines,1991,,3030,,675,,674,687
VCT,St. Vincent and the Grenadines,1992,,3132,,693,,777,768
VCT,St. Vincent and the Grenadines,1993,,3244,,714,,741,714
VCT,St. Vincent and the Grenadines,1994,,3371,,738,,717,700
VCT,St. Vincent and the Grenadines,1995,,3527,,774,,757,741
VCT,St. Vincent and the Grenadines,1996,,3682,,812,,765,752
VCT,St. Vincent and the Grenadines,1997,,3821,,846,,769,744
VCT,St. Vincent and the Grenadines,1998,,4026,,912,,737,698
VCT,St. Vincent and the Grenadines,1999,,4224,,989,,775,685
VCT,St. Vincent and the Grenadines,2000,,4355,,1058,,817,880
VCT,St. Vincent and the Grenadines,2001,,4487,,1156,,826,713
VCT,St. Vincent and the Grenadines,2002,,4635,,1294,,878,740
VCT,St. Vincent and the Grenadines,2003,,4862,,1495,,931,770
VCT,St. Vincent and the Grenadines,2004,,5085,,1759,,976,790
VCT,St. Vincent and the Grenadines,2005,,5291,,2113,,1026,849
VCT,St. Vincent and the Grenadines,2006,,5573,,2636,,1095,943
VCT,St. Vincent and the Grenadines,2007,,5850,,3354,,1139,948
VCT,St. Vincent and the Grenadines,2008,,6184,,4403,,1170,1035
VCT,St. Vincent and the Grenadines,2009,,6402,,5678,,1165,1069
VCT,St. Vincent and the Grenadines,2010,,6656,,7052,,1163,1043
VCT,St. Vincent and the Grenadines,2011,,6843,,7807,,1154,1078
VCT,St. Vincent and the Grenadines,2012,,7034,,7765,,1175,1091
VCT,St. Vincent and the Grenadines,2013,,7245,,7803,,1177,1079
VCT,St. Vincent and the Grenadines,2014,,7461,,7341,,1205,1101
VCT,St. Vincent and the Grenadines,2015,,7676,,7832,,1267,1161
VCT,St. Vincent and the Grenadines,2016,,7936,,7615,,1319,1176
VCT,St. Vincent and the Grenadines,2017,,8157,,8157,,1283,1137
VCT,St. Vincent and the Grenadines,2018,,8373,,8356,,1309,1222
VCT,St. Vincent and the Grenadines,2019,,8486,,8471,,1315,1231
VEN,Venezuela (Bolivarian Republic of),1950,1.222430348,16467,,94330,,31992,29629
VEN,Venezuela (Bolivarian Republic of),1951,1.232072592,17519,,100324,,35889,32992
VEN,Venezuela (Bolivarian Republic of),1952,1.24179101,19094,,109412,,40871,38294
VEN,Venezuela (Bolivarian Republic of),1953,1.25158596,20617,,118129,,43032,39514
VEN,Venezuela (Bolivarian Republic of),1954,1.261458278,22413,0.097750589,128437,0.01277970802038910,47665,43570
VEN,Venezuela (Bolivarian Republic of),1955,1.271408319,24063,0.104941383,137905,0.01322900317609310,50829,44934
VEN,Venezuela (Bolivarian Republic of),1956,1.276051402,25854,0.112761103,148351,0.01364975329488520,54730,48605
VEN,Venezuela (Bolivarian Republic of),1957,1.280711412,27763,0.121089734,159325,0.01416782569140200,62776,52996
VEN,Venezuela (Bolivarian Republic of),1958,1.28538847,29587,0.128935367,169600,0.01453782431781290,63154,56419
VEN,Venezuela (Bolivarian Republic of),1959,1.290082574,31386,0.13659662,179781,0.01471893768757580,65731,59501
VEN,Venezuela (Bolivarian Republic of),1960,1.294793725,32203,0.139387026,184062,0.01426487974822520,60649,55082
VEN,Venezuela (Bolivarian Republic of),1961,1.301710486,32962,0.14189671,188131,0.01392972096800800,61614,56381
VEN,Venezuela (Bolivarian Republic of),1962,1.308664203,33895,0.145416796,193249,0.01362503971904520,64192,58869
VEN,Venezuela (Bolivarian Republic of),1963,1.315654993,34811,0.148910061,198304,0.01332681812345980,68568,64337
VEN,Venezuela (Bolivarian Republic of),1964,1.322683215,36499,0.155663222,207601,0.01310336124151950,75796,71486
VEN,Venezuela (Bolivarian Republic of),1965,1.329748988,38134,0.162227109,216637,0.01304797455668450,77812,73095
VEN,Venezuela (Bolivarian Republic of),1966,1.339734793,39401,0.167105466,223439,0.01278288662433620,78133,74698
VEN,Venezuela (Bolivarian Republic of),1967,1.34979558,40747,0.172407433,230742,0.01259661186486480,80606,76517
VEN,Venezuela (Bolivarian Republic of),1968,1.359931946,42912,0.181757689,242775,0.01271715946495530,89523,86080
VEN,Venezuela (Bolivarian Republic of),1969,1.370144486,45074,0.191320628,254973,0.01286644022911790,93977,90597
VEN,Venezuela (Bolivarian Republic of),1970,1.380433679,48328,0.205941468,275253,0.01338135357946160,106772,103732
VEN,Venezuela (Bolivarian Republic of),1971,1.412070513,52047,0.222944826,297275,0.01478679105639460,104465,103146
VEN,Venezuela (Bolivarian Republic of),1972,1.444432497,56431,0.243084386,323170,0.01636400446295740,107932,106938
VEN,Venezuela (Bolivarian Republic of),1973,1.477535963,61194,0.26491791,350940,0.01798343099653720,121394,121265
VEN,Venezuela (Bolivarian Republic of),1974,1.511398315,65532,0.284907222,376767,0.01944932341575620,134297,159205
VEN,Venezuela (Bolivarian Republic of),1975,1.546036601,71388,0.314738691,412585,0.02214193157851700,133321,155263
VEN,Venezuela (Bolivarian Republic of),1976,1.59543252,79260,0.357230008,459466,0.02527837827801700,143855,163521
VEN,Venezuela (Bolivarian Republic of),1977,1.646406651,89701,0.418283731,522919,0.02939072810113430,149679,165847
VEN,Venezuela (Bolivarian Republic of),1978,1.699009299,100207,0.479578286,584397,0.03286907821893690,144575,165829
VEN,Venezuela (Bolivarian Republic of),1979,1.742318749,107401,0.509587049,625068,0.03309527412056920,158896,180416
VEN,Venezuela (Bolivarian Republic of),1980,1.784113884,112749,0.529506862,653867,0.03196543455123900,173948,182421
VEN,Venezuela (Bolivarian Republic of),1981,1.791624188,118248,0.553471327,687005,0.03178301453590390,176461,182199
VEN,Venezuela (Bolivarian Republic of),1982,1.799166083,123215,0.576528907,715433,0.03163896501064300,164243,172597
VEN,Venezuela (Bolivarian Republic of),1983,1.806739688,125653,0.578549266,720727,0.03013462387025360,166134,173060
VEN,Venezuela (Bolivarian Republic of),1984,1.814345241,126809,0.579451025,718448,0.02801179885864260,171201,174838
VEN,Venezuela (Bolivarian Republic of),1985,1.821982861,128328,0.587462962,721383,0.02671895548701290,166728,169455
VEN,Venezuela (Bolivarian Republic of),1986,1.820450664,130376,0.599625885,726494,0.02575207315385340,154051,157162
VEN,Venezuela (Bolivarian Republic of),1987,1.818919778,132452,0.612140179,728909,0.02478176914155480,161787,161603
VEN,Venezuela (Bolivarian Republic of),1988,1.817390084,135049,0.627219319,739479,0.02415415085852150,161937,166844
VEN,Venezuela (Bolivarian Republic of),1989,1.815861821,135561,0.627923846,735343,0.02322009578347210,166939,158047
VEN,Venezuela (Bolivarian Republic of),1990,1.81433475,135780,0.624377191,727044,0.02226362749934200,183708,167052
VEN,Venezuela (Bolivarian Republic of),1991,1.848043561,138091,0.634764552,730726,0.02178990654647350,181298,171405
VEN,Venezuela (Bolivarian Republic of),1992,1.882378459,142591,0.659499109,749404,0.02186632715165620,183218,191357
VEN,Venezuela (Bolivarian Republic of),1993,1.917351484,146263,0.678500652,765280,0.02171455509960650,176338,177629
VEN,Venezuela (Bolivarian Republic of),1994,1.952974081,148126,0.684133291,771915,0.02082836255431180,172610,168487
VEN,Venezuela (Bolivarian Republic of),1995,1.989258647,150036,0.692441702,777778,0.02015300467610360,174080,176382
VEN,Venezuela (Bolivarian Republic of),1996,2.020650864,151454,0.696246684,780574,0.01939071156084540,176952,173257
VEN,Venezuela (Bolivarian Republic of),1997,2.052538633,154600,0.715502262,798209,0.01892529055476190,174285,177799
VEN,Venezuela (Bolivarian Republic of),1998,2.084929228,158041,0.739008009,825069,0.01937711425125600,159646,166063
VEN,Venezuela (Bolivarian Republic of),1999,2.117831469,159854,0.746896684,838869,0.01873204298317430,160785,172524
VEN,Venezuela (Bolivarian Republic of),2000,2.151252508,161780,0.75660634,854467,0.01751395501196380,186678,210693
VEN,Venezuela (Bolivarian Republic of),2001,2.1893363,164678,0.77428025,883661,0.01811914518475530,188194,202605
VEN,Venezuela (Bolivarian Republic of),2002,2.228094578,165898,0.776239216,905121,0.01810393854975700,183297,197706
VEN,Venezuela (Bolivarian Republic of),2003,2.267538548,164508,0.761344373,920222,0.01750495284795760,181292,192601
VEN,Venezuela (Bolivarian Republic of),2004,2.307681084,165429,0.767712593,955015,0.01794680580496790,234692,248917
VEN,Venezuela (Bolivarian Republic of),2005,2.348534346,168711,0.791570544,1008332,0.01858512684702870,298064,316063
VEN,Venezuela (Bolivarian Republic of),2006,2.397188187,174197,0.82940352,1110380,0.02014619298279290,350149,370309
VEN,Venezuela (Bolivarian Republic of),2007,2.4468503,181956,0.885118246,1301570,0.02307034283876420,399752,421247
VEN,Venezuela (Bolivarian Republic of),2008,2.497540951,189241,0.932081461,1587061,0.02628716453909870,464371,496150
VEN,Venezuela (Bolivarian Republic of),2009,2.549281836,194908,0.963776171,1958128,0.03247237205505370,402463,438148
VEN,Venezuela (Bolivarian Republic of),2010,2.58825922,199290,0.987005711,2352053,0.03677516430616380,489675,527508
VEN,Venezuela (Bolivarian Republic of),2011,2.620515108,204113,1.011415839,2573523,0.03928079828619960,557411,590537
VEN,Venezuela (Bolivarian Republic of),2012,2.65317297,211705,1.050874472,2582035,0.03933222219347950,568858,599992
VEN,Venezuela (Bolivarian Republic of),2013,2.686237574,217929,1.081299305,2384527,0.03502038866281510,539210,566949
VEN,Venezuela (Bolivarian Republic of),2014,2.719714403,221587,1.097682834,1676198,0.02497803233563900,351724,376838
VEN,Venezuela (Bolivarian Republic of),2015,2.753608465,222808,1.10133934,1633571,0.02230228483676910,152027,158330
VEN,Venezuela (Bolivarian Republic of),2016,2.787925005,219147,1.057370305,578031,0.00781038682907820,59430,62369
VEN,Venezuela (Bolivarian Republic of),2017,2.822669268,213461,1,213461,0.00140857393853366,11207,12768
VEN,Venezuela (Bolivarian Republic of),2018,2.85784626,207697,0.947054565,207427,0.00117651768960059,10927,10919
VEN,Venezuela (Bolivarian Republic of),2019,2.893461704,201542,0.890686572,201776,0.00074405357008800,7168,7163
VGB,British Virgin Islands,1950,,,,,,,
VGB,British Virgin Islands,1951,,,,,,,
VGB,British Virgin Islands,1952,,,,,,,
VGB,British Virgin Islands,1953,,,,,,,
VGB,British Virgin Islands,1954,,,,,,,
VGB,British Virgin Islands,1955,,,,,,,
VGB,British Virgin Islands,1956,,,,,,,
VGB,British Virgin Islands,1957,,,,,,,
VGB,British Virgin Islands,1958,,,,,,,
VGB,British Virgin Islands,1959,,,,,,,
VGB,British Virgin Islands,1960,,,,,,,
VGB,British Virgin Islands,1961,,,,,,,
VGB,British Virgin Islands,1962,,,,,,,
VGB,British Virgin Islands,1963,,,,,,,
VGB,British Virgin Islands,1964,,,,,,,
VGB,British Virgin Islands,1965,,,,,,,
VGB,British Virgin Islands,1966,,,,,,,
VGB,British Virgin Islands,1967,,,,,,,
VGB,British Virgin Islands,1968,,,,,,,
VGB,British Virgin Islands,1969,,,,,,,
VGB,British Virgin Islands,1970,,81,,87,,70,69
VGB,British Virgin Islands,1971,,98,,105,,62,61
VGB,British Virgin Islands,1972,,108,,116,,61,61
VGB,British Virgin Islands,1973,,119,,127,,64,64
VGB,British Virgin Islands,1974,,129,,137,,71,65
VGB,British Virgin Islands,1975,,140,,148,,74,68
VGB,British Virgin Islands,1976,,147,,155,,73,68
VGB,British Virgin Islands,1977,,153,,159,,74,72
VGB,British Virgin Islands,1978,,159,,164,,79,77
VGB,British Virgin Islands,1979,,173,,178,,92,85
VGB,British Virgin Islands,1980,,191,,198,,107,93
VGB,British Virgin Islands,1981,,210,,219,,107,90
VGB,British Virgin Islands,1982,,228,,236,,109,93
VGB,British Virgin Islands,1983,,248,,255,,115,103
VGB,British Virgin Islands,1984,,267,,273,,120,111
VGB,British Virgin Islands,1985,,285,,291,,121,110
VGB,British Virgin Islands,1986,,305,,311,,126,110
VGB,British Virgin Islands,1987,,327,,333,,144,127
VGB,British Virgin Islands,1988,,350,,354,,158,104
VGB,British Virgin Islands,1989,,372,,375,,170,149
VGB,British Virgin Islands,1990,,403,,406,,213,166
VGB,British Virgin Islands,1991,,443,0.110868283,449,0.00001015822454065,262,221
VGB,British Virgin Islands,1992,,496,0.124124415,501,0.00001101713496610,325,320
VGB,British Virgin Islands,1993,,569,0.142344207,571,0.00001217864337377,426,368
VGB,British Virgin Islands,1994,,664,0.165018961,658,0.00001303988392465,524,543
VGB,British Virgin Islands,1995,,787,0.194880694,771,0.00001429251642548,645,638
VGB,British Virgin Islands,1996,,912,0.226245612,895,0.00001577093098604,693,681
VGB,British Virgin Islands,1997,,1055,0.26204589,1040,0.00001769412847352,765,885
VGB,British Virgin Islands,1998,,1223,0.30307281,1202,0.00001961763518921,838,739
VGB,British Virgin Islands,1999,,1390,0.3446199,1362,0.00002108990520355,922,770
VGB,British Virgin Islands,2000,,1567,0.390209019,1533,0.00002281015804328,1006,1194
VGB,British Virgin Islands,2001,,1748,0.434246451,1702,0.00002426712126180,1059,1349
VGB,British Virgin Islands,2002,,1916,0.474069118,1858,0.00002614007280499,1031,1318
VGB,British Virgin Islands,2003,,2052,0.512574673,2001,0.00002845243216143,900,1158
VGB,British Virgin Islands,2004,,2189,0.551673532,2157,0.00003069070953643,933,870
VGB,British Virgin Islands,2005,,2349,0.596874237,2345,0.00003321206168039,1081,964
VGB,British Virgin Islands,2006,,2497,0.642418385,2528,0.00003603275035857,1059,1108
VGB,British Virgin Islands,2007,,2636,0.675623477,2676,0.00003665702752187,1042,939
VGB,British Virgin Islands,2008,,2770,0.707663178,2825,0.00003785125227296,1032,851
VGB,British Virgin Islands,2009,,2900,0.741109967,2967,0.00004000005355920,1012,904
VGB,British Virgin Islands,2010,,3024,0.777876616,3113,0.00004255560634192,1008,753
VGB,British Virgin Islands,2011,,3134,0.810719848,3237,0.00004397720113047,980,948
VGB,British Virgin Islands,2012,,3237,0.841066182,3395,0.00004517583511188,1004,723
VGB,British Virgin Islands,2013,,3342,0.872096121,3342,0.00004358018122730,978,902
VGB,British Virgin Islands,2014,,3447,0.902893424,3520,0.00004523678944679,1017,990
VGB,British Virgin Islands,2015,,3549,0.932818949,3823,0.00004842732960242,1076,1020
VGB,British Virgin Islands,2016,,3664,0.96716547,3966,0.00004956567863701,1160,1067
VGB,British Virgin Islands,2017,,3776,1,3776,0.00004669964619097,1090,1060
VGB,British Virgin Islands,2018,,3890,1.034486651,3887,0.00004741335214931,1117,1098
VGB,British Virgin Islands,2019,,4006,1.068385601,4003,0.00004731661465485,1143,1127
VNM,Viet Nam,1950,,,,,,,
VNM,Viet Nam,1951,,,,,,,
VNM,Viet Nam,1952,,,,,,,
VNM,Viet Nam,1953,,,,,,,
VNM,Viet Nam,1954,,,,,,,
VNM,Viet Nam,1955,,,,,,,
VNM,Viet Nam,1956,,,,,,,
VNM,Viet Nam,1957,,,,,,,
VNM,Viet Nam,1958,,,,,,,
VNM,Viet Nam,1959,,,,,,,
VNM,Viet Nam,1960,,,,,,,
VNM,Viet Nam,1961,,,,,,,
VNM,Viet Nam,1962,,,,,,,
VNM,Viet Nam,1963,,,,,,,
VNM,Viet Nam,1964,,,,,,,
VNM,Viet Nam,1965,,,,,,,
VNM,Viet Nam,1966,,,,,,,
VNM,Viet Nam,1967,,,,,,,
VNM,Viet Nam,1968,,,,,,,
VNM,Viet Nam,1969,,,,,,,
VNM,Viet Nam,1970,1.494160056,47866,,33489,,36743,40268
VNM,Viet Nam,1971,1.516713619,49816,,34953,,38010,40575
VNM,Viet Nam,1972,1.539607763,51793,,36426,,38605,46330
VNM,Viet Nam,1973,1.562847376,53659,,37774,,37826,44469
VNM,Viet Nam,1974,1.586437821,55578,,39250,,38876,46870
VNM,Viet Nam,1975,1.610384226,57553,,40682,,39954,42715
VNM,Viet Nam,1976,1.637448788,59897,,42274,,44278,46715
VNM,Viet Nam,1977,1.664968252,62749,,44315,,50423,54236
VNM,Viet Nam,1978,1.69295013,65566,,46237,,51216,54728
VNM,Viet Nam,1979,1.718378425,68609,,48446,,54647,58637
VNM,Viet Nam,1980,1.740101099,71317,,50352,,53141,61543
VNM,Viet Nam,1981,1.744709253,74214,,52655,,56362,63106
VNM,Viet Nam,1982,1.749329567,77412,,55128,,61110,63173
VNM,Viet Nam,1983,1.75396204,80847,,57479,,65492,66840
VNM,Viet Nam,1984,1.758606791,84819,,60349,,70788,71406
VNM,Viet Nam,1985,1.763263941,89011,,63575,,74979,75287
VNM,Viet Nam,1986,1.750278831,93067,,66603,,77587,77666
VNM,Viet Nam,1987,1.737389445,97816,,69957,,79820,79770
VNM,Viet Nam,1988,1.724594831,102216,,73325,,83954,83825
VNM,Viet Nam,1989,1.711894512,105953,,76494,,87844,82868
VNM,Viet Nam,1990,1.696075678,113785,,81649,,94638,86912
VNM,Viet Nam,1991,1.721935034,120141,,86189,,103605,97381
VNM,Viet Nam,1992,1.744884014,131826,,94604,,111999,105819
VNM,Viet Nam,1993,1.768139005,149035,,107491,,117729,119085
VNM,Viet Nam,1994,1.79170382,171611,,124070,,123987,126340
VNM,Viet Nam,1995,1.815582752,197605,,142968,,134193,137250
VNM,Viet Nam,1996,1.84584868,227156,,164463,,143971,155700
VNM,Viet Nam,1997,1.87661922,259109,,190319,,155432,167537
VNM,Viet Nam,1998,1.907902718,294303,,225691,,163448,175043
VNM,Viet Nam,1999,1.939707637,328119,,267406,,172425,176554
VNM,Viet Nam,2000,1.972042799,364231,,319840,,181485,190507
VNM,Viet Nam,2001,2.013080597,402863,,387262,,193757,202832
VNM,Viet Nam,2002,2.05497241,445686,,472395,,207409,224013
VNM,Viet Nam,2003,2.097735882,492449,,573109,,220164,243383
VNM,Viet Nam,2004,2.14138937,542336,,677605,,241682,264044
VNM,Viet Nam,2005,2.185951471,597429,,770299,,272163,290436
VNM,Viet Nam,2006,2.231018543,656019,,841997,,292122,310542
VNM,Viet Nam,2007,2.277014494,732789,,916153,,309861,348517
VNM,Viet Nam,2008,2.323958874,808234,,983827,,335916,370112
VNM,Viet Nam,2009,2.371871233,889575,,1051834,,351850,373132
VNM,Viet Nam,2010,2.420771122,979650,,1127149,,398314,420005
VNM,Viet Nam,2011,2.475246191,1053363,,1184539,,432506,454649
VNM,Viet Nam,2012,2.532614231,1127376,,1234574,,480169,480222
VNM,Viet Nam,2013,2.582211494,1206874,,1283854,,496076,502906
VNM,Viet Nam,2014,2.624783993,1297411,,1351653,,528105,536961
VNM,Viet Nam,2015,2.66934967,1399783,,1435039,,563135,575967
VNM,Viet Nam,2016,2.716024876,1515014,,1513799,,600808,602740
VNM,Viet Nam,2017,2.764933825,1644890,,1644890,,653411,647225
VNM,Viet Nam,2018,2.81621027,1787120,,1783968,,704095,687227
VNM,Viet Nam,2019,2.869997978,1964750,,1962286,,747854,723143
YEM,Yemen,1950,,,,,,,
YEM,Yemen,1951,,,,,,,
YEM,Yemen,1952,,,,,,,
YEM,Yemen,1953,,,,,,,
YEM,Yemen,1954,,,,,,,
YEM,Yemen,1955,,,,,,,
YEM,Yemen,1956,,,,,,,
YEM,Yemen,1957,,,,,,,
YEM,Yemen,1958,,,,,,,
YEM,Yemen,1959,,,,,,,
YEM,Yemen,1960,,,,,,,
YEM,Yemen,1961,,,,,,,
YEM,Yemen,1962,,,,,,,
YEM,Yemen,1963,,,,,,,
YEM,Yemen,1964,,,,,,,
YEM,Yemen,1965,,,,,,,
YEM,Yemen,1966,,,,,,,
YEM,Yemen,1967,,,,,,,
YEM,Yemen,1968,,,,,,,
YEM,Yemen,1969,,,,,,,
YEM,Yemen,1970,,,,,,,
YEM,Yemen,1971,,,,,,,
YEM,Yemen,1972,,,,,,,
YEM,Yemen,1973,,,,,,,
YEM,Yemen,1974,,,,,,,
YEM,Yemen,1975,,,,,,,
YEM,Yemen,1976,,,,,,,
YEM,Yemen,1977,,,,,,,
YEM,Yemen,1978,,,,,,,
YEM,Yemen,1979,,,,,,,
YEM,Yemen,1980,,,,,,,
YEM,Yemen,1981,,,,,,,
YEM,Yemen,1982,,,,,,,
YEM,Yemen,1983,,,,,,,
YEM,Yemen,1984,,,,,,,
YEM,Yemen,1985,,,,,,,
YEM,Yemen,1986,,,,,,,
YEM,Yemen,1987,,,,,,,
YEM,Yemen,1988,,,,,,,
YEM,Yemen,1989,1.035200834,135307,,6650,,7155,7401
YEM,Yemen,1990,1.039842725,136021,,6647,,8676,9043
YEM,Yemen,1991,1.049937248,137660,,6675,,8468,8487
YEM,Yemen,1992,1.060129762,143666,,6931,,8735,8857
YEM,Yemen,1993,1.070421338,149133,,7184,,8974,9040
YEM,Yemen,1994,1.080812693,155864,,7494,,9299,9418
YEM,Yemen,1995,1.091305017,166574,,8082,,10549,10988
YEM,Yemen,1996,1.107328296,181111,,8870,,12669,13646
YEM,Yemen,1997,1.123586774,197564,,10020,,14439,15215
YEM,Yemen,1998,1.140084028,213959,,11949,,16304,17019
YEM,Yemen,1999,1.156823516,225785,,14551,,18429,19866
YEM,Yemen,2000,1.173808813,235495,,18576,,20739,23776
YEM,Yemen,2001,1.194817066,245490,,25484,,24167,25499
YEM,Yemen,2002,1.216201425,258309,,38705,,28312,30691
YEM,Yemen,2003,1.237968445,275665,,66756,,34663,36616
YEM,Yemen,2004,1.26012516,295085,,127521,,45866,48004
YEM,Yemen,2005,1.282678246,318161,,198478,,70360,72712
YEM,Yemen,2006,1.308345318,341540,,213869,,74713,75917
YEM,Yemen,2007,1.334525943,369547,,225241,,77071,81735
YEM,Yemen,2008,1.361230493,400061,,232051,,83814,89583
YEM,Yemen,2009,1.388469458,431665,,233809,,84832,91823
YEM,Yemen,2010,1.416253328,465992,,230562,,103030,110139
YEM,Yemen,2011,1.450821757,479042,,213497,,91636,98659
YEM,Yemen,2012,1.488719702,508859,,162984,,85835,92256
YEM,Yemen,2013,1.530339479,536913,,165977,,87021,94785
YEM,Yemen,2014,1.576131344,562728,,166502,,88921,93699
YEM,Yemen,2015,1.626613379,550082,,753685,,62096,66101
YEM,Yemen,2016,1.682383537,537241,,884471,,51230,54476
YEM,Yemen,2017,1.735455394,527730,,527730,,38940,39781
YEM,Yemen,2018,1.786614656,532589,,523505,,48671,50129
YEM,Yemen,2019,1.842988729,540437,,531232,,49937,51983
ZAF,South Africa,1950,1.65220058,209314,,123590,,76081,77631
ZAF,South Africa,1951,1.669843435,229222,,135221,,77781,80375
ZAF,South Africa,1952,1.68767488,238535,,140955,,72573,75522
ZAF,South Africa,1953,1.705696583,252117,,149010,,81167,83843
ZAF,South Africa,1954,1.720265508,269913,0.075398296,159461,0.01357695646584030,87644,90950
ZAF,South Africa,1955,1.734093308,289314,0.081147127,170917,0.01413389295339580,90637,93987
ZAF,South Africa,1956,1.735023499,307527,0.086474396,181726,0.01447612885385750,96037,99695
ZAF,South Africa,1957,1.735954165,328833,0.092702612,194123,0.01502267085015770,101351,105315
ZAF,South Africa,1958,1.736885309,348798,0.098687924,205683,0.01548807416111230,101280,105984
ZAF,South Africa,1959,1.73781693,359250,0.101280682,211736,0.01528738904744390,102936,107298
ZAF,South Africa,1960,1.738749146,375633,0.105899282,220603,0.01515251398086550,107653,110542
ZAF,South Africa,1961,1.744220972,390838,0.110141166,229135,0.01515769772231580,111911,115381
ZAF,South Africa,1962,1.749710202,403534,0.113747068,236548,0.01494912989437580,116383,121379
ZAF,South Africa,1963,1.755216599,424125,0.120287061,248647,0.01523265708237890,124152,131937
ZAF,South Africa,1964,1.760740399,450332,0.128784984,263592,0.01531361974775790,132807,140921
ZAF,South Africa,1965,1.766281486,481183,0.138810962,281450,0.01568432152271270,139268,148779
ZAF,South Africa,1966,1.771840096,506597,0.146657154,295870,0.01569544710218910,146179,156115
ZAF,South Africa,1967,1.777416229,541918,0.15773721,315648,0.01609392091631890,157908,167890
ZAF,South Africa,1968,1.783009768,571733,0.167217448,332375,0.01613355614244940,165443,173932
ZAF,South Africa,1969,1.788621068,607442,0.178331017,352651,0.01633673347532750,177347,186051
ZAF,South Africa,1970,1.794249892,652242,0.192719012,378839,0.01697903871536250,185981,196889
ZAF,South Africa,1971,1.80132544,702520,0.208829299,408532,0.01808137446641920,188830,198192
ZAF,South Africa,1972,1.808428764,754625,0.225217,439286,0.01908393204212190,197105,204062
ZAF,South Africa,1973,1.815560222,807928,0.242149085,469410,0.02006491087377070,225187,229726
ZAF,South Africa,1974,1.822719693,864029,0.25998947,501533,0.02093539945781230,241496,242594
ZAF,South Africa,1975,1.829907417,926197,0.280807227,537175,0.02274953946471210,240079,243932
ZAF,South Africa,1976,1.837123513,982797,0.300085157,568563,0.02402239106595520,236960,243732
ZAF,South Africa,1977,1.8443681,1029036,0.315164357,594519,0.02494068630039690,236699,237888
ZAF,South Africa,1978,1.851641297,1069653,0.32941246,614788,0.02535802870988850,247716,247980
ZAF,South Africa,1979,1.858942986,1111659,0.343895078,637997,0.02562337368726730,261753,258403
ZAF,South Africa,1980,1.866273642,1168105,0.364466995,667266,0.02518609352409840,301164,286722
ZAF,South Africa,1981,1.870389581,1230887,0.389580667,704791,0.02775362506508830,299609,300072
ZAF,South Africa,1982,1.87451458,1286139,0.411996722,738976,0.02911278977990150,301156,305186
ZAF,South Africa,1983,1.878648758,1332887,0.429235488,765457,0.03019759990274910,307537,307959
ZAF,South Africa,1984,1.882791996,1375655,0.445527166,790092,0.02981171756982800,314659,315368
ZAF,South Africa,1985,1.886944294,1408419,0.456640989,812018,0.02900262176990510,315434,312602
ZAF,South Africa,1986,1.891106009,1417906,0.457962662,821828,0.02826208621263500,309591,308162
ZAF,South Africa,1987,1.895276666,1422186,0.456862181,823966,0.02675306051969530,322180,327540
ZAF,South Africa,1988,1.89945662,1439024,0.462812752,834839,0.02552509866654870,330382,337328
ZAF,South Africa,1989,1.903645754,1461375,0.469742745,849861,0.02493655309081080,337319,340780
ZAF,South Africa,1990,1.907844067,1480215,0.474028051,861323,0.02434774301946160,337128,342886
ZAF,South Africa,1991,1.924955845,1491477,0.475456268,867267,0.02329113893210890,336188,339332
ZAF,South Africa,1992,1.942221165,1497674,0.475718826,872101,0.02232904545962810,333913,337958
ZAF,South Africa,1993,1.959641337,1503810,0.47741276,877258,0.02159027755260470,344254,342204
ZAF,South Africa,1994,1.977217793,1517197,0.483011752,886926,0.02100719325244430,355466,354262
ZAF,South Africa,1995,1.994951844,1539162,0.493228972,899387,0.02049180679023270,373366,372978
ZAF,South Africa,1996,2.012844801,1568051,0.507275164,915847,0.02019027806818490,388215,390145
ZAF,South Africa,1997,2.030898571,1599429,0.523680985,934556,0.01977533474564550,396346,400929
ZAF,South Africa,1998,2.049113989,1632166,0.543785155,957380,0.01964026689529420,398239,405275
ZAF,South Africa,1999,2.067492962,1652854,0.55664134,970903,0.01912013068795200,408136,410935
ZAF,South Africa,2000,2.086036682,1674772,0.568904161,983929,0.01812518015503880,428936,432538
ZAF,South Africa,2001,2.124513388,1697696,0.581836164,1002928,0.01778176799416540,446313,448116
ZAF,South Africa,2002,2.163699865,1722127,0.595031083,1025164,0.01798273995518680,466710,472984
ZAF,South Africa,2003,2.203609228,1753438,0.610562265,1052337,0.01833737269043920,481438,482203
ZAF,South Africa,2004,2.244254351,1795565,0.629329324,1088234,0.01862214878201480,504649,509250
ZAF,South Africa,2005,2.2856493,1847549,0.652038217,1131804,0.01923605799674990,542820,548815
ZAF,South Africa,2006,2.327808142,1911748,0.680477977,1216562,0.02034997008740900,583635,591481
ZAF,South Africa,2007,2.370744228,1991684,0.715299129,1377189,0.02253402024507520,618972,627704
ZAF,South Africa,2008,2.414472342,2086876,0.75568831,1625430,0.02597342245280740,634290,641861
ZAF,South Africa,2009,2.459007025,2162700,0.783632934,1938482,0.03036051988601680,626159,628037
ZAF,South Africa,2010,2.504363298,2227115,0.8082304,2272312,0.03497318923473360,657505,652413
ZAF,South Africa,2011,2.557714462,2296393,0.835602224,2492344,0.03721996396780010,695669,689170
ZAF,South Africa,2012,2.596011639,2365629,0.864128232,2509286,0.03601192682981490,696869,688950
ZAF,South Africa,2013,2.63514924,2443051,0.896480381,2570641,0.03561927378177640,701311,692668
ZAF,South Africa,2014,2.675950527,2516309,0.925569296,2631893,0.03532230854034420,703924,699348
ZAF,South Africa,2015,2.718503475,2589372,0.955336392,2660125,0.03481251746416090,713510,711339
ZAF,South Africa,2016,2.762902021,2650160,0.97849369,2683380,0.03444830700755120,718710,710313
ZAF,South Africa,2017,2.809245825,2708887,1,2708887,0.03355620428919790,738073,726021
ZAF,South Africa,2018,2.85764122,2761972,1.018734813,2762087,0.03353837504982950,742983,733319
ZAF,South Africa,2019,2.90820241,2811259,1.036545634,2816883,0.03322807326912880,748246,735067
ZMB,Zambia,1950,,,,,,,
ZMB,Zambia,1951,,,,,,,
ZMB,Zambia,1952,,,,,,,
ZMB,Zambia,1953,,,,,,,
ZMB,Zambia,1954,,,,,,,
ZMB,Zambia,1955,1.241530061,113011,,14060,,8044,3917
ZMB,Zambia,1956,1.248709679,116643,,14513,,8503,4422
ZMB,Zambia,1957,1.255930781,121199,,15031,,7193,5009
ZMB,Zambia,1958,1.263193727,122242,,15142,,6504,4961
ZMB,Zambia,1959,1.270498514,123912,0.425459355,15357,0.00204382557421923,8281,5609
ZMB,Zambia,1960,1.27784574,125881,0.428259134,15646,0.00194880831986666,8870,5622
ZMB,Zambia,1961,1.28917408,127694,0.430770546,15844,0.00186106935143471,8709,5858
ZMB,Zambia,1962,1.300602913,129192,0.432389677,16059,0.00178198178764433,8522,5953
ZMB,Zambia,1963,1.312133074,129506,0.429980576,16108,0.00169416074641049,8976,6290
ZMB,Zambia,1964,1.323765397,128757,0.426291913,16037,0.00162125460337847,10461,7129
ZMB,Zambia,1965,1.335500956,133920,0.446375877,16645,0.00164049491286278,11253,8557
ZMB,Zambia,1966,1.360015392,139628,0.470376998,17371,0.00164780253544450,14165,9021
ZMB,Zambia,1967,1.384979725,146833,0.499903858,18254,0.00167936354409903,15721,10806
ZMB,Zambia,1968,1.410402536,154069,0.533472717,19128,0.00170880288351327,16561,11624
ZMB,Zambia,1969,1.436291814,157535,0.549890935,19524,0.00169525248929858,19162,11091
ZMB,Zambia,1970,1.462656379,168210,0.597877145,20961,0.00178656447678804,15844,9984
ZMB,Zambia,1971,1.467038393,177131,0.636545718,22079,0.00166637299116701,12861,10137
ZMB,Zambia,1972,1.471433401,186863,0.679962754,23280,0.00156748958397657,13990,11238
ZMB,Zambia,1973,1.475841761,194545,0.715403676,24151,0.00146181648597121,15499,11211
ZMB,Zambia,1974,1.480263233,201360,0.746802509,24988,0.00135725107975304,14901,10758
ZMB,Zambia,1975,1.484697938,209133,0.78107214,25959,0.00129739462863654,12722,11881
ZMB,Zambia,1976,1.500937819,209732,0.784797251,26111,0.00120710546616465,13735,12448
ZMB,Zambia,1977,1.517355323,209038,0.783060312,26436,0.00115221913438290,11286,10848
ZMB,Zambia,1978,1.533952355,206705,0.775254488,27059,0.00112795899622142,10087,10191
ZMB,Zambia,1979,1.550730944,203213,0.761027634,27860,0.00112929509487003,10859,9878
ZMB,Zambia,1980,1.567692995,200606,0.75217092,28195,0.00107143633067608,9934,9438
ZMB,Zambia,1981,1.596811056,198305,0.743273437,27429,0.00097328849369660,10786,10777
ZMB,Zambia,1982,1.626469851,195378,0.730804741,26115,0.00087407900718972,10738,11289
ZMB,Zambia,1983,1.65667963,191557,0.713338435,24783,0.00079434475628659,11202,11331
ZMB,Zambia,1984,1.687450409,187422,0.692871988,24037,0.00072659511351958,13304,12711
ZMB,Zambia,1985,1.71641469,183396,0.672227979,23997,0.00069561076816171,14940,13785
ZMB,Zambia,1986,1.738721609,179146,0.650140822,24650,0.00068961095530540,12852,11640
ZMB,Zambia,1987,1.761318445,175043,0.62744379,26134,0.00069217442069203,13896,11777
ZMB,Zambia,1988,1.784209013,170971,0.604281783,28562,0.00072416930925101,14182,12950
ZMB,Zambia,1989,1.807397008,166791,0.579042494,32227,0.00077658548252657,11533,10963
ZMB,Zambia,1990,1.830886364,163029,0.558723271,37589,0.00064424268202856,11632,10894
ZMB,Zambia,1991,1.88179481,158691,0.533903301,45155,0.00063288421370089,11964,10727
ZMB,Zambia,1992,1.934118867,154608,0.511053085,56725,0.00082535331603140,10233,10008
ZMB,Zambia,1993,1.987897992,151183,0.49350825,74552,0.00123117817565799,9710,9702
ZMB,Zambia,1994,2.043172359,147663,0.475406677,100322,0.00150567223317921,9376,9129
ZMB,Zambia,1995,2.099983454,144682,0.462609679,131285,0.00209821434691548,9614,9379
ZMB,Zambia,1996,2.093236923,142191,0.454694808,146949,0.00237033539451659,10697,10583
ZMB,Zambia,1997,2.086512089,140099,0.449375838,141178,0.00214806688018143,11467,11425
ZMB,Zambia,1998,2.079808712,138748,0.449514806,130402,0.00192767567932606,11037,11019
ZMB,Zambia,1999,2.073127031,138057,0.45389998,117776,0.00170584290754050,11386,11048
ZMB,Zambia,2000,2.06646657,138278,0.462931603,106110,0.00149709195829928,13663,13601
ZMB,Zambia,2001,2.08502984,139857,0.478426874,97316,0.00137029611505568,14472,14434
ZMB,Zambia,2002,2.103759527,141886,0.495732427,91628,0.00131659861654043,15381,15470
ZMB,Zambia,2003,2.122657776,144792,0.518872619,88466,0.00130107754375786,16598,17430
ZMB,Zambia,2004,2.14172554,146954,0.536319375,87071,0.00130960601381958,18288,18511
ZMB,Zambia,2005,2.160964727,148984,0.552268326,88022,0.00135830009821802,20885,21097
ZMB,Zambia,2006,2.173061371,151666,0.570135355,94639,0.00167697703000158,25010,24580
ZMB,Zambia,2007,2.185225725,155543,0.590801835,110743,0.00202545430511236,34364,32948
ZMB,Zambia,2008,2.197458029,160593,0.616362751,139809,0.00259306887164712,36308,35337
ZMB,Zambia,2009,2.209758997,165642,0.637227535,184490,0.00343899428844452,41178,39736
ZMB,Zambia,2010,2.22212863,171130,0.649498224,243632,0.00450403383001685,47824,44824
ZMB,Zambia,2011,2.27544117,178791,0.67991364,286585,0.00516618322581053,54185,51404
ZMB,Zambia,2012,2.330032349,185334,0.707004607,259719,0.00482405629009008,52392,50535
ZMB,Zambia,2013,2.385933638,194032,0.742622852,249709,0.00434872088953853,52247,50706
ZMB,Zambia,2014,2.443176031,205841,0.796484232,247105,0.00435140077024698,54233,52669
ZMB,Zambia,2015,2.501791477,222652,0.876893878,244475,0.00415583280846477,51739,51844
ZMB,Zambia,2016,2.561214685,237234,0.931158721,258709,0.00422035856172442,54487,54246
ZMB,Zambia,2017,2.60242486,254629,1,254629,0.00397842144593596,54565,53331
ZMB,Zambia,2018,2.644298077,269442,1.060874462,268554,0.00443808874115348,56531,55518
ZMB,Zambia,2019,2.686845064,285139,1.117711902,284111,0.00452260999009013,57695,56811
ZWE,Zimbabwe,1950,,,,,,,
ZWE,Zimbabwe,1951,,,,,,,
ZWE,Zimbabwe,1952,,,,,,,
ZWE,Zimbabwe,1953,,,,,,,
ZWE,Zimbabwe,1954,1.179989815,37664,,15476,,6207,6207
ZWE,Zimbabwe,1955,1.188661456,37038,,15158,,6370,6370
ZWE,Zimbabwe,1956,1.199262023,36629,,14964,,6956,6956
ZWE,Zimbabwe,1957,1.209957004,36273,,14764,,7686,7686
ZWE,Zimbabwe,1958,1.220747352,35956,0.5399037,14597,0.00098269723821431,7710,7710
ZWE,Zimbabwe,1959,1.231634021,35459,0.530190647,14362,0.00091905926819891,8715,8715
ZWE,Zimbabwe,1960,1.242617726,35022,0.522011757,14187,0.00085380865493789,9290,9290
ZWE,Zimbabwe,1961,1.254635572,34636,0.514985144,14008,0.00080053461715579,9850,9850
ZWE,Zimbabwe,1962,1.266769528,34071,0.505076826,13770,0.00074296415550634,9797,9797
ZWE,Zimbabwe,1963,1.279020905,33491,0.495110571,13517,0.00069278269074857,10003,10003
ZWE,Zimbabwe,1964,1.291390777,32954,0.486125499,13294,0.00065378082217649,9683,9688
ZWE,Zimbabwe,1965,1.303880334,32569,0.479793102,13128,0.00061417632969096,10684,10683
ZWE,Zimbabwe,1966,1.314876676,32272,0.475094169,13015,0.00057895900681615,10259,10483
ZWE,Zimbabwe,1967,1.325965643,32163,0.473538041,12973,0.00055545149371028,10499,10636
ZWE,Zimbabwe,1968,1.33714819,32248,0.475218445,13015,0.00053614366333932,9874,9885
ZWE,Zimbabwe,1969,1.348425031,32221,0.47498858,13021,0.00051739724585787,12451,12473
ZWE,Zimbabwe,1970,1.359797001,32380,0.477772325,13233,0.00050614058272913,15179,15210
ZWE,Zimbabwe,1971,1.381818175,32714,0.483601838,13443,0.00050178938545287,16562,16581
ZWE,Zimbabwe,1972,1.404195905,33138,0.490564704,13685,0.00049320620018989,18564,18578
ZWE,Zimbabwe,1973,1.42693603,33835,0.501969635,14024,0.00049097230657935,19363,19376
ZWE,Zimbabwe,1974,1.450044513,34768,0.517729819,14514,0.00049813324585557,21458,21471
ZWE,Zimbabwe,1975,1.473527074,35529,0.530483663,14911,0.00051414873450995,20988,21038
ZWE,Zimbabwe,1976,1.487130404,35860,0.535823524,15059,0.00051069649634883,20999,20996
ZWE,Zimbabwe,1977,1.500859261,35810,0.535022497,15058,0.00050144136184827,18867,18878
ZWE,Zimbabwe,1978,1.514714956,35520,0.529886723,14923,0.00046838188427500,20817,20816
ZWE,Zimbabwe,1979,1.528698444,35265,0.525422037,14830,0.00044358221930452,21792,21789
ZWE,Zimbabwe,1980,1.542811036,35211,0.525366604,14825,0.00042595679406077,23230,23137
ZWE,Zimbabwe,1981,1.574376106,35562,0.532190621,15242,0.00042668473906815,28450,28335
ZWE,Zimbabwe,1982,1.606586933,36019,0.53995049,16158,0.00044504826655611,30129,30042
ZWE,Zimbabwe,1983,1.639456868,36406,0.545599997,17474,0.00046406194451265,35152,35009
ZWE,Zimbabwe,1984,1.672999144,36478,0.546164274,19108,0.00050118047511205,33414,33277
ZWE,Zimbabwe,1985,1.707227826,36322,0.543079257,20672,0.00051412783795968,36791,36368
ZWE,Zimbabwe,1986,1.726314783,36269,0.541899145,22221,0.00053740642033517,38432,38065
ZWE,Zimbabwe,1987,1.745129943,36304,0.542301357,24284,0.00056741270236671,38701,37650
ZWE,Zimbabwe,1988,1.764150023,36486,0.545086622,27047,0.00061732705216855,45647,44616
ZWE,Zimbabwe,1989,1.783377409,36641,0.547481239,30552,0.00068332557566464,51696,50206
ZWE,Zimbabwe,1990,1.802814484,37265,0.557447374,35354,0.00078807002864778,55053,55948
ZWE,Zimbabwe,1991,1.840176702,38264,0.573414981,41464,0.00092747254529968,64364,66714
ZWE,Zimbabwe,1992,1.878313184,39013,0.58568573,48897,0.00108236446976662,57672,60957
ZWE,Zimbabwe,1993,1.917239904,39848,0.599567115,57707,0.00126106443349272,60028,61909
ZWE,Zimbabwe,1994,1.956973553,40683,0.613269269,66906,0.00140724808443338,66810,68020
ZWE,Zimbabwe,1995,1.99753058,41540,0.627779543,74931,0.00152756797615439,63552,66578
ZWE,Zimbabwe,1996,2.011583805,41663,0.630990446,78033,0.00152727612294257,72070,74204
ZWE,Zimbabwe,1997,2.025735855,41757,0.634537876,78267,0.00145922345109284,61974,63965
ZWE,Zimbabwe,1998,2.039987564,42247,0.643259466,78591,0.00141861254815012,54672,54892
ZWE,Zimbabwe,1999,2.054339409,42426,0.646560073,77896,0.00135159620549530,50697,51478
ZWE,Zimbabwe,2000,2.068792343,43976,0.682830513,80003,0.00132815202232450,42038,39853
ZWE,Zimbabwe,2001,2.105179071,45219,0.713659704,80884,0.00131657009478658,43647,45238
ZWE,Zimbabwe,2002,2.142206192,45645,0.726215839,80206,0.00131041090935469,38816,39116
ZWE,Zimbabwe,2003,2.179884195,46548,0.753319383,79982,0.00131091801449656,27843,27296
ZWE,Zimbabwe,2004,2.218225002,45529,0.733186245,76498,0.00121890008449554,25425,25570
ZWE,Zimbabwe,2005,2.257240295,43990,0.700954676,72194,0.00112212216481566,21571,21742
ZWE,Zimbabwe,2006,2.27985549,42606,0.672931552,67974,0.00102268939372152,17829,16355
ZWE,Zimbabwe,2007,2.302697182,41764,0.658695042,64417,0.00093979982193559,18717,18381
ZWE,Zimbabwe,2008,2.325767994,40660,0.637630641,60578,0.00085755257168785,13998,14506
ZWE,Zimbabwe,2009,2.349069595,41405,0.662652433,59030,0.00085654319263995,25335,26136
ZWE,Zimbabwe,2010,2.372604847,44040,0.728702724,59582,0.00090221932623535,27935,28501
ZWE,Zimbabwe,2011,2.415822744,46107,0.778722942,58952,0.00089327734895051,29628,30923
ZWE,Zimbabwe,2012,2.4598279,48841,0.837121427,46196,0.00069105258444324,34633,34892
ZWE,Zimbabwe,2013,2.504634857,50143,0.863860667,50279,0.00072660227306187,37015,37278
ZWE,Zimbabwe,2014,2.550257683,51796,0.897647262,48710,0.00068356469273567,37725,37860
ZWE,Zimbabwe,2015,2.584653139,53550,0.933270812,51969,0.00071036722511053,39961,39456
ZWE,Zimbabwe,2016,2.616257429,55167,0.966250062,54424,0.00072835630271584,41681,40864
ZWE,Zimbabwe,2017,2.648247957,56829,1,56829,0.00074208871228620,44672,44317
ZWE,Zimbabwe,2018,2.68062973,58553,1.032789946,58313,0.00074132502777502,44342,43568
ZWE,Zimbabwe,2019,2.713407516,59743,1.055221438,59396,0.00073283788515255,42325,41082