cntry.code,a1960,a1961,a1962,a1963,a1964,a1965,a1966,a1967,a1968,a1969,a1970,a1971,a1972,a1973,a1974,a1975,a1976,a1977,a1978,a1979,a1980,a1981,a1982,a1983,a1984,a1985,a1986,a1987,a1988,a1989,a1990,a1991,a1992,a1993,a1994,a1995,a1996,a1997,a1998,a1999,a2000,a2001,a2002,a2003,a2004,a2005,a2006,a2007,a2008,a2009,a2010,a2011,a2012,a2013,a2014,a2015,a2016,a2017,a2018,a2019,a2020,a2021,a2022,a2023,a2024
ABW,,,,,,,,,,,,,,,,,,,,,,,,,,,,,,,,,,,,30.95600677,24.84210526,24.31436907,27.08487085,20.6501297,23.7146427,19.18930861,12.20715893,14.64646238,17.24833362,-1.652954196,13.10423217,2.917363693,15.34510614,11.17491343,4.648618754,-1.240147758,5.750847588,6.98215053,10.71005339,14.98839958,15.52923708,14.31095118,12.34207625,16.72200145,1.355999297,9.935382414,17.20517866,17.56660108,
AFE,,,,,,,,,,,,,,,,,,,,,,,,,,,,,,,16.26007756,15.86980718,16.30607261,19.31834277,18.50681627,,,,,,,,20.64430966,20.79860168,22.50905697,23.0967815,23.99111974,23.80833914,22.37551609,18.59995786,21.09185629,21.50486963,18.55662554,17.98878509,18.23541159,16.99931674,17.79763007,17.77401938,17.49328114,18.85613996,18.83374124,21.14749892,20.6900433,20.12354829,
AFG,,,,,,,,,,,,,,,,,,,,,,,,,,,,,,,,,,,,,,,,,,,,,,,,,,,,,,,,,,,,,-2.737769441,,,,
AFW,,,,,,,,,,,,,,,,,,,,,,,,,,,,,,,,,,,,,,,,,,,,,,,,,,,,,,,,,,,,,,,,,
AGO,,,,,,,,,,,,,,,,,,,,,,,,,,,,,,,,,,,,,,,,,,,28.87681625,26.05546133,33.53600551,41.18765335,43.45458359,41.49897023,38.65885864,27.65787363,36.9873386,37.88854984,37.23299841,31.9785712,29.85796511,24.81755493,24.01749017,23.09966944,25.09992382,32.10299532,28.06598155,38.29084766,36.62240768,28.37050423,29.9213759
ALB,,,,,,,,,,,,,,,,,,,,,,,,,27.81122631,28.41000044,28.24256658,26.06075559,23.7252669,26.82826807,18.77775792,-10.95198896,-11.99358089,11.20820812,3.109843221,18.76175008,19.23703688,8.841585231,20.43471538,19.54214029,29.27782996,32.36919134,29.18838407,29.33397447,31.66423895,31.78878463,30.89470358,25.57671855,18.10295063,17.45233465,21.28972766,21.01247473,19.45280624,19.82514598,17.54782441,19.28428605,19.31983396,20.37591784,20.5134894,17.45293238,17.65979035,21.14962643,21.03459623,21.96512315,22.02146338
AND,,,,,,,,,,,,,,,,,,,,,,,,,,,,,,,,,,,,,,,,,,,,,,,,,,,,,,,,,,,,,,,,,
ARB,,,,,,,,,,,,,,,,,,,,,,,,,,,,,,,22.59131363,-2.515241109,,,,,,,,,,,,,,41.59968198,42.98546229,42.43190007,45.01152726,31.88948298,37.21622737,41.03813491,39.78735916,37.41795017,33.34667882,24.28540722,23.65415258,27.176346,30.29903121,28.83903272,21.71206746,29.69034309,35.94296285,28.76514426,
ARE,,,,,,,,,,,,,,,,,,,,,,,,,,,,,,,,,,,,,,,,,,,,,,,,,,,,,,,,,,,,,,,,,
ARG,,,,,,,,,,,,,,,,,34.04870673,32.50771111,30.13869344,25.21609673,22.98843021,19.88025687,18.35859879,18.53762718,17.62144462,,14.78339166,15.19774973,,13.63018238,16.04337523,13.56185603,13.65164279,16.25052791,15.64836245,16.51163227,17.13007736,16.66428243,16.12973433,13.66191638,14.3684377,14.21407282,21.34317688,21.73453301,13.78283487,13.70860973,21.41722954,22.23144417,21.1268024,18.3213663,17.33185579,17.33321655,16.20994513,15.19446637,15.90902761,14.3058273,14.62225497,13.06884858,11.39391541,13.69079544,15.01213532,19.41289511,17.21993712,15.89174178,15.19049747
ARM,,,,,,,,,,,,,,,,,,,,,,,,,,,,,,,,,,-5.439410551,2.568829778,-2.129917753,1.787588834,3.914112607,0.756174308,2.83405555,-0.92701688,5.411983631,10.24540583,16.34181182,19.7148351,24.30731792,28.54483303,28.60069263,27.90492035,14.04755666,13.20076305,11.09572276,14.09673279,14.83671978,13.28125722,18.45377743,17.87496536,17.17845791,15.55357577,10.28149122,15.65573239,19.66244765,22.50391092,18.97941812,20.67684581
ASM,,,,,,,,,,,,,,,,,,,,,,,,,,,,,,,,,,,,,,,,,,,,,,,,,,,,,,,,,,,,,,,,,
ATG,,,,,,,,,,,,,,,,,,,,,,,,,,,,,,,,,,,,,,,,,,,,,,,,,,,,,,,,,,,,,,,,,
AUS,,,,,,,,,,,,,,,,,,,,,,,,,,,,,,25.69343847,24.44789554,20.83626884,18.34223118,20.33148186,21.87765803,20.63664872,20.9000876,21.81416583,21.62820071,20.63059735,21.19590796,20.7475782,21.77997995,21.08294055,21.52108395,20.980012,21.65708048,21.36062346,21.89333971,23.99680945,21.77958919,23.23386376,24.28166862,23.8825387,23.55875705,22.61305413,20.61046358,21.66461088,21.50453553,22.12467778,23.44666015,25.45282444,25.09926777,23.98045973,23.13580811
AUT,,,,,,,,,,,,,,,,,,,,,,,,,,,,,,,,,,,,,,,,,,,,,,26.20273273,26.89865704,28.35292543,28.80793321,25.10067781,25.90193771,26.29281474,25.9001847,25.59176129,26.20947232,25.67554179,27.14334398,26.39603605,26.88136223,28.1223107,29.21211993,29.4764715,28.20557316,26.62891043,24.88376638
AZE,,,,,,,,,,,,,,,,,,,,,,,,,,,,,,,,,,,,7.281073793,2.104283941,13.82088385,6.618840981,14.47291912,20.0314553,23.66310648,22.71172854,26.03147235,27.54255759,39.70422683,45.08448393,45.36463669,49.94312191,40.36763552,44.73031565,46.79376664,44.2703392,42.75954442,40.74665304,28.12190501,22.60014842,29.02570834,32.14957553,28.57354797,23.56898183,32.53152006,42.05198776,29.40667547,27.36784576
BDI,,,,,,,,,,,,,,,,,,,,,,,,,,10.26366145,8.634556173,14.19536626,8.564358927,14.39249175,8.70394136,11.68151404,5.143710486,12.11157647,5.417275125,6.017278401,3.737557297,6.040746122,0.665303319,2.418028682,1.32796785,1.489883647,4.200173483,6.755630908,6.587317715,15.34942446,8.007473853,7.337433566,-1.504730952,9.854534026,3.213134338,1.951730318,10.8824793,3.932523024,-0.50076352,12.12644067,7.257584592,7.378705279,5.517801067,9.661647325,10.64926035,12.5667161,9.97861939,11.06050511,
BEL,,,,,,,,,,,,,,,,,,,,,,,,,,,,,,,,,,,,,,,,,,,26.37176775,26.22422856,27.19434758,27.31682217,27.84800097,28.77958487,27.42734119,24.75169418,24.39941141,23.35533511,24.22484818,23.80638575,24.03959079,23.96002586,23.66207912,23.94646292,23.78136708,24.80204599,24.98921591,26.29672924,25.57201507,24.76619686,23.99572199
BEN,,,,,,,,,,,,,,,11.10189064,10.14933463,11.21581482,13.61510053,10.50405423,12.64138757,4.172430599,-3.251559235,13.22154631,8.192516433,7.516613329,2.634223486,4.137374051,4.357862683,0.770432596,4.514204625,9.688373738,10.75654139,9.575206416,9.685313337,14.50610147,15.89711154,15.24389133,16.18785118,15.79857524,12.45653047,12.68387917,13.27892181,13.61328875,11.366391,13.25686578,12.19092972,12.46486564,14.04519041,12.64174075,11.45438675,11.38726242,12.12585154,13.53316774,16.28315595,18.60437868,14.09786458,17.95183741,18.25300624,20.34730099,22.22448134,21.5767231,22.84294641,28.58963038,30.15465625,
BFA,,,,,,,,,,,,,,,,,,,,,,,,,,,,,,,,,,,,,,,,,,,,,,5.853700031,6.313850631,10.16890261,9.604478155,11.49202764,15.8387096,17.4955996,18.06330139,14.39043325,13.38918106,11.85934407,13.45074892,14.77021288,17.10798054,16.84415958,20.55645546,17.04935172,15.03317757,15.26308356,
BGD,,,,,,,,,,,,,,,,,-0.840906616,10.03992261,5.704443543,7.076281516,8.332931314,21.14318205,23.52848225,23.09953972,16.29489054,21.52029364,22.77606457,22.62537719,22.19589584,22.34616801,23.02441186,22.56040592,21.99400383,20.90120214,22.41716006,22.14615449,23.13879408,24.3974787,25.83405473,26.65995682,27.79745769,28.42229043,30.74917643,30.1645967,31.57740067,32.35940726,35.34119094,36.31746258,37.3818778,38.97639392,38.78177393,38.05948979,40.59957945,39.74538771,37.7792322,36.73095598,37.2802992,35.28520315,35.4590395,36.35360242,37.18886621,36.05117423,33.94946441,34.90435986,34.36946163
BGR,,,,,,,,,,,,,,,,,,,,,29.67663138,36.06154289,34.92468893,33.76231779,35.32927703,31.84968385,32.12167163,30.33316635,32.67718692,28.8254942,14.65501668,17.61175446,12.90753431,6.215529809,8.507655594,25.56501802,9.956693827,21.35471948,25.19022994,16.11100394,13.4837989,15.72154072,17.98515341,16.80983174,16.97701534,16.75685344,14.94467914,9.630810866,14.78448817,19.62719634,21.18534012,22.4278687,22.27243981,23.89253936,23.18470587,22.04957225,23.67598753,25.02075046,23.41001446,24.04725055,20.684378,20.45812983,20.19081124,20.55108917,18.86549825
BHR,,,,,,,,,,,,,,,,,,,,,44.91792422,47.92227161,44.10147935,43.06513399,37.23269271,30.16729286,20.05362735,21.88658517,27.33594306,20.94680364,31.81860167,13.66038124,10.58467062,10.12914008,14.56949724,16.39268939,16.36490163,14.92062954,7.78405474,6.469048443,25.73325113,18.23996125,22.82781745,25.54748531,24.10547562,35.96634878,42.20862228,48.08899844,43.72616375,28.58593099,31.46561568,26.80430012,36.38297758,33.32741139,31.32636522,23.78107038,23.88250713,29.6481178,29.40759814,33.66045088,28.2418032,34.46448953,39.30955022,35.10834135,
BHS,,,,,,,,,,,,,,,,,,15.8345021,9.634790966,9.615729986,15.76424773,13.18611987,19.73008934,21.45660203,13.71319387,17.01641819,16.95854398,17.49078546,,19.80764206,19.03411244,14.518379,19.38887102,17.06241915,16.41485118,31.78619131,39.57787753,28.81958701,27.55245697,33.83285089,32.68491061,28.74391518,32.12153958,31.20227641,32.70077491,29.83435758,26.5970641,27.79379828,26.58745439,25.34632477,23.44835852,20.56865383,20.83821499,20.98495508,21.05033316,20.90239397,22.83450363,16.93730241,15.60782071,21.78036786,8.754310326,9.377051232,19.76151008,19.92133674,
BIH,,,,,,,,,,,,,,,,,,,,,,,,,,,,,,,,,,,,,,,,,12.61173948,8.880810057,6.492283395,3.679119003,12.90195296,7.843475247,10.84463734,13.28057584,11.45020361,9.479685023,8.649027413,7.990085289,6.644585462,8.657921383,9.552766931,11.74786426,13.48257534,15.5979,18.22392609,20.14239542,17.85749035,22.09538173,23.06219997,21.98332979,21.56743688
BLR,,,,,,,,,,,,,,,,,,,,,,,,,,,,,,,,,,25.70144654,20.10931483,20.86302093,20.17050756,23.02845024,22.86669695,22.80227186,24.41214461,21.71755992,20.63571842,22.87737405,26.89887092,27.95562143,29.55825726,29.13438649,30.50207497,26.04015024,26.85527846,32.72210562,31.23650362,28.43710947,27.46929571,28.90847742,26.40345526,28.01703694,29.15847299,27.82237691,27.46949623,29.66290201,26.43368116,26.55678432,23.36572866
BLZ,,,,,,,,,,,,,,,,,,,,,,,,,60.6916859,58.60492604,61.95912151,62.51073417,60.31033136,60.70903523,59.75509458,57.89649975,31.41113106,32.51643754,27.85781432,28.09678286,25.68857613,18.9831177,16.87982249,18.20658454,22.73157027,16.18170111,14.38053273,12.24715138,13.70698658,16.79611686,22.55186988,21.88113883,20.28704829,21.1278355,18.5898777,21.32375445,19.69291791,17.78324548,17.95459596,20.25912135,20.81380741,18.21381407,15.38352864,15.92643291,22.69502622,22.43866302,19.11506593,21.96925171,
BMU,,,,,,,,,,,,,,,,,,,,,,,,,,,,,,,,,,,,,,,,,,,,,,,,,,,38.49410768,36.95064272,39.40631633,40.04899793,39.63328329,39.94720496,39.31975329,40.48283833,40.34162425,38.44677842,39.2761223,41.96552811,43.57744834,43.03866275,
BOL,,,,,,,,,,,,,,,,,16.33160773,14.67149781,14.86928539,14.62143886,14.18536927,10.53036548,8.624007812,12.75101405,12.15789834,10.1611711,3.770619408,4.770287394,6.792827162,8.613772468,9.54598823,8.884363691,8.480554717,7.798747524,10.19956584,11.16878664,12.06921196,12.58213849,12.82216146,10.65747072,11.01508839,11.25623261,12.29706715,14.48571969,17.04664635,19.88248341,26.58224479,28.63609751,28.98328097,22.89988725,24.8491395,26.31741757,25.69405643,23.89093966,20.78947784,14.21692538,15.42005142,16.05702893,16.12778626,14.19492888,12.48226446,13.84904572,13.93948186,12.02069073,
BRA,,,,,,,,,,,,,,,,20.62243127,19.16298454,19.763868,19.5403653,18.32136235,17.68957929,19.03980402,15.87780747,14.275817,17.48867873,20.18363203,17.90151585,22.66060326,25.65368371,35.80855575,18.95585718,18.73297946,20.19838358,20.25436122,19.11504036,14.43936271,14.04132102,13.71115857,13.89045294,12.73690145,13.99170313,13.59459738,15.40587227,16.41794181,18.85501886,18.11409553,18.40981631,19.34636031,19.22684666,16.38036502,17.80239935,18.60126643,17.67810852,18.15169083,16.13440499,14.52934718,13.42175302,13.57776969,12.70741995,12.25079583,14.79332919,17.15647976,15.82679788,14.97675856,14.47102679
BRB,,,,,,,,,,,,,,,,,,,,,,,,,,,,,,,,,,,,,,,,,,,,,,,,,,,,,,,,,,,,,,,,,
BRN,,,,,,,,,,,,,,,,,,,,,,,,,,,,,,,,,,,,,,,,,,51.7876968,54.51622383,56.94785693,56.77064808,63.94145619,66.20859693,61.73920997,69.4925915,58.28798891,60.15154533,63.78580689,62.90408096,60.27941287,59.80763673,57.11826872,56.41157948,55.33642051,53.21330095,53.53172078,50.88599476,49.73434093,50.38063521,45.87134468,47.53900124
BTN,,,,,,,,,,,,,,,,,,,,,,,,,,,,,,,,,,,,,,,,,,,,,,,54.01264505,42.11195548,35.43988803,35.29072676,37.03494706,42.43636993,50.68589439,43.9906377,35.13793133,27.06928191,32.49786746,32.9057331,31.90639511,30.79018902,24.44243669,23.96451343,21.03913816,17.58946105,
BWA,,,,,,,,,,,,,,,,20.25509174,21.66924266,22.23537432,22.7835157,29.80395244,27.43314536,28.84807864,27.39581864,28.90694923,25.35303005,32.42886495,36.24708594,38.70283461,49.81905959,47.47929985,41.64781968,44.99639367,41.39850707,43.73922912,29.32231796,29.00824897,36.9132285,37.49151689,40.52701838,39.691031,39.44143735,43.39317717,31.4345614,35.67831753,34.27037293,40.4367157,41.34629674,44.51610407,37.08852845,27.42400043,32.0369221,38.61497238,36.87433628,29.92246645,36.44266373,31.3073044,30.12627879,30.79621542,26.82945432,31.5119489,24.18793264,32.05561177,36.68331598,35.5750514,
CAF,,,,,,,,,,,,,,,,,,7.829275752,6.922911561,7.518815991,1.605727166,8.13782706,0.970862077,7.382907531,7.063254382,11.47033026,8.630921643,8.334571166,10.56779283,11.95671597,10.87964052,9.541179724,9.840439183,12.52460798,15.0921291,,,,,,,,,,,,,,,,,,,,,,,,,,,,,,
CAN,,20.41426676,21.65676046,21.8337431,23.02582583,24.04615353,24.49686094,22.64392361,22.05526057,22.02901645,21.21200183,21.28712369,21.31871934,23.39599958,24.28776643,21.24043106,21.88376312,20.59888891,20.29922159,22.05140429,22.1704765,22.49208796,19.90001973,20.05243336,20.91206703,20.53419195,18.96702054,20.16679235,20.96099338,20.13847562,17.75989076,15.14220788,14.05691765,14.88382795,16.98299018,18.94959481,19.46156758,20.19673402,19.77421428,21.09588678,23.77462807,22.63548905,21.7247372,21.94377715,23.66050407,24.45175414,24.61727708,24.40431956,24.24740931,18.52001347,19.3125301,20.85710941,20.91795123,21.5972984,22.14849389,19.56936363,19.14645457,19.84528099,19.58293123,20.26163399,19.461889,23.3033852,24.35491714,21.93725504,21.39228586
CEB,,,,,,,,,,,,,,,,,,,,,,,,,,,,,,,,,,,,22.52268759,21.04260306,21.31191439,21.49309699,19.80909514,20.13039224,19.99623813,19.16035701,18.45730523,18.03362812,19.03168361,19.58834199,20.34398531,20.62405121,19.65859854,19.29339719,20.24545838,20.12078765,21.24605953,21.98492754,22.65729941,21.86510833,21.94770351,22.07080406,22.59655406,22.54605146,22.39723766,20.97544971,22.25401956,20.53461586
CHE,,,,,,,,,,,,,,,,,,34.35448654,34.75012955,34.37308604,34.57301508,35.60320671,34.35673517,33.7433316,35.83788366,36.17451464,35.36758948,34.83295255,36.57550689,36.53133905,36.13419964,34.16269269,32.17444344,32.60975094,32.48042386,32.79706425,32.10385688,33.39080769,34.23724433,34.34713133,37.55525893,34.42705412,32.57728348,36.39187068,36.61781485,38.69129776,40.59324182,35.76243845,28.75065901,34.59957069,39.35441249,35.27082697,36.23098038,35.56364461,33.42075236,34.8318008,33.65321279,31.82193398,31.38751684,31.09476335,30.37698981,33.20273925,34.53735424,32.74986416,32.3690705
CHI,,,,,,,,,,,,,,,,,,,,,,,,,,,,,,,,,,,,,,,,,,,,,,,,,,,,,,,,,,,,,,,,,
CHL,,,,,,,,,,,,,,,,9.814850837,15.92549351,12.61732406,14.06445976,14.09018817,15.64501203,9.642655626,2.922445972,7.109657092,8.442297471,10.33481107,13.51078115,19.15121862,23.21520388,24.2894796,24.32907764,23.44805705,22.80719455,22.26821231,22.12049815,24.62057482,25.3183264,25.07635977,23.39498113,22.48331626,22.50172429,22.95400688,23.12168971,23.53782859,24.42773319,25.13020975,27.64988104,27.43423101,24.14920779,24.27693725,25.62769375,21.68612149,23.46866209,22.66631815,21.67947948,22.73386142,21.08780703,19.84212512,19.60370906,19.67640063,19.08554868,16.6584839,16.8882622,20.1657763,21.75907302
CHN,,,,,,,,,,,,,,,,,,,,,,,33.74012185,33.08640033,34.82908233,35.21368378,35.18523453,37.16836038,37.91405855,35.81360488,36.62282756,38.42797258,40.52621485,41.59445678,41.56418006,39.38126368,38.58132848,39.54693448,38.17664538,36.39283979,35.58264744,37.07755858,38.66092156,42.16092248,45.37157945,45.54170566,47.7875413,49.79065493,51.26556675,49.87358759,50.79512599,48.64106223,48.19562337,47.03634602,47.27362382,45.10160538,43.8678664,44.32025528,43.77157642,43.29259973,43.49986335,44.67993871,44.83357106,42.48721346,
CIV,,,,,,,,,,,,,,,,,,,,,,,,,,,,,,,,,,,,,,,,,,,,,,-18.75292344,-18.2668801,-19.90297447,-13.9842172,-12.23455871,-11.36763315,-12.44902869,-9.90077029,-8.314578659,22.78909982,22.43247102,22.43146757,19.2374427,17.86864201,18.90938405,17.74787182,19.05099755,19.40842933,,
CMR,,,,,,,,,,,,,,,,,,4.10184384,18.2519466,15.57102318,5.228034771,9.510942033,23.34697993,21.3557874,24.76338332,23.33284435,23.87331825,18.94135744,19.71795363,17.78584801,16.18676865,15.41913885,11.06610648,16.08226978,18.03808464,19.68505112,16.40313793,17.55822115,17.33548684,16.54237921,14.38148472,12.15782486,11.91175614,14.19098559,16.91747745,16.87037517,19.32032196,18.88596301,17.51653491,16.14105029,15.29820401,15.5227665,15.11635543,15.33380841,15.22438584,14.31569393,16.45689413,16.28938373,15.70784986,14.39992115,13.34861877,13.93962806,15.60578885,15.36967992,
COD,,,,,,,,,,,,,,,,,,,,,,,,,,,,,,,,,,,,,,,,,,,,,,7.362421753,11.8250329,13.0705812,3.453186646,8.543636163,19.94035795,19.16813834,8.1580008,12.53924975,15.39313469,12.30906285,10.85437233,21.6499453,15.84159521,14.48770795,22.441779,26.45907905,26.9110511,29.46731168,
COG,,,,,,,,,,,,,,,,,,,8.129910081,17.91013447,26.12098435,25.04728798,39.25060045,36.13413773,40.48752461,24.87331121,18.34994921,24.99591799,5.351777056,14.59950074,31.77735958,17.57838975,32.33210207,21.21146426,28.8079533,-2.301749668,-0.209248289,9.274813012,6.024347448,17.68209574,36.17262974,22.02523532,23.5482737,30.74157345,17.04504335,32.69808848,42.00490423,33.3484708,43.49245367,40.19205721,54.04430634,50.08982623,57.50172585,57.85018012,56.63817358,39.54349173,24.86953979,,,37.57940161,36.29299511,31.65602764,,,
COL,,,,,,,,,16.89458099,15.95031317,17.04502207,13.55889371,16.70522468,18.81620747,19.27650708,16.70735599,18.7228326,21.02405782,19.96043295,19.24506304,19.44924874,16.39144254,14.15859889,14.39888438,15.05013963,16.84428805,22.08904671,21.31223286,22.42755668,20.61599795,20.88099902,22.9369714,19.08533876,17.90265318,19.10141518,18.50708754,15.10932615,13.49826605,12.87348161,13.5396342,13.57496867,12.83463539,13.92546062,15.39649531,16.8283644,18.4240691,19.01077229,18.63864987,19.56820861,18.66999664,18.45591353,19.34555643,18.37132843,18.18979935,18.15609511,17.36986727,17.47785728,17.10212763,16.36558246,16.17890591,14.43746022,13.73057369,12.38434018,12.66805532,13.82206416
COM,,,,,,,,,,,,,,,,,,,,,5.612753528,12.45054373,9.432133262,9.062354426,15.02726928,15.29314084,10.02558421,11.4210651,11.64934735,13.13023601,10.20689066,9.489899108,10.65864901,12.35203294,13.80934467,9.637520357,,,,,,,,4.425297772,6.840510104,8.559628634,10.45837488,12.7926145,11.80705058,13.87334643,13.84301973,10.80084291,12.03106146,,9.819689118,13.4766404,8.212049952,11.3771508,12.20801706,10.35397929,10.03689452,13.09681155,12.98840347,9.896760826,
CPV,,,,,,,,,,,,,,,,,,,,,,,,,,,,,,,,,,,,,,,,,,,,,,,,36.91022608,37.32185296,33.33793353,34.61186307,34.07204452,29.06873328,29.20589665,26.60912701,28.52076844,28.05334347,25.59090523,25.55283655,24.76160468,17.54797763,17.57376417,19.13932114,16.82996008,19.60890796
CRI,,,,,,,,,,,,,,,,,,16.72411513,12.86644178,11.63624504,12.06093104,14.32390299,13.48722163,15.02751158,18.71158581,22.51601649,23.29469234,21.41881378,20.91545387,18.69660588,19.35723104,13.1788883,14.61496694,13.09986161,15.24440543,15.89226673,14.1387856,15.72937424,17.4392312,15.74408163,15.77078385,16.57293818,14.35721451,13.41997416,14.88080092,14.1790465,16.44709007,17.11700579,15.24235568,15.78180484,15.8017129,13.79904613,13.83798942,13.83453196,13.49578081,14.62254544,15.88073705,14.24370903,14.38364295,13.89099065,14.88460902,14.52964795,13.94608331,14.30837978,14.74210756
CSS,,,,,,,,,,,,,,,,,,,,,,,,,,,,,,,,,,,,,,,,,,,,,,,,,,,,,,,,,,,,,,,,,
CUB,,,,,,,,,,,,,,,,,,,,,,,,,,,,,,,,,,,,,,,,,,,,,,,,,,,,,,,,,,,,,,,,,
CUW,,,,,,,,,,,,,,,,,,,,,,,,,,,,,,,,,,,,,,,,,,,,,,,,,,,,8.232530137,6.350053159,7.326728676,9.330842131,12.22517882,12.27320684,8.162537812,10.59313041,,,,,,
CYM,,,,,,,,,,,,,,,,,,,,,,,,,,,,,,,,,,,,,,,,,,,,,,,,,,,,,,,,,,,,,,,,,
CYP,,,,,,,,,,,,,,,,,16.62787496,19.35920648,18.30398139,23.41425894,22.47480219,22.52037804,21.99851845,19.98391697,23.41769902,23.21727387,26.90602092,25.76364696,24.59943735,26.33699096,23.09605607,17.15716658,18.55622738,24.77692755,25.95735121,21.12904382,19.32363512,17.54056073,24.98357897,17.69925284,16.04960159,15.68547411,17.31592213,17.93671887,17.08483327,16.97710979,16.86392607,12.85190994,13.88169253,15.84440053,13.03965646,16.34863662,12.07310155,11.05881862,9.178120353,13.05352598,13.10383517,15.37495814,15.06383623,13.98348629,10.96015851,14.13776464,15.0631938,10.77892763,10.64862187
CZE,,,,,,,,,,,,,,,,,,,,,,,,,,,,,,,,,,29.17209138,29.65268443,30.98218205,30.11649863,27.66918908,29.73494481,28.32208037,28.64688572,28.59989566,26.68743447,25.23296291,25.72606176,26.51858528,26.06261027,27.5389663,26.77020424,22.87244524,21.73832748,21.9464159,23.52734748,23.66498759,24.82364805,25.65927545,24.76189022,25.72767405,25.58134096,25.75163279,25.85687037,28.52565272,27.28383518,30.92837624,27.77619955
DEU,,,,,,,,,,,,26.49103352,25.33298508,25.05706659,23.90408999,20.40339956,20.91833904,20.62822192,21.52272028,20.97662771,19.76197165,18.399427,18.70849437,19.2737211,19.88907313,20.68160554,22.18195819,21.35174797,22.52089282,23.5216723,24.76364297,24.37042568,23.95756254,22.86324498,23.00875242,23.42399167,22.98597748,23.07079371,23.52386684,22.54980666,22.39619756,22.56424663,22.10152797,21.06842632,23.53634078,23.36940362,25.7170401,27.46552486,26.46632381,23.8128786,25.25815982,27.56166649,26.67258842,26.520764,27.39458457,27.58112506,28.6637497,28.60386073,29.93919401,29.20833115,27.98384149,29.37425853,27.41704302,27.56776775,26.99387129
DJI,,,,,,,,,,,,,,,,,,,,,,,,,,,,,,,,,,,,,,,,,,,,,,,,,,,,,,26.15665768,24.32462359,25.51386092,20.93569225,16.83755333,17.4988354,20.53967118,11.3374887,9.188578611,7.822577442,15.17501114,9.366759257
DMA,,,,,,,,,,,,,,,,,,,,,,,,,,,,,,,,,,,,,,,,,,,,,,,,,,,,,,,,,,,,,,,,,
DNK,,,,,,,,,,,,,,,,21.27466122,21.14363119,21.8300122,22.16081991,20.46711891,18.48178876,15.8999335,15.77376646,17.42044724,18.98530516,19.09516257,20.39223716,21.19505473,21.13379672,21.4660925,22.5832075,21.58396159,22.01233903,21.96842811,21.66156717,22.79971279,22.89218935,23.79711661,23.41510427,24.24592737,24.89423097,25.85184867,25.16880261,25.15817531,25.75338719,26.22319085,27.45732306,26.54086606,26.8908923,22.62782169,24.22152815,25.33581667,25.28513455,26.72297861,28.53694272,28.49903011,28.76650435,29.27942764,28.83727248,29.33080364,29.98819132,32.27773912,36.35263467,32.6597046,34.66670326
DOM,,,,,,,,,4.540821055,7.265339293,10.64779562,9.080029583,19.87864325,19.25310973,15.01216492,22.1873346,18.46223222,15.89399344,16.15308107,20.30961773,10.81769395,13.99179953,10.44917458,11.48724493,8.801569717,13.43826041,16.69949897,16.37979273,21.42932784,18.70176014,16.16220868,13.94843111,11.85354295,16.03990214,18.31689634,17.94657902,19.61309495,21.09357498,25.83107707,24.71339634,23.12988199,23.6970744,23.79840514,23.63248294,24.76589779,21.99891007,23.0203508,22.69907311,20.0358412,18.05666841,18.35863173,16.91265818,17.27238112,17.93844498,19.21974242,20.93702545,21.21859962,21.20506169,24.07844021,24.14587433,22.92902194,27.07870331,24.85661694,24.13861248,23.49744094
DZA,,,,,,,,,,,,,,,,,,31.52025583,33.98083715,36.66209983,39.37476941,36.8866273,35.53709011,36.52502863,30.61771284,29.39890661,21.779972,21.34692708,16.97597335,17.49185001,23.97768812,32.25932247,,,,,,,,,,,,,,50.72330145,53.69066129,55.8066955,56.61939223,47.95155054,51.22469178,49.9884991,48.72145816,46.60919213,44.68161381,39.04742457,39.76616466,39.50714315,40.47078677,38.47101262,33.33708651,38.28871979,44.0735633,40.56387784,
EAP,,,,,,,,,,,,,,,,,,,,,,,31.67815461,31.8155236,33.09450465,33.23258882,33.09555136,35.29061334,36.04293692,34.52090759,34.92977227,36.4236734,38.33122962,39.71099311,39.81845793,37.8274141,36.94194612,37.79545802,36.43564174,34.47415911,34.61414838,35.77167945,36.8620795,39.66993769,42.40285283,42.90305171,45.00626475,46.66171219,47.9990971,46.72393897,47.88886404,46.18014812,45.48622876,44.36677891,44.5524795,42.57594017,41.58198034,42.12296152,41.64602748,41.11811755,40.8862084,42.03720273,42.49673074,40.53110815,
EAR,,,,,,,,,,,,,,,,,,25.37796988,22.90678366,24.25877588,24.67220002,24.3508795,22.29643647,22.30997701,21.65342347,22.14059095,20.02755428,19.96482192,20.4020872,20.19779548,20.80707508,20.14995009,20.65191384,21.44016679,21.98041173,22.84108771,23.76260362,23.79088901,22.74615997,22.61632105,24.23339704,23.24825508,24.20135465,24.8043682,26.26209084,28.19248406,30.02684364,29.95761131,30.14252759,27.29745167,28.69010789,28.78820326,28.15359475,26.97471019,26.13806114,25.0596978,24.9109923,25.63019859,26.30178854,25.66215407,24.23588506,26.31673196,27.09989071,26.33834837,25.64106377
EAS,,,,,,,,,,,,,,,,,,,,,,,,,,,,,,34.26337731,34.52497332,35.42179241,36.68093008,37.92405457,38.18918818,36.50903576,35.13292302,35.71450753,34.71939039,32.88635652,32.85570121,33.0357776,33.42332428,35.27000636,37.24748634,37.46801148,38.87010334,40.04413507,40.3945129,38.96118437,39.95841939,38.7863829,38.21784602,37.58809881,37.82443673,37.1641084,36.60721463,37.19339396,36.69006463,36.3181575,36.15722011,37.39535799,37.21229157,36.14916905,
ECA,,,,,,,,,,,,,,,,,,,,,,,,,,,,,,,,,,,19.27667835,18.51480845,19.92415735,18.85595193,21.92109599,20.07964039,21.01744764,21.79235214,23.14665633,21.94607226,23.63015573,25.29008098,26.54133888,25.45097876,26.11409313,22.9700723,23.22316289,24.40527487,24.10608502,23.82455905,24.58570549,24.93295925,23.87332243,25.02356228,26.68297645,25.21597474,25.23769151,27.64774992,28.4795727,25.35868756,23.45530778
ECS,,,,,,,,,,,,,,,,23.7186728,24.09654248,24.28032329,24.58072475,24.44277882,23.30585018,22.08528219,21.66534838,21.791872,22.52182575,22.81897289,23.30982441,22.30441029,23.30725647,23.39102252,22.92783884,21.99753575,21.0660738,20.67269856,22.05593092,22.4573265,22.31132692,22.28677514,22.5640731,22.78951186,23.79507537,23.44872912,22.78911746,22.43628109,23.18294544,23.6120615,24.33981253,24.52297149,23.43438531,20.86007454,22.06355971,22.92229254,22.38025158,22.17421554,22.64762417,23.09105448,23.08885245,23.72231831,24.41072479,24.476588,23.58944125,25.87619268,25.40181513,24.73740356,24.31387149
ECU,,,,,,,,,,,,,,,,,17.87942703,21.20039677,20.858797,19.87639035,21.38454498,21.7692436,13.74520173,15.85792764,14.06970549,16.88532148,15.20346505,11.75806385,12.75125492,13.41719769,17.76415141,18.26716437,21.57444729,14.78189876,15.34660032,14.51228953,16.76108116,16.91823672,14.94017652,22.07335839,26.62575838,18.81905494,17.81239431,18.04265231,18.97064697,22.90560347,26.51469569,27.35170254,30.48745791,24.8835098,24.81680206,27.59569785,27.05603588,27.26695405,26.55440512,20.62572277,21.25937376,22.08095848,21.19047755,20.76470487,19.81319775,23.60096663,24.26395356,22.39506895,23.90913193
EGY,,,,,,,,,,,,,,,,,,20.80630896,24.40660882,22.5631025,21.31432199,22.1202478,22.05692867,28.03386645,27.64762944,22.85561283,20.25939563,25.99051456,27.36584249,26.35765178,31.68412035,34.92790116,35.47563055,31.62502784,23.92662811,22.24344196,18.75182982,17.73693983,18.95935978,18.89514421,17.58387342,18.61067103,18.4079876,18.64809581,21.11221925,21.83821092,22.97673628,23.5552982,23.62350084,16.83984206,17.95038894,16.86871826,12.87821102,13.68322162,11.8849608,9.593464708,9.710041522,14.06573965,17.99868398,17.77285361,16.27658853,13.89465247,15.59118266,14.79044494,
EMU,,,,,,,,,,,,,,,,23.74739767,24.04567219,23.79360493,24.22094206,24.03959787,22.93465444,21.12201003,20.78466797,20.93840239,21.51067722,21.66457626,22.62974865,22.23316259,23.24275412,23.57371902,23.7310736,23.07856641,22.27569848,21.63317382,21.85986384,22.90720214,22.68666051,23.23162501,23.4511831,23.08658386,22.93101477,22.93492121,22.5930612,22.07462185,22.98949327,22.96722496,23.83347376,24.49381601,23.24464855,21.0954676,21.68887873,22.53033847,22.15674869,22.41128538,22.92888436,23.32065321,23.9779503,24.32188889,24.94201492,25.19772203,24.02473444,25.98012443,24.58606291,24.52109144,24.19689247
ERI,,,,,,,,,,,,,,,,,,,,,,,,,,,,,,,,,68.47543365,41.2689035,54.39376713,19.10630212,18.91164644,35.10262682,6.293299486,17.3169979,15.82071947,,,,,,,,,,,,,,,,,,,,,,,,
ESP,,,,,,,,,,,,,,,,25.09709843,22.51684097,22.93129862,23.53629271,22.57338414,20.48208297,18.48728764,18.56172745,18.394813,20.07741762,20.87577755,21.79217711,21.69117198,22.8367175,22.29929298,21.80613384,21.1990503,19.34531441,19.19048155,18.7066558,21.31568946,20.99727962,22.07160221,22.71985319,22.30072381,22.37254041,22.11871214,23.00336988,23.65654904,22.82335742,22.12724279,21.71054093,21.02733028,19.58934706,19.27715578,18.72696199,17.99783746,18.64942258,19.4986354,19.91388515,21.41575897,22.20967458,22.36425724,22.58300724,23.03593007,21.42229973,22.64134199,23.0054599,23.65709534,23.49704811
EST,,,,,,,,,,,,,,,,,,,,,,,,,,,,,,,,,,19.9773018,16.54023663,19.03956769,20.37718677,19.05447535,21.72573772,21.17784707,23.77095641,23.14473319,21.94931386,21.92319267,22.24194746,24.25003742,24.58844547,24.3485039,23.44206429,23.75381229,23.3600847,26.78064233,27.19791843,27.07670923,27.49730079,26.41037477,26.00325328,28.26979066,28.39885197,28.36229803,27.14787526,27.54068055,25.82685059,23.25893965,23.89221618
ETH,,,,,,,,,,,,,,,,,,,,,,,,,,,,,,,,,,,,,,,,,,,,,,,,,,,,32.55827582,30.91225561,28.33476359,31.45033178,29.52215954,31.03503048,26.20608283,33.1635429,29.01906723,27.12910608,25.07857436,21.53264583,,
EUU,,,,,,,,,,,,,,,,23.81325161,23.97748808,23.6093789,23.99002515,23.804481,22.78974945,20.99835193,20.62422513,20.89899846,21.58617559,21.70817763,22.65602536,22.31373341,23.28453113,23.61398027,23.63160545,22.90779366,21.98290428,21.39107155,21.7826341,22.90282921,22.5699806,23.069786,23.3104462,22.95624614,22.86624383,22.89402811,22.47683584,22.02842071,22.77757378,22.86795098,23.81017898,24.4553367,23.40632505,21.2165337,21.80277528,22.63465657,22.23521112,22.54587312,23.08699116,23.48642069,23.99131143,24.32594161,24.8677128,25.24597469,24.27459301,26.08588251,24.87563078,24.81960947,24.45181411
FCS,,,,,,,,,,,,,,,,,,,,,,,,,,,,,,,,,,,,,,,,,,,,,,,,,,,,,,,,,,,,,,,,,
FIN,,,,,,,,,,,,,,,,30.5482357,28.91183203,27.67355892,28.06885294,29.65783964,30.41012049,29.27644045,27.95408785,27.60632599,28.24899454,27.33586645,27.06157681,26.5934497,28.88115765,28.30410966,26.58064962,19.29773611,16.88175546,17.60244622,20.57723567,23.70912561,23.21493841,26.4027481,27.64458768,29.15890278,31.24495612,31.96628201,30.91062506,28.02258965,29.5980891,28.60692969,28.64482149,29.94225192,28.22912139,23.77688545,24.09170806,22.98037379,21.33098945,20.45075281,20.63219248,20.73348009,21.32798306,23.51253808,24.0608478,24.35755669,25.5173042,25.11813731,24.85730872,22.20099538,22.39379282
FJI,,,,,,,,,,,,,,,,,,,,,29.46440963,21.70067629,18.47889466,15.73727844,17.46054828,20.40659301,22.14793246,18.2997071,19.66631333,13.65468465,5.846237447,9.304397664,7.447099728,7.916872151,7.704455501,10.00817421,20.89265868,21.11803089,28.4559449,24.20614037,22.51396087,17.26988717,27.48774172,24.34432668,15.5672514,16.68167653,2.69007163,6.085537921,8.427305123,14.55764357,14.08631416,15.79781876,15.83008092,17.95864226,15.09320052,18.94081821,17.55699677,14.75846734,12.59184001,6.817541561,3.048825914,5.803234013,0.923992211,,
FRA,,,,,,,,,,,,,,,,26.37734208,26.01738201,25.80492742,25.86408059,25.84626632,25.07133748,22.60717802,21.32603015,20.91578086,20.72414297,20.67858701,21.96463003,21.8194049,23.06642323,23.56437743,23.57463313,23.2037794,22.54630924,21.29610895,21.3981034,21.97296683,21.79039897,22.75764361,23.7057061,24.28965146,23.71105367,23.78644061,22.57275207,22.0506952,22.43339067,22.43902503,23.07228887,23.53766855,23.25590085,20.80562929,20.96106119,21.942267,21.14456368,21.15272976,21.09220675,21.53109818,21.160725,21.61851713,21.89000567,23.48998985,20.78358564,23.45194663,22.28588148,21.16975843,21.69399419
FRO,,,,,,,,,,,,,,,,,,,,,,,,,,,,,,,,,,,,,,,41.93158238,38.95378806,40.45600542,39.27687352,33.94199923,28.51321299,25.48926901,16.11373274,25.22470548,28.45923758,21.24359245,11.95573113,23.34449041,28.77664916,,,,,,,,,,,,,
FSM,,,,,,,,,,,,,,,,,,,,,,,,,,,,,,,,,,,,,,,,,,,,,,,,,,,,,,,,,,,,,,,,,
GAB,,,,,,,,,,,,,,,,,,,38.58494065,38.18026684,47.83123203,48.84230586,46.65152662,41.63120019,43.68140342,37.12695768,15.29227114,12.67565654,21.41055958,22.29277425,24.25212884,28.78044954,19.32582354,17.46450265,29.14043231,32.68248839,35.55973134,41.4472854,25.24562431,32.3114771,41.65710093,33.84013864,34.74738245,32.72843199,32.12160569,44.62805482,,40.06153531,44.39139999,34.47758065,41.15857227,43.76117975,43.89029698,40.30591235,42.38661737,38.37799673,,,,,,,,,
GBR,,,,,,,,,,,24.46212298,23.45779588,22.11173449,22.92424588,20.06308664,19.3114249,20.62103093,21.76931088,22.12428789,21.24282523,19.641148,18.39858377,18.23654203,18.88012299,19.17771778,18.69375846,17.49511063,17.73439955,17.9115777,17.62640199,16.34961533,15.66321294,14.64995784,14.49693971,16.65067915,15.52285343,15.72693389,16.22929174,17.48052891,15.95513978,16.5886991,16.52402166,16.38114171,16.11861129,15.47238442,15.99363845,15.26580643,14.91606514,13.70899793,11.90258303,13.41000244,14.30247817,12.91490291,11.91359585,12.70095605,12.92407202,12.48456825,14.9906367,14.25387513,15.68814831,14.64764305,17.5915983,15.83350872,15.06054125,15.37120468
GEO,,,,,,,,,,,,,,,,,,,,,,,,,,,,,,,,,,,,,,-2.973655843,15.83173608,20.44804235,10.34174601,18.60340057,19.07470678,16.35351713,20.95744793,19.05730828,11.58868851,11.0122191,2.934098502,0.657004117,11.28523202,11.21352204,14.88418755,16.24768804,15.72504309,15.23287628,16.70391316,17.21953042,21.32056811,21.25363131,12.09325582,10.41570963,19.59418111,19.43307797,18.49924819
GHA,,,,,,,,,,,,,,,,14.43689816,8.768116827,11.48281847,5.408398128,8.255379201,6.324054887,5.703356925,5.554915501,4.256864343,6.745700969,8.034206292,6.928619672,7.570857909,9.964098037,11.40509867,10.53340421,11.86260172,6.932544441,12.83635301,19.07726847,17.62560533,18.09530986,10.41086766,18.03163318,9.363192271,15.26586234,21.0927221,18.75432273,21.15628822,22.87169148,19.20731052,17.41153629,6.743782057,4.34097387,11.03620336,4.870860829,3.881762078,5.267519185,15.19377714,18.23993135,21.09977672,18.63615557,15.86099569,20.00014069,17.58957096,21.07817261,15.59500779,18.1303962,7.830445586,
GIB,,,,,,,,,,,,,,,,,,,,,,,,,,,,,,,,,,,,,,,,,,,,,,,,,,,,,,,,,,,,,,,,,
GIN,,,,,,,,,,,,,,,,,,,,,,,,,,,39.19296274,39.77021536,38.97029687,41.62752384,44.59109519,44.82043968,44.96587836,47.58170191,46.41581,45.58950823,42.38681703,43.66408116,40.75026163,42.00430932,42.46462009,41.79610474,39.98731199,44.57447859,40.07661145,37.83742964,1.370038771,-3.683534915,4.27017723,-5.479269003,6.584886265,3.392748402,5.759054577,-7.779293639,-2.793318623,-7.384990549,-0.676599169,11.42341602,10.25301364,11.13515955,9.694793001,11.55748009,11.64615452,9.813910683,
GMB,,,,,,,,,,,,,,,,,,,3.805523525,11.38289958,16.35490988,24.28969516,19.86790935,10.04140585,12.13708305,22.88075578,29.35005436,42.29748815,30.11474258,17.4571037,21.85365692,8.751055106,11.70374321,-0.158177872,-2.339214572,9.453100058,-3.311579658,7.538910136,,,,,,9.793371901,6.049969244,3.581799192,11.7469235,9.251759547,0.321282014,5.307848639,-0.353209991,6.286636727,15.72186593,5.587754677,11.40974832,18.89235754,19.9129072,18.68342833,15.67623811,17.95360469,26.88900898,24.01912496,21.48691622,28.33368514,29.16817587
GNB,,,,,,,,,,,,,,,,,,,,,,,-10.25190609,-7.274742572,-2.8224999,-24.98765592,-1.047833307,7.514669227,6.980366702,0.862201072,5.473200848,1.083415409,2.230351431,4.941118885,3.287171342,2.532954379,3.591443909,-2.118126775,,,,-5.27049518,11.93699477,18.93586852,13.52864128,6.22037313,-0.209688012,8.907013067,4.476204964,6.780165677,7.400777471,9.559943484,5.173455239,8.100116134,17.58774089,16.79016876,15.84727179,19.4010427,16.06687736,14.43123308,22.81896097,18.72926623,12.70179101,11.82171772,
GNQ,,,,,,,,,,,,,,,,,,,,,,,,,,,,,,,,,,,,,,,,,,,,,,,,,,,,,,,,,,,,,,,,,
GRC,,,,,,,,,,,,,,,,,34.73711385,31.18193799,30.46174924,30.85056168,29.485049,26.80706118,27.69353494,26.0524899,26.79087778,26.89256544,27.30525493,23.69337146,25.31796867,23.85879401,23.60048573,26.14279493,24.9778181,24.0790069,24.77687435,23.37765317,23.1171653,23.98924067,,19.66914077,22.13442621,21.33644258,19.57226236,20.63043007,19.83464101,17.85847707,16.261772,13.55335687,11.33710335,7.173641182,7.728953504,4.882767945,7.533814188,10.06914271,10.36697313,10.05083971,9.703137904,9.054503416,8.958394781,9.478966977,5.488265963,9.934954987,8.893026528,9.441765152,11.47759092
GRD,,,,,,,,,,,,,,,,,,,,,,,,,,,,,,,,,,,,,,,,,,,,,,,,,,,,,,,,,,,,,,,,,
GRL,,,,,,,,,,,,,,,,,,,,,,,,,,,,,,,,,,,,,,,,,,,,,,,,,,,,,,,,,,,,,,,,,
GTM,,,,,,,,,,,,,,,,,,19.50552068,17.44803092,16.11567189,13.96677244,10.58030983,9.660428232,8.606631664,7.544876372,8.914568189,9.866356801,7.663029929,8.478746415,9.185494027,10.19728756,12.34829228,11.48472104,11.0207798,10.80423274,11.14982814,9.780747141,10.11337949,12.00428006,11.78960181,12.47922174,9.97522185,13.72008045,14.33735412,15.66799028,13.80210676,14.358039,14.45507455,11.6047357,12.79914147,11.64715901,11.1288429,11.55854326,11.59970586,11.77124402,13.57507695,14.82397614,14.78427649,14.66629916,16.67169043,18.52588981,18.92556745,17.71846123,19.52505217,19.59874849
GUM,,,,,,,,,,,,,,,,,,,,,,,,,,,,,,,,,,,,,,,,,,,,,,,,,,,,,,,,,,,,,,,,,
GUY,,,,,,,,,,,,,,,,,,6.668096241,14.12191602,15.83442366,13.31162571,-2.942407693,-6.743497472,-11.75067439,3.970178791,5.720452456,,,,,,,12.93628664,17.34847524,10.35802274,18.4848816,24.18554314,17.60566509,15.24667679,12.69077144,9.592453449,6.715415642,6.677187403,11.17809854,19.28980192,17.47544731,,,,,,,,,,,,,,,,,,,
HIC,,,,,,,,,,,,,,,,23.28300827,23.98432196,24.15646594,24.74738168,25.27845173,24.19003252,23.81554602,22.09115425,21.95903094,23.02670859,22.27780476,22.01888166,22.00298549,22.63039456,22.77938785,22.31553631,20.63995366,20.86585261,20.66840627,21.61685697,22.08978105,23.31294645,23.63175724,23.38953621,23.38467838,23.72928319,22.71862319,21.93072671,21.85188249,22.59609673,22.95665975,23.36370479,23.46604471,22.3875393,20.16415231,21.22110453,21.90253466,22.04992535,22.26255827,22.56017665,22.69240201,22.56172407,23.18245674,23.48631238,23.57733364,22.64068728,23.77490392,23.72374086,23.27660886,21.83868931
HKG,,,,,,,,,,,,,,,,,,,,,,,,,,,,,,,,,,,,,,,30.70300308,31.41611716,31.97805117,31.62559415,31.07340314,33.16580459,32.30578997,32.94088988,34.977612,34.41674449,36.02295722,31.73093327,30.89186581,29.70110514,26.7984115,25.54917171,25.21423123,24.85857891,25.46164178,26.65017878,25.73107777,24.04165242,25.97107679,28.61157306,25.41481095,24.62230756,28.63431462
HND,,,,,,,,,,,,,,,16.09956501,8.959074733,11.44287505,15.3399196,13.90041779,13.39128071,8.290763961,5.66799291,2.731056046,2.62985199,4.38438239,6.796522002,5.719120589,9.250646289,12.95931078,8.82241133,13.73512902,13.8198339,12.617,20.05504569,23.76289264,21.92303464,20.43615879,23.52516621,23.91268235,26.69082202,20.2223818,18.78844751,18.69379865,18.80906997,20.18416906,23.8846004,25.08064317,23.98679213,21.45480268,18.85922371,17.54721868,18.69870873,16.00902136,12.69741003,14.7115963,19.67533238,20.42579523,23.15288536,19.57375726,19.84101098,21.93966302,18.27401339,18.91625908,17.74648349,17.7682504
HPC,,,,,,,,,,,,,,,,,,,,,,,,,,,,,,,,,,,,,,,,,,,,,,17.01646265,17.49227682,16.57942335,16.6521686,15.43798055,17.87879645,18.84937476,16.93991178,17.49558215,20.47623004,19.09051203,19.78430099,20.19993742,19.69441481,20.4497763,20.23799566,20.52921544,19.97610514,,
HRV,,,,,,,,,,,,,,,,,,,,,,,,,,,,,,,,,,,,,,,,14.97117687,17.81199787,18.25506057,17.48286947,18.1809829,19.98828519,18.89318236,20.36961722,20.40263472,19.09175419,17.87818303,18.19032976,17.54274217,15.96585192,17.82537588,18.56505403,22.24105117,22.19790208,24.41301168,23.87344507,24.66943697,22.56303247,22.60372682,22.99316687,24.27979505,22.78726688
HTI,,,,,,,,,,,,,,,,,,,,,,,,,,,,,7.827842126,9.73208709,2.967810054,11.40753616,11.06545895,-4.556622667,-0.968544744,26.43405869,26.91598326,23.18298438,25.78883108,26.57281276,6.903436454,6.21281643,9.049277649,15.81820795,10.58342909,9.91501336,13.23946281,8.294248046,10.65380181,11.55345881,24.1299714,18.4843892,14.23173381,13.74059247,11.60721841,12.36061045,12.49416042,15.78625069,12.03137712,15.72158342,17.72185796,13.40219887,11.60207319,11.37201657,
HUN,,,,,,,,,,,,,,,,,,,,,,,,,,,,,,,,19.24766877,16.00937316,12.17311214,15.97430593,19.58983894,20.98190769,21.73494379,21.56018836,18.9179805,19.43256078,19.93805416,18.66259051,15.81846836,16.70878903,16.64036098,18.05904783,16.77244085,17.85576658,19.75438024,20.81865768,21.34489324,21.35916754,24.81789626,25.01320776,25.67849369,26.24650617,24.88026882,27.10404556,27.92825723,26.85811504,26.99883334,26.13652529,26.34308688,25.95509284
IBD,,,,,,,,,,,,,,,,,,,,,,,26.60413713,26.4742023,27.65429175,28.59626235,27.54753975,29.17833934,30.31960219,29.81018378,28.60237019,29.33341198,30.45698633,31.50056314,31.44738535,29.80665224,29.48900466,29.4538246,28.50637427,27.9227581,28.73702577,28.87014183,29.68460461,31.29014264,33.42274045,34.14244503,35.88214026,36.76406749,37.23967767,34.85599812,36.16801578,35.48380116,34.76480124,33.71812597,33.44677578,32.5207068,31.71769532,32.23658338,32.31044556,31.68376093,31.44726657,33.05234782,33.36740382,31.95773342,
IBT,,,,,,,,,,,,,,,,,,,,,,,26.15360958,26.0375451,27.08748931,28.00511918,27.0903614,28.66408916,29.69181345,29.23123347,28.11179154,28.83627798,29.90664363,30.88470325,30.94876321,29.359998,29.03072807,29.0171465,28.10681851,27.53903245,28.34524051,28.49482798,29.32030982,30.88595861,32.96409637,33.52202783,35.22809806,36.05028935,36.50293422,34.16020447,35.47119901,34.806235,34.06794014,33.06606727,32.86419014,31.94606277,31.22331409,31.73411989,31.80288459,31.21787265,31.00084117,32.52697609,32.78212335,31.55212757,
IDA,,,,,,,,,,,,,,,,,,,,,,,,,,,,,,,,,,,,,,,,,,,,,,,,,,,,,,,,21.48930253,22.2325036,,,,22.74407548,,,,
IDB,,,,,,,,,,,,,,,,,,,,,,,,,,,,,,,,,,,,,,,,,,,,,,,,,,,,,,,,,,,,,,,,,
IDN,,,,,,,,,,,,,,,,,,,,,,20.19756789,15.53132058,23.91523692,23.05608877,23.52707224,21.0267627,24.10224052,23.31600888,26.18621821,22.45364177,22.07300051,23.30042166,28.99814745,29.87169532,28.13846186,27.80807993,29.03094123,22.42249233,13.20180441,26.28689921,27.19979393,23.01740778,20.68405036,20.76428995,24.33848663,25.77714359,25.17912344,28.45241261,29.0563768,32.72742299,33.22007305,31.98536977,31.12176664,30.66890946,30.12335649,29.92276833,30.87836343,31.68052279,30.90271351,29.22460873,32.93729558,37.00411859,35.86829852,34.65707736
IDX,,,,,,,,,,,,,,,,,,,,,,,,,,,,,,,,,,,18.82070907,,,,,,,,22.688063,23.13346737,24.67393978,23.53873516,23.99961236,23.45525924,22.82783168,22.94334857,23.94557768,23.83956566,22.91643415,23.04699873,23.74563633,24.11201442,25.43857846,25.82318745,25.647534,26.03236552,25.68791477,25.67486537,25.11348743,26.67535242,
IMN,,,,,,,,,,,,,,,,,,,,,,,,,,,,,,,,,,,,,,,,,,,,,,,,,,,,,,,,,,,,,,,,,
IND,,,,,,,,,,,,,,,,13.09808649,15.96560507,15.40498137,15.05823925,15.76895438,14.52572508,15.80787417,15.80598492,15.35474951,15.79556695,16.79831129,15.78850603,16.9825251,18.15680913,20.14443959,21.21356324,21.7599661,23.24680162,24.08307928,25.95100655,26.96739109,27.04793504,27.55043402,25.88950465,25.63753291,26.11902373,26.2598845,28.11147834,30.47095826,33.33255466,34.41801529,36.36053211,37.011389,36.25408263,35.61743481,36.30587504,35.13179309,35.26129232,34.30465749,33.46602575,32.45392411,31.72641474,31.70675317,31.41049223,29.70220058,28.67968211,29.86613306,29.81266105,30.93900607,30.00889771
INX,,,,,,,,,,,,,,,,,,,,,,,,,,,,,,,,,,,,,,,,,,,,,,,,,,,,,,,,,,,,,,,,,
IRL,,,,,,,,,,,,,,,,,,,,,,,,,,,,,,,,,,,,,,,,,,,,,,27.04717044,27.39250106,23.95091035,18.84738304,15.44661265,17.10623569,16.30903435,16.53275522,21.71732022,25.40490041,32.51002076,34.61240316,34.80939154,32.84819209,33.66395455,34.78351876,35.21595413,32.29640278,34.81378396,
IRN,,,,,,,,,,,,,,,,,39.98265495,36.28735706,24.95722414,28.70786378,22.22326413,,,,,,,,,18.49396637,23.23893804,29.01394836,30.74740984,35.72323213,35.48710547,35.20258985,40.17463385,36.13514918,29.40671921,36.78231732,37.93825046,,,,,,,,,,,,,,,,,,,,,,,,
IRQ,,,,,,,,,,,,,,,,,,,,,,,,,,,,,,,,,,,,,,,,,,,,,,49.97373459,47.82350841,43.96766893,52.50808248,27.67264123,35.97825386,42.7477895,41.71142811,41.38548407,37.97563673,25.07153867,24.44446135,32.10213057,40.28107023,37.35014758,24.03147205,40.51407201,54.5379259,43.3205817,
ISL,,,,,,,,,,,,,,,,,28.45181332,28.92578874,,25.62692612,26.25626229,23.84119366,21.30475925,20.45894949,19.86898857,18.30855977,20.34261054,18.75118666,18.57893507,18.48138366,18.19457423,17.37706859,17.07018341,18.92021091,19.22517833,18.37873399,18.30117678,19.42155246,18.66461953,16.45380108,14.73194952,18.65233382,21.03417472,16.40363436,14.79668789,13.16287719,13.36134041,16.00130019,5.24089701,6.409417862,7.811914025,10.85680994,12.43665604,21.72209381,21.62749218,25.02457142,29.17936957,25.96014732,26.37250646,27.21706137,22.49806294,20.17997149,22.14518839,26.34602122,24.03735831
ISR,,,,,,,,,,,19.77935455,27.89064485,31.82956558,29.32978971,22.07003264,20.64210147,25.3378756,25.5462064,23.67657699,25.69246585,23.77771522,21.03572091,20.28164204,21.37878999,21.71820735,27.22016761,26.86585422,20.22145195,21.33134464,22.92464925,24.69525902,27.72669965,28.26083553,26.70669786,25.4227593,25.02268561,25.82243259,26.33765289,26.58952717,26.19188035,25.27397587,25.2512827,24.39237015,24.39796971,25.22389248,27.52684938,28.74623001,28.09984956,25.30530793,25.47980502,25.76297384,25.99664363,25.08936812,26.01082482,27.77240867,28.14167341,27.76531575,27.60119802,27.81986942,27.92800504,28.81874242,29.19954243,30.62844791,29.86435673,26.69876343
ITA,,,,,,,,,,,27.59081467,26.01866422,25.31084051,25.50665022,26.25176906,24.58628289,26.14578277,26.14705887,26.57062852,26.65961279,25.28584216,23.0459324,22.73434092,23.31362025,23.40183058,23.00934878,22.62287732,22.46180194,22.522725,21.81680195,21.64612726,20.8015849,19.80635282,20.52616231,20.61857288,22.63233283,22.83884318,22.92602907,22.12435915,21.50099324,21.04950519,21.4583868,21.54936818,20.80277246,21.15726752,20.63938205,20.89651236,21.25495112,19.32584829,17.88667257,17.56316471,17.94109447,17.76577687,18.0406951,18.82640797,18.52096637,20.17872697,20.6110559,21.18655353,21.50162363,21.70293763,24.10398332,22.8763607,23.06070773,23.25481269
JAM,,,,,,,,,,,,,,,,,8.40716301,12.25671233,14.92395866,16.14644819,12.51971071,11.41394942,10.27755474,14.00485959,11.79521638,13.06094257,15.89910631,16.26158346,24.34385486,21.2788572,19.04196151,18.40585181,26.07481581,34.15254998,25.92305676,23.75191757,23.72457409,21.85150158,18.63217995,18.64704776,16.75970285,17.36108318,15.97010293,17.87396705,20.72595897,15.02524865,17.43626871,15.55247303,6.195810545,12.9525633,13.41918753,8.583871554,11.00568301,11.94109448,14.17906622,18.23148229,21.2066749,21.56071613,22.26049796,22.70625832,,,,,
JOR,,,,,,,,,,,,,,,,,31.24114052,35.55690814,18.69267079,28.51779633,43.79188525,42.86799107,29.77233,23.34107175,22.76743775,14.43613381,17.53911237,14.50252762,18.06163183,28.20257941,20.97041038,14.48470164,16.92391529,24.62783723,26.25066556,29.15300663,27.3271439,26.12975298,22.23266961,24.79485835,22.68658209,20.77720905,25.24728161,32.59507242,27.72373902,16.1120821,16.88367649,12.83787177,26.98459188,27.46654611,28.10433802,21.734635,16.13469219,16.4354724,18.73295362,16.00385983,14.61076536,14.49898965,17.85813511,20.21618289,16.16439886,17.68935266,,,
JPN,,,,,,,,,,,,,,,,,,,,,,,,,,,,,,,,,,,,,33.42734066,33.21008023,32.35445233,30.65184959,31.0308729,29.72294203,28.50441093,28.71589589,29.31588438,29.51487698,29.81593218,30.34337994,28.64210741,25.3311155,26.3773425,25.58057141,24.89574884,25.25252313,25.77208863,28.17891582,28.72724161,29.28964909,29.12548542,29.1717019,28.14624347,29.64934664,28.76836768,29.97933894,
KAZ,,,,,,,,,,,,,,,,,,,,,,,,,,,,,,,,,,,,14.91091752,19.05267509,16.06032269,15.15365069,13.70779033,21.17117233,24.80992548,30.255851,28.52074127,27.41625027,28.454821,31.0640753,29.39037769,30.08561309,29.41296528,30.38927409,32.79171291,29.75482574,28.98782519,30.14127789,27.64339206,23.90119602,25.93409227,27.79133015,26.68268532,26.23044455,24.49573942,28.28347535,26.84914084,
KEN,,,,,,,,,,,,,,,,12.25729248,17.42962907,25.30817951,18.19384681,14.25156669,17.27965382,19.67944793,16.16404628,20.26883345,17.9444875,23.97474255,21.21527323,18.2579692,20.18254707,14.59731874,18.99172989,19.37218672,15.1245832,37.15647438,33.79850477,23.81787736,16.48075016,16.27074331,16.25858413,18.48646685,12.88052815,9.776646125,8.533097224,9.474741952,11.96134347,13.87269628,16.0612414,16.66189724,15.40485658,6.622681973,7.116656804,6.532058513,6.49889129,5.014268393,6.067957916,6.804498725,13.955398,13.27686606,14.46816087,14.07147999,15.33090316,16.54055621,16.26016177,15.85957037,
KGZ,,,,,,,,,,,,,,,,,,,,,,,,,,,,,,,,,,7.06015735,4.444990405,7.813133456,1.815585661,13.94590615,-7.949290066,2.751078054,14.66597131,17.17007278,16.89305419,10.05545877,15.40623687,14.69999746,10.92974694,20.86709338,14.63585212,25.1569631,19.93336614,17.40562585,12.74084565,9.116871134,11.52685159,12.17322226,22.45501694,26.66967328,26.57941456,22.87909397,29.2597222,18.36794519,9.754085031,,
KHM,,,,,,,,,,,,,,,,,,,,,,,,,,,,,,,,,,-1.459224077,4.499253856,5.616724785,4.674598196,8.539986326,7.23399209,13.02076907,14.68332923,17.29351252,19.34754822,16.69616969,16.20876565,14.89581753,17.59249707,17.78932141,16.69713772,14.93348396,18.34217736,16.78937529,18.91339303,19.06194283,21.29402346,22.93903363,22.80482807,25.07837294,25.95193488,32.5781257,35.76127011,35.36597268,38.28444451,38.84309281,39.44813622
KIR,,,,,,,,,,,,,,,,,,,,,,,,,,,,,,,,,,,,,,,,,,,,,,,2.63204813,11.42826948,10.39447406,5.962737257,15.88242896,10.5354133,26.09615497,25.19017341,54.64649625,65.84465283,38.53859636,57.08341685,52.55520619,54.38880907,46.94567392,25.35966264,20.76745705,,
KNA,,,,,,,,,,,,,,,,,,,,,,,,,,,,,,,,,,,,,,,,,,,,,,,,,,,,,,,,,,,,,,,,,
KOR,,,,,,,,,,,,,,,,,25.54352993,28.55010452,31.5866505,30.65700892,25.10306565,24.51807631,26.42051352,30.08424665,32.09500985,32.04072762,35.42204876,39.17007406,41.41735711,38.71988423,39.02619244,39.03767405,38.13350428,38.19792218,37.89659797,37.6826403,35.9658109,35.91391946,37.72344712,35.37572139,33.8935814,31.93763718,31.45440086,32.98186327,35.46226062,33.76562363,32.89055346,33.45347261,33.32190514,33.28145476,35.04450744,34.67131668,34.66378694,34.84908939,34.98708153,36.34866468,36.78522554,37.01406395,35.85512285,34.78038233,36.22874636,36.75142807,34.4485036,33.78812669,
KWT,,,,,,,,,,,,,,,,67.87210747,69.31792127,55.5451372,59.77064678,70.36316774,69.37864123,71.29749791,48.212414,51.23136795,53.25974871,44.20320488,56.43737585,52.29292225,49.0220394,51.80950061,19.68368411,-236.2422616,22.89988164,31.19358058,31.41336094,37.71059036,39.92214898,42.61787341,26.98791325,31.36088784,49.56655562,38.15887203,28.28473286,36.30634505,48.73520697,58.86399471,66.88440872,57.24848396,58.50181959,42.92629659,50.68767191,57.53979048,58.97830731,55.51185534,50.17061548,30.91775032,25.45183601,35.49196268,39.89584904,35.68908092,22.95221714,39.65138761,51.07655368,,
LAC,,,,,,,,,,,,,,,,,21.43401966,21.37037168,21.02186342,20.4779475,21.00093554,20.5909492,18.82704689,18.64144381,19.37622817,21.44626024,18.21857451,21.44793034,22.49692464,25.71004726,18.46910572,17.85495274,17.77113984,18.58950578,18.27337015,16.79304187,16.64394836,16.54968876,16.80458306,16.19152312,16.28301097,15.8445815,17.56487289,17.95317386,18.76572463,18.20606957,20.19314894,20.63212046,20.09435092,18.21277393,18.50932775,18.99534574,18.27890735,17.62422241,16.89034124,16.28538982,16.13871629,16.37441665,15.95804539,16.12103615,17.30153764,18.78618559,17.27768161,16.85106934,16.48967908
LAO,,,,,,,,,,,,,,,,,,,,,,,,,4.997561053,3.410325332,4.560123215,4.741678574,-0.61281468,,,,,,,,,,,,8.529461086,1.396712837,18.36760584,10.56472019,14.72240539,20.24489326,22.56604564,19.13907497,14.03131697,16.62104801,9.674717252,18.40307815,6.868000945,5.717231069,10.17183716,10.74736547,17.63879553,,,,,,,,
LBN,,,,,,,,,,,,,,,,,,,,,,,,,,,,,,,,,,,,,,,,,,,-4.236025907,-16.35902798,6.464537178,7.472650566,10.28383706,14.74982939,8.0544156,7.455182006,4.933340862,2.700927031,-2.527303467,-2.319011309,-3.631198206,2.440410617,2.064257858,-0.934856774,-3.798691782,-6.015264137,2.235463171,-6.603621214,-21.01283996,-11.82248891,
LBR,,,,,,,,,,,,,,,,,,,,,,,,,,,,,,,,,,,,,,,,,,,,,,,,,,,,,,,,,,,,,,,,,
LBY,,,,,,,,,,,,,,,,,,,,,,,,,,,,,,,25.03593868,14.32968308,15.45797361,11.4658859,15.81542048,20.52676859,23.01844364,16.7326166,11.36482968,16.23340195,32.39239807,27.55719287,27.78094726,49.3116511,43.88491187,61.85593733,67.90200574,64.14435084,66.2682811,43.23159746,51.80383375,21.06178033,45.5935323,30.26244454,13.23626294,5.745893231,1.836064669,21.39593027,30.88996,19.08084347,-0.301700259,28.53434404,33.51723942,22.14389277,
LCA,,,,,,,,,,,,,,,,,,,,,,,,,,,,,,,,,,,,,,,,,,,,,,,,,,,,,,,,,,,,,,,,,
LCN,,,,,,,,,,,,,,,,,21.47721849,21.0666837,20.46115648,20.27634791,20.69995636,19.90650715,17.72651416,17.31446802,19.07399735,20.93577742,18.02667024,21.38914084,22.2574776,25.07035572,19.23330947,18.31900464,18.05840531,18.62599709,18.58687133,17.53927092,17.88309972,17.79498362,17.61353872,17.12815273,17.50909068,16.85806486,18.44382995,18.76066431,19.82578994,19.60514327,21.48593752,21.75978218,21.1020021,18.77825755,19.49512602,19.7091989,18.89995757,17.99315135,16.77078122,16.74427727,16.56043033,16.680776,16.24380946,16.42079673,17.39001313,18.67814895,17.36142133,17.14589292,16.71381405
LDC,,,,,,,,,,,,,,,,,,,,,,,,,,,,,,,,,,,,,,,,,,,,,,27.21532524,28.54101026,28.80377498,29.01867086,25.65525122,28.84520964,28.65493864,27.37218639,25.93778203,25.71550927,23.79882907,24.90740192,24.92884763,25.00192583,27.08315563,25.83790573,27.86184708,27.48010995,28.73653446,
LIC,,,,,,,,,,,,,,,,,,,,,,,,,,,,,,,,,,,,,,,,,,,,,,19.63804314,19.21467202,19.79893224,18.28384442,14.79130304,18.79193691,17.98104478,12.58344891,12.71604142,14.14568828,12.00181865,14.57460281,13.7800721,10.74012808,13.14825511,11.45076763,12.92877552,,,
LIE,,,,,,,,,,,,,,,,,,,,,,,,,,,,,,,,,,,,,,,,,,,,,,,,,,,,,,,,,,,,,,,,,
LKA,,,,,,,,,,,,,,,,7.537896825,2.908484952,5.131476096,11.15229777,22.67599516,25.73613733,26.77387051,28.28235105,26.69216756,24.1453333,23.70354721,23.68409025,24.16404001,24.70399593,23.58043718,23.70049146,23.61268956,24.45369021,25.61813858,24.37927304,20.83157055,21.60054009,22.20264759,22.64724406,23.38654005,22.0996559,22.95410178,21.31126879,21.65615495,22.11889732,24.16260618,22.68688463,23.62660592,18.03312531,23.92987562,,,,,,32.04789968,34.46781834,37.28613705,35.12675622,32.03480285,31.35297266,33.00429613,25.85967025,26.0989732,
LMC,,,,,,,,,,,,,,,,,,15.703823,15.38033601,15.98554599,15.61046964,18.39121067,18.27112201,18.73121773,17.98617136,17.64203351,17.17087166,18.67821427,19.32876705,20.37409616,21.91115666,22.29702199,23.03832091,23.08916041,24.05125223,24.21105002,23.74419502,24.07474714,24.12990703,24.64836165,24.77684404,25.15611991,26.19230094,27.31941844,29.57454825,30.11377099,31.61245025,31.70080001,31.23647404,29.77469846,30.97219167,30.02849062,29.47006128,28.9546461,28.5480755,27.48000595,27.11249085,27.50027127,27.66790337,26.89031261,25.99407462,26.09939204,25.80723773,26.68218623,
LMY,,,,,,,,,,,,,,,,,,,,,,,26.618736,26.56215372,27.36929126,28.30813146,27.38824348,28.88727161,29.95694287,29.48345446,28.30558827,29.10428269,30.29614674,31.3499393,31.46208062,29.89134697,29.54872206,29.89430108,29.15613316,27.92880681,28.20423997,28.71189595,29.9332714,31.74701277,33.90940953,34.40489963,36.26289542,37.15684193,37.77982678,35.93415165,36.95081449,36.0240197,35.36903635,34.49632258,34.35345363,32.86215589,32.18706286,32.75212505,32.59943005,32.08937217,31.91916494,33.38835676,33.50188099,32.16411429,
LSO,,,,,,,,,,,,,,,,10.61275337,12.61682112,25.22307741,38.61086637,32.66476959,49.55987683,38.02936531,,,,,,,,,,,,,,,,,,,,,,,,,,42.90948609,43.79808439,30.06502284,20.19043883,13.44837748,17.78955043,22.30953639,25.27437668,24.49920623,17.46648013,7.410877448,16.62381927,19.41402624,20.49539004,20.43799222,16.36479022,19.88909608,
LTE,,,,,,,,,,,,,,,,,,,,,,,29.54393066,28.9728059,30.83023556,31.39380704,31.3775688,33.75769243,34.90979274,34.83691277,32.61171427,31.16233071,35.54097803,36.29182457,35.49516815,32.7270302,31.98200077,31.94264211,30.74987456,30.40317178,31.1224248,31.48481857,32.16013198,34.42617324,37.04153776,37.26215806,38.95898894,40.16404754,40.71706456,38.24476164,39.70643384,39.12016662,38.42372032,37.48155055,37.33909015,35.78482638,34.69828768,35.21623857,35.14129548,34.45308871,34.47858143,36.06596188,36.33532072,34.37928908,
LTU,,,,,,,,,,,,,,,,,,,,,,,,,,,,,,,,,,,,13.04416562,12.23184578,14.70172352,12.6431109,10.32943781,13.27519237,14.6652367,15.93548927,15.53254727,15.66387247,17.01269863,16.26384957,17.14338346,15.03933505,15.04416355,18.06005042,18.68038595,18.70476183,22.16843026,23.89602387,20.04478667,19.28075978,21.48529038,22.76557078,23.33372803,23.72547207,23.27995261,21.9635704,23.03575615,22.87746343
LUX,,,,,,,,,,,,,,,,,,,,,,,,,,,,,,,,,,,,,,,,33.25109449,31.73720652,30.46115601,27.38574056,23.88579032,33.14788552,36.08228264,28.90458924,36.85445532,29.8791923,11.80458536,17.93541891,18.60499125,25.44770226,22.39166927,24.12547897,17.80752686,19.56627251,21.66673897,20.46550484,18.04250104,20.50287753,20.26787197,13.20699017,16.73279647,18.44496776
LVA,,,,,,,,,,,,,,,,,,,,,,,,,,,,,,,,,,,,13.20040485,12.52931347,14.0279793,16.14125479,12.76939281,18.67801538,19.42908459,20.69963519,21.72765049,21.43966629,24.19482066,20.02329695,22.04939772,24.29340136,31.24997874,22.74656848,23.35486477,24.86250295,22.6979007,23.18662426,24.03421589,23.53406249,24.21428392,23.47652241,23.16443056,25.19290014,21.65905634,18.73775885,19.9091582,19.03334982
MAC,,,,,,,,,,,,,,,,,,,,,,,,,,,,,,,,,,,,,,,,,,,41.41722855,44.25270035,49.02469159,49.1917879,48.41284576,58.23203354,45.96651261,46.05183901,52.16678079,54.15341322,53.48065224,53.40421522,52.50212971,48.67944892,48.37061993,50.34803212,50.12620644,47.682637,40.89334522,31.55199782,37.03417173,46.86723589,
MAF,,,,,,,,,,,,,,,,,,,,,,,,,,,,,,,,,,,,,,,,,,,,,,,,,,,,,,,,,,,,,,,,,
MAR,,,,,,,,,,,,,,,,19.75246007,14.83273573,16.20537106,16.02863986,15.78868872,24.8186072,22.5752321,23.48671935,21.91107349,25.28172509,25.26178214,26.51053297,25.92647885,26.9863909,27.73963117,30.43960013,26.15992451,26.57124514,24.88115814,23.76298043,21.84522071,24.58680768,24.76179869,34.8304433,32.9672771,32.42728638,38.57284583,37.96411364,39.22805368,39.35678088,38.77852008,39.92387827,39.93821074,40.19030745,35.51072096,35.044103,33.7600403,31.31286388,32.64582124,25.3178069,28.25859751,28.26989401,28.59198405,27.32056306,27.23055961,27.69585194,28.36539423,26.73932002,28.2389377,
MCO,,,,,,,,,,,,,,,,,,,,,,,,,,,,,,,,,,,,,,,,,,,,,,,,,,,,,,,,,,,,,,,,,
MDA,,,,,,,,,,,,,,,,,,,,,,,,,,,,,,,,,,,,19.24822418,13.46597821,8.712515175,4.678229704,20.29565292,18.3000329,21.96498562,21.26664603,16.86763745,24.04435799,22.90293257,21.77660817,23.86567177,23.32514813,14.05516733,17.00561094,13.96561686,16.75505676,19.72237121,17.55423391,18.31307417,18.3831146,16.24017921,15.87802065,15.53402254,16.11961473,14.42594413,10.05172248,8.767101777,5.094924506
MDG,,,,,,,,,,,,,,,5.5050071,5.156193868,7.605376371,6.677172476,4.936855163,1.148416124,37.70858511,29.48404922,21.38799079,21.90389236,23.30700279,15.31279628,18.55100089,22.47848481,14.77027978,40.07718759,31.18550265,25.81134271,32.80456766,33.52558066,27.69118764,4.477975422,8.650116579,7.676686725,7.961406764,9.559529312,8.930792895,14.48089345,5.128744237,10.64431305,16.2316227,10.39492715,14.96567179,18.99188817,23.6873011,17.59411615,16.54389156,15.51683796,12.88414454,8.311237729,14.48714522,12.90481666,16.09655747,15.12360558,18.55226083,16.39508451,8.177501176,12.47887361,16.43794849,,
MDV,,,,,,,,,,,,,,,,,,,,,,,,,,,,,,,,,,,,,,,,,,,,,,,,,,,,,,,26.54193631,24.63085362,16.35147621,21.49511696,21.14983459,17.13101539,-0.287420067,16.57849154,16.83939799,11.81986611,
MEA,,,,,,,,,,,,,,,,,,34.47239761,29.13335301,33.15802371,35.64057115,,,,,,,,,21.19531145,23.03129887,7.931276128,25.16503915,24.2526388,23.45599674,24.5426055,26.29566397,25.89856642,22.03194115,26.05978183,28.97776803,,,,,37.50080155,38.8148178,38.0493945,39.61078143,29.48127989,33.85072327,37.2641303,36.428217,34.62530279,31.53801386,24.22586055,23.54985559,26.33291902,29.03504096,27.65443498,22.00566946,28.6745385,33.65582413,,
MEX,,,,,,,,,,,,,,,,,,,,21.83976287,26.10691143,25.35187675,26.09788838,28.49782973,26.34268983,26.72175979,20.97130717,25.74444384,20.56095447,19.72771377,19.82223436,18.21583197,16.4462619,18.84957839,19.18815635,20.69412615,21.30488891,21.82747025,22.56738745,22.50539136,20.86001484,20.80454522,20.56037878,19.78232086,21.46843866,19.66514054,21.89506773,21.5882388,20.40512531,20.35742585,19.12308012,19.25290977,19.16095049,16.36445681,16.84708488,18.51554917,19.38496674,20.61617243,21.49505805,21.80542027,22.19260266,21.67388391,19.96594992,20.08418387,19.02232214
MHL,,,,,,,,,,,,,,,,,,,,,,,,,,,,,,,,,,,,,,,,,,,,,,26.42961843,22.78245749,23.79367227,22.72035604,23.19050221,24.69592556,22.10290604,13.8511699,15.60572567,21.40884394,27.40323709,23.87074952,10.06092328,6.178208066,5.449918938,15.12936505,11.5855427,,,
MIC,,,,,,,,,,,,,,,,,,,,,,,26.76854412,26.70337571,27.53235663,28.4721909,27.51652165,29.0256313,30.10745254,29.61695341,28.45109026,29.26149827,30.43811974,31.50608838,31.5918325,30.02777621,29.67809722,30.00459987,29.26474937,28.03875255,28.28950668,28.76852625,29.99022827,31.80816107,33.96493057,34.55551567,36.43682205,37.33343395,37.9781112,36.14902007,37.14227153,36.2109912,35.60508777,34.72190638,34.57257324,33.08760896,32.37753704,32.9324049,32.80714567,32.26924523,32.13124644,33.57875437,33.66570505,32.24097993,
MKD,,,,,,,,,,,,,,,,,,,,,,,,,,,,,,,,,,,,,12.19895564,6.049532058,3.880187176,7.248787078,21.89975923,12.64507133,13.06420234,15.71292275,14.57295125,18.55226413,21.89939868,17.63974476,16.19944258,20.41840852,23.79943678,25.87093836,26.66110315,27.37585005,29.87823496,28.67889937,30.27279971,31.88988845,32.71598845,31.83200486,27.1155385,29.10220986,29.91973036,30.00958318,26.23416782
MLI,,,,,,,,,,,,,,,,7.276386151,8.918472477,17.53361942,5.791420089,8.628206777,-6.986567633,-9.367917746,-8.822445647,-8.93724704,-11.60657336,-3.018063669,2.373977279,10.73335135,7.67615957,15.86919269,12.22936009,9.816903038,11.26929646,8.230697823,13.67133268,10.49876207,9.849050662,14.26581898,14.3180166,10.37479556,9.971180917,12.03975968,11.67861111,14.73397913,15.64933478,16.42263923,20.72844978,17.5977212,16.32984017,19.67087046,16.74038769,20.10033358,19.29959687,21.78365953,21.95543843,20.36910519,21.09474608,19.25805254,20.18985035,20.00621748,18.3518154,17.03485326,16.55700533,15.76582171,
MLT,,,,,,,,,,,,23.60163566,20.11228058,16.41153386,17.555832,28.26757797,31.98243409,26.60934303,28.19078127,30.01949168,31.11498141,35.11903852,32.48258972,28.82040806,29.1765512,25.06160631,25.61926646,28.57298825,31.40295936,28.77743419,30.75734761,31.0566137,28.60601863,26.63885453,25.91188384,23.84741541,19.37414744,21.53990321,19.70395408,21.35343933,16.22162691,18.08506462,21.11116496,19.03791003,17.4608921,14.05261181,12.9465776,16.36445198,17.68337104,14.51534345,18.11652918,17.67956753,18.57796936,19.29585403,23.29583986,25.89854459,22.51277731,33.32159879,29.71487064,27.60033314,26.05937251,27.04901936,22.80035598,22.60472247,21.69767405
MMR,,,,,,,,,,,,,,,,,,,,,,,,,,,,,,,,,,,,,,,,,,,,,,,,,,,,,,,,,,,,,,,,,
MNA,,,,,,,,,,,,,,,,,,26.18041458,23.43745699,24.67815926,24.23921066,,,,,,,,,20.98812003,24.75973222,28.11556109,28.35976913,27.88933232,26.6378241,25.50861303,26.32117466,24.50770021,23.43928552,25.89906027,26.27766844,,,,,30.97062799,31.66938538,31.16591129,32.44848168,24.50893023,27.12203675,26.24566781,25.03177752,24.5050081,22.27299112,19.06096794,19.04708487,21.52280537,23.95406526,22.6169079,18.99041386,22.8736341,25.40387603,23.33578476,
MNE,,,,,,,,,,,,,,,,,,,,,,,,,,,,,,,,,,,,,,,,,,,,,,,,-4.596981588,-8.290291402,-0.75975732,1.166783493,4.274970634,5.131021158,8.217416786,7.799453916,9.11514608,9.861785999,14.15519565,14.89603262,17.68758231,5.228699747,17.43228292,17.36449999,16.21402527,11.34984708
MNG,,,,,,,,,,,,,,,,,,,,,,22.31639615,31.22685301,21.04707866,20.03182299,19.25257585,13.59618258,8.4889431,7.947175983,14.9139554,23.38445069,25.48209878,36.49696871,41.80193838,40.56227061,38.79343834,33.03263286,37.16397373,30.86690048,33.43775964,17.4236104,17.9178901,16.28291305,25.03807312,33.65779466,39.55757364,45.95742472,41.03167997,29.96148873,27.22845591,26.63044836,30.40358852,27.6982751,26.28005202,23.44557552,16.40055941,16.97609324,17.35832119,22.14089448,20.25862666,16.3069665,20.29233437,27.17906412,33.46050045,
MNP,,,,,,,,,,,,,,,,,,,,,,,,,,,,,,,,,,,,,,,,,,,,,,,,,,,,,,,,,,,,,,,,,
MOZ,,,,,,,,,,,,,,,,,,,,,,,,,,,,,,,,,,,,,,,,,,,,,,9.581909129,11.25817551,12.96997694,13.69945966,11.7484641,12.19619724,12.88070984,10.46264005,10.91895436,9.374460759,11.7251843,6.759414115,10.48987611,13.5855801,19.69497767,15.08357485,12.58597387,8.404639508,2.775959721,7.839892251
MRT,,,,,,,,,,,,,,,,5.376424175,-5.320374749,-8.273247007,1.364159201,-4.583777053,-1.042457349,2.483595181,-9.072372807,-5.451101799,0.704293336,12.48306382,8.745348979,10.81681309,15.7017143,13.79286101,6.587721269,17.19960196,14.91343505,7.529613552,43.16374456,16.46973961,18.54764893,10.8244925,17.78781169,,,,,,,,,,,,,,36.68700782,35.48896217,22.85670192,21.46710393,27.97587739,30.36637622,32.70532276,34.6165401,37.55243314,34.94402139,29.37447861,30.38608503,
MUS,,,,,,,,,,,,,,,,,26.75153269,21.63577457,20.21769531,20.26208295,11.59616748,13.52593937,15.49177394,16.82929354,18.23185573,21.83708652,29.31716473,29.99466216,29.33756005,27.35604024,26.8069811,28.54426865,30.00334657,28.67826298,26.24087468,26.18711074,26.60558042,28.09661287,27.56258037,26.61135151,27.84066933,29.63147961,28.57028746,26.94665736,24.1268417,19.37148369,20.58966332,25.1023921,18.89253695,14.84563013,14.82307936,12.2974379,17.16510844,14.424271,12.94638151,13.90778646,14.39437417,15.57076448,16.52126949,14.66001593,10.66584975,11.93081033,15.87795405,21.27374311,
MWI,,,,,,,,,,,,,,,,,,,,,,,,,,,,,,,,,,,,,,,,,,,,,,,,,,,,,,,,,,,,,,,,,
MYS,,,,,,,,,,,,,,,23.95660157,20.27484306,28.08260637,27.24799013,27.59066671,33.35128382,29.31830119,25.2443025,23.92370484,26.36562376,28.64990571,25.62669421,25.62086211,31.04889927,31.65529926,30.68049,30.3826807,29.27826201,31.69647503,34.71317235,35.09141613,33.89325517,37.04072348,37.02054492,39.849159,38.30598077,35.91737958,32.25177903,32.73508467,34.85265146,35.13749662,36.81575495,38.79647451,38.76684258,38.51770801,33.36344163,33.4664683,34.08180299,30.91534949,29.41984011,29.36656695,28.39914764,28.38500192,28.33598761,26.12832474,24.54615063,23.82106148,26.00996138,26.80636553,24.00990144,23.53707274
NAC,,,,,,,,,,,21.98473322,22.20931848,22.5533985,24.14694957,23.26212915,21.66797372,22.50877015,22.92517546,24.06847086,24.96324537,23.61724368,24.36729727,21.86527825,21.24819921,22.76404166,21.51987106,20.55622424,20.48938968,20.71201849,20.88218922,20.13647355,19.87760906,18.99831138,18.9386983,19.53436198,19.87853246,20.28104479,20.90142185,20.68334546,20.66218112,20.21171724,18.90262201,17.98288951,17.62105544,18.02885596,18.26304431,18.27341236,18.1012591,17.02727414,15.49924655,16.14819254,16.58752638,17.73867245,18.66805477,19.14411774,19.22938624,18.87299288,19.37667474,19.54983502,19.75052473,18.94631338,18.24055818,18.67129726,18.66358532,18.4178098
NAM,,,,,,,,,,,,,,,,,,,,,,,,,,,,,,,37.81698426,26.69069971,28.87741282,25.71448739,29.4026304,30.4931339,27.80393157,24.74943324,26.61108082,23.70845949,27.64511467,22.32775855,26.26517672,26.02950966,30.28505779,30.49310165,35.48935617,28.26011747,26.66605707,16.52803312,18.57049221,14.76808878,14.97286953,19.1987084,22.93853414,16.28906904,6.044436689,13.12097785,11.64911683,13.22722987,16.77607576,4.000087978,5.301916821,10.99640165,8.645911852
NCL,,,,,,,,,,,,,,,,,,,,,,,,,,,,,,,,,,,,,,,,,,,19.75220633,22.96984099,26.14659759,25.2931918,25.83227177,31.16116258,23.12967304,22.02163403,25.70804937,25.56542366,19.16739147,19.13998902,21.55497671,19.92086878,19.33410848,,,,,,,,
NER,,,,,,,,,,,,,,,5.399840737,7.747064783,10.31348759,14.02179526,20.72975305,19.11657254,17.1245365,10.05699542,6.71018057,9.00075606,2.387711235,8.321287743,9.915241674,4.363280044,13.31479086,6.820157999,6.881818498,8.24625947,6.098674799,5.450883218,9.536005017,8.510207847,13.55357624,11.5355489,13.44361267,10.56026833,13.44820214,15.25485551,14.59341275,14.00711121,12.96534349,20.21280038,20.66558289,18.63994089,21.68817116,16.47037664,24.28859761,22.1802292,23.30687148,24.19263495,24.97471085,24.16964268,21.30422752,20.44427357,22.92840097,25.01498162,13.06263129,16.99178869,21.86254709,24.13633619,
NGA,,,,,,,,,,,,,,,,,,,,,,,,,,,,,,,,,,,,,,,,,,,,,,,,,,,,,,,,,,,,,,,,,
NIC,,,,,,,,,,,,,,,,,,,,,,,,,,,,,,,,,,,-4.659504455,3.288071328,4.944683295,7.537212932,11.8430632,13.66303593,10.36314598,9.678100656,8.611070308,9.68166147,12.98262,14.21294519,15.12224248,15.17011624,16.52924627,14.63532529,15.87289675,19.02000129,19.26114211,17.94992898,20.6313217,23.4889448,22.5110395,22.41767629,22.00757427,23.56779349,23.75242945,19.77382118,18.13913315,29.83248265,28.01545092
NLD,,,,,,,,,,29.78629258,29.39969867,29.06868127,29.42376473,30.48691322,28.85035541,25.66950321,26.24825674,24.7214782,23.21082936,23.13892677,23.12636761,23.24603523,22.73595141,23.28579819,25.92709698,23.96313326,24.44568011,24.28590998,25.53159457,26.90474299,25.63731167,25.16793644,24.50651788,24.79849405,25.7653049,26.77602557,27.55341836,27.88118831,26.15442285,27.16948237,27.38193995,25.79534837,24.1685134,25.12114682,25.41781498,26.0786112,27.15782797,27.3184458,24.74531631,24.12164944,26.66345647,27.17662513,26.38850416,26.73774311,26.56155104,27.04662252,27.0823752,28.3536614,29.47154019,28.59564052,26.95247191,32.20588505,29.47722327,29.81392798,29.22560531
NOR,,,,,,,,,,,,,,,,30.0888103,28.37974421,25.95152259,26.47366824,26.66327203,30.5441229,31.16941275,29.76224258,30.31363332,32.80564823,32.11603297,26.92736073,26.84350124,26.28331615,27.11760388,26.78431405,25.47755447,24.90797501,24.91440145,25.83217682,27.57565353,29.5077148,31.19921217,28.00502656,30.10056812,36.63282335,36.4999604,32.88249462,31.74547064,34.25594912,39.08230319,40.56100756,39.85125174,42.22535067,35.83804348,36.9544683,38.97989593,39.47286901,38.63173465,39.13610283,36.0004721,32.95305124,33.86108468,36.69118362,33.41545381,32.43626802,38.02194404,48.53536686,43.21267408,41.16888642
NPL,,,,,,,,,,,,,,,,,15.3212775,17.44328299,17.42714069,16.46995176,17.29647841,16.89507043,16.40124071,14.50573585,16.01258618,18.62311339,15.51951074,16.80707054,14.84427922,13.24642266,10.33419759,11.71677402,15.10886219,16.62517071,13.9920437,21.00779388,20.38508266,19.11054397,20.13192901,20.47123509,21.73051331,18.5502235,25.13148362,25.12676611,27.57583417,30.68571663,29.50425285,31.05886965,36.65691212,37.24818062,37.75048339,29.51612847,34.55534456,37.08133025,39.58969117,40.08822095,35.305082,41.88064873,42.60312132,42.18751605,32.81596837,30.91100063,31.4399529,36.2104694,43.47358693
NRU,,,,,,,,,,,,,,,,,,,,,,,,,,,,,,,,,,,,,,,,,,,,,,,,,,,,,,,,,,,,,,,,,
NZL,,,,,,,,,,,,,,,,,,,,,,,,,,,,,,,,,,,,,,,,,19.77460531,21.78885999,20.85363714,21.33572259,20.03024415,17.69107463,17.00809007,18.0473595,15.90992688,18.37890549,17.73332683,17.56082261,17.60861164,19.65796969,19.69559509,20.79488524,20.6269461,20.71265106,19.99846756,21.26541579,20.34617165,18.37643859,17.49894146,16.98592299,
OED,,,,,,,,,,,,,,,,22.43423317,23.25002209,23.65687393,24.4557377,24.72501704,23.50764899,23.22065349,21.84892529,21.84709563,22.9179383,22.52521757,22.27240917,22.07141094,22.57081049,22.67707523,22.1547039,21.49316559,20.5097775,20.42742827,21.02474298,21.52860158,22.86370959,23.30080877,23.41663724,22.90196419,22.76964319,21.98235879,21.32076067,21.08918779,21.69960249,21.90363382,22.30174623,22.36753483,21.23893157,19.5705601,20.23291115,20.62705922,20.87830052,21.23813214,21.6886506,22.14855955,22.11437673,22.67059825,22.88905058,23.0975005,22.40115075,23.17871626,22.79299622,22.66391937,21.12294973
OMN,,,,,,,,,,,,,,,33.63236586,38.35954686,37.28371591,41.51880635,27.24776255,40.50407134,38.65254343,42.00135435,33.22219921,32.89536598,33.37820415,27.74096264,17.81821181,28.59093456,21.42347651,26.33477356,35.38407128,28.99057398,27.71761222,24.18756488,25.97603747,25.38584993,30.06643014,30.57827599,19.0545786,25.06908722,36.65015656,32.88436537,33.32619211,35.2635619,36.78986776,43.00196302,46.91071461,44.86498129,49.21329811,33.15433283,36.91916767,39.20557894,39.17676078,38.15326312,33.48735228,22.45979587,19.38726763,20.56649533,27.32737608,21.98859401,10.85184944,22.31745919,31.2912893,29.22443882,
OSS,,,,,,,,,,,,,,,,,,,,,,,,,,,,,,,,,,23.01521146,22.05707542,21.03142015,20.69145034,20.46976839,22.54862805,20.34035618,19.80347198,25.5118124,26.56519348,25.67585414,24.9091883,25.26564146,29.31030972,29.14607379,31.07595153,26.19193469,27.42658231,31.21071547,29.69661196,28.65903658,26.46083035,26.54983341,25.2187225,26.80667207,26.13035542,26.32850088,22.23254142,23.96145122,23.82080042,22.34878526,23.56115552
PAK,,,,,,,,,,,,,,,,,13.12745074,15.30561031,15.53536312,14.09599252,16.42223403,17.46949538,17.62049969,18.86861578,17.05066006,14.59671743,18.89509451,20.39677652,17.39404564,17.23267913,18.02974965,21.36395517,21.46648052,16.12698144,19.11277684,17.11299124,15.60699885,16.04084075,17.36726196,16.70232588,16.26305814,17.04327376,18.6780143,18.57229116,17.71133752,15.50085866,15.44185353,14.07226274,10.96628636,13.33094508,14.5904095,15.12602835,13.72572055,14.24705895,14.18124816,14.94426595,14.28614878,12.89744304,11.88258518,11.37499481,14.54158149,13.81568774,10.43289889,12.9517313,13.71961509
PAN,,,,,,,,,,,,,,,,,,28.08091147,30.42539592,27.30919715,22.76337955,18.85084151,27.98406154,25.04873977,12.47801225,15.58254889,14.44921237,23.24661111,15.88815371,2.336257591,15.84537191,11.78913294,17.1000504,19.8578997,23.01614735,22.34758025,26.74449815,27.68981625,22.4142508,20.62969899,23.92606709,21.22271187,20.61224866,20.26143724,18.17758892,18.72888639,20.05013205,27.83177679,29.61152356,28.984326,24.75299973,29.89470532,32.00232404,33.04778189,30.15330774,34.08239866,32.25090606,34.25855197,31.55247054,31.57989423,24.66360146,28.72793432,33.89195182,36.1228031,
PER,,,,,,,,,,,,,,,,,,12.68110824,18.46059744,27.36062051,29.46062401,25.41281523,26.77188339,21.93425745,22.40071798,24.33600827,14.80399119,15.30647876,14.8974438,17.04587864,13.05404587,13.9572812,13.09089231,13.3494756,16.76548061,16.38927607,16.25847042,18.25675798,17.75142609,18.39623253,17.31937946,16.66479751,16.95175338,16.8011088,17.83725569,19.74207343,23.32665637,24.11641848,22.75117687,20.92044192,22.44614337,23.70010285,22.89237944,22.50025865,21.23789306,20.64924134,20.40508786,20.61977458,20.40516417,20.72096815,19.88147875,20.18954563,18.28531225,19.8758048,21.86312723
PHL,,,,,,,,,,,,,,,,,,,,,,30.49434662,28.0903166,30.62115999,23.76996983,18.20897611,18.49156517,21.80891419,22.62683359,22.17405081,22.43973244,20.99402592,20.71006743,20.35127344,22.42090706,21.93513252,22.40674714,23.91223379,29.61915805,35.96780108,33.39167375,34.62368334,35.26884429,35.6099557,36.22923092,37.7714551,37.22820163,36.75442236,36.02227474,37.94869171,39.75149108,36.87507109,35.13284935,36.35440171,37.34744797,35.63483337,35.05477242,35.48863168,33.80705072,31.75518721,24.81817336,20.20291883,22.47371754,27.3405419,29.23996564
PLW,,,,,,,,,,,,,,,,,,,,,,,,,,,,,,,,,,,,,,,,,,,,,,-34.30328313,-36.70412637,-33.88390666,-31.89958333,-31.07350186,-24.36693198,-18.20277452,-15.30771478,-12.43719456,-8.596031964,-0.948185266,4.622733375,3.055882353,7.731584151,0.539154208,-7.310336892,-7.661511187,7.937542853,,
PNG,,,,,,,,,,,,,,,,,20.6127179,30.00006301,26.8387532,28.42584017,19.24852984,11.44815432,11.78890806,14.29357276,17.88343073,12.34410965,15.42566599,13.54934725,18.32690353,10.99349831,17.12279255,21.1222108,20.7395892,25.4759839,28.06540774,35.14868576,26.20889237,14.83252033,18.40817938,18.87893299,32.47997309,28.34857041,22.9407238,30.45881875,30.42114963,,,,,,,,,,,,,,,,,,,,
POL,,,,,,,,,,,,,,,,,,,,,,,,,,,,,,,,,,,,22.25645567,21.28159675,20.9023375,21.71773573,20.41783293,18.54022567,17.22502488,15.20120596,16.18010041,14.49376788,16.79069846,17.33685325,18.79117562,18.10959699,16.90223643,15.69810901,17.27502286,16.68210279,17.13502085,17.92269148,19.50092177,19.03853107,18.7418167,19.4710629,20.43610319,21.22558897,20.46525334,19.38559831,19.31979766,17.8611652
PRE,,,,,,,,,,,,,,,,,,,,,,,,,,,,,,,,,,,,,,,,,,,,,,,,,,,,,,,,,,,,,,,,,
PRI,,,,,,,,,,,,,,,,,,,,,,,,,,,,,,,,,,,,,,,,,,,,,,,,,,,,,,,,,,,,,,,,,
PRK,,,,,,,,,,,,,,,,,,,,,,,,,,,,,,,,,,,,,,,,,,,,,,,,,,,,,,,,,,,,,,,,,
PRT,,,,,,,,,,,,,,,,16.24996947,18.07783895,21.07712077,25.97888685,28.59997994,27.37649157,23.07262647,21.47854955,20.93795842,19.48465686,22.15040404,26.35428926,28.64628759,28.89346645,29.27369675,28.00318865,25.23975345,25.29433079,22.7681496,21.65532727,24.63430625,21.49015158,21.62785629,22.15680035,20.29442946,17.9458978,18.1218928,17.36376481,16.41342609,15.53109579,13.69373545,12.78219198,13.43253922,11.4192273,10.95723968,10.68752031,13.25270108,13.95075868,15.55867659,15.05401143,15.88802818,16.72315408,18.40371687,18.7573523,18.9539023,18.36818305,19.82411254,18.87862108,20.65168059,21.63762313
PRY,,,,,,,,,,,,,,,,19.45990531,20.4653404,20.85886819,22.62714658,22.64972722,26.42025229,26.01886365,19.10856259,14.62762363,15.35385819,16.31859133,18.60928178,14.70982652,25.33269458,33.5812632,24.17002778,20.23680654,18.86927741,22.47411965,12.78956071,19.77418881,21.55269439,17.45753885,21.61951976,20.66424452,14.77802676,17.73939199,26.90831071,21.00268723,20.03590922,20.35458485,23.1404691,25.59476886,22.85470716,20.9090484,23.29003816,24.17689488,19.65729439,23.38608361,21.74960083,21.65798442,24.35556836,23.90413249,22.5303467,21.09804003,21.86507976,22.85865154,20.70629099,19.77124492,18.8681209
PSE,,,,,,,,,,,,,,,,,,,,,,,,,,,,,,,,,,,,8.151577921,6.118019709,5.705090696,9.620503077,9.147840641,11.62916409,9.350687167,12.43951922,1.528311033,-6.506599596,-0.983698033,1.204736496,16.45516412,26.83478213,8.098425882,7.706170438,-0.486052552,6.970331742,7.34119643,8.143042588,11.38985199,11.47681176,14.36621911,15.447724,14.68163121,12.17484654,16.27279888,14.56107442,13.08295816,16.66287255
PSS,,,,,,,,,,,,,,,,,,,,,,-9.09673949,-10.66586173,-9.523956093,-8.098423793,-7.110501061,6.985934801,12.07919664,0.569566986,1.133765963,1.893733004,0.54021384,4.423750006,3.034941588,5.091049146,6.968589082,12.87936424,14.78007114,21.05893758,17.84610865,14.78739537,9.771121771,19.44931869,22.25096091,16.12663857,12.62527438,6.368316936,8.977999342,10.60425536,14.3996871,14.9328754,16.89548864,16.87253572,18.07912087,17.60110672,21.08082665,19.61909097,19.12213301,19.12441159,17.34233382,14.08604938,13.94859978,11.20527526,,
PST,,,,,,,,,,,,,,,,22.38230597,23.10464684,23.59282859,24.49049663,24.8114524,23.48368592,23.22222654,21.82318178,21.80944767,23.01365027,22.34247265,22.08789697,22.07876309,22.66375202,22.86076865,22.37502614,21.77723719,20.82429761,20.67614442,21.34979644,21.80390047,23.13521233,23.66028265,23.69883447,23.2332963,23.1469672,22.28344423,21.5913034,21.41040966,22.00225329,22.15532601,22.50593084,22.61409198,21.45865974,19.73137385,20.52075681,20.89639732,21.13224551,21.5136614,21.94159061,22.33269481,22.28830282,22.86483272,22.99425518,23.20650768,22.44615737,23.27635029,22.93158698,22.80098906,21.35259879
PYF,,,,,,,,,,,,,,,,,,,,,,,,,,,,,,,,,,,,,,,,,,,,,,25.23203266,24.39796542,25.59470703,16.55534696,16.61878521,20.12943626,19.04768762,19.07673771,21.95672963,22.41008779,24.09681044,23.28643821,,,,,,,,
QAT,,,,,,,,,,,,,,,,,,,,,,,,,,,,,,,,,,,,,,,,,,,,,,,,,,,,60.09937759,60.32916706,58.25195068,55.74933389,45.56898651,43.36160747,46.59993043,49.74203696,46.15070295,41.78169755,51.44515887,57.44695086,,
ROU,,,,,,,,,,,,,,,,,,,,,,,,,,,,,,,20.70656021,24.91941649,22.89811252,24.21836762,23.25685852,18.62702063,15.99991131,15.20944516,11.18795892,11.51366602,16.00547638,17.31020594,18.82139077,16.3225301,15.80986011,14.2192556,16.99137404,17.79914999,21.8114509,22.5318177,22.48966708,23.53159207,22.52373406,24.13796795,24.90469752,24.83512519,21.57728176,20.81106462,18.2722751,19.3997761,19.14217469,19.09229694,17.56071011,19.05198581,15.93793363
RUS,,,,,,,,,,,,,,,,,,,,,,,,,,,,,,,,,,,29.57601975,28.02270887,27.1159226,21.9453568,19.32350814,28.24599055,36.15420756,32.51291864,28.77477622,28.26623856,30.26043974,30.54657682,30.6608765,31.26685469,30.06388191,20.87620437,26.28371431,28.75756431,27.24417135,24.28209584,24.51218082,26.36670954,25.01341229,25.66868514,28.9492685,26.53727988,25.76849815,29.81253291,32.70571614,31.03838843,30.62633914
RWA,,,,,,,,,,,,,,,,,,,,,,,,,,,,,,,,,,,,,,,,,,,,,,,,,,,13.38422369,17.26010829,13.66768276,16.51290216,11.7877508,9.880195967,10.54216156,14.3618315,12.07226236,14.95918686,10.9727544,16.23281202,14.81760817,13.48948362,
SAS,,,,,,,,,,,,,,,,12.89688699,14.18487094,14.6581375,14.20534131,15.3081435,14.42744708,16.60666946,16.84049383,16.33897049,16.11262263,17.4217834,16.60468234,17.66857362,18.66204355,20.364098,21.33054303,21.78367906,23.10423634,23.80387723,25.49594966,26.31960212,26.48867523,27.03701266,25.72023145,25.59307976,26.07666353,26.24622802,28.06849365,30.10230237,32.7648665,33.87802846,35.77361395,36.45946379,35.74817095,35.5175587,36.52613227,35.32101557,35.7073557,34.79093448,33.87662498,32.84330207,32.27403738,32.26415797,31.9538504,30.41794778,29.44298184,30.44957539,30.00378386,31.11155986,30.51002022
SAU,,,,,,,,,,,,50.16595882,58.50559239,47.11573178,74.59123164,60.52027098,58.888643,48.04738434,35.33977511,42.94697465,53.31021659,48.62593042,36.22952224,27.93617026,23.26164365,17.01330989,13.62286266,13.35773733,16.64866064,13.73661378,18.15290392,11.73724898,19.56058881,16.48780028,15.92939744,20.22986637,23.67748115,24.47751391,17.76654772,26.11344257,30.0404823,26.78238086,28.47304303,33.87048224,41.65961889,47.9580643,48.50552122,48.92771939,52.75227492,36.5986002,45.01457112,51.00540914,49.55383699,44.88116449,38.72903535,24.8424809,24.56926527,27.11147,30.6017689,29.87804769,19.98914564,30.46751181,38.6630478,31.93251587,29.64921981
SDN,,,,,,,,,,,,,,,,,,8.385871768,6.785248856,5.189438391,4.090689866,4.625556726,3.942851961,4.960978671,-0.539688851,4.537781003,10.99201503,9.172256247,9.074857174,6.685899287,2.061558075,-0.869930106,3.817397328,3.069250506,5.778875748,3.137226026,0.726863396,7.106962538,8.494119941,6.614530324,18.03560265,28.63458183,31.29764742,31.89931039,36.9555587,35.27025894,32.40623159,37.88917556,33.74008284,23.75565776,28.10070178,28.76371446,9.956507497,9.936129879,8.996933804,8.106206693,9.512723931,9.418187426,-1.172863476,5.11300711,4.650273517,6.719631809,4.990622888,,
SEN,,,,,,,,,,,,,,,21.02824213,17.32097813,15.00643559,15.36490865,9.849616235,9.223271704,3.484703033,7.452038161,7.98147895,5.212881969,4.958885789,5.080017378,2.630968628,5.943214168,2.64639969,2.706923209,2.571674768,3.016926434,3.748217469,1.492260277,5.815936465,8.491258919,7.980345467,10.76193457,11.13823156,11.54025307,11.27739504,14.67052201,13.03217327,14.52874915,13.56460966,15.31846369,13.40037883,15.15431762,14.90772985,14.98363407,16.28259413,14.38264516,15.84553142,16.28849941,18.95045391,20.14248357,21.15496611,22.54339638,23.0596653,24.02290542,25.48925382,26.00260603,25.38176574,23.14457811,
SGP,,,,,,,,,,,,,26.29624144,25.35837106,25.83739513,29.65506492,30.08034627,30.19965403,32.4577112,35.44890806,33.82790762,35.85741133,37.22030237,41.58129605,44.08985345,41.56786335,39.79376123,37.8543961,41.35500807,42.76351565,43.73468201,44.97423481,46.99317694,44.36899966,48.09373883,50.59419122,48.87676269,52.30048338,51.34960865,48.91225773,46.37486398,40.081772,38.42802089,39.39879362,40.61435065,43.62664151,48.16852074,49.97091984,44.35846888,43.86310602,50.59158091,48.8092109,47.25310221,45.51569711,47.2950478,44.04621531,45.04399115,46.53461925,41.35794095,40.06934547,41.62809244,44.17860925,41.31070133,38.67053655,40.27651937
SLB,,,,,,,,,,,,,,,,,,,,,-125.9851813,-124.9175268,-128.9567932,-125.9994091,-126.0138283,-124.7618477,-55.2044166,-18.866892,-77.55282556,-59.78864456,-34.89664209,-44.9372729,-17.94198285,-27.52698048,-13.56978836,-7.569277079,-10.53668141,-7.48168201,7.716837155,6.189061485,-6.788962193,-19.64362537,-4.502906496,22.18233713,16.88342012,2.701815274,12.72926671,15.36481779,11.77699393,12.9860964,13.78896692,18.51227023,15.51632627,15.42856294,10.49448828,11.43678193,9.711056232,15.11956975,15.08771826,13.11521307,18.63403845,17.98900601,17.54333924,,
SLE,,,,,,,,,,,,,,,,,,10.97647524,19.03431258,16.81381869,2.919400993,3.761236092,5.249459793,3.804003867,11.21596071,-0.702385259,7.781074836,15.5553319,15.64524539,10.15904209,4.009146776,6.674161375,-2.853432152,-0.049345006,5.194433188,-3.322292042,1.970592321,-3.385016153,2.495379649,0.722246511,-9.492028938,-3.880157242,-1.444596335,-1.146948743,-5.147951981,-0.874423151,12.78583009,6.485633707,7.446951204,12.08936583,34.03750268,14.9372059,17.5042063,-4.930968511,16.41775188,9.078849413,13.45932434,14.10187301,4.400923646,5.136662809,11.81064692,10.75535849,10.57615319,12.542839,
SLV,,,,,,,,,,,,,,,,,18.94789635,24.73314122,17.00788693,18.54465009,13.30736811,6.181781323,10.12236418,10.64910902,9.923536808,9.252928782,15.94185302,15.76377666,15.38546689,16.06852709,11.63724471,12.18977776,16.71010441,18.10578564,20.6341118,19.18206558,14.16802928,15.28560248,19.02168131,16.61901684,15.71499246,18.39061853,15.59148791,14.80844506,15.45088975,16.73384134,17.46499507,13.64874278,11.65465514,12.28125593,13.78347776,12.3086611,11.91229582,10.11462468,11.58397965,12.32624987,13.69014805,15.0315466,15.59136094,18.20552893,18.29291125,19.32399125,19.06662064,19.5981436,18.55558719
SMR,,,,,,,,,,,,,,,,,,,,,,,,,,,,,,,,,,,,,,,,,,,,,,,,,,,,,,,,,,34.68479678,34.59855769,35.52980586,31.46881952,38.16204037,38.53287418,,
SOM,,,,,,,,,,,,,,,,,,,,,,,,,,,,,,,,,,,,,,,,,,,,,,,,,,,,,,,,,,,,,,,,,
SRB,,,,,,,,,,,,,,,,,,,,,,,,,,,,,,,,,,,,,,,,,,,,,,,,10.49240654,9.133960172,14.7796792,13.78291398,10.43876671,10.83621479,13.84043807,13.23600666,16.26634933,16.37107413,15.70278259,18.75375761,18.28060942,20.4644619,21.47894053,20.45792938,22.56137261,
SSA,,,,,,,,,,,,,,,,,,,,,,,,,,,,,,,,,,,,,,,,,,,,,,,,,,,,,,,,,,,,,,,,,
SSD,,,,,,,,,,,,,,,,,,,,,,,,,,,,,,,,,,,,,,,,,,,,,,,,,,,,,,,10.61344352,6.176861844,,,,,,,,,
SSF,,,,,,,,,,,,,,,,,,,,,,,,,,,,,,,,,,,,,,,,,,,,,,,,,,,,,17.64509791,17.53218486,19.04750478,17.78081658,18.0310458,,,19.07283127,19.1063509,,,,
SST,,,,,,,,,,,,,,,,,,,,,,,,,,,,,,,,,,,,,,,,,,,,,,,28.3370052,28.77835044,30.22713971,26.28385936,27.07804411,29.38383559,28.09886687,27.33629545,25.46663635,25.75925972,24.67513711,25.57081771,24.86414518,25.37717967,20.80964041,22.33133494,22.77499625,22.12604211,
STP,,,,,,,,,,,,,,,,,,,,,,,,,,,,,,,,,,,,,,,,,,,,,,,,,,,,,,,,,,,,,,,,,
SUR,,,,,,,,,,,,,,,,,,,,,,,,,,,,,,,,,,,,,,,,,,,,,,,46.79388329,55.60508622,52.09755104,52.64341042,50.33990787,,,,,,,,,,,,,,
SVK,,,,,,,,,,,,,,,,,,,,,,,,,,,,,,,,,,14.64918066,21.03555453,24.3253206,22.96953908,26.00451778,25.51750359,25.47790557,25.47937589,24.77273109,24.76840828,21.71945099,22.02711741,24.14462719,23.50485301,25.6340648,24.34463199,18.80133746,21.46815905,22.03573986,23.17292864,25.05874751,24.96481168,24.7290083,22.83522853,21.78510609,22.34471218,20.47610501,19.64290189,18.38888451,13.45207569,18.68406242,17.35714781
SVN,,,,,,,,,,,,,,,,,,,,,,,,,,,,,,,,,24.06511615,20.51227961,24.8198193,23.96153507,24.4387335,25.52599781,25.89544888,25.25623644,25.68491965,26.37751268,26.06515142,25.54612912,25.90727351,26.77342514,28.70210364,28.96051219,27.64654483,22.91249901,22.31213968,21.94630421,20.67547914,22.23766309,24.90314937,23.61692063,24.15633542,27.0877153,28.07188198,27.27381504,27.8534287,25.6868843,23.47805598,26.8731986,25.88545942
SWE,,,,,,,,,,,27.65980186,26.95359437,26.42485089,27.03918311,25.88305397,26.61789546,24.3268047,21.02199708,20.50588553,21.14309639,21.85859189,20.19993851,19.01800469,21.00511833,23.36331646,23.19601458,23.65333333,23.83576813,24.52837794,25.21665479,24.09773736,20.97433168,18.03565482,16.11506065,19.71126891,22.63998849,22.31883869,22.7861927,23.93206541,25.30519919,26.12650188,26.55510584,25.88302659,27.04059792,27.02572043,27.61661796,30.45372982,31.64326781,31.08333739,26.38183087,28.37373052,28.33552496,26.73155472,26.28573959,26.28428609,26.16870159,25.85240761,26.87373263,27.15518849,29.39453412,30.06274752,31.51986358,31.09772813,31.57150264,31.63758333
SWZ,,,,,,,,,,,,,,,,,,,,,,,,,,,,,,,,,,,,,,,,,,,,,,,,,,,,,,26.93708639,31.55599589,30.67422076,25.4413906,23.99765231,20.94767189,19.57645673,22.22210759,22.79019347,20.10711525,22.63381075,
SXM,,,,,,,,,,,,,,,,,,,,,,,,,,,,,,,,,,,,,,,,,,,,,,,,,,,,,,,,,,,,,,,,,
SYC,,,,,,,,,,,,,,,,,29.21128524,43.65368959,46.14996688,26.15967541,33.12414654,23.63739227,12.60465299,18.40191902,30.84690407,33.43743423,32.5651949,35.31055166,35.43742838,29.734978,23.58445802,21.7464814,20.98943767,21.34329395,26.29334499,22.277548,30.05324006,21.68912857,18.72415019,24.71654236,20.29009081,19.48361806,20.54561353,19.5528545,28.70321121,30.97560656,23.94305282,18.74786525,6.478286995,11.18258873,16.56605706,14.30253211,23.58326586,26.34136474,7.944135047,11.87906717,7.38991984,7.235973552,5.398633149,9.052059274,-3.578127126,-11.09440131,4.605492761,2.960533788,
SYR,,,,,,,,,,,,,,,,,,25.35678725,17.17674486,23.32100484,19.31965812,14.81156852,17.46157653,13.931652,15.68996573,14.15407896,13.0500787,4.697791904,2.589939418,8.095524857,8.256159605,2.502546379,4.954569037,7.873117344,18.30645747,20.54081955,15.00954995,11.69004273,13.94587409,11.88217365,17.63380436,20.86072086,22.02341717,20.86433065,19.56273271,18.9860585,20.13333785,17.50724527,13.66261787,12.19486387,15.84158542,,,,,,,,,,,,,,
TCA,,,,,,,,,,,,,,,,,,,,,,,,,,,,,,,,,,,,,,,,,,,,,,,,,,,,,,,,,,,,,,,,,
TCD,,,,,,,,,,,,,,,,,,23.2626781,22.99979304,,,,8.09313927,13.17002325,7.325172263,3.851811543,5.362410028,10.7610085,13.33144744,9.14894284,2.322174493,7.301197062,6.904809457,4.654491784,13.40507278,,,,,,,,,,,,,,,,,,,,,,,,,,,,,,
TEA,,,,,,,,,,,,,,,,,,,,,,,31.67815461,31.8155236,33.09450465,33.23258882,33.09555136,35.29061334,36.04293692,34.52090759,34.92977227,36.4236734,38.33122962,39.71099311,39.81845793,37.8274141,36.94194612,37.79545802,36.43564174,34.47415911,34.61414838,35.77167945,36.8620795,39.66993769,42.40285283,42.90139667,45.00451357,46.65998597,47.99738474,46.72227174,47.88731558,46.17876837,45.48492592,44.36556158,44.55134051,42.57500743,41.58118829,42.12212344,41.64529994,41.11724705,40.88517448,42.03613658,42.49598936,40.53110815,
TEC,,,,,,,,,,,,,,,,,,,,,,,,,,,,,,,,,,,25.02588785,23.30789074,22.94523657,20.33401426,20.2784676,23.12871249,26.85119122,25.49716545,24.21560271,23.55203457,24.82198695,25.74523592,26.46363014,26.43958017,26.34604909,21.22867127,23.45326957,25.19138765,24.30361392,23.13572828,23.66012074,24.79026541,23.6284057,24.32482858,26.28181323,24.89399004,24.59587532,27.12137944,28.44960045,26.6227246,25.47474149
TGO,,,,,,,,,,,,,,,39.44705616,14.68044891,20.91607281,22.82441311,21.8848867,28.1169238,24.44123029,18.01388906,14.3231832,15.82504688,17.65358211,22.35410891,21.16774288,17.95368785,14.50863614,11.61329897,33.19581999,32.12233727,31.55867774,4.23088231,29.88134479,32.18015372,20.6719456,21.27580374,14.32787616,14.45217903,22.85268244,21.23396884,24.85087939,26.6645361,29.06969971,18.7800088,13.7106764,12.3200906,11.6376326,10.1639173,10.93115904,13.90371232,11.99623784,12.41820292,14.93276056,16.73948676,12.96480569,15.32528355,16.50527738,17.80932855,21.05063181,,,,
THA,,,,,,,,,,,,,,,,20.56115673,20.45656531,21.88798238,23.73005897,22.00321363,22.09462118,20.85236792,22.30357965,21.99157815,22.43951988,23.00972021,24.39762944,27.30851646,32.00994994,34.04926396,32.82681871,34.52801617,34.01990542,35.94037856,35.8027071,35.80281171,34.60352018,32.25459751,31.74374451,30.45523757,30.78209372,28.22550958,28.10389061,27.97383964,27.89948411,28.24095242,30.44514831,32.24983409,30.66205573,29.2740608,29.62759068,31.43396297,28.9313114,27.22076715,27.48507895,28.04382366,30.07650445,31.94246723,31.68658494,31.7007512,28.1509141,27.52179688,26.35198557,25.32150259,24.04254838
TJK,,,,,,,,,,,,,,,,,,,,,,,,,,,,,,,,,,,,,,,,,,,18.38363472,17.64823172,12.57877969,22.70467311,37.05355869,16.93017571,22.74869095,13.99587701,11.77606734,15.15024707,11.48703142,11.8495535,16.21524124,41.67001023,32.30531105,30.51056145,34.58522561,36.45670115,36.0648186,40.42973533,50.23166676,35.34401581,
TKM,,,,,,,,,,,,,,,,,,,,,,,,,,,,,,,,,,,,,,,,,,,,,,,,,,,,,,,,,,,,,,,,,
TLA,,,,,,,,,,,,,,,,,21.47721849,21.08010821,20.48858138,20.29719841,20.70960983,19.91965118,17.72259548,17.30636665,19.08447918,20.94429024,18.02876034,21.39676908,22.2574776,25.0806256,19.23369819,18.32642134,18.05581098,18.62904597,18.59109751,17.50474411,17.83735721,17.77022548,17.58939558,17.09386314,17.47641456,16.83375552,18.42038044,18.73854324,19.80204608,19.59602369,21.48024528,21.75760023,21.0942503,18.76933609,19.49496541,19.72467844,18.909986,17.99897317,16.76975003,16.73939701,16.55068992,16.68660543,16.25057215,16.40965667,17.41633592,18.70193409,17.35657544,17.13996714,16.71381405
TLS,,,,,,,,,,,,,,,,,,,,,,,,,,,,,,,,,,,,,,,,,,,,,,,159.2257707,223.9539459,372.9751667,218.7668195,257.3007017,332.9187409,255.0956234,183.6870815,105.9389838,68.61094028,21.14288233,20.43375123,14.49012427,44.40948058,20.36837477,42.7131173,24.12306098,-1.665212211,
TMN,,,,,,,,,,,,,,,,,,26.18041458,23.43745699,24.67815926,24.23921066,,,,,,,,,20.98812003,24.75973222,28.11556109,28.35976913,27.88933232,26.6378241,25.73330069,26.58270548,24.75110089,23.61817033,26.11590562,26.46729404,,,,,31.36569874,32.04603835,31.3477892,32.51788726,24.71182327,27.36208691,26.57731314,25.25585566,24.71752979,22.44794763,19.15595142,19.14081972,21.61369736,24.06209977,22.71768963,19.07555403,22.9574678,25.54580111,23.46998746,
TON,,,,,,,,,,,,,,,,,,,,,,17.94606648,39.85081232,32.63806356,24.68484093,19.60056623,23.46840718,26.71613073,11.40968732,19.60268359,26.23902954,9.127236038,20.65833162,20.79471826,17.23079945,,,,,,,22.3965628,20.33454372,17.9516772,19.77873504,13.58351696,15.94913432,13.22579527,12.64285923,13.85968009,15.2695471,19.57813259,23.69935221,20.38684402,20.76126661,15.42931538,21.19901758,28.45990188,25.83540868,30.67639779,30.33212126,22.46364479,38.09703842,13.0322733,
TSA,,,,,,,,,,,,,,,,12.89688699,14.18487094,14.6581375,14.20534131,15.3081435,14.42744708,16.60666946,16.84049383,16.33897049,16.11262263,17.4217834,16.60468234,17.66857362,18.66204355,20.364098,21.33054303,21.78367906,23.10423634,23.80387723,25.49594966,26.31960212,26.48867523,27.03701266,25.72023145,25.59307976,26.07666353,26.24622802,28.06849365,30.10230237,32.7648665,33.87802846,35.77361395,36.45946379,35.74817095,35.5175587,36.52613227,35.32101557,35.7073557,34.79093448,33.87662498,32.84330207,32.27403738,32.26415797,31.9538504,30.41794778,29.44298184,30.44957539,30.00378386,31.11155986,30.51002022
TSS,,,,,,,,,,,,,,,,,,,,,,,,,,,,,,,,,,,,,,,,,,,,,,,,,,,,,17.64509791,17.53218486,19.04750478,17.78081658,18.0310458,,,19.07283127,19.1063509,,,,
TTO,,,,,,,,,,,,,,,,,,,,,,,,,,,,,,,,,,,,,,,,,,,,,,,,,,,,,,,,,,,,,,,,,
TUN,,,,,,,,,,,,,,,,,25.81996897,22.41483298,23.59595967,27.42299219,25.32912855,24.95915268,22.61468228,26.66678661,25.71112038,23.66955035,19.28802766,22.88277648,22.75592786,22.86676731,23.43426229,22.23498288,21.86154605,19.5901262,21.13217485,20.33311029,22.60427935,21.67246239,21.88661766,22.76214552,22.17174953,22.03840576,20.26643301,20.27495282,21.10277292,20.20658585,21.16237799,20.74180922,21.21317499,20.95788483,21.42832774,16.496974,16.88957013,14.88728811,14.87048774,12.94511716,11.6645619,10.96317572,10.6815524,10.25145314,5.619704613,9.037808594,6.896073603,5.063533471,
TUR,,,,,,,,,,,,,,,32.14905204,32.78762023,34.09912536,31.93098552,30.93065301,33.70569814,28.82432226,32.51284648,31.86435638,28.80582203,29.40241668,34.82273226,38.40291664,24.17165383,28.42580393,26.07682122,21.69136229,18.55266983,18.34879382,18.51395182,18.19131931,19.60909653,21.80070445,20.49207813,25.73123583,21.81994463,21.4039696,21.52008824,22.4525992,20.65371244,22.30673286,23.64036031,24.62658249,23.91225577,24.62024551,21.95001023,21.7969962,23.02715173,23.38042665,23.91152743,24.90026827,25.21453386,24.98202432,26.05663226,27.98805362,26.39143683,27.0718996,30.62165993,30.02566816,26.5478086,24.62508206
TUV,,,,,,,,,,,,,,,,,,,,,,,,,,,,,,,,,,,,,,,,,,,,,,,,,,,,,,,,,,,,,,,,,
TZA,,,,,,,,,,,,,,,,,,,,,,,,,,,,,,,36.81913902,34.69844358,35.90991798,34.60131888,33.48901463,37.79608933,38.69944273,38.71460443,18.03521707,14.8730557,17.12749991,17.08726133,20.63465798,22.6168195,25.29322317,25.36112429,27.56129961,26.4557998,29.33605431,29.34293347,25.07276964,22.58420544,22.23688702,23.18828843,24.47046481,25.6840524,29.85343219,30.60917576,31.71075098,32.58305962,36.4334818,37.05474475,35.78610959,36.04195056,
UGA,,,,,,,,,,,,,,,,,,,,,,,3.673938002,5.005207558,7.364560499,5.662325424,5.121486908,3.080074394,4.283063129,5.59212524,4.541071958,7.386205233,13.08616119,16.01167211,18.86420225,15.03350182,21.83430167,24.22972248,18.86135693,17.58231382,14.35649304,14.56366734,16.61583267,17.8039744,20.94556204,20.8439315,17.52091327,16.80489478,22.37613212,17.6995451,18.6913058,16.58799171,18.54217588,22.47099018,25.13991073,16.5792422,24.19462726,23.59721595,21.33004505,22.61962791,21.8091703,20.18020123,21.40023527,20.38579423,
UKR,,,,,,,,,,,,,,,,,,,,,,,,,,,,,,,,,,,32.27029963,23.40627982,19.978869,18.78776266,18.33067962,22.45269411,20.93041287,21.8860081,23.87172234,23.91180638,27.90474571,21.93338523,19.40339069,20.20712789,16.20877275,12.07058289,13.94410295,11.72237641,12.29811488,7.886474564,9.901623056,21.45707849,19.73208527,16.8636103,13.62216455,12.28500672,12.21956043,12.55659009,16.41637609,12.78635124,11.32932616
UMC,,,,,,,,,,,,,,,,,,,,,,,28.48458124,28.31365802,29.46588937,30.7311518,29.6167859,31.12625428,32.36963567,31.45285253,29.7685039,30.66443239,31.9438516,33.22238331,33.12495147,31.19329133,30.92170417,31.24631035,30.33998476,28.74754355,29.02558276,29.54218433,30.84024123,32.81303803,34.947788,35.55159038,37.52049108,38.59529145,39.48786048,37.58221478,38.51259968,37.58442704,36.97006433,36.00671445,35.9147803,34.3595208,33.57269971,34.15761964,33.96629893,33.4865957,33.52116754,35.27264918,35.42468433,33.4718088,
URY,,,,,,,,,,,,,,,,,,,18.97500234,18.99971072,8.079943115,16.98183226,14.89962752,10.92513137,10.01450901,9.832094796,12.57930327,12.74481479,15.24803103,13.60841359,14.08779779,15.96706016,14.63278918,13.94383412,13.65731453,14.1230045,14.06893077,13.56433206,13.94294029,12.00288515,10.96974653,11.4439531,15.38457852,14.92567766,16.72337975,17.57854649,16.51208453,16.89727995,15.9690122,17.67684076,17.14671248,17.55089881,12.81906778,14.54959032,13.23798685,15.20678087,18.27495202,16.06947578,14.42987643,15.40410192,15.61210843,15.85729662,14.94405287,14.07522051,14.4364667
USA,,,,,,,,,,,22.05686558,22.29540284,22.66865242,24.21704869,23.16638872,21.70788365,22.56711284,23.14232794,24.42031996,25.23505776,23.75229543,24.54234293,22.04872975,21.35982067,22.93691842,21.6118815,20.70457205,20.51950326,20.68877737,20.95161285,20.35832105,20.31964579,19.45957695,19.31720934,19.77252555,19.96524624,20.35754074,20.96720253,20.76821037,20.62169588,19.87912928,18.55416909,17.63359828,17.21754121,17.50315703,17.68534519,17.68122996,17.51288566,16.3532943,15.21726623,15.84471124,16.18159209,17.43404227,18.38686859,18.85624136,19.19014132,18.84005526,19.32528191,19.53920981,19.69603781,18.89081748,17.75935827,18.13171993,18.34916271,18.14015061
UZB,,,,,,,,,,,,,,,,,,,,,,,,,,,,,,,,,,,,,,,,,,,,,,34.67248052,37.45477213,39.84045483,48.55826466,35.82231153,31.72196604,33.65940253,32.6826064,29.49308422,30.30287842,25.79361337,24.37896183,26.56081134,30.39626924,29.32899718,28.58886816,27.69150349,29.70286245,26.61272288,28.28914163
VCT,,,,,,,,,,,,,,,,,,,,,,,,,,,,,,,,,,,,,,,,,,,,,,,,,,,,,,,,,,,,,,,,,
VEN,,,,,,,,,,,24.40365209,23.56679092,23.11469546,25.95620657,39.20166794,30.98706159,27.22384237,25.06981105,19.67053117,23.6878842,24.24927518,19.97226586,12.11173215,4.152300235,27.24310745,26.1856604,19.64274665,23.98154277,20.39144241,22.27641325,29.55064675,24.46670806,20.20386707,17.69115561,21.85046475,23.51013856,31.6972318,31.96255705,25.9489486,28.70623347,34.46699787,29.08217914,30.32164073,29.75493764,35.66095633,40.63935113,40.70429809,37.13654278,36.56020403,22.41370968,31.43295512,30.54288285,25.62897701,19.02767037,8.939355092,,,,,,,,,,
VGB,,,,,,,,,,,,,,,,,,,,,,,,,,,,,,,,,,,,,,,,,,,,,,,,,,,,,,,,,,,,,,,,,
VIR,,,,,,,,,,,,,,,,,,,,,,,,,,,,,,,,,,,,,,,,,,,,,,,,,,,,,,,,,,,,,,,,,
VNM,,,,,,,,,,,,,,,,,,,,,,,,,,,,,,,,,,,,,21.19650323,21.79550617,23.34479983,26.87137621,31.24779331,31.30189558,32.52767451,31.49322057,33.46638269,33.07503365,33.33076338,31.84021689,27.90047256,27.50274617,33.4362083,35.76589959,34.86501743,33.2013419,32.99155175,28.07294003,28.46944749,28.85687077,30.93169779,31.3330315,33.0073259,32.59636365,33.04802436,34.67186302,
VUT,,,,,,,,,,,,,,,,,,,,,,,,15.14783667,22.82862288,15.46423593,13.89821005,19.48358002,14.79984852,20.22544683,26.80307126,21.29301916,15.0723958,15.79808117,14.27465555,13.83143653,5.623696081,15.40171792,0.296663022,0.309581836,6.088196644,8.256230923,12.43319111,12.61963559,15.96200275,18.06008133,24.06894407,22.45949507,32.15576832,22.76254055,17.79643986,18.85445265,14.84701623,20.70487581,21.91666176,26.71420772,27.45999006,22.54697905,34.43441195,50.95437759,32.97573098,38.16857485,25.76857683,,
WLD,,,,,,,,,,,,,,,,,,,,,,,23.68283328,23.5443784,24.61385015,24.44019302,23.94944122,24.4998222,25.22972268,25.17449318,24.48699567,23.67570365,24.20723297,24.43618957,25.0243702,24.79093704,25.36376253,25.69199062,25.26547214,24.86847107,25.20814871,24.64630775,24.49831285,25.01791714,26.23055215,26.67964514,27.54887146,27.89930038,27.36846918,25.22604974,26.29173515,26.44500233,26.31799488,26.15855788,26.2825994,25.96240214,25.65692722,26.25086858,26.41374862,26.31008202,25.61893157,26.85581824,26.84902653,26.12436487,21.98858226
WSM,,,,,,,,,,,,,,,,,,,,,,,,,,,,,,,,,,,,,,,,,,,,,,,,,,26.00130195,29.51004241,31.4171877,31.2798007,27.6551939,27.6503971,30.88589331,34.10689345,31.92042187,36.16098136,35.7254848,33.2010117,28.3970452,26.41830857,21.36097788,25.82227838
XKX,,,,,,,,,,,,,,,,,,,,,,,,,,,,,,,,,,,,,,,,,,,,,,,,,22.11817325,22.64365155,20.32242816,22.63711053,25.78439186,26.48151716,20.60751238,21.66705014,25.54183749,29.28161275,28.6355958,28.87997687,26.58324815,27.21736614,24.85025172,26.41009499,
YEM,,,,,,,,,,,,,,,,,,,,,,,,,,,,,,,,,,,,,,,,,,,,,,22.35841535,17.46900209,10.2275859,10.76631662,3.48784804,8.250407959,2.499763719,8.05121413,4.789198233,9.825142238,8.308491924,20.28333042,,,,,,,,
ZAF,27.81244999,28.57359636,29.21540656,30.87836966,29.46135831,30.27316551,30.35168949,32.08565614,30.46108568,29.76372228,27.81736606,26.35578698,27.08229487,30.42998414,32.2581734,26.5344199,25.75245227,25.99705703,26.49745966,27.78818382,30.13733797,26.31841008,23.31835764,22.43080847,21.19388855,21.25935321,20.00017575,18.31560297,18.27714434,18.98875724,14.53396526,14.91901535,14.76527088,15.81817085,15.37134398,16.72292438,15.66763405,14.87210057,14.77072694,14.41349254,15.10713114,14.75987099,17.94627467,18.38560219,16.98124135,17.69809753,18.1066244,17.00703659,16.32364634,17.37743623,17.14240591,16.10205686,13.4973772,13.83784368,13.68177342,14.28897594,14.28791839,14.24370808,13.23023653,13.21602315,14.30818361,16.48598587,15.09281684,14.33279771,13.31769112
ZMB,,,,,,,,,,,,,,,,,,,,,,,,,,,,,,,,,,,,,,,,,,,,,,,,,,,34.14882677,36.03642801,40.97603631,37.91538893,39.52035933,37.75195156,37.35644876,43.28724522,41.89603614,39.78600869,46.41564567,45.13875671,44.95062955,35.77765452,
ZWE,,,,,,,,,,,,,,,,,,6.960865058,3.027380854,-1.25309283,-1.619719824,2.181024953,-5.471779382,-7.749489875,5.664416843,4.179830925,2.197183258,-1.900751924,3.091157756,0.907954494,-1.222276856,-5.672712807,-11.58518865,-0.15355254,-5.285670961,,,,,,,,,,,,,,,-1.84335862,1.512788512,4.785126106,-6.744107844,-0.488520704,1.526358549,-0.985855025,-1.218990277,8.414626465,13.92380424,16.74726015,15.09710558,17.23756846,12.54790411,16.65403455,